dataset,synth,regime,alpha,seed,generation,n,wallclock_sec,peak_mem_mb,gen0_shared,mean_shift,var_ratio,w1,tv_cat,corr_frob,cat_support,coverage,c2st_auc,tstr_auc,trtr_auc,n_nan_metrics,ctgan_lost_support,status,error,run_ts,sampled_with_replacement,effective_pool_size
adult,gaussian_copula,fixed,0.0,1,0,500,7.5075,16.11,True,0.0651390211089318,0.8321627701987566,0.0814834081590733,0.0622104754007739,0.137681135292803,0.711340206185567,0.86625,0.9146989190222112,0.6524711706266965,0.8860101403549858,0,,ok,,2026-07-20T17:07:03.966270+00:00,False,20000
adult,gaussian_copula,fixed,0.0,1,1,500,7.7078,16.17,False,0.0539847759444808,0.8500643516955392,0.0953613004191003,0.0884226091763405,0.1745646086517484,0.6494845360824743,0.84575,0.942133624677634,0.5559413364230479,0.8860101403549858,0,,ok,,2026-07-20T17:07:03.966270+00:00,False,20000
adult,gaussian_copula,fixed,0.0,1,2,500,8.6878,16.23,False,0.1177366096969377,0.9040986130023512,0.128281889875217,0.0758197899391929,0.2400528899770884,0.5979381443298969,0.84125,0.9326693269546328,0.4911084709309256,0.8860101403549858,0,,ok,,2026-07-20T17:07:03.966270+00:00,False,20000
adult,gaussian_copula,fixed,0.0,1,3,500,7.4914,16.23,False,0.1193275039769509,0.7658147596898108,0.1674837024206064,0.0821116639027086,0.2211949652958246,0.5876288659793815,0.83375,0.9414367283037274,0.3875000442555449,0.8860101403549858,0,,ok,,2026-07-20T17:07:03.966270+00:00,False,20000
adult,gaussian_copula,fixed,0.0,1,4,500,9.1128,16.23,False,0.0978354466092763,0.7769044910937927,0.1370869543230849,0.0890125760088446,0.269515593649573,0.5567010309278351,0.835,0.94683376915457,0.4640154885228653,0.8860101403549858,0,,ok,,2026-07-20T17:07:03.966270+00:00,False,20000
adult,gaussian_copula,fixed,0.01,1,11,500,8.5897,16.23,False,0.1416336998960683,0.6799652036879538,0.1895569102092864,0.1010176893311221,0.2520165527001305,0.5360824742268041,0.82275,0.9654020002704352,0.4041068883526355,0.8860101403549858,0,,ok,,2026-07-20T17:07:03.966270+00:00,False,20000
adult,gaussian_copula,fixed,0.01,1,10,500,8.3909,16.23,False,0.1479320734093992,0.637545558314588,0.2066428797010407,0.09497498618021,0.2823030868831777,0.5360824742268041,0.82275,0.9514365684618068,0.3794692691462272,0.8860101403549858,0,,ok,,2026-07-20T17:07:03.966270+00:00,False,20000
adult,gaussian_copula,fixed,0.01,1,9,500,9.16,16.23,False,0.0989011213661205,0.6513037638997478,0.1637759937972462,0.1037404643449419,0.2575745009141031,0.5257731958762887,0.82775,0.9489948751224196,0.4005223858970757,0.8860101403549858,0,,ok,,2026-07-20T17:07:03.966270+00:00,False,20000
adult,gaussian_copula,fixed,0.01,1,8,500,9.2971,16.23,False,0.0945776829130481,0.6921375123357173,0.1403705805863515,0.0919995854063018,0.2406222555728961,0.5360824742268041,0.82975,0.95646136483976,0.4839788370639337,0.8860101403549858,0,,ok,,2026-07-20T17:07:03.966270+00:00,False,20000
adult,gaussian_copula,fixed,0.01,1,7,500,8.4419,16.23,False,0.0880687828405818,0.7457630966201926,0.1248971363105803,0.0883481205085682,0.2240418023644777,0.5567010309278351,0.86925,0.9607619045150444,0.3551815310005831,0.8860101403549858,0,,ok,,2026-07-20T17:07:03.966270+00:00,False,20000
adult,gaussian_copula,fixed,0.01,1,6,500,9.8162,16.23,False,0.1273123447624654,0.6793327783008083,0.1676479834100691,0.0803225538971807,0.2289901285475396,0.5567010309278351,0.84675,0.951516921427328,0.3904894571490276,0.8860101403549858,0,,ok,,2026-07-20T17:07:03.966270+00:00,False,20000
adult,gaussian_copula,fixed,0.01,1,5,500,9.4408,16.23,False,0.0959820445468119,0.7286965702677154,0.1346135925678554,0.0618848811498065,0.2524705554258728,0.5876288659793815,0.81875,0.9451522609495676,0.4029948612428032,0.8860101403549858,0,,ok,,2026-07-20T17:07:03.966270+00:00,False,20000
adult,gaussian_copula,fixed,0.01,1,4,500,9.5984,16.23,False,0.1028120004020675,0.7320809537485364,0.1330450151355957,0.0734291044776119,0.1999509306659441,0.5876288659793815,0.851,0.9365399494640326,0.4474732247396233,0.8860101403549858,0,,ok,,2026-07-20T17:07:03.966270+00:00,False,20000
adult,gaussian_copula,fixed,0.01,1,3,500,8.7044,16.23,False,0.0852864037071167,0.7756024009257333,0.1218582882290749,0.0638660862354892,0.22172179236418,0.5979381443298969,0.8535,0.9614991933743076,0.4328177879229699,0.8860101403549858,0,,ok,,2026-07-20T17:07:03.966270+00:00,False,20000
adult,gaussian_copula,fixed,0.01,1,2,500,8.9634,16.23,False,0.064607789221569,0.8099208659307647,0.0932041977565573,0.0755768380320619,0.1491128506873396,0.6185567010309279,0.867,0.9548162890725296,0.5063435898236112,0.8860101403549858,0,,ok,,2026-07-20T17:07:03.966270+00:00,False,20000
adult,gaussian_copula,fixed,0.01,1,0,500,7.5075,16.11,True,0.0651390211089318,0.8321627701987566,0.0814834081590733,0.0622104754007739,0.137681135292803,0.711340206185567,0.86625,0.9146989190222112,0.6524711706266965,0.8860101403549858,0,,ok,,2026-07-20T17:07:03.966270+00:00,False,20000
adult,gaussian_copula,fixed,0.0,1,12,500,8.9993,16.23,False,0.1389901246747432,0.7540125648906785,0.1738413367835115,0.1273775566611387,0.1967345119667187,0.5154639175257731,0.789,0.9616401710682956,0.3396330172853636,0.8860101403549858,0,,ok,,2026-07-20T17:07:03.966270+00:00,False,20000
adult,gaussian_copula,fixed,0.0,1,11,500,8.6334,16.23,False,0.1124047039720773,0.7995491478963084,0.1607617140239322,0.1138555831951354,0.2570518195442967,0.5257731958762887,0.80075,0.9565335097066526,0.3966949041083963,0.8860101403549858,0,,ok,,2026-07-20T17:07:03.966270+00:00,False,20000
adult,gaussian_copula,fixed,0.0,1,10,500,7.5897,16.23,False,0.1382130327630024,0.8163584176302909,0.205425975813488,0.1258076285240464,0.2816136564341647,0.5257731958762887,0.79475,0.9540277355972708,0.381151143766531,0.8860101403549858,0,,ok,,2026-07-20T17:07:03.966270+00:00,False,20000
adult,gaussian_copula,fixed,0.0,1,9,500,9.3542,16.23,False,0.1089692005921732,0.899460088389542,0.1736445101586422,0.1087331398562742,0.207601358275429,0.5360824742268041,0.831,0.9516941155564924,0.3596996615467044,0.8860101403549858,0,,ok,,2026-07-20T17:07:03.966270+00:00,False,20000
adult,gaussian_copula,fixed,0.0,1,8,500,9.2015,16.23,False,0.1111868569423831,0.8525434028943938,0.1476282335074033,0.110334991708126,0.22424426991459,0.5360824742268041,0.83625,0.9529899151268202,0.4578539365077825,0.8860101403549858,0,,ok,,2026-07-20T17:07:03.966270+00:00,False,20000
adult,gaussian_copula,fixed,0.0,1,7,500,7.467,16.23,False,0.1101394624991147,0.7803271494890724,0.1408275237676674,0.1045302653399668,0.2686808907506727,0.5360824742268041,0.8645,0.9440230713812258,0.4978283967966591,0.8860101403549858,0,,ok,,2026-07-20T17:07:03.966270+00:00,False,20000
adult,gaussian_copula,fixed,0.0,1,6,500,9.6389,16.23,False,0.0976068362086971,0.6919730496917046,0.1691157267685736,0.1069242675511332,0.2550887950955166,0.5463917525773195,0.804,0.9481840733798256,0.4375970261847275,0.8860101403549858,0,,ok,,2026-07-20T17:07:03.966270+00:00,False,20000
adult,gaussian_copula,fixed,0.0,1,5,500,8.9466,16.23,False,0.1436983331220346,0.8419776876896782,0.18101390575557,0.0945717247097844,0.2559026348676676,0.5360824742268041,0.80575,0.933849277132914,0.4050417621548346,0.8860101403549858,0,,ok,,2026-07-20T17:07:03.966270+00:00,False,20000
adult,gaussian_copula,fixed,0.01,1,1,500,8.5941,16.17,False,0.0422384530496224,0.7556355943591818,0.0709477590222771,0.067068407960199,0.2103894270896034,0.6288659793814433,0.85975,0.9535189774840336,0.4577972894101528,0.8860101403549858,0,,ok,,2026-07-20T17:07:03.966270+00:00,False,20000
adult,gaussian_copula,fixed,0.01,1,12,500,8.515,16.23,False,0.1517263136102861,0.6673597620470875,0.2049976701389929,0.1044767827529021,0.2524056682897194,0.5360824742268041,0.8425,0.9598555576243804,0.3014783777897221,0.8860101403549858,0,,ok,,2026-07-20T17:07:03.966270+00:00,False,20000
adult,gaussian_copula,fixed,0.02,1,0,500,7.5075,16.11,True,0.0651390211089318,0.8321627701987566,0.0814834081590733,0.0622104754007739,0.137681135292803,0.711340206185567,0.86625,0.9146989190222112,0.6524711706266965,0.8860101403549858,0,,ok,,2026-07-20T17:07:03.966270+00:00,False,20000
adult,gaussian_copula,fixed,0.02,1,1,500,9.6124,16.17,False,0.0715053786010757,0.873291029921194,0.0824617070294722,0.0752657545605306,0.1703994625020143,0.6391752577319587,0.84825,0.9223952355011495,0.6356994008651533,0.8860101403549858,0,,ok,,2026-07-20T17:07:03.966270+00:00,False,20000
adult,gaussian_copula,fixed,0.02,1,2,500,7.5173,16.23,False,0.0826523920749814,1.0157360700541849,0.1036873907155164,0.0830773908236594,0.2064321902440917,0.6185567010309279,0.82725,0.9274087277432724,0.5412654764919134,0.8860101403549858,0,,ok,,2026-07-20T17:07:03.966270+00:00,False,20000
adult,gaussian_copula,fixed,0.5,1,4,500,8.6407,16.23,False,0.0278075835779625,0.8275017699998025,0.0674475676772248,0.0606835268103924,0.1888413482609569,0.6597938144329897,0.8755,0.8647553028997197,0.5682722753237769,0.8860101403549858,0,,ok,,2026-07-20T17:07:03.966270+00:00,False,20000
adult,gaussian_copula,fixed,0.5,1,3,500,8.7405,16.23,False,0.0862220401540452,0.9642182918961066,0.1048278658023234,0.0801008844665561,0.1651591104941571,0.6701030927835051,0.8655,0.9086280940751784,0.6516808321563545,0.8860101403549858,0,,ok,,2026-07-20T17:07:03.966270+00:00,False,20000
adult,gaussian_copula,fixed,0.5,1,2,500,7.4368,16.23,False,0.0662144573207923,0.8403472649362942,0.0849294336919467,0.0620467108899944,0.1558753755127282,0.6494845360824743,0.83475,0.8709367931765067,0.5802458916758008,0.8860101403549858,0,,ok,,2026-07-20T17:07:03.966270+00:00,False,20000
adult,gaussian_copula,fixed,0.5,1,1,500,8.4311,16.17,False,0.0440004113389731,0.9217108185756114,0.074437114249014,0.0622998894416804,0.1806739504139773,0.6907216494845361,0.869,0.9052987020692042,0.6012925176133791,0.8860101403549858,0,,ok,,2026-07-20T17:07:03.966270+00:00,False,20000
adult,gaussian_copula,fixed,0.5,1,0,500,7.5075,16.11,True,0.0651390211089318,0.8321627701987566,0.0814834081590733,0.0622104754007739,0.137681135292803,0.711340206185567,0.86625,0.9146989190222112,0.6524711706266965,0.8860101403549858,0,,ok,,2026-07-20T17:07:03.966270+00:00,False,20000
adult,gaussian_copula,fixed,0.35,1,12,500,9.2857,16.23,False,0.0734640432574394,0.930394346502181,0.1125983562428702,0.0514355997788833,0.1807269523128158,0.6597938144329897,0.844,0.928378075390954,0.5974415312130097,0.8860101403549858,0,,ok,,2026-07-20T17:07:03.966270+00:00,False,20000
adult,gaussian_copula,fixed,0.35,1,11,500,6.9571,16.23,False,0.0833698141212754,0.9913440445387623,0.1059808336317085,0.0531003316749585,0.2058989413245819,0.6494845360824743,0.87575,0.9017622355750228,0.663932471676779,0.8860101403549858,0,,ok,,2026-07-20T17:07:03.966270+00:00,False,20000
adult,gaussian_copula,fixed,0.35,1,10,500,10.0267,16.23,False,0.0765689495875678,0.9653738978797624,0.1029941390277374,0.0545030403537866,0.1666714840934374,0.6494845360824743,0.8565,0.9384870688606194,0.5593380642401691,0.8860101403549858,0,,ok,,2026-07-20T17:07:03.966270+00:00,False,20000
adult,gaussian_copula,fixed,0.35,1,9,500,8.8093,16.23,False,0.0683047696445615,0.9800355929122568,0.0904371313650441,0.0574430624654505,0.2043679561154472,0.6701030927835051,0.848,0.9066729825825588,0.5910567017778141,0.8860101403549858,0,,ok,,2026-07-20T17:07:03.966270+00:00,False,20000
adult,gaussian_copula,fixed,0.35,1,8,500,8.1365,16.23,False,0.0690921329171104,1.0951145800079305,0.1103166141259006,0.0675070480928689,0.1865293761872955,0.6701030927835051,0.868,0.9088138563072974,0.6880524976977282,0.8860101403549858,0,,ok,,2026-07-20T17:07:03.966270+00:00,False,20000
adult,gaussian_copula,fixed,0.35,1,7,500,8.4793,16.23,False,0.0804637307322277,0.9836216027043208,0.1150604045413744,0.0642155887230514,0.1586402064445613,0.6391752577319587,0.86225,0.9422021695012688,0.5091151015261541,0.8860101403549858,0,,ok,,2026-07-20T17:07:03.966270+00:00,False,20000
adult,gaussian_copula,fixed,0.35,1,6,500,8.1502,16.23,False,0.0746437269502213,1.0674821658136358,0.1178159781883546,0.0708466003316749,0.1694083755238097,0.6391752577319587,0.86475,0.9105325889595888,0.5474185707806141,0.8860101403549858,0,,ok,,2026-07-20T17:07:03.966270+00:00,False,20000
adult,gaussian_copula,fixed,0.35,1,5,500,8.1153,16.23,False,0.0961662515975268,1.0994244084093816,0.1335051452026928,0.0722350746268656,0.1365704483618504,0.6597938144329897,0.89575,0.9336242024284164,0.4485015596965342,0.8860101403549858,0,,ok,,2026-07-20T17:07:03.966270+00:00,False,20000
adult,gaussian_copula,fixed,0.35,1,4,500,7.299,16.23,False,0.1124926749393713,1.0933738511764353,0.1324086968536243,0.0610116086235489,0.1808486157405468,0.6597938144329897,0.87475,0.9164946926002262,0.5766763049780079,0.8860101403549858,0,,ok,,2026-07-20T17:07:03.966270+00:00,False,20000
adult,gaussian_copula,fixed,0.35,1,3,500,8.0777,16.23,False,0.0856532850707798,0.9084332974178904,0.108627612012954,0.0583174405749032,0.1052658140470045,0.6597938144329897,0.86675,0.9055857695186064,0.555963398631789,0.8860101403549858,0,,ok,,2026-07-20T17:07:03.966270+00:00,False,20000
adult,gaussian_copula,fixed,0.35,1,2,500,8.0214,16.23,False,0.051621710612608,1.0296908569381489,0.089134781004967,0.0518569651741293,0.1409233500458531,0.6804123711340206,0.86875,0.9279815666265048,0.5515899017631802,0.8860101403549858,0,,ok,,2026-07-20T17:07:03.966270+00:00,False,20000
adult,gaussian_copula,fixed,0.35,1,1,500,6.6633,16.17,False,0.0443383647770409,1.059146946001958,0.0720564500721048,0.0481954118297401,0.1785364033598963,0.711340206185567,0.878,0.8806699421300247,0.5663690574145871,0.8860101403549858,0,,ok,,2026-07-20T17:07:03.966270+00:00,False,20000
adult,gaussian_copula,fixed,0.35,1,0,500,7.5075,16.11,True,0.0651390211089318,0.8321627701987566,0.0814834081590733,0.0622104754007739,0.137681135292803,0.711340206185567,0.86625,0.9146989190222112,0.6524711706266965,0.8860101403549858,0,,ok,,2026-07-20T17:07:03.966270+00:00,False,20000
adult,gaussian_copula,fixed,0.2,1,12,500,5.2729,16.23,False,0.1092535942377521,0.9542525550254244,0.1629892882569317,0.0933243504698728,0.2173533429528987,0.6185567010309279,0.8795,0.9224711244130313,0.5958182378215624,0.8860101403549858,0,,ok,,2026-07-20T17:07:03.966270+00:00,False,20000
adult,gaussian_copula,fixed,0.5,1,6,500,8.8421,16.23,False,0.0706283404796937,0.7159251335249744,0.094917817585279,0.0596159480375898,0.2028842646253492,0.6701030927835051,0.85125,0.9123167703983132,0.6345063697169862,0.8860101403549858,0,,ok,,2026-07-20T17:07:03.966270+00:00,False,20000
adult,gaussian_copula,fixed,0.5,1,7,500,7.9604,16.23,False,0.0540176597785574,0.8865831738953819,0.0897349980380333,0.0741288004422332,0.1991828311473777,0.6701030927835051,0.84575,0.9144629001862088,0.7027866438207523,0.8860101403549858,0,,ok,,2026-07-20T17:07:03.966270+00:00,False,20000
adult,gaussian_copula,fixed,0.5,1,8,500,7.1003,16.23,False,0.0626835113264526,1.0901848235242455,0.0938459303912823,0.0623757600884466,0.1930770366926147,0.6701030927835051,0.854,0.8941067435866309,0.64256730416069,0.8860101403549858,0,,ok,,2026-07-20T17:07:03.966270+00:00,False,20000
adult,gaussian_copula,fixed,0.5,1,9,500,7.3885,16.23,False,0.0652895247388631,0.9932117168685144,0.1061317603138879,0.0599975124378109,0.1835677415859371,0.6391752577319587,0.85525,0.8930565389673722,0.5125993897586506,0.8860101403549858,0,,ok,,2026-07-20T17:07:03.966270+00:00,False,20000
adult,gaussian_copula,fixed,1.0,1,3,500,6.6746,16.23,False,0.0707784409608047,0.8143726187107775,0.0957402143382034,0.0435040077390823,0.0973335135948434,0.6597938144329897,0.8825,0.8957450512725361,0.6743779276682127,0.8860101403549858,0,,ok,,2026-07-20T17:07:03.966270+00:00,False,20000
adult,gaussian_copula,fixed,1.0,1,2,500,7.1356,16.23,False,0.0531516472709794,0.851571846790764,0.074584626968077,0.053919983416252,0.1216115966446118,0.7010309278350515,0.88875,0.8910383547168704,0.6932825196629026,0.8860101403549858,0,,ok,,2026-07-20T17:07:03.966270+00:00,False,20000
adult,gaussian_copula,fixed,1.0,1,1,500,6.4,16.17,False,0.0556418038448793,0.8931029227664435,0.072790172270551,0.0463627694859038,0.0995373243483602,0.6804123711340206,0.87825,0.8634786555595252,0.6488508703524958,0.8860101403549858,0,,ok,,2026-07-20T17:07:03.966270+00:00,False,20000
adult,gaussian_copula,fixed,1.0,1,0,500,7.5075,16.11,True,0.0651390211089318,0.8321627701987566,0.0814834081590733,0.0622104754007739,0.137681135292803,0.711340206185567,0.86625,0.9146989190222112,0.6524711706266965,0.8860101403549858,0,,ok,,2026-07-20T17:07:03.966270+00:00,False,20000
adult,gaussian_copula,fixed,0.75,1,12,500,6.9662,16.23,False,0.0406215526537098,0.9604494096300727,0.0697993869439703,0.0503613875069098,0.1616818257393686,0.711340206185567,0.8765,0.9078727329987596,0.5216692522832256,0.8860101403549858,0,,ok,,2026-07-20T17:07:03.966270+00:00,False,20000
adult,gaussian_copula,fixed,0.75,1,11,500,7.9336,16.23,False,0.0281938744873205,1.150170213975935,0.0682299880768476,0.0464599226091763,0.1610518268817081,0.6907216494845361,0.878,0.8984946203113576,0.6753088676441874,0.8860101403549858,0,,ok,,2026-07-20T17:07:03.966270+00:00,False,20000
adult,gaussian_copula,fixed,0.75,1,10,500,7.6006,16.23,False,0.0613308887824195,1.0952560502114184,0.081050474296711,0.0505171365395245,0.1300897714289399,0.6597938144329897,0.89125,0.9156807228195656,0.5835135899927657,0.8860101403549858,0,,ok,,2026-07-20T17:07:03.966270+00:00,False,20000
adult,gaussian_copula,fixed,0.75,1,9,500,7.2624,16.23,False,0.0361919062937175,0.9463124974376464,0.0555692631318117,0.0535657822001105,0.1342085618625662,0.6391752577319587,0.871,0.9164405479496242,0.5493181826824316,0.8860101403549858,0,,ok,,2026-07-20T17:07:03.966270+00:00,False,20000
adult,gaussian_copula,fixed,0.75,1,8,500,9.2628,16.23,False,0.048598687589716,0.9474961745733896,0.0691243625154474,0.0475142343836373,0.1822285142120331,0.6701030927835051,0.86025,0.9191931410247826,0.5558343363497475,0.8860101403549858,0,,ok,,2026-07-20T17:07:03.966270+00:00,False,20000
adult,gaussian_copula,fixed,0.2,1,11,500,9.9234,16.23,False,0.0788698142551665,0.8411016538824448,0.1485521862697166,0.0936717799889441,0.2040415361233625,0.6288659793814433,0.85075,0.9409672826628684,0.5314043576042107,0.8860101403549858,0,,ok,,2026-07-20T17:07:03.966270+00:00,False,20000
adult,gaussian_copula,fixed,0.75,1,7,500,10.3804,16.23,False,0.0484138204552901,1.107884691897172,0.083686060261116,0.051112493090105,0.1548642331716092,0.6597938144329897,0.90275,0.9214799605032056,0.6794767893106927,0.8860101403549858,0,,ok,,2026-07-20T17:07:03.966270+00:00,False,20000
adult,gaussian_copula,fixed,0.75,1,5,500,8.3487,16.23,False,0.046930387657635,1.0724634012429135,0.0669554747211981,0.043157269209508,0.1628251241902662,0.6701030927835051,0.872,0.9151262441569498,0.6151610580576367,0.8860101403549858,0,,ok,,2026-07-20T17:07:03.966270+00:00,False,20000
adult,gaussian_copula,fixed,0.75,1,4,500,6.494,16.23,False,0.0379454157328684,0.962914728139416,0.0695136133917805,0.052029297954671,0.1259350598411558,0.6288659793814433,0.9085,0.8499121085438963,0.58924029030064,0.8860101403549858,0,,ok,,2026-07-20T17:07:03.966270+00:00,False,20000
adult,gaussian_copula,fixed,0.75,1,3,500,6.1651,16.23,False,0.0541878620868412,0.7997527277565717,0.0745743289202682,0.0523731343283582,0.1547560505908973,0.6701030927835051,0.88075,0.8853031978032249,0.5937493074826751,0.8860101403549858,0,,ok,,2026-07-20T17:07:03.966270+00:00,False,20000
adult,gaussian_copula,fixed,0.75,1,2,500,7.2852,16.23,False,0.0697535844008983,0.9053625193463066,0.0831427238053526,0.0536246545052515,0.1544453326212237,0.6701030927835051,0.874,0.8941508081161104,0.638785585883753,0.8860101403549858,0,,ok,,2026-07-20T17:07:03.966270+00:00,False,20000
adult,gaussian_copula,fixed,0.75,1,1,500,8.1183,16.17,False,0.051006369832334,0.9953288649535816,0.0665375202138778,0.048503178551686,0.1710675825221615,0.6701030927835051,0.8935,0.8931478360643981,0.5698492151295482,0.8860101403549858,0,,ok,,2026-07-20T17:07:03.966270+00:00,False,20000
adult,gaussian_copula,fixed,0.75,1,0,500,7.5075,16.11,True,0.0651390211089318,0.8321627701987566,0.0814834081590733,0.0622104754007739,0.137681135292803,0.711340206185567,0.86625,0.9146989190222112,0.6524711706266965,0.8860101403549858,0,,ok,,2026-07-20T17:07:03.966270+00:00,False,20000
adult,gaussian_copula,fixed,0.5,1,12,500,7.7139,16.23,False,0.0571209887097323,0.9321127316731842,0.0843943224941422,0.0524970978441127,0.1399194318253381,0.6701030927835051,0.853,0.8942835057106046,0.6036999864807505,0.8860101403549858,0,,ok,,2026-07-20T17:07:03.966270+00:00,False,20000
adult,gaussian_copula,fixed,0.5,1,11,500,10.16,16.23,False,0.0905929512983768,0.9801154183566996,0.1159437977184078,0.0597834438916528,0.1522287320207828,0.6804123711340206,0.84975,0.9026790225911356,0.65446168669618,0.8860101403549858,0,,ok,,2026-07-20T17:07:03.966270+00:00,False,20000
adult,gaussian_copula,fixed,0.5,1,10,500,7.4578,16.23,False,0.046817894971628,0.9092327093486826,0.0735674347361074,0.0691337755666113,0.1797775227959245,0.6597938144329897,0.8665,0.8811260676108285,0.6336347977351127,0.8860101403549858,0,,ok,,2026-07-20T17:07:03.966270+00:00,False,20000
adult,gaussian_copula,fixed,0.75,1,6,500,9.9637,16.23,False,0.0455371290550853,1.1320485684748738,0.0663920614179533,0.046988391376451,0.1611006620959363,0.6597938144329897,0.889,0.9000275907315302,0.6524782515139003,0.8860101403549858,0,,ok,,2026-07-20T17:07:03.966270+00:00,False,20000
adult,gaussian_copula,fixed,0.2,1,10,500,6.3054,16.23,False,0.1121063393415136,0.7821610045059378,0.1458984658866157,0.0870181039248203,0.1818511398384552,0.6288659793814433,0.877,0.9072519415393296,0.4334874890557676,0.8860101403549858,0,,ok,,2026-07-20T17:07:03.966270+00:00,False,20000
adult,gaussian_copula,fixed,0.2,1,9,500,8.9691,16.23,False,0.0835440936801836,0.850459955082918,0.1309642753040346,0.0724828634604753,0.1966559323039523,0.6288659793814433,0.85325,0.925796844374882,0.665259646299194,0.8860101403549858,0,,ok,,2026-07-20T17:07:03.966270+00:00,False,20000
adult,gaussian_copula,fixed,0.2,1,8,500,6.4703,16.23,False,0.0694167688639283,0.8548370081967693,0.1217237409933932,0.0861334991708126,0.1573289160686295,0.6391752577319587,0.864,0.912474524293884,0.6157356261595772,0.8860101403549858,0,,ok,,2026-07-20T17:07:03.966270+00:00,False,20000
adult,gaussian_copula,fixed,0.05,1,9,500,9.1279,16.23,False,0.1085097062449431,0.8528248016830594,0.1669359953002978,0.096019762299613,0.1700516261512449,0.5567010309278351,0.87525,0.9382020174354416,0.5380292815666279,0.8860101403549858,0,,ok,,2026-07-20T17:07:03.966270+00:00,False,20000
adult,gaussian_copula,fixed,0.05,1,8,500,8.2396,16.23,False,0.1437962591905572,0.7881444299919398,0.1994952160249529,0.0988752072968491,0.2592875090696043,0.5670103092783505,0.8635,0.939073443906502,0.4792889622212376,0.8860101403549858,0,,ok,,2026-07-20T17:07:03.966270+00:00,False,20000
adult,gaussian_copula,fixed,0.05,1,7,500,7.1817,16.23,False,0.0816665612999587,0.7276491114005145,0.1468173074457743,0.0912193200663349,0.2170069332409229,0.5773195876288659,0.874,0.9387933605410202,0.5538423778773153,0.8860101403549858,0,,ok,,2026-07-20T17:07:03.966270+00:00,False,20000
adult,gaussian_copula,fixed,0.05,1,6,500,8.1243,16.23,False,0.081580281791545,0.7353080216686335,0.1359989850651965,0.0988927584300718,0.1899414769200259,0.5773195876288659,0.8655,0.9440154392895184,0.4579263516921944,0.8860101403549858,0,,ok,,2026-07-20T17:07:03.966270+00:00,False,20000
adult,gaussian_copula,fixed,0.05,1,5,500,7.7775,16.23,False,0.0796094602675555,0.7249044024152123,0.1213726359971929,0.1087436428966279,0.2247559823409896,0.5876288659793815,0.86275,0.9473524633872,0.4780167956021921,0.8860101403549858,0,,ok,,2026-07-20T17:07:03.966270+00:00,False,20000
adult,gaussian_copula,fixed,0.05,1,4,500,8.8919,16.23,False,0.0775292716717637,0.7837374301582997,0.1130558767829376,0.093037728026534,0.1904018986777157,0.5876288659793815,0.869,0.9269087537355848,0.4834224301263952,0.8860101403549858,0,,ok,,2026-07-20T17:07:03.966270+00:00,False,20000
adult,gaussian_copula,fixed,0.05,1,3,500,8.5312,16.23,False,0.0909524326632391,0.6907862946290777,0.1241184624333741,0.0777342454394693,0.1837859735611982,0.6185567010309279,0.8675,0.9313031105381762,0.4053139829295544,0.8860101403549858,0,,ok,,2026-07-20T17:07:03.966270+00:00,False,20000
adult,gaussian_copula,fixed,0.05,1,2,500,8.4681,16.23,False,0.052093012064947,0.7294987301630654,0.0851971324983079,0.0671036484245439,0.2156590125346308,0.6288659793814433,0.85275,0.9309054497598842,0.6201583286378746,0.8860101403549858,0,,ok,,2026-07-20T17:07:03.966270+00:00,False,20000
adult,gaussian_copula,fixed,0.05,1,1,500,8.5579,16.17,False,0.0725970234525107,0.8914166933340179,0.0904498149835214,0.0626909894969596,0.2030254173489259,0.6804123711340206,0.865,0.8990329707801769,0.5412750488023925,0.8860101403549858,0,,ok,,2026-07-20T17:07:03.966270+00:00,False,20000
adult,gaussian_copula,fixed,0.05,1,10,500,8.2704,16.23,False,0.1129802790127251,0.7785430813003863,0.1557660436235945,0.097742951907131,0.1854676836080042,0.5360824742268041,0.85775,0.9474958171097384,0.447503154600813,0.8860101403549858,0,,ok,,2026-07-20T17:07:03.966270+00:00,False,20000
adult,gaussian_copula,fixed,0.05,1,0,500,7.5075,16.11,True,0.0651390211089318,0.8321627701987566,0.0814834081590733,0.0622104754007739,0.137681135292803,0.711340206185567,0.86625,0.9146989190222112,0.6524711706266965,0.8860101403549858,0,,ok,,2026-07-20T17:07:03.966270+00:00,False,20000
adult,gaussian_copula,fixed,0.02,1,11,500,8.694,16.23,False,0.1247556087783062,0.5745438746494133,0.1503942267346439,0.1026456605859591,0.2435215638501684,0.5567010309278351,0.7875,0.9496266827142196,0.35587460561753,0.8860101403549858,0,,ok,,2026-07-20T17:07:03.966270+00:00,False,20000
adult,gaussian_copula,fixed,0.02,1,10,500,7.3132,16.23,False,0.1008468920490149,0.6667894922901606,0.1283600470888223,0.1112060530679933,0.3203147030350419,0.5567010309278351,0.77425,0.9486880794359625,0.3813658978964913,0.8860101403549858,0,,ok,,2026-07-20T17:07:03.966270+00:00,False,20000
adult,gaussian_copula,fixed,0.02,1,9,500,8.8926,16.23,False,0.1338668338621544,0.5646665650698776,0.1495586918679866,0.0960526533996683,0.2344827380030431,0.5567010309278351,0.8085,0.9540008072737,0.4963606862323819,0.8860101403549858,0,,ok,,2026-07-20T17:07:03.966270+00:00,False,20000
adult,gaussian_copula,fixed,0.02,1,8,500,8.1487,16.23,False,0.0994614419675258,0.6845378932357291,0.126979649009226,0.1044957158651188,0.2253927696675688,0.5567010309278351,0.7815,0.9673756159854018,0.4365759688063315,0.8860101403549858,0,,ok,,2026-07-20T17:07:03.966270+00:00,False,20000
adult,gaussian_copula,fixed,0.02,1,7,500,8.7765,16.23,False,0.1072691415905292,0.692631136044505,0.1330011535179401,0.0848401050304035,0.25304712091161,0.5567010309278351,0.80525,0.952558413941902,0.6716396567972649,0.8860101403549858,0,,ok,,2026-07-20T17:07:03.966270+00:00,False,20000
adult,gaussian_copula,fixed,0.02,1,6,500,8.6103,16.23,False,0.1069757459487236,0.7122308930946133,0.1260921450703785,0.0910718629076837,0.2419913038871118,0.5876288659793815,0.82175,0.9362006093865224,0.4635347749582588,0.8860101403549858,0,,ok,,2026-07-20T17:07:03.966270+00:00,False,20000
adult,gaussian_copula,fixed,0.02,1,5,500,8.897,16.23,False,0.0676747627752028,0.8634580192180952,0.1017860897789266,0.0876633499170812,0.2571319082693609,0.5773195876288659,0.84125,0.9528755057520772,0.4655886584118383,0.8860101403549858,0,,ok,,2026-07-20T17:07:03.966270+00:00,False,20000
adult,gaussian_copula,fixed,0.02,1,4,500,5.2854,16.23,False,0.0783685357614682,0.8568162495492119,0.0971848623001194,0.0960038695411829,0.2593572343046054,0.5773195876288659,0.8465,0.918212705243866,0.5909328518155198,0.8860101403549858,0,,ok,,2026-07-20T17:07:03.966270+00:00,False,20000
adult,gaussian_copula,fixed,0.02,1,3,500,8.9761,16.23,False,0.0893626650855788,0.9933433689154716,0.1094480772121342,0.0876189883913764,0.2485215497688556,0.6185567010309279,0.861,0.942548133658374,0.5882859440586308,0.8860101403549858,0,,ok,,2026-07-20T17:07:03.966270+00:00,False,20000
adult,gaussian_copula,fixed,0.02,1,12,500,9.3657,16.23,False,0.0811693088657663,0.7261653658946493,0.1196188391195215,0.1070729684908789,0.2131638519751866,0.5567010309278351,0.7995,0.9706067988112944,0.3883400800638539,0.8860101403549858,0,,ok,,2026-07-20T17:07:03.966270+00:00,False,20000
adult,gaussian_copula,fixed,0.05,1,11,500,8.7998,16.23,False,0.1452835278431624,0.7498192370788797,0.1904823890839739,0.116310668877833,0.1406649800664973,0.5360824742268041,0.8665,0.9668674338790856,0.5629619049579717,0.8860101403549858,0,,ok,,2026-07-20T17:07:03.966270+00:00,False,20000
adult,gaussian_copula,fixed,0.1,1,0,500,7.5075,16.11,True,0.0651390211089318,0.8321627701987566,0.0814834081590733,0.0622104754007739,0.137681135292803,0.711340206185567,0.86625,0.9146989190222112,0.6524711706266965,0.8860101403549858,0,,ok,,2026-07-20T17:07:03.966270+00:00,False,20000
adult,gaussian_copula,fixed,0.2,1,7,500,8.5727,16.23,False,0.0602795948383116,0.8450455912456256,0.1196717344380327,0.0634016030956329,0.2267105589070681,0.6391752577319587,0.88025,0.8987916958810177,0.6426976449362543,0.8860101403549858,0,,ok,,2026-07-20T17:07:03.966270+00:00,False,20000
adult,gaussian_copula,fixed,0.2,1,6,500,8.8107,16.23,False,0.0500904641125134,0.787231147611725,0.1008992038105267,0.0766182974018794,0.2116226907509112,0.6288659793814433,0.8805,0.9281747449477352,0.5808713044816902,0.8860101403549858,0,,ok,,2026-07-20T17:07:03.966270+00:00,False,20000
adult,gaussian_copula,fixed,0.2,1,5,500,11.5128,16.23,False,0.0531238830270436,0.8484906912061776,0.113191943477213,0.0853084577114428,0.1807517341597338,0.6391752577319587,0.8755,0.9251378924569158,0.4806066956607143,0.8860101403549858,0,,ok,,2026-07-20T17:07:03.966270+00:00,False,20000
adult,gaussian_copula,fixed,0.2,1,4,500,9.7897,16.23,False,0.0379695255192091,0.8460570619647282,0.0989114172322863,0.0700077390823659,0.133471985064585,0.6391752577319587,0.906,0.9176878909376976,0.5680447362585876,0.8860101403549858,0,,ok,,2026-07-20T17:07:03.966270+00:00,False,20000
adult,gaussian_copula,fixed,0.2,1,3,500,8.1018,16.23,False,0.0339650725404336,0.9382014583028906,0.0768614581920577,0.0819528745163073,0.1220532739848134,0.6391752577319587,0.88125,0.9130837956148882,0.6309655655144009,0.8860101403549858,0,,ok,,2026-07-20T17:07:03.966270+00:00,False,20000
adult,gaussian_copula,fixed,0.2,1,2,500,10.4546,16.23,False,0.0519785427585082,0.8797492174499245,0.0748400728762762,0.0782394969596462,0.1672332041684407,0.6907216494845361,0.85625,0.9008574007025268,0.5051400356902941,0.8860101403549858,0,,ok,,2026-07-20T17:07:03.966270+00:00,False,20000
adult,gaussian_copula,fixed,0.2,1,1,500,9.4191,16.17,False,0.066936224033802,0.9588270245562588,0.0930291507547984,0.0630006909894969,0.1517513596993453,0.6907216494845361,0.8625,0.913495712564482,0.4978350515193551,0.8860101403549858,0,,ok,,2026-07-20T17:07:03.966270+00:00,False,20000
adult,gaussian_copula,fixed,0.2,1,0,500,7.5075,16.11,True,0.0651390211089318,0.8321627701987566,0.0814834081590733,0.0622104754007739,0.137681135292803,0.711340206185567,0.86625,0.9146989190222112,0.6524711706266965,0.8860101403549858,0,,ok,,2026-07-20T17:07:03.966270+00:00,False,20000
adult,gaussian_copula,fixed,0.1,1,12,500,11.2632,16.23,False,0.134868607353243,1.3563690054463686,0.1724171156616001,0.1070602542841348,0.2596459069979862,0.5773195876288659,0.85625,0.955199117672598,0.4932495869810284,0.8860101403549858,0,,ok,,2026-07-20T17:07:03.966270+00:00,False,20000
adult,gaussian_copula,fixed,0.05,1,12,500,8.9382,16.23,False,0.1559059966153898,0.7307230386106581,0.2036888031705891,0.1195051133222775,0.183933962880277,0.5360824742268041,0.852,0.95537515978792,0.5019367209958664,0.8860101403549858,0,,ok,,2026-07-20T17:07:03.966270+00:00,False,20000
adult,gaussian_copula,fixed,0.1,1,11,500,7.5991,16.23,False,0.0913642408310864,0.9513276360526668,0.1282347237060224,0.1039369817578773,0.2501661347302751,0.5670103092783505,0.83525,0.9494608647217504,0.5435712231695022,0.8860101403549858,0,,ok,,2026-07-20T17:07:03.966270+00:00,False,20000
adult,gaussian_copula,fixed,0.1,1,9,500,8.979,16.23,False,0.128797782483,1.5442436326429314,0.1665288130674478,0.0904125207296849,0.2265695269469305,0.5773195876288659,0.81775,0.9381172724171454,0.5950160650906623,0.8860101403549858,0,,ok,,2026-07-20T17:07:03.966270+00:00,False,20000
adult,gaussian_copula,fixed,0.1,1,8,500,8.892,16.23,False,0.1285992975692075,1.375570391955672,0.1633769454135512,0.0907574626865671,0.3410655719084789,0.5567010309278351,0.8375,0.9431648930693552,0.5987380219908753,0.8860101403549858,0,,ok,,2026-07-20T17:07:03.966270+00:00,False,20000
adult,gaussian_copula,fixed,0.1,1,7,500,7.2067,16.23,False,0.1212617879668751,1.437766393368421,0.1479615401900992,0.0946357103372028,0.2637070672383277,0.5876288659793815,0.85075,0.9399350782599004,0.5131480601712815,0.8860101403549858,0,,ok,,2026-07-20T17:07:03.966270+00:00,False,20000
adult,gaussian_copula,fixed,0.1,1,6,500,7.9693,16.23,False,0.1344016699158114,1.6345771120121146,0.1598698618991668,0.093821586511885,0.2160525494842839,0.5979381443298969,0.8675,0.958354123583149,0.5883811426532582,0.8860101403549858,0,,ok,,2026-07-20T17:07:03.966270+00:00,False,20000
adult,gaussian_copula,fixed,0.1,1,5,500,7.4446,16.23,False,0.0947602285684618,0.970005260925302,0.1233682467482268,0.0853333333333333,0.1874195924664981,0.5979381443298969,0.85375,0.917368423098972,0.5653272491028581,0.8860101403549858,0,,ok,,2026-07-20T17:07:03.966270+00:00,False,20000
adult,gaussian_copula,fixed,0.1,1,4,500,8.7027,16.23,False,0.110586603263068,1.247536600547429,0.1368499472950294,0.0825139579878385,0.2220677930379107,0.5979381443298969,0.85925,0.9482309459430464,0.4341430284141579,0.8860101403549858,0,,ok,,2026-07-20T17:07:03.966270+00:00,False,20000
adult,gaussian_copula,fixed,0.1,1,3,500,7.9847,16.23,False,0.1425702893937994,1.2766170150900378,0.1594616240299407,0.0782370093974571,0.2272254324386774,0.6082474226804123,0.864,0.9242869142315614,0.565490732364362,0.8860101403549858,0,,ok,,2026-07-20T17:07:03.966270+00:00,False,20000
adult,gaussian_copula,fixed,0.1,1,2,500,9.4763,16.23,False,0.0964019481890924,0.94458367540121,0.1110791125428551,0.0716304588170259,0.1949131190601921,0.6185567010309279,0.8815,0.9502461061572116,0.5480617841501684,0.8860101403549858,0,,ok,,2026-07-20T17:07:03.966270+00:00,False,20000
adult,gaussian_copula,fixed,0.1,1,1,500,7.0892,16.17,False,0.076987810995331,1.041410333934753,0.0831838929891769,0.0745666113875069,0.1611733153947007,0.6494845360824743,0.88825,0.8889364334601845,0.4408986865347619,0.8860101403549858,0,,ok,,2026-07-20T17:07:03.966270+00:00,False,20000
adult,gaussian_copula,fixed,0.1,1,10,500,10.3302,16.23,False,0.0906535399841568,1.3271735248515009,0.1456929253453657,0.099906578220011,0.2365690360993074,0.5567010309278351,0.847,0.932148472696048,0.5859670846269611,0.8860101403549858,0,,ok,,2026-07-20T17:07:03.966270+00:00,False,20000
adult,gaussian_copula,fixed,0.5,1,5,500,8.86,16.23,False,0.0581957012567951,0.9003199966640945,0.0849964876463573,0.0583325041459369,0.2055547198839617,0.6597938144329897,0.848,0.9107238232574604,0.7125190938090361,0.8860101403549858,0,,ok,,2026-07-20T17:07:03.966270+00:00,False,20000
adult,gaussian_copula,fixed,0.02,2,8,500,5.4068,16.23,False,0.0538727175521021,1.3286122188822758,0.1270726740590993,0.0977967108899944,0.1948061875707741,0.5979381443298969,0.8475,0.9494215522493716,0.4108418938855621,0.8798877626927197,0,,ok,,2026-07-20T17:44:52.915788+00:00,False,20000
adult,gaussian_copula,fixed,0.02,2,9,500,7.9539,16.23,False,0.0529749835529923,1.1280946029175234,0.1225653161627775,0.1156372305140961,0.1484083376604767,0.5876288659793815,0.84625,0.9387642001906294,0.4723143866712526,0.8798877626927197,0,,ok,,2026-07-20T17:44:52.915788+00:00,False,20000
adult,gaussian_copula,fixed,0.02,2,10,500,5.1254,16.23,False,0.0809676609353974,1.2377274993841971,0.1428187172212339,0.1234448590381426,0.1744393884481878,0.5773195876288659,0.8595,0.9427309438550212,0.3710202299636134,0.8798877626927197,0,,ok,,2026-07-20T17:44:52.915788+00:00,False,20000
adult,gaussian_copula,fixed,0.02,2,11,500,4.1462,16.23,False,0.0956606493561641,1.2696202763510247,0.1465356024062669,0.1421398562741846,0.1780776438377051,0.5773195876288659,0.844,0.945733163929698,0.5233148373566104,0.8798877626927197,0,,ok,,2026-07-20T17:44:52.915788+00:00,False,20000
adult,gaussian_copula,fixed,0.02,2,12,500,2.9375,16.23,False,0.1278750169048064,1.2689225041852543,0.1708632821122679,0.1285894140409066,0.194515447617377,0.5567010309278351,0.856,0.9349410262513714,0.3855247061989102,0.8798877626927197,0,,ok,,2026-07-20T17:44:52.915788+00:00,False,20000
adult,gaussian_copula,fixed,0.05,2,0,500,5.4923,16.11,True,0.0722228960308221,1.1829981824145075,0.101398009657856,0.0537412935323383,0.1436465856969095,0.7010309278350515,0.84825,0.8886398618965806,0.6820524948129223,0.8798877626927197,0,,ok,,2026-07-20T17:44:52.915788+00:00,False,20000
adult,gaussian_copula,fixed,0.05,2,1,500,2.4215,16.17,False,0.0750607873720659,0.9720671646070248,0.0989823597356227,0.0557989220563847,0.1288994681693697,0.6701030927835051,0.8655,0.9094701441932528,0.4970826089083068,0.8798877626927197,0,,ok,,2026-07-20T17:44:52.915788+00:00,False,20000
adult,gaussian_copula,fixed,0.05,2,2,500,3.0599,16.23,False,0.0707438646298856,1.237344058627846,0.0966109660811779,0.0840859590934217,0.1666962759448336,0.6804123711340206,0.868,0.9314728885782292,0.5052759166044576,0.8798877626927197,0,,ok,,2026-07-20T17:44:52.915788+00:00,False,20000
adult,gaussian_copula,fixed,0.05,2,3,500,3.7137,16.23,False,0.0865459403836911,1.1952036983824186,0.1093632178594041,0.0760982587064676,0.1551160297245349,0.6494845360824743,0.8745,0.9183767232147062,0.5640921915778616,0.8798877626927197,0,,ok,,2026-07-20T17:44:52.915788+00:00,False,20000
adult,gaussian_copula,fixed,0.05,2,9,500,2.5018,16.23,False,0.092883288601889,1.1119548920547058,0.1860316103772287,0.148934770591487,0.1649239937576954,0.6391752577319587,0.8275,0.942784944503893,0.4028796984800876,0.8798877626927197,0,,ok,,2026-07-20T17:44:52.915788+00:00,False,20000
adult,gaussian_copula,fixed,0.05,2,4,500,4.6503,16.23,False,0.0839049680325593,0.886957406711124,0.1149150561194428,0.090047954671089,0.1500006952056973,0.6288659793814433,0.8425,0.9174256277863436,0.4799808894722024,0.8798877626927197,0,,ok,,2026-07-20T17:44:52.915788+00:00,False,20000
adult,gaussian_copula,fixed,0.05,2,6,500,3.4076,16.23,False,0.0786453434908744,0.8907342912043997,0.1450222852159643,0.1171221669430624,0.1827454881522096,0.6391752577319587,0.83275,0.9316407945957876,0.4155754669812329,0.8798877626927197,0,,ok,,2026-07-20T17:44:52.915788+00:00,False,20000
adult,gaussian_copula,fixed,0.05,2,7,500,2.6575,16.23,False,0.0918782797549104,0.963593186441418,0.1472592312339986,0.1268819789939193,0.2477442505975979,0.6288659793814433,0.823,0.9480355355949958,0.3622698924741052,0.8798877626927197,0,,ok,,2026-07-20T17:44:52.915788+00:00,False,20000
adult,gaussian_copula,fixed,0.05,2,8,500,3.4562,16.23,False,0.0663020062268033,0.8227048483599786,0.155853276973381,0.1290294361525704,0.1927228514372955,0.6288659793814433,0.819,0.9587512083545194,0.3551253428493464,0.8798877626927197,0,,ok,,2026-07-20T17:44:52.915788+00:00,False,20000
adult,gaussian_copula,fixed,0.05,2,10,500,2.782,16.23,False,0.1151148449910823,1.1474252974683272,0.1820112793538969,0.1475866500829187,0.2513265449194682,0.6185567010309279,0.816,0.96154246589427,0.3059001951571189,0.8798877626927197,0,,ok,,2026-07-20T17:44:52.915788+00:00,False,20000
adult,gaussian_copula,fixed,0.05,2,11,500,2.9696,16.23,False,0.0528448016010071,0.9500381645230755,0.1537736985346774,0.154354754007739,0.2396497174171833,0.5876288659793815,0.79925,0.9335177851497064,0.3636763009130542,0.8798877626927197,0,,ok,,2026-07-20T17:44:52.915788+00:00,False,20000
adult,gaussian_copula,fixed,0.05,2,5,500,3.6958,16.23,False,0.076925674371608,0.9536143099849428,0.1178046338469366,0.1135794637921503,0.2591671504653228,0.6185567010309279,0.81475,0.94720615762919,0.5472281735913591,0.8798877626927197,0,,ok,,2026-07-20T17:44:52.915788+00:00,False,20000
adult,gaussian_copula,fixed,0.01,2,11,500,3.7833,16.23,False,0.2058816573370052,1.3373604075891572,0.2331224075026251,0.1317918739635157,0.1890107927621055,0.5360824742268041,0.82275,0.9593418314514468,0.3435241942769909,0.8798877626927197,0,,ok,,2026-07-20T17:44:52.915788+00:00,False,20000
adult,gaussian_copula,fixed,0.02,2,6,500,3.9259,16.23,False,0.1132607566011144,1.316285522421781,0.1407418230754573,0.0992577390823659,0.2018696300929248,0.6185567010309279,0.85175,0.9530783321892397,0.356978306128521,0.8798877626927197,0,,ok,,2026-07-20T17:44:52.915788+00:00,False,20000
adult,gaussian_copula,fixed,0.01,2,2,500,2.2653,16.23,False,0.0969590149879145,1.1504515138981166,0.1297902745227092,0.0805540353786622,0.2211351143531367,0.6804123711340206,0.879,0.9027997680420128,0.5383454628494041,0.8798877626927197,0,,ok,,2026-07-20T17:44:52.915788+00:00,False,20000
adult,gaussian_copula,fixed,0.01,2,3,500,2.8342,16.23,False,0.0976680486256369,0.9852594832051011,0.1297275146686914,0.0738296019900497,0.1535504215391112,0.6288659793814433,0.86725,0.9267503518322276,0.4235666087913411,0.8798877626927197,0,,ok,,2026-07-20T17:44:52.915788+00:00,False,20000
adult,gaussian_copula,fixed,0.01,2,4,500,3.0826,16.23,False,0.0826448625656397,1.048812655307348,0.1243477431178207,0.0806524322830293,0.2154069135244442,0.6082474226804123,0.86325,0.9434688807220708,0.406792445952178,0.8798877626927197,0,,ok,,2026-07-20T17:44:52.915788+00:00,False,20000
adult,gaussian_copula,fixed,0.05,2,12,500,2.9317,16.23,False,0.0901526384724791,1.1003157857186392,0.1772999293831816,0.1380176893311221,0.2384767287870068,0.5670103092783505,0.79625,0.959985735188594,0.3581991035334545,0.8798877626927197,0,,ok,,2026-07-20T17:44:52.915788+00:00,False,20000
adult,gaussian_copula,fixed,0.01,2,5,500,3.0403,16.23,False,0.1380195642857964,1.2340657889763966,0.1498983971947779,0.0799208126036484,0.2672722455339514,0.6082474226804123,0.8565,0.9405082771474582,0.4479638384335609,0.8798877626927197,0,,ok,,2026-07-20T17:44:52.915788+00:00,False,20000
adult,gaussian_copula,fixed,0.01,2,6,500,3.7834,16.23,False,0.0798374395763156,1.0680053659382558,0.124404698570133,0.0788865395245992,0.2441742742200894,0.5979381443298969,0.84825,0.9496320827791066,0.3455930262702227,0.8798877626927197,0,,ok,,2026-07-20T17:44:52.915788+00:00,False,20000
adult,gaussian_copula,fixed,0.01,2,7,500,3.4689,16.23,False,0.136002076556738,1.2731062604185193,0.1645264818471366,0.0909939192924267,0.2387972240572322,0.5876288659793815,0.83225,0.9500317595816232,0.4157967774882336,0.8798877626927197,0,,ok,,2026-07-20T17:44:52.915788+00:00,False,20000
adult,gaussian_copula,fixed,0.01,2,8,500,2.9416,16.23,False,0.143197248753408,0.9628116793661076,0.1733549453393421,0.0881112493090105,0.2339394454611583,0.5773195876288659,0.79425,0.9531347808675268,0.4318060405999714,0.8798877626927197,0,,ok,,2026-07-20T17:44:52.915788+00:00,False,20000
adult,gaussian_copula,fixed,0.01,2,9,500,3.6895,16.23,False,0.1494899812316568,0.976946807726616,0.1726959455071856,0.0953684355997788,0.2007670315568938,0.5670103092783505,0.8325,0.93833435502561,0.3759676392964587,0.8798877626927197,0,,ok,,2026-07-20T17:44:52.915788+00:00,False,20000
adult,gaussian_copula,fixed,0.01,2,10,500,3.5139,16.23,False,0.2117709407781394,1.1653101460284587,0.2326237620613173,0.1053282200110558,0.2057183477590521,0.5567010309278351,0.798,0.9460231834145718,0.4387391798470607,0.8798877626927197,0,,ok,,2026-07-20T17:44:52.915788+00:00,False,20000
adult,gaussian_copula,fixed,0.01,2,12,500,2.8736,16.23,False,0.2231578567352724,1.5643906979859192,0.2651779598771889,0.1325934217799889,0.2274483980623349,0.5360824742268041,0.8385,0.9611394770519563,0.4204558373588395,0.8798877626927197,0,,ok,,2026-07-20T17:44:52.915788+00:00,False,20000
adult,gaussian_copula,fixed,0.02,2,0,500,5.4923,16.11,True,0.0722228960308221,1.1829981824145075,0.101398009657856,0.0537412935323383,0.1436465856969095,0.7010309278350515,0.84825,0.8886398618965806,0.6820524948129223,0.8798877626927197,0,,ok,,2026-07-20T17:44:52.915788+00:00,False,20000
adult,gaussian_copula,fixed,0.02,2,1,500,3.2,16.17,False,0.1006460072677096,1.3763701971021125,0.121509239485675,0.0682046710889994,0.1477042553973901,0.6804123711340206,0.864,0.9103391226348976,0.6038154114985479,0.8798877626927197,0,,ok,,2026-07-20T17:44:52.915788+00:00,False,20000
adult,gaussian_copula,fixed,0.02,2,2,500,3.0507,16.23,False,0.0688609144402786,1.257130188640761,0.1056728942422399,0.088862493090105,0.2137736828252446,0.6494845360824743,0.8725,0.9099910704527026,0.504895482826685,0.8798877626927197,0,,ok,,2026-07-20T17:44:52.915788+00:00,False,20000
adult,gaussian_copula,fixed,0.02,2,3,500,9.2488,16.23,False,0.1646909498544154,1.8079225119676476,0.1830466237720898,0.0809400221116639,0.2439710350029904,0.6288659793814433,0.8645,0.9353798715245362,0.3638248028530205,0.8798877626927197,0,,ok,,2026-07-20T17:44:52.915788+00:00,False,20000
adult,gaussian_copula,fixed,0.02,2,4,500,4.2809,16.23,False,0.1535088770531835,1.6976968501876122,0.1690148629747528,0.0983385848535102,0.2536636456710748,0.6288659793814433,0.864,0.9467683203681376,0.426900919899037,0.8798877626927197,0,,ok,,2026-07-20T17:44:52.915788+00:00,False,20000
adult,gaussian_copula,fixed,0.02,2,5,500,3.1324,16.23,False,0.1685061444192429,1.905947141121408,0.2075673411339588,0.0878436981757877,0.1857398177605329,0.6185567010309279,0.847,0.9326649349018578,0.43586919136137,0.8798877626927197,0,,ok,,2026-07-20T17:44:52.915788+00:00,False,20000
adult,gaussian_copula,fixed,0.02,2,7,500,7.7481,16.23,False,0.0733685680505353,1.1762963007990106,0.1188867426150814,0.1014773355444997,0.1816595681740564,0.5979381443298969,0.84025,0.954135088887228,0.3515650006431806,0.8798877626927197,0,,ok,,2026-07-20T17:44:52.915788+00:00,False,20000
adult,gaussian_copula,fixed,0.1,2,0,500,5.4923,16.11,True,0.0722228960308221,1.1829981824145075,0.101398009657856,0.0537412935323383,0.1436465856969095,0.7010309278350515,0.84825,0.8886398618965806,0.6820524948129223,0.8798877626927197,0,,ok,,2026-07-20T17:44:52.915788+00:00,False,20000
adult,gaussian_copula,fixed,0.2,2,9,500,3.9541,16.23,False,0.0815683235784787,0.7357747388539587,0.1230749564676515,0.0839110005527916,0.1684853071706615,0.5979381443298969,0.844,0.9296698429128324,0.4309640050966652,0.8798877626927197,0,,ok,,2026-07-20T17:44:52.915788+00:00,False,20000
adult,gaussian_copula,fixed,0.1,2,2,500,2.8455,16.23,False,0.1028362637453637,1.5192804591828797,0.1198297428631901,0.068796572692095,0.1313904460343042,0.6494845360824743,0.85425,0.8978765648848036,0.5041895249288535,0.8798877626927197,0,,ok,,2026-07-20T17:44:52.915788+00:00,False,20000
adult,gaussian_copula,fixed,0.2,2,12,500,2.6149,16.23,False,0.0854700348665378,0.7719849658520989,0.1357347195760863,0.0930501658374792,0.1692271978762766,0.5876288659793815,0.8255,0.8945717251738498,0.5698185312849988,0.8798877626927197,0,,ok,,2026-07-20T17:44:52.915788+00:00,False,20000
adult,gaussian_copula,fixed,0.35,2,0,500,5.4923,16.11,True,0.0722228960308221,1.1829981824145075,0.101398009657856,0.0537412935323383,0.1436465856969095,0.7010309278350515,0.84825,0.8886398618965806,0.6820524948129223,0.8798877626927197,0,,ok,,2026-07-20T17:44:52.915788+00:00,False,20000
adult,gaussian_copula,fixed,0.35,2,1,500,3.5554,16.17,False,0.067072227399997,1.0597430332019095,0.1009861344642169,0.0552323106688778,0.1912201863309359,0.6597938144329897,0.858,0.8798295480318492,0.6686393930997803,0.8798877626927197,0,,ok,,2026-07-20T17:44:52.915788+00:00,False,20000
adult,gaussian_copula,fixed,0.35,2,2,500,4.0708,16.23,False,0.0803104912983137,1.1991598047851533,0.1096712189739594,0.0636455223880596,0.2259830563732484,0.6391752577319587,0.87625,0.9142423615362162,0.5837012007217784,0.8798877626927197,0,,ok,,2026-07-20T17:44:52.915788+00:00,False,20000
adult,gaussian_copula,fixed,0.35,2,3,500,2.779,16.23,False,0.0485356783692425,1.1305402137493838,0.0806488516493807,0.0605766998341625,0.2360047216575414,0.6494845360824743,0.86225,0.9197497077124878,0.6267596496429463,0.8798877626927197,0,,ok,,2026-07-20T17:44:52.915788+00:00,False,20000
adult,gaussian_copula,fixed,0.35,2,4,500,2.276,16.23,False,0.029439214259028,0.8341354171659873,0.0703563844788452,0.0601785516860143,0.1693745466243478,0.6288659793814433,0.852,0.9071455962614848,0.6526269501451779,0.8798877626927197,0,,ok,,2026-07-20T17:44:52.915788+00:00,False,20000
adult,gaussian_copula,fixed,0.35,2,5,500,2.4682,16.23,False,0.0579574576318792,1.0935631014681473,0.0934987661944525,0.0921836650082918,0.1800576695218206,0.6082474226804123,0.856,0.8820879991693981,0.5152551486245442,0.8798877626927197,0,,ok,,2026-07-20T17:44:52.915788+00:00,False,20000
adult,gaussian_copula,fixed,0.35,2,6,500,2.8458,16.23,False,0.0445242346920629,0.8132968539767592,0.0882197992710334,0.0852258153676064,0.1505635121430658,0.6185567010309279,0.85225,0.9207106312589451,0.5774512031804198,0.8798877626927197,0,,ok,,2026-07-20T17:44:52.915788+00:00,False,20000
adult,gaussian_copula,fixed,0.35,2,7,500,2.953,16.23,False,0.0317466977272352,0.8447759515053196,0.0781224330071789,0.0839769209508015,0.154777326624065,0.5876288659793815,0.86575,0.8868497763869131,0.599418737837101,0.8798877626927197,0,,ok,,2026-07-20T17:44:52.915788+00:00,False,20000
adult,gaussian_copula,fixed,0.35,2,8,500,2.405,16.23,False,0.0568527488067963,1.0402244451657925,0.0842022667749802,0.0745522388059701,0.1661275209832474,0.6082474226804123,0.853,0.856188711963563,0.4573666665661355,0.8798877626927197,0,,ok,,2026-07-20T17:44:52.915788+00:00,False,20000
adult,gaussian_copula,fixed,0.35,2,9,500,3.1191,16.23,False,0.037189096406077,0.7229998525960059,0.0905009169669022,0.0817283029297954,0.1750392956739635,0.5979381443298969,0.85675,0.8873240460857378,0.5894335722957929,0.8798877626927197,0,,ok,,2026-07-20T17:44:52.915788+00:00,False,20000
adult,gaussian_copula,fixed,0.35,2,10,500,2.6568,16.23,False,0.0443128965813165,0.838839993526023,0.0876772362983184,0.0663741017136539,0.1953814374701178,0.5773195876288659,0.866,0.9009323536031608,0.5555340542812945,0.8798877626927197,0,,ok,,2026-07-20T17:44:52.915788+00:00,False,20000
adult,gaussian_copula,fixed,0.35,2,11,500,2.845,16.23,False,0.0444566565202062,0.884730600769287,0.0882684159667601,0.081191127694859,0.1793937232061394,0.6082474226804123,0.8685,0.9089448978818928,0.6052570932459744,0.8798877626927197,0,,ok,,2026-07-20T17:44:52.915788+00:00,False,20000
adult,gaussian_copula,fixed,0.35,2,12,500,2.6369,16.23,False,0.0706145370488201,1.063560715123388,0.1158689318460836,0.0725968767274737,0.1326121668370726,0.5979381443298969,0.85625,0.9121788887415272,0.639686071488375,0.8798877626927197,0,,ok,,2026-07-20T17:44:52.915788+00:00,False,20000
adult,gaussian_copula,fixed,0.01,2,1,500,3.2418,16.17,False,0.0719923656299508,1.009753474278975,0.086142208435758,0.0576059977888336,0.1628450289380906,0.6804123711340206,0.8855,0.9239202858261544,0.5730008000091265,0.8798877626927197,0,,ok,,2026-07-20T17:44:52.915788+00:00,False,20000
adult,gaussian_copula,fixed,0.5,2,0,500,5.4923,16.11,True,0.0722228960308221,1.1829981824145075,0.101398009657856,0.0537412935323383,0.1436465856969095,0.7010309278350515,0.84825,0.8886398618965806,0.6820524948129223,0.8798877626927197,0,,ok,,2026-07-20T17:44:52.915788+00:00,False,20000
adult,gaussian_copula,fixed,0.5,2,1,500,2.6109,16.17,False,0.0515901331932586,1.1466865860424336,0.0871393425924496,0.0520988114980652,0.1502047144387393,0.7422680412371134,0.86175,0.873417510984812,0.5931811974121193,0.8798877626927197,0,,ok,,2026-07-20T17:44:52.915788+00:00,False,20000
adult,gaussian_copula,fixed,0.2,2,11,500,2.7426,16.23,False,0.1201480913529959,0.7109452935161094,0.1493605916654073,0.0791858761746821,0.1843231107209959,0.5876288659793815,0.81625,0.8973419584609729,0.5580699953567738,0.8798877626927197,0,,ok,,2026-07-20T17:44:52.915788+00:00,False,20000
adult,gaussian_copula,fixed,0.1,2,1,500,2.6372,16.17,False,0.0645002125783237,1.148449157614977,0.0843213220758197,0.0609014648977335,0.1339650807579274,0.6804123711340206,0.859,0.8938059239719824,0.5802187810567385,0.8798877626927197,0,,ok,,2026-07-20T17:44:52.915788+00:00,False,20000
adult,gaussian_copula,fixed,0.2,2,10,500,3.7255,16.23,False,0.0859111314392493,0.7385401341388591,0.1300706728682214,0.095611802100608,0.1852308654457771,0.5773195876288659,0.85025,0.9095911776475908,0.5173688590186178,0.8798877626927197,0,,ok,,2026-07-20T17:44:52.915788+00:00,False,20000
adult,gaussian_copula,fixed,0.2,2,7,500,3.2375,16.23,False,0.086251591321641,0.7538498395056764,0.1314707216187136,0.0796871199557766,0.1838405974041094,0.5876288659793815,0.85875,0.9288594011745644,0.4975411947004018,0.8798877626927197,0,,ok,,2026-07-20T17:44:52.915788+00:00,False,20000
adult,gaussian_copula,fixed,0.1,2,3,500,3.4223,16.23,False,0.0697340688546208,0.9935771571091058,0.0951360932390559,0.0792059148700939,0.2027168611494081,0.6185567010309279,0.85775,0.9126380382586676,0.5488020974636918,0.8798877626927197,0,,ok,,2026-07-20T17:44:52.915788+00:00,False,20000
adult,gaussian_copula,fixed,0.1,2,4,500,3.053,16.23,False,0.127834622198228,1.5626859508653042,0.1444379470567524,0.082403399668325,0.1836244527908133,0.5773195876288659,0.85725,0.9214694483768916,0.5387991313587186,0.8798877626927197,0,,ok,,2026-07-20T17:44:52.915788+00:00,False,20000
adult,gaussian_copula,fixed,0.1,2,5,500,3.156,16.23,False,0.0718467159497978,1.272908717246832,0.115331383002094,0.0951818684355997,0.1694761511671458,0.5670103092783505,0.867,0.9386273985468212,0.5854600472085373,0.8798877626927197,0,,ok,,2026-07-20T17:44:52.915788+00:00,False,20000
adult,gaussian_copula,fixed,0.1,2,6,500,2.7891,16.23,False,0.1575496116648012,1.928639335615335,0.1925100779353904,0.1074172194582642,0.1800143010319243,0.5463917525773195,0.848,0.9171706367223708,0.5731860832242899,0.8798877626927197,0,,ok,,2026-07-20T17:44:52.915788+00:00,False,20000
adult,gaussian_copula,fixed,0.1,2,7,500,3.1264,16.23,False,0.1442962794946132,1.8456688497259488,0.1920964271503139,0.1036713653952459,0.1812740722027088,0.5360824742268041,0.83975,0.9502079456986756,0.520670617714308,0.8798877626927197,0,,ok,,2026-07-20T17:44:52.915788+00:00,False,20000
adult,gaussian_copula,fixed,0.1,2,8,500,3.0922,16.23,False,0.0937536833372441,1.3941590106405224,0.149179772775775,0.107441127694859,0.210252134863681,0.5154639175257731,0.833,0.94181919689947,0.4836976012707833,0.8798877626927197,0,,ok,,2026-07-20T17:44:52.915788+00:00,False,20000
adult,gaussian_copula,fixed,0.1,2,9,500,3.8232,16.23,False,0.0762297206223129,1.1235334604352842,0.118307861404424,0.1151135986733001,0.2225534755909352,0.5154639175257731,0.8275,0.9438779176370584,0.5404089186134626,0.8798877626927197,0,,ok,,2026-07-20T17:44:52.915788+00:00,False,20000
adult,gaussian_copula,fixed,0.1,2,10,500,2.8511,16.23,False,0.0606929734877476,0.7916222951968859,0.1381822898233019,0.1134807904919845,0.2023740476131837,0.5051546391752577,0.843,0.9461854013637828,0.4787305883705868,0.8798877626927197,0,,ok,,2026-07-20T17:44:52.915788+00:00,False,20000
adult,gaussian_copula,fixed,0.1,2,11,500,3.5269,16.23,False,0.1192576491096079,0.7954691767689179,0.1906929561535472,0.1259665561083471,0.2360846104419388,0.5051546391752577,0.83425,0.943036731529366,0.5103174427297187,0.8798877626927197,0,,ok,,2026-07-20T17:44:52.915788+00:00,False,20000
adult,gaussian_copula,fixed,0.1,2,12,500,3.1699,16.23,False,0.1132668627299853,0.6764233233337446,0.1842124138587491,0.1384745715865118,0.2810180225916573,0.4948453608247423,0.7785,0.952317715049664,0.5392212309125834,0.8798877626927197,0,,ok,,2026-07-20T17:44:52.915788+00:00,False,20000
adult,gaussian_copula,fixed,0.2,2,0,500,5.4923,16.11,True,0.0722228960308221,1.1829981824145075,0.101398009657856,0.0537412935323383,0.1436465856969095,0.7010309278350515,0.84825,0.8886398618965806,0.6820524948129223,0.8798877626927197,0,,ok,,2026-07-20T17:44:52.915788+00:00,False,20000
adult,gaussian_copula,fixed,0.2,2,1,500,3.3018,16.17,False,0.093859523207673,0.9711984491862792,0.1051539002488708,0.0481319789939193,0.1224605633051043,0.6597938144329897,0.86025,0.8888615525604155,0.6180040342699206,0.8798877626927197,0,,ok,,2026-07-20T17:44:52.915788+00:00,False,20000
adult,gaussian_copula,fixed,0.2,2,2,500,3.1117,16.23,False,0.0564825687587573,0.8584543799624728,0.087762075072409,0.0600970149253731,0.1776189468151827,0.6288659793814433,0.8805,0.915422959722284,0.5940978772680311,0.8798877626927197,0,,ok,,2026-07-20T17:44:52.915788+00:00,False,20000
adult,gaussian_copula,fixed,0.2,2,3,500,4.1243,16.23,False,0.0604171203538829,0.828050204761173,0.1068085423233034,0.0615172747374239,0.1774089076470004,0.6494845360824743,0.84025,0.9050824834711214,0.5460045897261834,0.8798877626927197,0,,ok,,2026-07-20T17:44:52.915788+00:00,False,20000
adult,gaussian_copula,fixed,0.2,2,4,500,5.5782,16.23,False,0.0704807149552629,0.7854600992269459,0.1128202572486153,0.0723084577114427,0.1938929371612013,0.6185567010309279,0.8175,0.9062120330437892,0.5414887866939114,0.8798877626927197,0,,ok,,2026-07-20T17:44:52.915788+00:00,False,20000
adult,gaussian_copula,fixed,0.2,2,5,500,3.5226,16.23,False,0.0644863132614427,0.7709694176964296,0.1078604085840858,0.0715909342177999,0.2028889828215682,0.6494845360824743,0.8465,0.9211854769646912,0.5487576124454723,0.8798877626927197,0,,ok,,2026-07-20T17:44:52.915788+00:00,False,20000
adult,gaussian_copula,fixed,0.2,2,6,500,3.3419,16.23,False,0.0786676290517383,0.7001317692794746,0.106371291183993,0.0749472084024322,0.2267930756890457,0.6185567010309279,0.83825,0.916905529536843,0.4681086674911092,0.8798877626927197,0,,ok,,2026-07-20T17:44:52.915788+00:00,False,20000
adult,gaussian_copula,fixed,0.2,2,8,500,4.5148,16.23,False,0.0807463008718735,0.7553304852645893,0.128247854487848,0.0737921503593145,0.1881145782582989,0.6185567010309279,0.84875,0.9298453810220982,0.3970479977939102,0.8798877626927197,0,,ok,,2026-07-20T17:44:52.915788+00:00,False,20000
adult,gaussian_copula,fixed,0.01,2,0,500,5.4923,16.11,True,0.0722228960308221,1.1829981824145075,0.101398009657856,0.0537412935323383,0.1436465856969095,0.7010309278350515,0.84825,0.8886398618965806,0.6820524948129223,0.8798877626927197,0,,ok,,2026-07-20T17:44:52.915788+00:00,False,20000
adult,gaussian_copula,fixed,0.5,1,6,8000,7.3821,72.92,False,0.0115487237690809,0.9640208981703234,0.0250425911798724,0.0184413177169707,0.1057706565610483,0.9896907216494846,0.91875,0.97414673155957,0.609209408453504,0.9136718556894208,0,,ok,,2026-07-20T17:44:52.915788+00:00,False,20000
adult,gaussian_copula,fixed,0.0,2,11,500,6.3364,16.23,False,0.1032412396190621,1.126336764984199,0.1403493041585778,0.1167459922609176,0.2958526522443612,0.5567010309278351,0.8045,0.9675002494829976,0.3720567276099396,0.8798877626927197,0,,ok,,2026-07-20T17:44:52.915788+00:00,False,20000
adult,gaussian_copula,fixed,0.35,1,4,8000,8.5765,72.92,False,0.0202801000447173,1.0080064340002648,0.0264382841481427,0.0181363667772249,0.1294475964753722,0.979381443298969,0.92075,0.9755114911826074,0.6276521364675788,0.9136718556894208,0,,ok,,2026-07-20T17:44:52.915788+00:00,False,20000
adult,gaussian_copula,fixed,0.35,1,5,8000,5.4591,72.92,False,0.0229213301608299,1.073034889415469,0.031623606670667,0.0188556954809286,0.1208090739369334,0.9690721649484536,0.9085,0.9794981325627904,0.6088182549992702,0.9136718556894208,0,,ok,,2026-07-20T17:44:52.915788+00:00,False,20000
adult,gaussian_copula,fixed,0.35,1,6,8000,5.5361,72.92,False,0.0204942485183208,0.9865054357589268,0.0317379261619693,0.0192993884742951,0.113467069851066,0.9587628865979382,0.906,0.9733990751928452,0.5819254715641404,0.9136718556894208,0,,ok,,2026-07-20T17:44:52.915788+00:00,False,20000
adult,gaussian_copula,fixed,0.35,1,7,8000,5.7185,72.92,False,0.0262449536234672,1.043925082924669,0.0383543893740851,0.0216558181315644,0.1121979828629352,0.9587628865979382,0.90675,0.9732310262472788,0.6043759161717367,0.9136718556894208,0,,ok,,2026-07-20T17:44:52.915788+00:00,False,20000
adult,gaussian_copula,fixed,0.35,1,8,8000,5.7865,72.92,False,0.0149483471483889,0.9988259446344256,0.0279452452860193,0.0192861992122719,0.1232038413387066,0.9587628865979382,0.913,0.9786036833560466,0.5911510808253115,0.9136718556894208,0,,ok,,2026-07-20T17:44:52.915788+00:00,False,20000
adult,gaussian_copula,fixed,0.35,1,9,8000,5.738,72.92,False,0.010387748394381,1.0141587398857717,0.024867390742451,0.0191708471531232,0.1237869523945827,0.9587628865979382,0.91425,0.9767635991204634,0.6035870201043434,0.9136718556894208,0,,ok,,2026-07-20T17:44:52.915788+00:00,False,20000
adult,gaussian_copula,fixed,0.35,1,10,8000,5.4093,72.92,False,0.0224627041111912,1.0798878659071671,0.0300907358609169,0.0193597464068546,0.1233092587796151,0.9587628865979382,0.924,0.9771217289454142,0.6043585745544647,0.9136718556894208,0,,ok,,2026-07-20T17:44:52.915788+00:00,False,20000
adult,gaussian_copula,fixed,0.35,1,3,8000,6.5138,72.92,False,0.0144800997496349,1.0147052160225318,0.0206698502707656,0.0186669603372028,0.1200987459812876,0.979381443298969,0.914,0.9790536290888352,0.5973566261303358,0.9136718556894208,0,,ok,,2026-07-20T17:44:52.915788+00:00,False,20000
adult,gaussian_copula,fixed,0.35,1,11,8000,5.6106,72.92,False,0.0188996948176827,0.9883303561132823,0.0293108661151239,0.0176047108208955,0.1155761036386927,0.9690721649484536,0.90975,0.9761372297999138,0.6141985819080972,0.9136718556894208,0,,ok,,2026-07-20T17:44:52.915788+00:00,False,20000
adult,gaussian_copula,fixed,0.5,1,0,8000,32.4699,71.44,True,0.0066736461014417,0.9649932233410804,0.0192376251607847,0.0137747806108347,0.0816135206092025,0.9690721649484536,0.9075,0.973969055846574,0.7246870411765393,0.9136718556894208,0,,ok,,2026-07-20T17:44:52.915788+00:00,False,20000
adult,gaussian_copula,fixed,0.5,1,1,8000,6.7082,72.18,False,0.0126113304975349,1.02624971213577,0.0221120531081794,0.0176949713239358,0.0977652086577659,0.979381443298969,0.91075,0.9751438122152416,0.6405669863075311,0.9136718556894208,0,,ok,,2026-07-20T17:44:52.915788+00:00,False,20000
adult,gaussian_copula,fixed,0.5,1,2,8000,6.5189,72.92,False,0.0145434772325657,0.9776947402934184,0.0238025666299315,0.0195576371614151,0.1202801205744122,0.9690721649484536,0.9135,0.9739643607285062,0.6355678143779513,0.9136718556894208,0,,ok,,2026-07-20T17:44:52.915788+00:00,False,20000
adult,gaussian_copula,fixed,0.5,1,3,8000,6.1934,72.92,False,0.0118034332899399,0.9476321290502902,0.0269245551652458,0.0171137714206744,0.1096781121730715,0.9690721649484536,0.916,0.9763181382713284,0.621537101947598,0.9136718556894208,0,,ok,,2026-07-20T17:44:52.915788+00:00,False,20000
adult,gaussian_copula,fixed,0.5,1,4,8000,9.4305,72.92,False,0.0092821449011069,0.9474282726022908,0.0259034613512738,0.0179640858208955,0.1039804074661318,0.9690721649484536,0.91925,0.9739131078282728,0.6382195410719651,0.9136718556894208,0,,ok,,2026-07-20T17:44:52.915788+00:00,False,20000
adult,gaussian_copula,fixed,0.5,1,5,8000,5.632,72.92,False,0.0078228323086331,0.9392387852753226,0.0267792398342921,0.0182827269900497,0.108460727431377,0.979381443298969,0.912,0.9762377372484432,0.6614050211095671,0.9136718556894208,0,,ok,,2026-07-20T17:44:52.915788+00:00,False,20000
adult,gaussian_copula,fixed,0.5,1,7,8000,7.6886,72.92,False,0.0169301318662218,0.98229293811007,0.0256572001755538,0.0171324713239358,0.1155222300372626,0.979381443298969,0.916,0.974548512798954,0.6508265690098678,0.9136718556894208,0,,ok,,2026-07-20T17:44:52.915788+00:00,False,20000
adult,gaussian_copula,fixed,0.35,1,12,8000,5.5088,72.92,False,0.0221267115901072,1.016324061900011,0.0288688074225507,0.0190129560530679,0.1187962895502907,0.9484536082474226,0.91825,0.9760710856234512,0.5584117465100078,0.9136718556894208,0,,ok,,2026-07-20T17:44:52.915788+00:00,False,20000
adult,gaussian_copula,fixed,0.35,1,2,8000,6.0317,72.92,False,0.0141504614823063,0.9596057574004968,0.0257953127387239,0.0168543912382531,0.1045270839930703,0.979381443298969,0.91425,0.9750419216492654,0.6020514510376975,0.9136718556894208,0,,ok,,2026-07-20T17:44:52.915788+00:00,False,20000
adult,gaussian_copula,fixed,0.35,1,1,8000,7.4983,72.18,False,0.0240416198588354,1.008877177410712,0.0266774463706645,0.0151542374930901,0.1110288797012323,0.9896907216494846,0.915,0.977644277129313,0.606222028036904,0.9136718556894208,0,,ok,,2026-07-20T17:44:52.915788+00:00,False,20000
adult,gaussian_copula,fixed,0.35,1,0,8000,32.4699,71.44,True,0.0066736461014417,0.9649932233410804,0.0192376251607847,0.0137747806108347,0.0816135206092025,0.9690721649484536,0.9075,0.973969055846574,0.7246870411765393,0.9136718556894208,0,,ok,,2026-07-20T17:44:52.915788+00:00,False,20000
adult,gaussian_copula,fixed,0.1,1,10,8000,10.2798,72.92,False,0.0176334451597263,0.938279424982864,0.0354002870486059,0.0350943027915975,0.1333733713194266,0.9072164948453608,0.91225,0.9785015223681448,0.4916234087836832,0.9136718556894208,0,,ok,,2026-07-20T17:44:52.915788+00:00,False,20000
adult,gaussian_copula,fixed,0.5,2,2,500,2.7245,16.23,False,0.0747761133225119,0.9002004225433015,0.1026178561397749,0.0565360696517412,0.1864863821381301,0.711340206185567,0.87775,0.9104132835260148,0.4372133470003198,0.8798877626927197,0,,ok,,2026-07-20T17:44:52.915788+00:00,False,20000
adult,gaussian_copula,fixed,0.1,1,11,8000,8.2006,72.92,False,0.0270978487825071,0.972515816124886,0.0430712439197333,0.0279605272249861,0.1417862411206941,0.9278350515463918,0.91125,0.9794867385606546,0.4584980349882371,0.9136718556894208,0,,ok,,2026-07-20T17:44:52.915788+00:00,False,20000
adult,gaussian_copula,fixed,0.1,1,12,8000,9.4631,72.92,False,0.0244683026642895,0.891968526722961,0.0462902639665581,0.030308690920398,0.149564690593308,0.8969072164948454,0.91025,0.9809765465274468,0.4874660756660983,0.9136718556894208,0,,ok,,2026-07-20T17:44:52.915788+00:00,False,20000
adult,gaussian_copula,fixed,0.2,1,0,8000,32.4699,71.44,True,0.0066736461014417,0.9649932233410804,0.0192376251607847,0.0137747806108347,0.0816135206092025,0.9690721649484536,0.9075,0.973969055846574,0.7246870411765393,0.9136718556894208,0,,ok,,2026-07-20T17:44:52.915788+00:00,False,20000
adult,gaussian_copula,fixed,0.2,1,1,8000,5.3956,72.18,False,0.0176772860529464,0.9897763816618586,0.0243463391140079,0.0150981464206744,0.1020121184924117,0.979381443298969,0.914,0.9770683469822816,0.6192306340685348,0.9136718556894208,0,,ok,,2026-07-20T17:44:52.915788+00:00,False,20000
adult,gaussian_copula,fixed,0.2,1,2,8000,5.4802,72.92,False,0.0198428999503571,0.9867261886665504,0.030933517218074,0.0193873427998894,0.1247115118543543,0.979381443298969,0.92125,0.9762870994451972,0.6022329971179478,0.9136718556894208,0,,ok,,2026-07-20T17:44:52.915788+00:00,False,20000
adult,gaussian_copula,fixed,0.2,1,3,8000,5.4162,72.92,False,0.027054555791945,1.0340563632436692,0.0389033281574423,0.01802642171089,0.1324929096705297,0.9690721649484536,0.911,0.9777766154041224,0.5580245596638834,0.9136718556894208,0,,ok,,2026-07-20T17:44:52.915788+00:00,False,20000
adult,gaussian_copula,fixed,0.2,1,4,8000,6.2835,72.92,False,0.0276106324516921,1.0694901886154575,0.0422659815607247,0.0186266497374239,0.1167357330503265,0.9587628865979382,0.9165,0.9777287999420334,0.5939025300141106,0.9136718556894208,0,,ok,,2026-07-20T17:44:52.915788+00:00,False,20000
adult,gaussian_copula,fixed,0.2,1,5,8000,5.1904,72.92,False,0.0172616919635544,0.9753540357741132,0.0368694931649695,0.0196902725953565,0.1377565577866517,0.9175257731958762,0.9195,0.9778130428406387,0.5494692416094438,0.9136718556894208,0,,ok,,2026-07-20T17:44:52.915788+00:00,False,20000
adult,gaussian_copula,fixed,0.2,1,6,8000,6.0581,72.92,False,0.0169480375401043,0.965434184352655,0.0343783922736062,0.0185725798092869,0.1276486469285723,0.9175257731958762,0.9255,0.9800080588771358,0.5628239587850404,0.9136718556894208,0,,ok,,2026-07-20T17:44:52.915788+00:00,False,20000
adult,gaussian_copula,fixed,0.2,1,7,8000,6.5694,72.92,False,0.0263494066911068,0.9786794888790245,0.0443854764619127,0.0210676219596462,0.1360649680875618,0.9175257731958762,0.91525,0.9787115170871996,0.6008567152314999,0.9136718556894208,0,,ok,,2026-07-20T17:44:52.915788+00:00,False,20000
adult,gaussian_copula,fixed,0.2,1,8,8000,5.7719,72.92,False,0.0278768019863572,0.9383824045878528,0.0425874534747682,0.0221357448866777,0.1301036526161474,0.9072164948453608,0.91275,0.9801586760850594,0.5777352254338125,0.9136718556894208,0,,ok,,2026-07-20T17:44:52.915788+00:00,False,20000
adult,gaussian_copula,fixed,0.2,1,9,8000,13.1225,72.92,False,0.0243878344482807,0.9001146319615412,0.0370235588994249,0.0219767222913211,0.1332679548500952,0.9278350515463918,0.92925,0.9806997051396102,0.5527333011371511,0.9136718556894208,0,,ok,,2026-07-20T17:44:52.915788+00:00,False,20000
adult,gaussian_copula,fixed,0.2,1,10,8000,5.8105,72.92,False,0.0313292159815231,0.9680432380602844,0.0413034108759374,0.0215552359729132,0.1516079820057499,0.9278350515463918,0.9115,0.9816879286686214,0.5817384509090613,0.9136718556894208,0,,ok,,2026-07-20T17:44:52.915788+00:00,False,20000
adult,gaussian_copula,fixed,0.2,1,11,8000,11.7294,72.92,False,0.0378145466669858,1.018351137300486,0.0503887689147337,0.0217653313294638,0.127600325311611,0.9278350515463918,0.9205,0.9840809699844292,0.5448546995389424,0.9136718556894208,0,,ok,,2026-07-20T17:44:52.915788+00:00,False,20000
adult,gaussian_copula,fixed,0.2,1,12,8000,12.647,72.92,False,0.0320709157371638,1.0063694993530157,0.0431136957872346,0.0204573400359314,0.1271690640996634,0.9175257731958762,0.918,0.980974724941168,0.5745182734751408,0.9136718556894208,0,,ok,,2026-07-20T17:44:52.915788+00:00,False,20000
adult,gaussian_copula,fixed,0.5,1,8,8000,5.2237,72.92,False,0.0159229103188396,0.9642188371263803,0.0250243803722895,0.0159255458817026,0.1088925435210029,0.9484536082474226,0.90275,0.9742165101195264,0.5986580341909818,0.9136718556894208,0,,ok,,2026-07-20T17:44:52.915788+00:00,False,20000
adult,gaussian_copula,fixed,0.5,1,9,8000,6.5161,72.92,False,0.0154130021882813,0.9921189556294118,0.0278617259375973,0.0190082486871199,0.1076804829324596,0.979381443298969,0.91,0.9776641245939712,0.6354332775210811,0.9136718556894208,0,,ok,,2026-07-20T17:44:52.915788+00:00,False,20000
adult,gaussian_copula,fixed,0.5,1,10,8000,7.0494,72.92,False,0.0059508168824549,0.9820795080642988,0.0214074319216095,0.0165616362631288,0.1053438214805446,0.9690721649484536,0.9105,0.9763802293532812,0.6621233705600051,0.9136718556894208,0,,ok,,2026-07-20T17:44:52.915788+00:00,False,20000
adult,gaussian_copula,fixed,0.5,1,11,8000,5.0838,72.92,False,0.0099991226797674,1.010990179009604,0.0215237166909388,0.0195021247927031,0.1102699892692852,0.9896907216494846,0.91125,0.9759687440730156,0.6604569362076315,0.9136718556894208,0,,ok,,2026-07-20T17:44:52.915788+00:00,False,20000
adult,gaussian_copula,fixed,1.0,1,7,8000,5.16,72.92,False,0.0157105738270452,0.9819944481518208,0.0226538064034978,0.0161191179519071,0.087927127517675,0.979381443298969,0.9235,0.9792330470755952,0.7026436492374999,0.9136718556894208,0,,ok,,2026-07-20T17:44:52.915788+00:00,False,20000
adult,gaussian_copula,fixed,1.0,1,8,8000,5.5068,72.92,False,0.0118797378764336,0.9411847103640278,0.020934451119952,0.017903399668325,0.0884647421440349,0.979381443298969,0.92625,0.9757104064777103,0.6958654371798767,0.9136718556894208,0,,ok,,2026-07-20T17:44:52.915788+00:00,False,20000
adult,gaussian_copula,fixed,1.0,1,9,8000,5.8804,72.92,False,0.0153401619557295,0.9918717226272532,0.025652485428442,0.016154928482587,0.0822488500157406,0.9587628865979382,0.91925,0.9727822169053288,0.7433844844386357,0.9136718556894208,0,,ok,,2026-07-20T17:44:52.915788+00:00,False,20000
adult,gaussian_copula,fixed,1.0,1,10,8000,5.0257,72.92,False,0.0172061482511316,0.9705523163073716,0.0232749903070755,0.0125540440160309,0.0790056214120639,1.0,0.92,0.9759520411948844,0.728574546597024,0.9136718556894208,0,,ok,,2026-07-20T17:44:52.915788+00:00,False,20000
adult,gaussian_copula,fixed,1.0,1,11,8000,5.1712,72.92,False,0.0201446650198503,0.978554713427128,0.0284995000140229,0.0186315039386401,0.0821507236852155,0.979381443298969,0.921,0.9735367503983426,0.7093341041884366,0.9136718556894208,0,,ok,,2026-07-20T17:44:52.915788+00:00,False,20000
adult,gaussian_copula,fixed,1.0,1,12,8000,5.2242,72.92,False,0.0193570953128749,1.0232128540521024,0.0260635353688342,0.0144840640547263,0.1001421092194529,0.9896907216494846,0.919,0.97613042136895,0.7004316587515897,0.9136718556894208,0,,ok,,2026-07-20T17:44:52.915788+00:00,False,20000
adult,gaussian_copula,fixed,0.0,2,0,500,5.4923,16.11,True,0.0722228960308221,1.1829981824145075,0.101398009657856,0.0537412935323383,0.1436465856969095,0.7010309278350515,0.84825,0.8886398618965806,0.6820524948129223,0.8798877626927197,0,,ok,,2026-07-20T17:44:52.915788+00:00,False,20000
adult,gaussian_copula,fixed,0.0,2,1,500,5.9319,16.17,False,0.0883927322400094,1.2342824416053737,0.1256226307198477,0.0562374239911553,0.1642249023486939,0.6597938144329897,0.867,0.9026341660521392,0.555483406268657,0.8798877626927197,0,,ok,,2026-07-20T17:44:52.915788+00:00,False,20000
adult,gaussian_copula,fixed,0.0,2,2,500,5.7226,16.23,False,0.0823825904974548,1.2287696374906711,0.1097680773059354,0.0627099226091763,0.2035653049204126,0.6701030927835051,0.83925,0.9071349401334404,0.4699690394763395,0.8798877626927197,0,,ok,,2026-07-20T17:44:52.915788+00:00,False,20000
adult,gaussian_copula,fixed,0.0,2,3,500,5.4391,16.23,False,0.0969297564030775,1.3539358355181583,0.1191478311101171,0.0706211995577667,0.174197013955743,0.6391752577319587,0.84325,0.9168518168914318,0.4721958473743611,0.8798877626927197,0,,ok,,2026-07-20T17:44:52.915788+00:00,False,20000
adult,gaussian_copula,fixed,0.0,2,4,500,5.0236,16.23,False,0.1288891604944897,1.6078596840630206,0.155740264683565,0.0682388059701492,0.2166364793838887,0.6391752577319587,0.84,0.9343311069225808,0.412849981045514,0.8798877626927197,0,,ok,,2026-07-20T17:44:52.915788+00:00,False,20000
adult,gaussian_copula,fixed,0.0,2,5,500,6.2193,16.23,False,0.0829858531676452,1.1778841699166736,0.103098646002197,0.073022940851299,0.308176590158238,0.6082474226804123,0.83,0.933921998006728,0.4919322797060593,0.8798877626927197,0,,ok,,2026-07-20T17:44:52.915788+00:00,False,20000
adult,gaussian_copula,fixed,0.0,2,6,500,5.1956,16.23,False,0.117908278144679,1.2919926393907928,0.1351080623068066,0.081259535655058,0.3333281445541826,0.6082474226804123,0.85,0.930026967204038,0.4014773549949037,0.8798877626927197,0,,ok,,2026-07-20T17:44:52.915788+00:00,False,20000
adult,gaussian_copula,fixed,0.0,2,7,500,6.2624,16.23,False,0.0994548618214791,1.239828588791272,0.1278329467180311,0.0924675234936429,0.2407727129238385,0.5979381443298969,0.81975,0.9423098107946868,0.3526109722543303,0.8798877626927197,0,,ok,,2026-07-20T17:44:52.915788+00:00,False,20000
adult,gaussian_copula,fixed,0.0,2,8,500,6.1398,16.23,False,0.1056574880686507,1.1895603640237071,0.1358403126726468,0.1041293532338308,0.2885545495915692,0.5876288659793815,0.8455,0.9572731025936008,0.4102741116338583,0.8798877626927197,0,,ok,,2026-07-20T17:44:52.915788+00:00,False,20000
adult,gaussian_copula,fixed,0.0,2,9,500,5.0133,16.23,False,0.1002002435799623,1.1708073070706086,0.1411630127001828,0.1067173852957435,0.2260169256210593,0.5876288659793815,0.81125,0.9633582557128006,0.4701046581354214,0.8798877626927197,0,,ok,,2026-07-20T17:44:52.915788+00:00,False,20000
adult,gaussian_copula,fixed,0.0,2,10,500,4.8541,16.23,False,0.0990096180349036,1.325989880438442,0.1438073461669518,0.1250587341072415,0.2706408680932577,0.5876288659793815,0.83475,0.9652176060547544,0.3691794943276192,0.8798877626927197,0,,ok,,2026-07-20T17:44:52.915788+00:00,False,20000
adult,gaussian_copula,fixed,1.0,1,6,8000,5.2704,72.92,False,0.0183153628583127,0.9499260671443404,0.0268222497081312,0.0144740015201769,0.0852407667126094,0.979381443298969,0.91775,0.9749406520834056,0.7370694804189208,0.9136718556894208,0,,ok,,2026-07-20T17:44:52.915788+00:00,False,20000
adult,gaussian_copula,fixed,0.0,2,12,500,3.3829,16.23,False,0.1406357610475284,1.1982624668310715,0.1913518672455091,0.1226955500276395,0.249056939710494,0.5670103092783505,0.8405,0.961524177674519,0.3614966333659534,0.8798877626927197,0,,ok,,2026-07-20T17:44:52.915788+00:00,False,20000
adult,gaussian_copula,fixed,1.0,1,5,8000,5.4404,72.92,False,0.0185967363855519,1.0322766083223285,0.0264532688067917,0.0134836926478717,0.0871454281352413,0.979381443298969,0.92175,0.9789017388025476,0.682264265791329,0.9136718556894208,0,,ok,,2026-07-20T17:44:52.915788+00:00,False,20000
adult,gaussian_copula,fixed,1.0,1,3,8000,5.278,72.92,False,0.0189706152087333,0.9948178168533548,0.0242334671436385,0.0176079498341625,0.0795864853391447,1.0,0.91825,0.9755716512720104,0.7131731579825924,0.9136718556894208,0,,ok,,2026-07-20T17:44:52.915788+00:00,False,20000
adult,gaussian_copula,fixed,0.5,1,12,8000,5.512,72.92,False,0.0145966350813184,0.912464585440476,0.0270796114667093,0.0171239203289109,0.09547935999838,0.9896907216494846,0.91475,0.9767779200918985,0.6339101655708119,0.9136718556894208,0,,ok,,2026-07-20T17:44:52.915788+00:00,False,20000
adult,gaussian_copula,fixed,0.75,1,0,8000,32.4699,71.44,True,0.0066736461014417,0.9649932233410804,0.0192376251607847,0.0137747806108347,0.0816135206092025,0.9690721649484536,0.9075,0.973969055846574,0.7246870411765393,0.9136718556894208,0,,ok,,2026-07-20T17:44:52.915788+00:00,False,20000
adult,gaussian_copula,fixed,0.75,1,1,8000,6.2835,72.18,False,0.0068065950172162,1.0115596228949186,0.016609832082708,0.0175605997788833,0.0640579424027027,0.9690721649484536,0.91625,0.9758401367207806,0.6796217508070573,0.9136718556894208,0,,ok,,2026-07-20T17:44:52.915788+00:00,False,20000
adult,gaussian_copula,fixed,0.75,1,2,8000,5.2793,72.92,False,0.0132797508374969,1.033179532218363,0.0198159464546042,0.0138581916804864,0.0814347752463987,0.9484536082474226,0.93075,0.9741985109599022,0.707364961908105,0.9136718556894208,0,,ok,,2026-07-20T17:44:52.915788+00:00,False,20000
adult,gaussian_copula,fixed,0.75,1,3,8000,5.4865,72.92,False,0.0067335908791957,1.0197537433671695,0.0174345379999105,0.0182556574765063,0.0873880759504331,0.9587628865979382,0.9065,0.9733111527701128,0.6937813288281407,0.9136718556894208,0,,ok,,2026-07-20T17:44:52.915788+00:00,False,20000
adult,gaussian_copula,fixed,0.75,1,4,8000,6.2984,72.92,False,0.0115706506974176,1.0205423794003707,0.0195480203160934,0.0130964448590381,0.0963298848229877,0.9690721649484536,0.91575,0.9779902701707384,0.6696778576592186,0.9136718556894208,0,,ok,,2026-07-20T17:44:52.915788+00:00,False,20000
adult,gaussian_copula,fixed,0.75,1,5,8000,5.4954,72.92,False,0.0097120205783229,1.0120763601064229,0.020089771423787,0.0153007618159204,0.0912192209526336,0.9690721649484536,0.91425,0.9775825424614898,0.7026913140985841,0.9136718556894208,0,,ok,,2026-07-20T17:44:52.915788+00:00,False,20000
adult,gaussian_copula,fixed,0.75,1,6,8000,5.8612,72.92,False,0.0104281249417386,0.9938820072430056,0.0204760463450999,0.0131800200386954,0.0764085968454207,0.9484536082474226,0.90425,0.9727713709189206,0.6768426337071474,0.9136718556894208,0,,ok,,2026-07-20T17:44:52.915788+00:00,False,20000
adult,gaussian_copula,fixed,0.75,1,7,8000,5.3481,72.92,False,0.0131519159534412,1.0298307725396063,0.0219468277848939,0.0152687862769485,0.0915689372866507,0.9690721649484536,0.92425,0.9746668094539436,0.6834421189266475,0.9136718556894208,0,,ok,,2026-07-20T17:44:52.915788+00:00,False,20000
adult,gaussian_copula,fixed,0.75,1,8,8000,5.4875,72.92,False,0.0089275794943833,1.0065925508915423,0.0169963478878853,0.0176558440436705,0.0923733944429646,0.9587628865979382,0.91675,0.9734760605744652,0.6813469630795984,0.9136718556894208,0,,ok,,2026-07-20T17:44:52.915788+00:00,False,20000
adult,gaussian_copula,fixed,0.75,1,9,8000,4.9952,72.92,False,0.0092229940085393,0.9830298736744584,0.0181509316575851,0.0138742744610282,0.0856780416228006,0.9381443298969072,0.8975,0.9717641149175912,0.7001542912208931,0.9136718556894208,0,,ok,,2026-07-20T17:44:52.915788+00:00,False,20000
adult,gaussian_copula,fixed,0.75,1,10,8000,4.9817,72.92,False,0.0161143276765708,1.006196041457381,0.0234522075897828,0.014855056315644,0.0963940739142471,0.9690721649484536,0.91775,0.9750213383641564,0.699813785779297,0.9136718556894208,0,,ok,,2026-07-20T17:44:52.915788+00:00,False,20000
adult,gaussian_copula,fixed,0.75,1,11,8000,5.0798,72.92,False,0.020265887874957,1.0480010988011637,0.0251225687220899,0.0148171209922609,0.0940093053529795,0.9690721649484536,0.9165,0.9758086244804982,0.6815049062025031,0.9136718556894208,0,,ok,,2026-07-20T17:44:52.915788+00:00,False,20000
adult,gaussian_copula,fixed,0.75,1,12,8000,5.4268,72.92,False,0.0207242013675737,1.090586845486457,0.0309615637600194,0.01621760986733,0.0882858855689213,0.9587628865979382,0.92125,0.9774533391403932,0.6617702113107209,0.9136718556894208,0,,ok,,2026-07-20T17:44:52.915788+00:00,False,20000
adult,gaussian_copula,fixed,1.0,1,0,8000,32.4699,71.44,True,0.0066736461014417,0.9649932233410804,0.0192376251607847,0.0137747806108347,0.0816135206092025,0.9690721649484536,0.9075,0.973969055846574,0.7246870411765393,0.9136718556894208,0,,ok,,2026-07-20T17:44:52.915788+00:00,False,20000
adult,gaussian_copula,fixed,1.0,1,1,8000,5.4146,72.18,False,0.0142176315855191,0.9427280130760506,0.024214994696648,0.0143498998065229,0.0781573078663877,0.9896907216494846,0.9145,0.9733239578037632,0.7095240424312987,0.9136718556894208,0,,ok,,2026-07-20T17:44:52.915788+00:00,False,20000
adult,gaussian_copula,fixed,1.0,1,2,8000,5.0495,72.92,False,0.0161044924133152,0.961113529168542,0.0229722061176897,0.016309649668325,0.0880168576043576,0.979381443298969,0.91075,0.9749493784287914,0.6967177661951365,0.9136718556894208,0,,ok,,2026-07-20T17:44:52.915788+00:00,False,20000
adult,gaussian_copula,fixed,1.0,1,4,8000,5.9134,72.92,False,0.0089374666741467,0.9778070197193096,0.0202401985027532,0.0175593128109452,0.0752547427377538,0.979381443298969,0.9205,0.9771414494256736,0.7000728610180506,0.9136718556894208,0,,ok,,2026-07-20T17:44:52.915788+00:00,False,20000
adult,gaussian_copula,fixed,0.5,2,3,500,3.1494,16.23,False,0.0569243442937367,1.0418039341590823,0.0803678866317503,0.0595939745715865,0.1706125322537137,0.7216494845360825,0.84825,0.8872369970397563,0.4829016570980715,0.8798877626927197,0,,ok,,2026-07-20T17:44:52.915788+00:00,False,20000
adult,gaussian_copula,fixed,0.1,2,6,8000,3.1084,72.92,False,0.0216025225078776,0.9816268184636312,0.0369517978840786,0.0243164300027639,0.1379705849508047,0.8969072164948454,0.91175,0.9810751499131196,0.5434556014603936,0.9130153984382448,0,,ok,,2026-07-20T17:44:52.915788+00:00,False,20000
adult,gaussian_copula,fixed,0.5,2,5,500,2.6924,16.23,False,0.0651962139528685,0.8976535328810304,0.0897608089614908,0.0701158098396904,0.190766368685206,0.6597938144329897,0.898,0.9205454612742626,0.6110114286830742,0.8798877626927197,0,,ok,,2026-07-20T17:44:52.915788+00:00,False,20000
adult,gaussian_copula,fixed,0.2,2,7,8000,2.83,72.92,False,0.017034184324214,0.9928367158792932,0.034475375891242,0.0242791165699281,0.120907698173384,0.9381443298969072,0.918,0.978857679294288,0.5388708909054265,0.9130153984382448,0,,ok,,2026-07-20T17:44:52.915788+00:00,False,20000
adult,gaussian_copula,fixed,0.2,2,8,8000,2.6042,72.92,False,0.0159715066310737,0.9759397955012088,0.0318043649248194,0.023253446310116,0.1245238874086748,0.9381443298969072,0.90375,0.9777179631665645,0.5899945031334892,0.9130153984382448,0,,ok,,2026-07-20T17:44:52.915788+00:00,False,20000
adult,gaussian_copula,fixed,0.2,2,9,8000,2.6238,72.92,False,0.0262431057748393,1.064965256307364,0.038457955422114,0.025638284273079,0.1131837174781853,0.9175257731958762,0.9145,0.9786686341885354,0.5689958698758472,0.9130153984382448,0,,ok,,2026-07-20T17:44:52.915788+00:00,False,20000
adult,gaussian_copula,fixed,0.2,2,10,8000,2.5623,72.92,False,0.0216073730857987,0.961969517362146,0.0414579336464245,0.0277152259535655,0.1295399964078941,0.9072164948453608,0.91675,0.9769306305033392,0.5512036328098415,0.9130153984382448,0,,ok,,2026-07-20T17:44:52.915788+00:00,False,20000
adult,gaussian_copula,fixed,0.2,2,11,8000,2.5807,72.92,False,0.026601580815016,0.9740941210198272,0.0362507003106959,0.0293089327667219,0.1454366271849334,0.8969072164948454,0.90225,0.9770415250085036,0.5418886929114942,0.9130153984382448,0,,ok,,2026-07-20T17:44:52.915788+00:00,False,20000
adult,gaussian_copula,fixed,0.2,2,12,8000,2.6825,72.92,False,0.0221864364069895,0.981375999764845,0.0348766811046684,0.0270411225124378,0.1239976068781965,0.9072164948453608,0.91025,0.9799100807103304,0.5487682009943926,0.9130153984382448,0,,ok,,2026-07-20T17:44:52.915788+00:00,False,20000
adult,gaussian_copula,fixed,0.35,2,0,8000,5.1672,71.44,True,0.0145463381128094,1.031590700958178,0.0223937863514447,0.013567025981205,0.0866597760707584,0.9896907216494846,0.9235,0.9770717821704256,0.7046373779317331,0.9130153984382448,0,,ok,,2026-07-20T17:44:52.915788+00:00,False,20000
adult,gaussian_copula,fixed,0.2,2,6,8000,2.7072,72.92,False,0.0186944527646547,0.9133582360835576,0.0393842990561217,0.0238317613322277,0.1299458846507796,0.9381443298969072,0.9055,0.9774680196900204,0.5370749025427335,0.9130153984382448,0,,ok,,2026-07-20T17:44:52.915788+00:00,False,20000
adult,gaussian_copula,fixed,0.35,2,1,8000,2.6002,72.18,False,0.0112887841350812,0.9962249171120908,0.0248046507199413,0.0177041269347705,0.1024671127294231,0.979381443298969,0.91675,0.978894487824626,0.6489004365629216,0.9130153984382448,0,,ok,,2026-07-20T17:44:52.915788+00:00,False,20000
adult,gaussian_copula,fixed,0.35,2,3,8000,3.6196,72.92,False,0.0168287544771047,1.0779088065645488,0.0249114902495622,0.0174351333609729,0.1174290948160601,0.9484536082474226,0.917,0.9768443304012232,0.6054158559160092,0.9130153984382448,0,,ok,,2026-07-20T17:44:52.915788+00:00,False,20000
adult,gaussian_copula,fixed,0.35,2,4,8000,4.125,72.92,False,0.0155115083614339,1.0274949203312211,0.0231634059822287,0.0203055555555555,0.1155014187487034,0.9587628865979382,0.9125,0.9767435272885756,0.5949286685847129,0.9130153984382448,0,,ok,,2026-07-20T17:44:52.915788+00:00,False,20000
adult,gaussian_copula,fixed,0.35,2,5,8000,3.4498,72.92,False,0.0143988912255312,1.0106871842098324,0.0238783816335305,0.0198378852266445,0.116054964349815,0.9278350515463918,0.90675,0.9782349994822428,0.6307202258855469,0.9130153984382448,0,,ok,,2026-07-20T17:44:52.915788+00:00,False,20000
adult,gaussian_copula,fixed,0.35,2,6,8000,3.2913,72.92,False,0.0188643201236334,1.0098031155584994,0.023719767212714,0.0196854788557213,0.1129228847237372,0.9175257731958762,0.91125,0.9792356762714008,0.612317983499697,0.9130153984382448,0,,ok,,2026-07-20T17:44:52.915788+00:00,False,20000
adult,gaussian_copula,fixed,0.35,2,7,8000,3.5906,72.92,False,0.0174787455575062,1.0198600758887018,0.0254358362010195,0.0173884224709784,0.1052101959220282,0.9381443298969072,0.923,0.9773763169150164,0.6247377940912093,0.9130153984382448,0,,ok,,2026-07-20T17:44:52.915788+00:00,False,20000
adult,gaussian_copula,fixed,0.35,2,8,8000,4.3808,72.92,False,0.0218504178807707,1.1058271773477022,0.0330871991736283,0.0186467488944168,0.1054390897026236,0.9381443298969072,0.908,0.9742656909099962,0.6192868550016568,0.9130153984382448,0,,ok,,2026-07-20T17:44:52.915788+00:00,False,20000
adult,gaussian_copula,fixed,0.35,2,9,8000,3.5931,72.92,False,0.0145155955852609,1.0517716940180633,0.0269633822269086,0.0208728579325594,0.109161984911889,0.9175257731958762,0.9135,0.9788095710508944,0.6199384277519375,0.9130153984382448,0,,ok,,2026-07-20T17:44:52.915788+00:00,False,20000
adult,gaussian_copula,fixed,0.35,2,2,8000,3.1943,72.92,False,0.011038306634688,0.996270163776345,0.022543348529093,0.0153794568822553,0.1113137085500083,0.9690721649484536,0.91875,0.977942649474311,0.6363623817114845,0.9130153984382448,0,,ok,,2026-07-20T17:44:52.915788+00:00,False,20000
adult,gaussian_copula,fixed,0.2,2,5,8000,2.6305,72.92,False,0.0186197369640695,1.010662006025935,0.0353939246768028,0.0221998773493643,0.1315587868205453,0.9484536082474226,0.913,0.9808953459809744,0.5241096669452252,0.9130153984382448,0,,ok,,2026-07-20T17:44:52.915788+00:00,False,20000
adult,gaussian_copula,fixed,0.2,2,4,8000,2.6672,72.92,False,0.0179354140604985,0.9401437898188166,0.0321823344658026,0.0236719268242122,0.1278253659078864,0.9587628865979382,0.919,0.978424788142822,0.5305659936720472,0.9130153984382448,0,,ok,,2026-07-20T17:44:52.915788+00:00,False,20000
adult,gaussian_copula,fixed,0.2,2,3,8000,2.8123,72.92,False,0.0244272314107469,0.981315469669434,0.0338292414079852,0.0233352162797125,0.1140064776688318,0.9690721649484536,0.91525,0.976902449388681,0.5455940293959098,0.9130153984382448,0,,ok,,2026-07-20T17:44:52.915788+00:00,False,20000
adult,gaussian_copula,fixed,0.05,2,11,8000,2.67,72.92,False,0.0216326749897853,0.8306701604195045,0.0439371665627946,0.0356219510088446,0.1446883813388093,0.9072164948453608,0.9135,0.9830680531226642,0.4631376879828034,0.9130153984382448,0,,ok,,2026-07-20T17:44:52.915788+00:00,False,20000
adult,gaussian_copula,fixed,0.05,2,12,8000,3.1409,72.92,False,0.024193864337961,0.8552282081196262,0.0404162291986203,0.0425339966832504,0.1380120279308089,0.8969072164948454,0.9115,0.984065552559664,0.4507785566608005,0.9130153984382448,0,,ok,,2026-07-20T17:44:52.915788+00:00,False,20000
adult,gaussian_copula,fixed,0.1,2,0,8000,5.1672,71.44,True,0.0145463381128094,1.031590700958178,0.0223937863514447,0.013567025981205,0.0866597760707584,0.9896907216494846,0.9235,0.9770717821704256,0.7046373779317331,0.9130153984382448,0,,ok,,2026-07-20T17:44:52.915788+00:00,False,20000
adult,gaussian_copula,fixed,0.1,2,1,8000,3.4843,72.18,False,0.0079668451268408,0.9305303788703888,0.025242201056628,0.0229834680762852,0.1017901121654162,0.9587628865979382,0.90475,0.9797035568981762,0.5523206427662246,0.9130153984382448,0,,ok,,2026-07-20T17:44:52.915788+00:00,False,20000
adult,gaussian_copula,fixed,0.1,2,2,8000,2.8938,72.92,False,0.0171648866943548,0.9686806147936512,0.0275398198965672,0.0223154021558872,0.1342426386933043,0.9484536082474226,0.90975,0.9785320576863692,0.5541913410452937,0.9130153984382448,0,,ok,,2026-07-20T17:44:52.915788+00:00,False,20000
adult,gaussian_copula,fixed,0.1,2,3,8000,2.7465,72.92,False,0.0141810727250548,0.9486929437268856,0.0254547198214757,0.0260621804173576,0.1218366911136397,0.9278350515463918,0.91475,0.9807580973614944,0.5190159848406073,0.9130153984382448,0,,ok,,2026-07-20T17:44:52.915788+00:00,False,20000
adult,gaussian_copula,fixed,0.1,2,4,8000,2.6874,72.92,False,0.0126887299243026,0.9692264463602106,0.0251749763527393,0.0286055140961857,0.1395523821953864,0.9175257731958762,0.91275,0.9818257372569562,0.5349302132671436,0.9130153984382448,0,,ok,,2026-07-20T17:44:52.915788+00:00,False,20000
adult,gaussian_copula,fixed,0.1,2,5,8000,2.672,72.92,False,0.0135773921095583,0.9163799941202804,0.0330299479572252,0.0268031543670536,0.132947076690565,0.9072164948453608,0.89925,0.9819074666941529,0.4953649692512473,0.9130153984382448,0,,ok,,2026-07-20T17:44:52.915788+00:00,False,20000
adult,gaussian_copula,fixed,0.1,2,7,8000,3.0964,72.92,False,0.031427677805213,1.0074902266620358,0.0435077677948828,0.0223058060392482,0.1288324834887076,0.8865979381443299,0.906,0.9807184891978196,0.4798436972826307,0.9130153984382448,0,,ok,,2026-07-20T17:44:52.915788+00:00,False,20000
adult,gaussian_copula,fixed,0.1,2,8,8000,2.7297,72.92,False,0.0261572948974276,1.036124612121032,0.0374397818184589,0.0264887541459369,0.135225249381808,0.8969072164948454,0.9025,0.9812043239138982,0.5197570521374903,0.9130153984382448,0,,ok,,2026-07-20T17:44:52.915788+00:00,False,20000
adult,gaussian_copula,fixed,0.1,2,9,8000,2.7956,72.92,False,0.0262239545399784,0.9922215733106708,0.0398090793747594,0.0239197502072968,0.129040236138916,0.8865979381443299,0.9155,0.9812317191455964,0.5166734896697067,0.9130153984382448,0,,ok,,2026-07-20T17:44:52.915788+00:00,False,20000
adult,gaussian_copula,fixed,0.1,2,10,8000,2.7177,72.92,False,0.0289094011045779,0.9384249137350232,0.0409553349091925,0.0272306609314538,0.1440738539583151,0.8556701030927835,0.91175,0.9797907060942016,0.4714252108170255,0.9130153984382448,0,,ok,,2026-07-20T17:44:52.915788+00:00,False,20000
adult,gaussian_copula,fixed,0.1,2,11,8000,2.7152,72.92,False,0.0173193629986951,0.9467582568473653,0.0328612891710068,0.0286741120784964,0.1444142195515867,0.8556701030927835,0.91025,0.981980814036028,0.5409172673072946,0.9130153984382448,0,,ok,,2026-07-20T17:44:52.915788+00:00,False,20000
adult,gaussian_copula,fixed,0.1,2,12,8000,2.8373,72.92,False,0.0217383730413689,0.9641671663387524,0.0380220370569124,0.0296276775843007,0.1483990278023104,0.8350515463917526,0.90925,0.9787642341752076,0.5450620121809617,0.9130153984382448,0,,ok,,2026-07-20T17:44:52.915788+00:00,False,20000
adult,gaussian_copula,fixed,0.2,2,0,8000,5.1672,71.44,True,0.0145463381128094,1.031590700958178,0.0223937863514447,0.013567025981205,0.0866597760707584,0.9896907216494846,0.9235,0.9770717821704256,0.7046373779317331,0.9130153984382448,0,,ok,,2026-07-20T17:44:52.915788+00:00,False,20000
adult,gaussian_copula,fixed,0.2,2,1,8000,2.8812,72.18,False,0.0122272341736026,0.9510836059622068,0.0223622549230106,0.0152645366915422,0.1050500093628545,0.9896907216494846,0.89625,0.9778427827134016,0.6122808416237628,0.9130153984382448,0,,ok,,2026-07-20T17:44:52.915788+00:00,False,20000
adult,gaussian_copula,fixed,0.2,2,2,8000,3.1383,72.92,False,0.0163728249120797,0.9899507961634156,0.0264954132154317,0.0195812862769485,0.1174667619368425,0.979381443298969,0.9115,0.9792420014444616,0.5609363778350922,0.9130153984382448,0,,ok,,2026-07-20T17:44:52.915788+00:00,False,20000
adult,gaussian_copula,fixed,0.35,2,10,8000,3.4902,72.92,False,0.012357170152013,1.0310217865401372,0.0318452197129609,0.0245762247788833,0.1069652607932615,0.9072164948453608,0.9055,0.97850641773625,0.617538236463081,0.9130153984382448,0,,ok,,2026-07-20T17:44:52.915788+00:00,False,20000
adult,gaussian_copula,fixed,0.05,2,10,8000,2.7384,72.92,False,0.0143920235633667,0.8591508443076749,0.0432793539800793,0.036095667495854,0.1602100712726022,0.9175257731958762,0.9065,0.9818840167678818,0.4212149674744692,0.9130153984382448,0,,ok,,2026-07-20T17:44:52.915788+00:00,False,20000
adult,gaussian_copula,fixed,0.35,2,11,8000,3.6246,72.92,False,0.0186798042767089,1.0356807930797332,0.0329959396730751,0.0226042703150912,0.107087191936062,0.9175257731958762,0.92675,0.9812780107948996,0.6209767611838352,0.9130153984382448,0,,ok,,2026-07-20T17:44:52.915788+00:00,False,20000
adult,gaussian_copula,fixed,0.5,2,0,8000,5.1672,71.44,True,0.0145463381128094,1.031590700958178,0.0223937863514447,0.013567025981205,0.0866597760707584,0.9896907216494846,0.9235,0.9770717821704256,0.7046373779317331,0.9130153984382448,0,,ok,,2026-07-20T17:44:52.915788+00:00,False,20000
adult,gaussian_copula,fixed,0.75,2,9,8000,2.642,72.92,False,0.0117709271745103,0.9868994758632778,0.0199982720598386,0.0182351178137092,0.0956421376664034,0.979381443298969,0.90575,0.9735125452453676,0.682090685709183,0.9130153984382448,0,,ok,,2026-07-20T17:44:52.915788+00:00,False,20000
adult,gaussian_copula,fixed,0.75,2,10,8000,2.5508,72.92,False,0.0150468768753378,0.9614060557947384,0.0241596448436235,0.012346868090105,0.1010994560181305,0.9896907216494846,0.909,0.9781451963404072,0.6624909538387784,0.9130153984382448,0,,ok,,2026-07-20T17:44:52.915788+00:00,False,20000
adult,gaussian_copula,fixed,0.75,2,11,8000,2.7642,72.92,False,0.0234261846271843,1.027792656300636,0.0282510591673675,0.0150105116777225,0.0962978650956593,0.979381443298969,0.9115,0.9781479708721776,0.6849333668845001,0.9130153984382448,0,,ok,,2026-07-20T17:44:52.915788+00:00,False,20000
adult,gaussian_copula,fixed,0.75,2,12,8000,2.6516,72.92,False,0.0140661088248147,1.0516870003108874,0.0206812835905175,0.0170903555140961,0.0921529403782606,1.0,0.909,0.9781088094742107,0.6677488404063748,0.9130153984382448,0,,ok,,2026-07-20T17:44:52.915788+00:00,False,20000
adult,gaussian_copula,fixed,1.0,2,0,8000,5.1672,71.44,True,0.0145463381128094,1.031590700958178,0.0223937863514447,0.013567025981205,0.0866597760707584,0.9896907216494846,0.9235,0.9770717821704256,0.7046373779317331,0.9130153984382448,0,,ok,,2026-07-20T17:44:52.915788+00:00,False,20000
adult,gaussian_copula,fixed,1.0,2,1,8000,4.4306,72.18,False,0.0086183719555629,0.9672148040452626,0.0205957574337558,0.0163052359729132,0.0838274309942143,1.0,0.9215,0.977092411439918,0.7182433682574054,0.9130153984382448,0,,ok,,2026-07-20T17:44:52.915788+00:00,False,20000
adult,gaussian_copula,fixed,1.0,2,2,8000,2.8245,72.92,False,0.0146026579989367,0.993821486353648,0.0230567762720244,0.0176945912797125,0.0757669048885845,0.9896907216494846,0.91875,0.9794571824848012,0.7140238806854771,0.9130153984382448,0,,ok,,2026-07-20T17:44:52.915788+00:00,False,20000
adult,gaussian_copula,fixed,0.75,2,8,8000,2.7591,72.92,False,0.0071155943842698,0.9792029588624253,0.021418144182352,0.0154865429795467,0.0898005040697529,1.0,0.91175,0.9750163177694652,0.6921998651222117,0.9130153984382448,0,,ok,,2026-07-20T17:44:52.915788+00:00,False,20000
adult,gaussian_copula,fixed,1.0,2,3,8000,3.1662,72.92,False,0.0164716546148097,0.9585287552343312,0.0246552578002869,0.0166029056108347,0.0853334432384746,0.9896907216494846,0.912,0.9773237597176636,0.7102513413363969,0.9130153984382448,0,,ok,,2026-07-20T17:44:52.915788+00:00,False,20000
adult,gaussian_copula,fixed,1.0,2,5,8000,3.4132,72.92,False,0.0150374030811014,0.9060842643783648,0.0281417445332264,0.0163066611387507,0.0807347755394623,0.9896907216494846,0.91825,0.9745637201299298,0.6987172645011653,0.9130153984382448,0,,ok,,2026-07-20T17:44:52.915788+00:00,False,20000
adult,gaussian_copula,fixed,1.0,2,6,8000,2.6576,72.92,False,0.0111553280156348,0.9655622007503694,0.0263444791314964,0.0174603026533996,0.0716875682515778,1.0,0.91875,0.9751846118947652,0.7198422391443771,0.9130153984382448,0,,ok,,2026-07-20T17:44:52.915788+00:00,False,20000
adult,gaussian_copula,fixed,1.0,2,7,8000,2.601,72.92,False,0.0114954997451364,0.98109835408604,0.0229105383736232,0.0158238926893311,0.0873338794708035,1.0,0.92275,0.9776363786434574,0.6788592113753666,0.9130153984382448,0,,ok,,2026-07-20T17:44:52.915788+00:00,False,20000
adult,gaussian_copula,fixed,1.0,2,8,8000,2.9794,72.92,False,0.0144143088107702,0.9521526534125836,0.0221813823442552,0.0139519589552238,0.0968905540760906,1.0,0.908,0.9747473957503008,0.7150607717144257,0.9130153984382448,0,,ok,,2026-07-20T17:44:52.915788+00:00,False,20000
adult,gaussian_copula,fixed,1.0,2,9,8000,3.2105,72.92,False,0.0158904788962642,0.9726715748809716,0.0231919965046855,0.0166609919154228,0.0904615042420043,1.0,0.91275,0.9771355452136292,0.7162258399145154,0.9130153984382448,0,,ok,,2026-07-20T17:44:52.915788+00:00,False,20000
adult,gaussian_copula,fixed,1.0,2,10,8000,2.8473,72.92,False,0.019126866902673,0.9427862676700508,0.0312958502293092,0.0168311308043117,0.082570852984204,0.9896907216494846,0.9175,0.9771103966776646,0.7137947025260277,0.9130153984382448,0,,ok,,2026-07-20T17:44:52.915788+00:00,False,20000
adult,gaussian_copula,fixed,0.1,1,9,8000,10.3103,72.92,False,0.014773065808051,0.9432894593851296,0.0349446250672724,0.0262144140409065,0.1395190940715778,0.9278350515463918,0.9125,0.9795703346544512,0.4998877548250673,0.9136718556894208,0,,ok,,2026-07-20T17:44:52.915788+00:00,False,20000
adult,gaussian_copula,fixed,1.0,2,4,8000,2.7826,72.92,False,0.0111686313808305,0.910408012717748,0.0268890032694339,0.0152971600331675,0.078179236979278,1.0,0.91725,0.9754580220319586,0.7031066605840972,0.9130153984382448,0,,ok,,2026-07-20T17:44:52.915788+00:00,False,20000
adult,gaussian_copula,fixed,0.75,2,7,8000,2.7493,72.92,False,0.0211610744017517,1.026640840314626,0.0323894209728337,0.0170511504975124,0.0941883019634299,1.0,0.9175,0.976631894361398,0.6738540403607947,0.9130153984382448,0,,ok,,2026-07-20T17:44:52.915788+00:00,False,20000
adult,gaussian_copula,fixed,0.75,2,6,8000,2.7879,72.92,False,0.0178245601069345,1.0186808834493,0.0293773274964577,0.0168853907545605,0.0937246046405632,0.9896907216494846,0.91675,0.973539541383241,0.688996550427784,0.9130153984382448,0,,ok,,2026-07-20T17:44:52.915788+00:00,False,20000
adult,gaussian_copula,fixed,0.75,2,5,8000,2.7176,72.92,False,0.0093733353113539,1.0000331699898557,0.0187407063500011,0.016649711511885,0.0953384786722125,1.0,0.91875,0.9763942991684188,0.6675937820893678,0.9130153984382448,0,,ok,,2026-07-20T17:44:52.915788+00:00,False,20000
adult,gaussian_copula,fixed,0.5,2,1,8000,3.8818,72.18,False,0.013167342787078,1.0102012289620388,0.0201398548588272,0.0164757289939193,0.1131076051686055,0.979381443298969,0.91725,0.9739184488370866,0.6201004686104926,0.9130153984382448,0,,ok,,2026-07-20T17:44:52.915788+00:00,False,20000
adult,gaussian_copula,fixed,0.5,2,2,8000,4.0385,72.92,False,0.0082074245772489,1.0140059140180078,0.0171828700428004,0.0141355721393034,0.1064801878104589,0.979381443298969,0.91725,0.9734581358757924,0.6175121420824601,0.9130153984382448,0,,ok,,2026-07-20T17:44:52.915788+00:00,False,20000
adult,gaussian_copula,fixed,0.5,2,3,8000,4.6353,72.92,False,0.0197267335637386,1.0124691838701028,0.0265237907169923,0.014077494472084,0.096195991999397,0.9690721649484536,0.92775,0.9756180270150796,0.6264235369739671,0.9130153984382448,0,,ok,,2026-07-20T17:44:52.915788+00:00,False,20000
adult,gaussian_copula,fixed,0.5,2,4,8000,4.2233,72.92,False,0.0152642093882845,0.9679218291461678,0.0267337615505803,0.0145081018518518,0.1032320415731045,0.979381443298969,0.91725,0.9781461743874657,0.6217239259113658,0.9130153984382448,0,,ok,,2026-07-20T17:44:52.915788+00:00,False,20000
adult,gaussian_copula,fixed,0.5,2,5,8000,3.927,72.92,False,0.0144606344974533,1.0971511682008763,0.0273252669357279,0.0170847153123272,0.1058986218674363,0.9690721649484536,0.9135,0.9792898316018656,0.6120827734733706,0.9130153984382448,0,,ok,,2026-07-20T17:44:52.915788+00:00,False,20000
adult,gaussian_copula,fixed,0.5,2,6,8000,4.198,72.92,False,0.0185147098752327,1.0212008138258586,0.0254785060768923,0.0174070791873963,0.1042114488717753,0.9587628865979382,0.9135,0.9779187691651468,0.6424610908526346,0.9130153984382448,0,,ok,,2026-07-20T17:44:52.915788+00:00,False,20000
adult,gaussian_copula,fixed,0.5,2,7,8000,4.4112,72.92,False,0.0145457113080161,0.9771709376365586,0.0225981429025426,0.018909696310116,0.1209504321839376,0.9690721649484536,0.90925,0.9754595108291126,0.6341358032866593,0.9130153984382448,0,,ok,,2026-07-20T17:44:52.915788+00:00,False,20000
adult,gaussian_copula,fixed,0.5,2,8,8000,3.991,72.92,False,0.0080044491041689,0.9677533538305728,0.0200278679332212,0.0186651119402985,0.1178220215424996,0.9484536082474226,0.917,0.9762890237580578,0.6423954943003447,0.9130153984382448,0,,ok,,2026-07-20T17:44:52.915788+00:00,False,20000
adult,gaussian_copula,fixed,0.5,2,9,8000,2.8497,72.92,False,0.0168639983814065,1.0691773112968184,0.0256027453626092,0.0149827684494195,0.1106128080865976,0.9690721649484536,0.90725,0.976388568768907,0.6415733574013563,0.9130153984382448,0,,ok,,2026-07-20T17:44:52.915788+00:00,False,20000
adult,gaussian_copula,fixed,0.5,2,10,8000,2.9302,72.92,False,0.0155596248357433,1.0312756201223754,0.0254873454363382,0.0176365395245992,0.0996333165773076,0.9690721649484536,0.91725,0.9781892571846048,0.6163699556382416,0.9130153984382448,0,,ok,,2026-07-20T17:44:52.915788+00:00,False,20000
adult,gaussian_copula,fixed,0.5,2,11,8000,2.6119,72.92,False,0.0182975727521188,1.029439387946539,0.0264341789831019,0.0204067682421227,0.1002658504599529,0.9690721649484536,0.91425,0.974310721434063,0.639110651057419,0.9130153984382448,0,,ok,,2026-07-20T17:44:52.915788+00:00,False,20000
adult,gaussian_copula,fixed,0.5,2,12,8000,2.817,72.92,False,0.0175744138140907,1.0241633653374322,0.0258740930043256,0.0175257220840243,0.0988048510272612,0.9690721649484536,0.91675,0.9774968767891802,0.6361611337182276,0.9130153984382448,0,,ok,,2026-07-20T17:44:52.915788+00:00,False,20000
adult,gaussian_copula,fixed,0.75,2,0,8000,5.1672,71.44,True,0.0145463381128094,1.031590700958178,0.0223937863514447,0.013567025981205,0.0866597760707584,0.9896907216494846,0.9235,0.9770717821704256,0.7046373779317331,0.9130153984382448,0,,ok,,2026-07-20T17:44:52.915788+00:00,False,20000
adult,gaussian_copula,fixed,0.75,2,1,8000,2.7205,72.18,False,0.0149041653105858,1.0029400318171058,0.0233223924228247,0.0154064054726368,0.0882461985033801,0.979381443298969,0.90925,0.9743118227389572,0.6860891578110775,0.9130153984382448,0,,ok,,2026-07-20T17:44:52.915788+00:00,False,20000
adult,gaussian_copula,fixed,0.75,2,2,8000,2.5944,72.92,False,0.0150750714185048,1.0065665213498256,0.0249242400729281,0.0174938329187396,0.0852595908455413,1.0,0.912,0.97618555045741,0.6922123878023588,0.9130153984382448,0,,ok,,2026-07-20T17:44:52.915788+00:00,False,20000
adult,gaussian_copula,fixed,0.75,2,3,8000,3.1667,72.92,False,0.01032150793487,1.004063619305847,0.0231849924389487,0.0198175528606965,0.1027225176887377,1.0,0.91475,0.9754469442251944,0.6762635089231636,0.9130153984382448,0,,ok,,2026-07-20T17:44:52.915788+00:00,False,20000
adult,gaussian_copula,fixed,0.75,2,4,8000,2.8263,72.92,False,0.0191288123399626,1.0191634996950298,0.0261115685308197,0.014743850193477,0.0783188606386433,0.9690721649484536,0.917,0.9785909748614768,0.6918273645606579,0.9130153984382448,0,,ok,,2026-07-20T17:44:52.915788+00:00,False,20000
adult,gaussian_copula,fixed,0.35,2,12,8000,3.6685,72.92,False,0.0255716694830183,1.0726860175443835,0.0332777802061018,0.0203166632117191,0.118642990022688,0.9175257731958762,0.92075,0.975661641867006,0.5684190398238276,0.9130153984382448,0,,ok,,2026-07-20T17:44:52.915788+00:00,False,20000
adult,gaussian_copula,fixed,0.05,2,9,8000,2.6588,72.92,False,0.0260717872210983,0.8955247075841865,0.0422990396890397,0.028866181246545,0.172131835144176,0.9278350515463918,0.91375,0.9818592889116836,0.4369841032771001,0.9130153984382448,0,,ok,,2026-07-20T17:44:52.915788+00:00,False,20000
adult,gaussian_copula,fixed,0.05,2,8,8000,2.6829,72.92,False,0.0181557286729112,0.8846806187304678,0.0380664328160615,0.031115792564953,0.1459073822432214,0.9381443298969072,0.914,0.9842186694477436,0.4392804743355211,0.9130153984382448,0,,ok,,2026-07-20T17:44:52.915788+00:00,False,20000
adult,gaussian_copula,fixed,0.05,2,7,8000,2.7081,72.92,False,0.0211720746695277,0.9303440736959456,0.0381666849316087,0.0296766082780541,0.1437144602234006,0.9278350515463918,0.9085,0.9834737636362222,0.5043204557783515,0.9130153984382448,0,,ok,,2026-07-20T17:44:52.915788+00:00,False,20000
adult,gaussian_copula,fixed,1.0,2,1,500,3.0193,16.17,False,0.060431422427497,0.8648591159497584,0.0980569968034622,0.0439926755113322,0.1367276743123674,0.7010309278350515,0.85625,0.8716652259293548,0.735987317606508,0.8798877626927197,0,,ok,,2026-07-20T17:44:52.915788+00:00,False,20000
adult,gaussian_copula,fixed,1.0,2,2,500,2.8682,16.23,False,0.0342647984577222,0.8007341680384205,0.0770590649774081,0.0556357103372028,0.1446850482265714,0.711340206185567,0.86475,0.9075130166764084,0.66158374794769,0.8798877626927197,0,,ok,,2026-07-20T17:44:52.915788+00:00,False,20000
adult,gaussian_copula,fixed,1.0,2,3,500,2.6061,16.23,False,0.0388672575713234,0.8400811437514886,0.0746359078207324,0.0393691265892758,0.1485145514521159,0.711340206185567,0.85925,0.8710026019672652,0.6215180228904102,0.8798877626927197,0,,ok,,2026-07-20T17:44:52.915788+00:00,False,20000
adult,gaussian_copula,fixed,1.0,2,4,500,2.6849,16.23,False,0.0583701432918826,0.7995846485242278,0.082635506478016,0.047533167495854,0.1286020127519317,0.7422680412371134,0.858,0.8621113591300914,0.6576724100966633,0.8798877626927197,0,,ok,,2026-07-20T17:44:52.915788+00:00,False,20000
adult,gaussian_copula,fixed,1.0,2,5,500,3.0839,16.23,False,0.0314015471981345,0.8117128691130047,0.0648628180051025,0.0520800165837479,0.115066571291651,0.7319587628865979,0.882,0.90522598119539,0.5663639762223808,0.8798877626927197,0,,ok,,2026-07-20T17:44:52.915788+00:00,False,20000
adult,gaussian_copula,fixed,1.0,2,6,500,2.6553,16.23,False,0.0528915890961345,0.780793894186386,0.0847730233246411,0.0508847429519071,0.162228993128945,0.7216494845360825,0.85075,0.8872996377924477,0.679694624937862,0.8798877626927197,0,,ok,,2026-07-20T17:44:52.915788+00:00,False,20000
adult,gaussian_copula,fixed,1.0,2,7,500,2.961,16.23,False,0.033838612538202,0.7908699284366723,0.0622432928393391,0.0504740187949143,0.1597098482938315,0.7319587628865979,0.85075,0.8882905856996778,0.7405260023946512,0.8798877626927197,0,,ok,,2026-07-20T17:44:52.915788+00:00,False,20000
adult,gaussian_copula,fixed,1.0,2,0,500,5.4923,16.11,True,0.0722228960308221,1.1829981824145075,0.101398009657856,0.0537412935323383,0.1436465856969095,0.7010309278350515,0.84825,0.8886398618965806,0.6820524948129223,0.8798877626927197,0,,ok,,2026-07-20T17:44:52.915788+00:00,False,20000
adult,gaussian_copula,fixed,1.0,2,8,500,2.3523,16.23,False,0.0404982677867596,0.8130776849072946,0.0750590922957354,0.0461311498065229,0.114328872306483,0.7319587628865979,0.8775,0.8854654157524356,0.6282097891167551,0.8798877626927197,0,,ok,,2026-07-20T17:44:52.915788+00:00,False,20000
adult,gaussian_copula,fixed,1.0,2,10,500,2.6902,16.23,False,0.073536868679903,0.9047109882285934,0.096380298031524,0.0494574350469873,0.1865378407938444,0.7010309278350515,0.85125,0.8651033550819146,0.7152315981182149,0.8798877626927197,0,,ok,,2026-07-20T17:44:52.915788+00:00,False,20000
adult,gaussian_copula,fixed,1.0,2,11,500,2.2571,16.23,False,0.0659126890323126,0.8351208291983582,0.1063040694213969,0.0425375898286346,0.1710658239620455,0.7216494845360825,0.84175,0.8817364909456753,0.6474003374960646,0.8798877626927197,0,,ok,,2026-07-20T17:44:52.915788+00:00,False,20000
adult,gaussian_copula,fixed,1.0,2,12,500,3.0635,16.23,False,0.0412972252483164,0.8140709486440963,0.0755560178013413,0.0450924543946932,0.1119778317689315,0.7422680412371134,0.8665,0.8758860606469048,0.7157105086791352,0.8798877626927197,0,,ok,,2026-07-20T17:44:52.915788+00:00,False,20000
adult,gaussian_copula,fixed,0.0,2,0,8000,5.1672,71.44,True,0.0145463381128094,1.031590700958178,0.0223937863514447,0.013567025981205,0.0866597760707584,0.9896907216494846,0.9235,0.9770717821704256,0.7046373779317331,0.9130153984382448,0,,ok,,2026-07-20T17:44:52.915788+00:00,False,20000
adult,gaussian_copula,fixed,0.0,2,1,8000,4.9996,72.18,False,0.0140610303429865,0.9284291627496328,0.0276876059425266,0.0170245214897733,0.1189987550259276,0.9690721649484536,0.90375,0.978592784705566,0.5377219513928564,0.9130153984382448,0,,ok,,2026-07-20T17:44:52.915788+00:00,False,20000
adult,gaussian_copula,fixed,0.0,2,2,8000,5.516,72.92,False,0.0150069085270206,0.8949709613038658,0.0350367033776916,0.0184559148700939,0.1134874700975901,0.9278350515463918,0.90275,0.980491292311477,0.4602652408557225,0.9130153984382448,0,,ok,,2026-07-20T17:44:52.915788+00:00,False,20000
adult,gaussian_copula,fixed,0.0,2,3,8000,4.0568,72.92,False,0.0237445739228401,0.8886106934730896,0.0395521196842082,0.0193963083886124,0.1407187903812946,0.9381443298969072,0.90125,0.9851854084961644,0.4292135835544035,0.9130153984382448,0,,ok,,2026-07-20T17:44:52.915788+00:00,False,20000
adult,gaussian_copula,fixed,1.0,2,9,500,2.7507,16.23,False,0.0506078415457088,0.7837094937344546,0.0720471074760128,0.0397703150912106,0.1494702288243191,0.7422680412371134,0.86325,0.9021927287478286,0.5185955899447731,0.8798877626927197,0,,ok,,2026-07-20T17:44:52.915788+00:00,False,20000
adult,gaussian_copula,fixed,0.75,2,12,500,2.1228,16.23,False,0.0785994409482676,1.327774133586618,0.0957746019316815,0.0537081260364842,0.1020755204022144,0.6804123711340206,0.87575,0.9017868598709082,0.621949334154017,0.8798877626927197,0,,ok,,2026-07-20T17:44:52.915788+00:00,False,20000
adult,gaussian_copula,fixed,0.75,2,11,500,2.5394,16.23,False,0.0733093027467583,1.2693873745482216,0.0892320624613225,0.0523985627418463,0.1361836889877049,0.6597938144329897,0.85875,0.8982038088169668,0.561416993054043,0.8798877626927197,0,,ok,,2026-07-20T17:44:52.915788+00:00,False,20000
adult,gaussian_copula,fixed,0.75,2,10,500,2.2328,16.23,False,0.0785083465383727,1.4523988015690008,0.0908152927128503,0.049464759535655,0.1320451467217845,0.6907216494845361,0.86775,0.8873384462587702,0.6985002156392408,0.8798877626927197,0,,ok,,2026-07-20T17:44:52.915788+00:00,False,20000
adult,gaussian_copula,fixed,0.5,2,6,500,2.774,16.23,False,0.0705086411921687,1.1052667186222804,0.1149045468220164,0.0653660862354892,0.1643485621784563,0.6804123711340206,0.836,0.9023437145620742,0.4931258681462748,0.8798877626927197,0,,ok,,2026-07-20T17:44:52.915788+00:00,False,20000
adult,gaussian_copula,fixed,0.5,2,7,500,3.2799,16.23,False,0.0626560651059544,0.9935646056205673,0.1022049454474364,0.0545290215588723,0.1431550624072735,0.6701030927835051,0.85175,0.8972871658025844,0.5611270044975435,0.8798877626927197,0,,ok,,2026-07-20T17:44:52.915788+00:00,False,20000
adult,gaussian_copula,fixed,0.5,2,8,500,2.4141,16.23,False,0.0567417299273684,1.0653648232232638,0.104665008852467,0.0600837479270315,0.1864432921552373,0.6701030927835051,0.88475,0.8908025518834634,0.5077288867284898,0.8798877626927197,0,,ok,,2026-07-20T17:44:52.915788+00:00,False,20000
adult,gaussian_copula,fixed,0.5,2,9,500,2.6076,16.23,False,0.0636200905244443,1.0175037855725344,0.1030946762575997,0.0714712548369264,0.1984261733504957,0.6597938144329897,0.8545,0.9098581568556128,0.5752238052084646,0.8798877626927197,0,,ok,,2026-07-20T17:44:52.915788+00:00,False,20000
adult,gaussian_copula,fixed,0.5,2,10,500,2.8649,16.23,False,0.0473076253572644,0.8922607252258533,0.0826122893386239,0.0756998341625207,0.1335449322602799,0.6804123711340206,0.84725,0.9139715662823406,0.5646974763062369,0.8798877626927197,0,,ok,,2026-07-20T17:44:52.915788+00:00,False,20000
adult,gaussian_copula,fixed,0.5,2,11,500,3.3195,16.23,False,0.0749653064508852,0.9245964321719964,0.104112781683913,0.0562113045881702,0.1520877129284027,0.6804123711340206,0.8655,0.8908677846673005,0.5389471087885218,0.8798877626927197,0,,ok,,2026-07-20T17:44:52.915788+00:00,False,20000
adult,gaussian_copula,fixed,0.5,2,12,500,2.532,16.23,False,0.0822834919480534,0.906298367734729,0.1055930326072677,0.0510082918739635,0.1975113185210469,0.6804123711340206,0.84075,0.8922910977698307,0.5527663780593203,0.8798877626927197,0,,ok,,2026-07-20T17:44:52.915788+00:00,False,20000
adult,gaussian_copula,fixed,0.75,2,0,500,5.4923,16.11,True,0.0722228960308221,1.1829981824145075,0.101398009657856,0.0537412935323383,0.1436465856969095,0.7010309278350515,0.84825,0.8886398618965806,0.6820524948129223,0.8798877626927197,0,,ok,,2026-07-20T17:44:52.915788+00:00,False,20000
adult,gaussian_copula,fixed,0.75,2,1,500,2.8761,16.17,False,0.0615314363604582,1.108938017263722,0.0831903191675166,0.0460971531232725,0.1264712148648158,0.711340206185567,0.88,0.9136134339790228,0.6640655989125855,0.8798877626927197,0,,ok,,2026-07-20T17:44:52.915788+00:00,False,20000
adult,gaussian_copula,fixed,0.75,2,2,500,2.2968,16.23,False,0.0717479977279204,1.253921169773357,0.0985289581336699,0.0424282752902155,0.1387910050604368,0.7010309278350515,0.87475,0.8831476359019931,0.656723538429483,0.8798877626927197,0,,ok,,2026-07-20T17:44:52.915788+00:00,False,20000
adult,gaussian_copula,fixed,0.75,2,3,500,2.8447,16.23,False,0.065896307241289,1.134790948278856,0.0837036426058082,0.0491980375898286,0.1396553065914568,0.6597938144329897,0.88425,0.9069151214920996,0.5776843479479785,0.8798877626927197,0,,ok,,2026-07-20T17:44:52.915788+00:00,False,20000
adult,gaussian_copula,fixed,0.75,2,4,500,2.5107,16.23,False,0.086328697515293,1.5461905435327286,0.1123019099388921,0.0532534549474848,0.1600713342555495,0.711340206185567,0.88325,0.9121842888064142,0.7196735107812409,0.8798877626927197,0,,ok,,2026-07-20T17:44:52.915788+00:00,False,20000
adult,gaussian_copula,fixed,0.75,2,5,500,2.4152,16.23,False,0.0705543731954163,1.336481724956755,0.0911514159841971,0.0545048369264787,0.0979002909255721,0.6804123711340206,0.88025,0.9058676529057172,0.5972492654562983,0.8798877626927197,0,,ok,,2026-07-20T17:44:52.915788+00:00,False,20000
adult,gaussian_copula,fixed,0.75,2,6,500,2.6474,16.23,False,0.0653706963996332,1.3862420948951328,0.0846305304324554,0.0431140132669983,0.12829154656845,0.6701030927835051,0.892,0.9079934784496372,0.6221854620731291,0.8798877626927197,0,,ok,,2026-07-20T17:44:52.915788+00:00,False,20000
adult,gaussian_copula,fixed,0.75,2,7,500,2.9602,16.23,False,0.0985730477202441,1.778000839502842,0.1212546877190348,0.0495262576008844,0.1226819418335162,0.6701030927835051,0.87775,0.9025099645597342,0.5875788715767025,0.8798877626927197,0,,ok,,2026-07-20T17:44:52.915788+00:00,False,20000
adult,gaussian_copula,fixed,0.75,2,8,500,2.6379,16.23,False,0.0661654170966092,1.3597978774328012,0.096386770535908,0.0505265339966832,0.1475080348933645,0.6597938144329897,0.86625,0.908593749662496,0.6333881140489654,0.8798877626927197,0,,ok,,2026-07-20T17:44:52.915788+00:00,False,20000
adult,gaussian_copula,fixed,0.75,2,9,500,2.6155,16.23,False,0.071869189226853,1.5304272129535927,0.0927465417359783,0.0411180210060807,0.1454437994854379,0.6701030927835051,0.87625,0.8968924570597641,0.6603553123635044,0.8798877626927197,0,,ok,,2026-07-20T17:44:52.915788+00:00,False,20000
adult,gaussian_copula,fixed,0.0,2,4,8000,2.9771,72.92,False,0.0273361624554677,0.8685545996014254,0.0431927878694983,0.0251024996545052,0.1413013491741648,0.9484536082474226,0.9015,0.9821946563261168,0.3784098569621446,0.9130153984382448,0,,ok,,2026-07-20T17:44:52.915788+00:00,False,20000
adult,gaussian_copula,fixed,0.0,2,5,8000,3.5975,72.92,False,0.0224206002571049,0.8887214789179391,0.0389144275280243,0.0265339103095633,0.1327397554411469,0.9175257731958762,0.90475,0.9839403111377476,0.3620470412185,0.9130153984382448,0,,ok,,2026-07-20T17:44:52.915788+00:00,False,20000
adult,gaussian_copula,fixed,0.0,2,6,8000,3.3421,72.92,False,0.0251426945729853,0.8693784656955842,0.0422444708997068,0.0256142464759535,0.1546971720341265,0.9072164948453608,0.89975,0.9864516342726048,0.3882374071994002,0.9130153984382448,0,,ok,,2026-07-20T17:44:52.915788+00:00,False,20000
adult,gaussian_copula,fixed,0.0,2,7,8000,2.6894,72.92,False,0.0298680969523587,0.8126972420152594,0.0503804424180716,0.0250039645522388,0.1469438948212693,0.8969072164948454,0.9055,0.9869610802821726,0.3841178715954537,0.9130153984382448,0,,ok,,2026-07-20T17:44:52.915788+00:00,False,20000
adult,gaussian_copula,fixed,0.02,2,3,8000,2.6736,72.92,False,0.0146066556899207,0.8461289095475055,0.0345153070914664,0.0202205292979546,0.1198576781384635,0.9175257731958762,0.90175,0.9807127180170498,0.4336746080565023,0.9130153984382448,0,,ok,,2026-07-20T17:44:52.915788+00:00,False,20000
adult,gaussian_copula,fixed,0.02,2,4,8000,2.598,72.92,False,0.0210198342463898,0.8289652270332067,0.0383146952429785,0.0206510243919292,0.1585015191711171,0.9278350515463918,0.8995,0.9803643610689312,0.4468080802888687,0.9130153984382448,0,,ok,,2026-07-20T17:44:52.915788+00:00,False,20000
adult,gaussian_copula,fixed,0.02,2,5,8000,2.5873,72.92,False,0.0226593489856424,0.7970991316202461,0.0409341515236119,0.022028399668325,0.1404834245246707,0.9072164948453608,0.91025,0.9823250225458692,0.4207712318763708,0.9130153984382448,0,,ok,,2026-07-20T17:44:52.915788+00:00,False,20000
adult,gaussian_copula,fixed,0.02,2,6,8000,3.0087,72.92,False,0.0308349544709889,0.821958682162808,0.0418010318933946,0.0298250587341072,0.1487565540785466,0.8865979381443299,0.9015,0.9831552239046308,0.4323411065302433,0.9130153984382448,0,,ok,,2026-07-20T17:44:52.915788+00:00,False,20000
adult,gaussian_copula,fixed,0.02,2,7,8000,2.6521,72.92,False,0.0292278722914829,0.7692831092300644,0.0425836790393463,0.0265592177998894,0.1449871615129257,0.8865979381443299,0.899,0.9825007947585084,0.4133878989997984,0.9130153984382448,0,,ok,,2026-07-20T17:44:52.915788+00:00,False,20000
adult,gaussian_copula,fixed,0.02,2,8,8000,2.7092,72.92,False,0.0259089595407112,0.8138968509964738,0.0453291815431582,0.0287476419983416,0.1546756815933436,0.8865979381443299,0.912,0.9828672971865912,0.4121194695156659,0.9130153984382448,0,,ok,,2026-07-20T17:44:52.915788+00:00,False,20000
adult,gaussian_copula,fixed,0.02,2,9,8000,2.6604,72.92,False,0.0343210007444976,0.7725273866681862,0.0490210566572002,0.0295508050027639,0.1513156040468557,0.8865979381443299,0.90425,0.9833976961141494,0.4208406639092293,0.9130153984382448,0,,ok,,2026-07-20T17:44:52.915788+00:00,False,20000
adult,gaussian_copula,fixed,0.02,2,10,8000,2.7031,72.92,False,0.0307031814059912,0.7525392815180747,0.0517443972875564,0.031623168877833,0.1513016907623058,0.8762886597938144,0.90025,0.9832834852489885,0.4173807326174381,0.9130153984382448,0,,ok,,2026-07-20T17:44:52.915788+00:00,False,20000
adult,gaussian_copula,fixed,0.02,2,11,8000,3.0497,72.92,False,0.0352723078411889,0.7294921225080407,0.0596200698075499,0.0311292409480375,0.1627485732880887,0.8865979381443299,0.9,0.9832927546179135,0.4381289778359051,0.9130153984382448,0,,ok,,2026-07-20T17:44:52.915788+00:00,False,20000
adult,gaussian_copula,fixed,0.02,2,12,8000,2.9693,72.92,False,0.0300750375315411,0.7652468072025355,0.0563551773009027,0.0311253109452736,0.1494822776961328,0.8762886597938144,0.90525,0.9856531414666624,0.4365082742133889,0.9130153984382448,0,,ok,,2026-07-20T17:44:52.915788+00:00,False,20000
adult,gaussian_copula,fixed,0.05,2,0,8000,5.1672,71.44,True,0.0145463381128094,1.031590700958178,0.0223937863514447,0.013567025981205,0.0866597760707584,0.9896907216494846,0.9235,0.9770717821704256,0.7046373779317331,0.9130153984382448,0,,ok,,2026-07-20T17:44:52.915788+00:00,False,20000
adult,gaussian_copula,fixed,0.05,2,1,8000,2.6071,72.18,False,0.0179327496384364,0.9610373415161488,0.0270630580909942,0.0218771852542841,0.1012481461756667,0.9690721649484536,0.91375,0.977075045444475,0.5592982670315334,0.9130153984382448,0,,ok,,2026-07-20T17:44:52.915788+00:00,False,20000
adult,gaussian_copula,fixed,0.05,2,2,8000,2.5596,72.92,False,0.0140997924231528,0.9330326180879682,0.0293513424459322,0.0197455431177446,0.1146191660942737,0.9896907216494846,0.90875,0.9807476891407934,0.5139689185767469,0.9130153984382448,0,,ok,,2026-07-20T17:44:52.915788+00:00,False,20000
adult,gaussian_copula,fixed,0.05,2,3,8000,2.6063,72.92,False,0.0196969467678706,0.9137548441215668,0.0374327964319229,0.0252560202459922,0.1181207822063518,0.9690721649484536,0.90375,0.9776059729111948,0.4890990724955656,0.9130153984382448,0,,ok,,2026-07-20T17:44:52.915788+00:00,False,20000
adult,gaussian_copula,fixed,0.05,2,4,8000,2.8505,72.92,False,0.0221485488859883,0.8755608939257248,0.0403595308190649,0.0268905386263128,0.1385183409371945,0.9484536082474226,0.9045,0.9822041974529055,0.4515152639669517,0.9130153984382448,0,,ok,,2026-07-20T17:44:52.915788+00:00,False,20000
adult,gaussian_copula,fixed,0.05,2,5,8000,2.919,72.92,False,0.0235327810521321,0.9026463685839864,0.0410845875262232,0.0256792685876174,0.1384554566247214,0.9484536082474226,0.89575,0.9823606368181708,0.4186537843473841,0.9130153984382448,0,,ok,,2026-07-20T17:44:52.915788+00:00,False,20000
adult,gaussian_copula,fixed,0.05,2,6,8000,2.6192,72.92,False,0.0170097509521308,0.9064089839558038,0.0352631041759451,0.0303434390547263,0.1576807644269721,0.9484536082474226,0.91925,0.9814868266543584,0.459374196434039,0.9130153984382448,0,,ok,,2026-07-20T17:44:52.915788+00:00,False,20000
adult,gaussian_copula,fixed,0.02,2,2,8000,2.7188,72.92,False,0.01414636369195,0.8581448785438309,0.0327214214511648,0.0159430020038695,0.1307201330863484,0.9381443298969072,0.91225,0.9809938145775592,0.5159358972526551,0.9130153984382448,0,,ok,,2026-07-20T17:44:52.915788+00:00,False,20000
adult,gaussian_copula,fixed,0.5,2,4,500,2.4466,16.23,False,0.0754391039620038,1.020634768718274,0.1074070870460795,0.054026810392482,0.1999444746910207,0.6701030927835051,0.86625,0.8904314594244164,0.658575452688331,0.8798877626927197,0,,ok,,2026-07-20T17:44:52.915788+00:00,False,20000
adult,gaussian_copula,fixed,0.02,2,1,8000,3.1762,72.18,False,0.0099955387213908,0.9317116628287652,0.0239975589168024,0.0154668238667772,0.1073329692890831,0.9587628865979382,0.912,0.977236744748226,0.5719769561704884,0.9130153984382448,0,,ok,,2026-07-20T17:44:52.915788+00:00,False,20000
adult,gaussian_copula,fixed,0.01,2,12,8000,2.8559,72.92,False,0.0345482237487617,0.8127341953595543,0.053433105701465,0.0289193442509673,0.1837591459313898,0.8556701030927835,0.8995,0.9860221808405332,0.3630921277187492,0.9130153984382448,0,,ok,,2026-07-20T17:44:52.915788+00:00,False,20000
adult,gaussian_copula,fixed,0.0,2,8,8000,2.9379,72.92,False,0.0263019553164906,0.8262060755618069,0.0446877779352111,0.026493850193477,0.1361507411693038,0.8865979381443299,0.8985,0.9845661330753824,0.3873933392192115,0.9130153984382448,0,,ok,,2026-07-20T17:44:52.915788+00:00,False,20000
adult,gaussian_copula,fixed,0.0,2,9,8000,2.785,72.92,False,0.0155750542677044,0.8726563963575579,0.0406481670303582,0.0272107949834162,0.1588533086533517,0.8762886597938144,0.90975,0.9869977111327896,0.3476287485594,0.9130153984382448,0,,ok,,2026-07-20T17:44:52.915788+00:00,False,20000
adult,gaussian_copula,fixed,0.0,2,10,8000,2.8446,72.92,False,0.0228870516120096,0.8799846816450496,0.0476133667064931,0.0278062983692647,0.1634346193564757,0.8762886597938144,0.90725,0.9851133325451528,0.3716245640173177,0.9130153984382448,0,,ok,,2026-07-20T17:44:52.915788+00:00,False,20000
adult,gaussian_copula,fixed,0.0,2,11,8000,3.2227,72.92,False,0.0172007346412576,0.8748152525001455,0.0373152152999869,0.0264445740049751,0.1727271475698188,0.865979381443299,0.90275,0.9861085082239044,0.328052914683308,0.9130153984382448,0,,ok,,2026-07-20T17:44:52.915788+00:00,False,20000
adult,gaussian_copula,fixed,0.0,2,12,8000,3.2505,72.92,False,0.0297178311557487,0.8715461229695873,0.0490160610253798,0.0317908979408512,0.1653503732085581,0.865979381443299,0.894,0.985716234783178,0.3157598388599876,0.9130153984382448,0,,ok,,2026-07-20T17:44:52.915788+00:00,False,20000
adult,gaussian_copula,fixed,0.01,2,0,8000,5.1672,71.44,True,0.0145463381128094,1.031590700958178,0.0223937863514447,0.013567025981205,0.0866597760707584,0.9896907216494846,0.9235,0.9770717821704256,0.7046373779317331,0.9130153984382448,0,,ok,,2026-07-20T17:44:52.915788+00:00,False,20000
adult,gaussian_copula,fixed,0.01,2,1,8000,3.2704,72.18,False,0.0152985005134947,0.9163594333619064,0.0296374113096002,0.0165367347291321,0.1161329723349371,0.979381443298969,0.917,0.9761926294509244,0.5491977748180835,0.9130153984382448,0,,ok,,2026-07-20T17:44:52.915788+00:00,False,20000
adult,gaussian_copula,fixed,0.01,2,2,8000,2.9517,72.92,False,0.0172339474693897,0.942844681997341,0.0308273800608634,0.0219702874516307,0.1355156203731785,0.9690721649484536,0.9195,0.9826671875631392,0.5006463932124189,0.9130153984382448,0,,ok,,2026-07-20T17:44:52.915788+00:00,False,20000
adult,gaussian_copula,fixed,0.01,2,3,8000,2.7174,72.92,False,0.0227926427327875,0.8986373248775369,0.0351474882383345,0.0246240585268103,0.1417463159466268,0.9587628865979382,0.9165,0.9802671523319576,0.4117153672167772,0.9130153984382448,0,,ok,,2026-07-20T17:44:52.915788+00:00,False,20000
adult,gaussian_copula,fixed,0.01,2,4,8000,3.1865,72.92,False,0.0240289903522865,0.9373510141387408,0.0402142369898131,0.0255265944582642,0.1468998077854077,0.9484536082474226,0.90375,0.984475458972446,0.4151428772241033,0.9130153984382448,0,,ok,,2026-07-20T17:44:52.915788+00:00,False,20000
adult,gaussian_copula,fixed,0.01,2,5,8000,3.6431,72.92,False,0.0257428737388862,0.9009207340509188,0.0396406125501518,0.0231115861663902,0.1610058124101692,0.9381443298969072,0.90175,0.983175398674038,0.3987670142901482,0.9130153984382448,0,,ok,,2026-07-20T17:44:52.915788+00:00,False,20000
adult,gaussian_copula,fixed,0.01,2,6,8000,2.743,72.92,False,0.0187863699192146,0.9154556104197544,0.0326239412838771,0.0259487285793255,0.1627201776311478,0.9381443298969072,0.9165,0.9823909548004168,0.3948088966889378,0.9130153984382448,0,,ok,,2026-07-20T17:44:52.915788+00:00,False,20000
adult,gaussian_copula,fixed,0.01,2,7,8000,2.6534,72.92,False,0.0214995769508355,0.8905634726360612,0.0430289164505586,0.0293106256909894,0.1698208821395444,0.8969072164948454,0.90825,0.9847761184428728,0.3546037174920075,0.9130153984382448,0,,ok,,2026-07-20T17:44:52.915788+00:00,False,20000
adult,gaussian_copula,fixed,0.01,2,8,8000,2.6258,72.92,False,0.0228444297415169,0.8718922292297643,0.0452223459904834,0.0259260295743504,0.1684563301770012,0.9072164948453608,0.9075,0.985844825049472,0.3720152913070439,0.9130153984382448,0,,ok,,2026-07-20T17:44:52.915788+00:00,False,20000
adult,gaussian_copula,fixed,0.01,2,9,8000,2.9797,72.92,False,0.0230032890580598,0.8142574896516184,0.0486982752089321,0.0295165923852957,0.1537800257474412,0.8865979381443299,0.902,0.984941844825504,0.4280850671563144,0.9130153984382448,0,,ok,,2026-07-20T17:44:52.915788+00:00,False,20000
adult,gaussian_copula,fixed,0.01,2,10,8000,2.8047,72.92,False,0.0222829318072923,0.7968036151398793,0.0508920904213924,0.0305671555417357,0.1449091778351204,0.8762886597938144,0.9105,0.9855511927522376,0.4342739264817707,0.9130153984382448,0,,ok,,2026-07-20T17:44:52.915788+00:00,False,20000
adult,gaussian_copula,fixed,0.01,2,11,8000,2.6759,72.92,False,0.0290255639096073,0.8128441388754365,0.0496662725964131,0.0326924319375345,0.1659934871043623,0.8556701030927835,0.91475,0.9840504604005846,0.4041830406719605,0.9130153984382448,0,,ok,,2026-07-20T17:44:52.915788+00:00,False,20000
adult,gaussian_copula,fixed,0.02,2,0,8000,5.1672,71.44,True,0.0145463381128094,1.031590700958178,0.0223937863514447,0.013567025981205,0.0866597760707584,0.9896907216494846,0.9235,0.9770717821704256,0.7046373779317331,0.9130153984382448,0,,ok,,2026-07-20T17:44:52.915788+00:00,False,20000
adult,gaussian_copula,fixed,0.1,1,8,8000,10.5165,72.92,False,0.0192325675456987,0.9527893336415244,0.0353792633559107,0.0263811929933665,0.1653679607215581,0.9278350515463918,0.9095,0.981739047482892,0.502400748580905,0.9136718556894208,0,,ok,,2026-07-20T17:44:52.915788+00:00,False,20000
adult,gaussian_copula,fixed,0.0,0,10,8000,14.5992,72.92,False,0.0325483857778597,0.9246964980796404,0.0411789636371021,0.0334342868988391,0.1685531563602526,0.9072164948453608,0.89975,0.986183163378525,0.3320471579220114,0.9152924281843964,0,,ok,,2026-07-20T17:44:52.915788+00:00,False,20000
adult,gaussian_copula,fixed,0.1,1,6,8000,10.0909,72.92,False,0.0233857259180086,0.940252678303242,0.0379517260799172,0.0203078099087893,0.1369546617182191,0.9175257731958762,0.90775,0.9790135839328904,0.5315278141838825,0.9136718556894208,0,,ok,,2026-07-20T17:44:52.915788+00:00,False,20000
adult,gaussian_copula,fixed,0.75,0,0,500,9.74,16.11,True,0.0299468315609684,0.9929720949144502,0.0680627225836619,0.0401768933112216,0.1446606779814448,0.6804123711340206,0.88275,0.8971919086579744,0.6478666925949526,0.8787659665810973,0,,ok,,2026-07-20T17:44:52.915788+00:00,False,20000
adult,gaussian_copula,fixed,0.75,0,1,500,6.6808,16.17,False,0.043658819805304,1.0024136769574088,0.0700943354861505,0.0492002487562189,0.1294286769749632,0.6907216494845361,0.8715,0.8736803141426548,0.623309421789175,0.8787659665810973,0,,ok,,2026-07-20T17:44:52.915788+00:00,False,20000
adult,gaussian_copula,fixed,0.75,0,2,500,9.6354,16.23,False,0.0497942439052547,0.8617623789785057,0.0770101307230932,0.0500735212824765,0.1554525214851735,0.6907216494845361,0.85625,0.8652122203900404,0.6085672113223911,0.8787659665810973,0,,ok,,2026-07-20T17:44:52.915788+00:00,False,20000
adult,gaussian_copula,fixed,0.75,0,3,500,7.6858,16.23,False,0.0283864037059107,0.9298466391511704,0.0624170409435115,0.0533550304035378,0.113315796535266,0.6701030927835051,0.89025,0.8933549825534705,0.6098393123776662,0.8787659665810973,0,,ok,,2026-07-20T17:44:52.915788+00:00,False,20000
adult,gaussian_copula,fixed,0.75,0,4,500,7.5472,16.23,False,0.0488241770455354,0.8006824901854136,0.0772924908962712,0.0502755666113875,0.1527421073408751,0.6804123711340206,0.86725,0.8743867866316282,0.582459029527693,0.8787659665810973,0,,ok,,2026-07-20T17:44:52.915788+00:00,False,20000
adult,gaussian_copula,fixed,0.75,0,5,500,7.7781,16.23,False,0.0580627273367557,0.7824870811795064,0.0869158329163958,0.056625207296849,0.1683491756735433,0.6701030927835051,0.86425,0.9224186357823276,0.5655011242219712,0.8787659665810973,0,,ok,,2026-07-20T17:44:52.915788+00:00,False,20000
adult,gaussian_copula,fixed,0.75,0,6,500,7.4323,16.23,False,0.0237311108534951,0.8612648404263811,0.0584016522406032,0.0632139303482587,0.1468096238698311,0.6804123711340206,0.8835,0.8959685419580001,0.6310286378615301,0.8787659665810973,0,,ok,,2026-07-20T17:44:52.915788+00:00,False,20000
adult,gaussian_copula,fixed,0.5,0,12,500,8.1864,16.23,False,0.0712763000868006,1.167200899119215,0.1307507842007604,0.0646730237700387,0.1790902768428943,0.6288659793814433,0.84375,0.9101693445948448,0.5950913978628571,0.8787659665810973,0,,ok,,2026-07-20T17:44:52.915788+00:00,False,20000
adult,gaussian_copula,fixed,0.75,0,7,500,8.6889,16.23,False,0.0604720384363908,1.0691105663253613,0.0721407763676328,0.0539100331674958,0.1203304277113354,0.6701030927835051,0.89375,0.876499796021549,0.641243211035484,0.8787659665810973,0,,ok,,2026-07-20T17:44:52.915788+00:00,False,20000
adult,gaussian_copula,fixed,0.75,0,9,500,10.5175,16.23,False,0.0396185986833449,0.766168011594876,0.0690081117580191,0.0546224433388612,0.1382879536669198,0.7010309278350515,0.86425,0.9107531276095812,0.6038255738829605,0.8787659665810973,0,,ok,,2026-07-20T17:44:52.915788+00:00,False,20000
adult,gaussian_copula,fixed,0.75,0,10,500,7.4717,16.23,False,0.0188782447971909,0.900069570293797,0.0511876609252864,0.0536196793808734,0.1434034403805097,0.6494845360824743,0.882,0.913962926178521,0.6552563851572539,0.8787659665810973,0,,ok,,2026-07-20T17:44:52.915788+00:00,False,20000
adult,gaussian_copula,fixed,0.75,0,11,500,7.4294,16.23,False,0.0386261885864101,0.9894860100634256,0.0660185961833066,0.0486000552791597,0.1389170706460515,0.6597938144329897,0.86775,0.874713526557735,0.6402815872149599,0.8787659665810973,0,,ok,,2026-07-20T17:44:52.915788+00:00,False,20000
adult,gaussian_copula,fixed,0.75,0,12,500,8.02,16.23,False,0.0550879841429506,0.9140002623714484,0.0830725152060698,0.0630739358761746,0.1615219081815815,0.6804123711340206,0.87525,0.88515249999244,0.7098875935381921,0.8787659665810973,0,,ok,,2026-07-20T17:44:52.915788+00:00,False,20000
adult,gaussian_copula,fixed,1.0,0,0,500,9.74,16.11,True,0.0299468315609684,0.9929720949144502,0.0680627225836619,0.0401768933112216,0.1446606779814448,0.6804123711340206,0.88275,0.8971919086579744,0.6478666925949526,0.8787659665810973,0,,ok,,2026-07-20T17:44:52.915788+00:00,False,20000
adult,gaussian_copula,fixed,1.0,0,1,500,5.7047,16.17,False,0.0406100388977165,0.877523390799635,0.0655078190528845,0.0405060807075732,0.0848471840075758,0.7628865979381443,0.89075,0.8739128049362641,0.6147168962950307,0.8787659665810973,0,,ok,,2026-07-20T17:44:52.915788+00:00,False,20000
adult,gaussian_copula,fixed,1.0,0,2,500,8.8505,16.23,False,0.0281953863080357,0.9958161039093736,0.054726191649896,0.0488901326699834,0.1208987228596835,0.7422680412371134,0.89025,0.9014051112838172,0.5992247018585887,0.8787659665810973,0,,ok,,2026-07-20T17:44:52.915788+00:00,False,20000
adult,gaussian_copula,fixed,0.75,0,8,500,7.5913,16.23,False,0.0587892461168481,0.8397033609737315,0.0732711033821932,0.061358623548922,0.1577522714553142,0.6907216494845361,0.90075,0.8709994339291981,0.6251420930814093,0.8787659665810973,0,,ok,,2026-07-20T17:44:52.915788+00:00,False,20000
adult,gaussian_copula,fixed,0.5,0,11,500,7.6219,16.23,False,0.0940789755455344,1.3147880260921805,0.1300087778275882,0.0616130458817026,0.2152215181829068,0.6494845360824743,0.853,0.8987911918749615,0.5941864539218478,0.8787659665810973,0,,ok,,2026-07-20T17:44:52.915788+00:00,False,20000
adult,gaussian_copula,fixed,0.5,0,10,500,7.4894,16.23,False,0.0490205950298159,1.129509983604548,0.1026462257754625,0.0757342454394693,0.1900924073657895,0.6391752577319587,0.8635,0.8835632248957105,0.55476600749289,0.8787659665810973,0,,ok,,2026-07-20T17:44:52.915788+00:00,False,20000
adult,gaussian_copula,fixed,0.5,0,9,500,7.6436,16.23,False,0.1225993356591578,1.3476664702004324,0.1691137619231601,0.067647042564953,0.1946687584469496,0.6288659793814433,0.857,0.9079095254408576,0.6747242682853751,0.8787659665810973,0,,ok,,2026-07-20T17:44:52.915788+00:00,False,20000
adult,gaussian_copula,fixed,0.35,0,5,500,9.0929,16.23,False,0.0598054973214109,0.7573699631873106,0.1077735975569309,0.0691690160309563,0.1472268631365776,0.6597938144329897,0.8285,0.9335750258375104,0.664834596375661,0.8787659665810973,0,,ok,,2026-07-20T17:44:52.915788+00:00,False,20000
adult,gaussian_copula,fixed,0.35,0,6,500,7.2515,16.23,False,0.0616809706702671,0.8385486797591856,0.1150477127294805,0.0808870923161968,0.2527185406661697,0.6391752577319587,0.814,0.9413574553511836,0.582533575534643,0.8787659665810973,0,,ok,,2026-07-20T17:44:52.915788+00:00,False,20000
adult,gaussian_copula,fixed,0.35,0,7,500,9.4127,16.23,False,0.0959133339349461,0.8514682610667009,0.1189474570159568,0.0771024046434494,0.1843401939156123,0.6391752577319587,0.8205,0.9203882833856132,0.6278376819378237,0.8787659665810973,0,,ok,,2026-07-20T17:44:52.915788+00:00,False,20000
adult,gaussian_copula,fixed,0.35,0,8,500,7.861,16.23,False,0.052976743528277,0.7252148296543747,0.1044695114138432,0.0783132946379215,0.2038092000555627,0.6391752577319587,0.8405,0.9278465650043252,0.6102473157208939,0.8787659665810973,0,,ok,,2026-07-20T17:44:52.915788+00:00,False,20000
adult,gaussian_copula,fixed,0.35,0,9,500,9.117,16.23,False,0.0626829971095356,0.6853130774898201,0.1191977404771332,0.0815585959093421,0.1931557552820435,0.6391752577319587,0.81825,0.9214474881130172,0.5691304067327174,0.8787659665810973,0,,ok,,2026-07-20T17:44:52.915788+00:00,False,20000
adult,gaussian_copula,fixed,0.35,0,10,500,9.3863,16.23,False,0.1079821881524605,0.7090106845224501,0.1301320256239499,0.0795334438916528,0.1935128907681634,0.6391752577319587,0.832,0.8984946203113576,0.6288703113216961,0.8787659665810973,0,,ok,,2026-07-20T17:44:52.915788+00:00,False,20000
adult,gaussian_copula,fixed,0.35,0,11,500,8.6959,16.23,False,0.0907217871652642,0.6981466334082994,0.1230442961333202,0.0902600884466555,0.1870699014686598,0.6391752577319587,0.836,0.914230337391734,0.4996307776269665,0.8787659665810973,0,,ok,,2026-07-20T17:44:52.915788+00:00,False,20000
adult,gaussian_copula,fixed,0.35,0,12,500,8.6709,16.23,False,0.0727430264738716,0.755239688881426,0.1197943620068347,0.0885966003316749,0.2089027633721339,0.6494845360824743,0.8465,0.9194769684352528,0.5876216191550063,0.8787659665810973,0,,ok,,2026-07-20T17:44:52.915788+00:00,False,20000
adult,gaussian_copula,fixed,0.5,0,0,500,9.74,16.11,True,0.0299468315609684,0.9929720949144502,0.0680627225836619,0.0401768933112216,0.1446606779814448,0.6804123711340206,0.88275,0.8971919086579744,0.6478666925949526,0.8787659665810973,0,,ok,,2026-07-20T17:44:52.915788+00:00,False,20000
adult,gaussian_copula,fixed,0.5,0,1,500,6.4575,16.17,False,0.0656711269754528,0.9849350227311064,0.0884550222197786,0.0580337202874516,0.1901166646708221,0.6907216494845361,0.88775,0.8881249837098043,0.6170433283421821,0.8787659665810973,0,,ok,,2026-07-20T17:44:52.915788+00:00,False,20000
adult,gaussian_copula,fixed,0.5,0,2,500,7.7,16.23,False,0.0951310035318233,1.2871585295837755,0.1199157868396388,0.0452598120508568,0.1739426792950014,0.6391752577319587,0.879,0.8904315314252816,0.5520878258175179,0.8787659665810973,0,,ok,,2026-07-20T17:44:52.915788+00:00,False,20000
adult,gaussian_copula,fixed,0.5,0,3,500,7.8593,16.23,False,0.0929627096900517,1.1794032789790667,0.1140024744549986,0.0592571862907683,0.1825316107730555,0.6494845360824743,0.893,0.8925112764154974,0.6879309424673982,0.8787659665810973,0,,ok,,2026-07-20T17:44:52.915788+00:00,False,20000
adult,gaussian_copula,fixed,0.5,0,4,500,6.8594,16.23,False,0.0968068542302242,1.3620331767214164,0.1247760770171715,0.0671026810392482,0.1738468487348143,0.6185567010309279,0.86475,0.9245973819621416,0.6587886005059163,0.8787659665810973,0,,ok,,2026-07-20T17:44:52.915788+00:00,False,20000
adult,gaussian_copula,fixed,0.5,0,5,500,8.2386,16.23,False,0.083144783628022,1.2255834169187192,0.1090406361913166,0.0631048922056384,0.1945701933519895,0.6494845360824743,0.85925,0.9125412690958892,0.6055021706197468,0.8787659665810973,0,,ok,,2026-07-20T17:44:52.915788+00:00,False,20000
adult,gaussian_copula,fixed,0.5,0,6,500,9.7498,16.23,False,0.1350982867364205,1.7183638012784168,0.1636049818593398,0.0574470702045328,0.1743154462282418,0.6494845360824743,0.85625,0.9278858054758384,0.6562630840699313,0.8787659665810973,0,,ok,,2026-07-20T17:44:52.915788+00:00,False,20000
adult,gaussian_copula,fixed,0.5,0,7,500,7.0519,16.23,False,0.079436364033055,1.1298413073763254,0.12560558812065,0.0669127971254836,0.1725060550576352,0.6288659793814433,0.86425,0.8964483557234423,0.6921751147988838,0.8787659665810973,0,,ok,,2026-07-20T17:44:52.915788+00:00,False,20000
adult,gaussian_copula,fixed,0.5,0,8,500,6.1519,16.23,False,0.0823619148130176,1.2536578928901916,0.1259242779436625,0.0649777501381979,0.1598927969804332,0.6288659793814433,0.86325,0.8690297062609504,0.589315950891687,0.8787659665810973,0,,ok,,2026-07-20T17:44:52.915788+00:00,False,20000
adult,gaussian_copula,fixed,1.0,0,3,500,6.6514,16.23,False,0.0327021117722037,1.0878610085952756,0.0631171333379274,0.0413402432283029,0.0783428909299309,0.6804123711340206,0.88825,0.85804071821727,0.6376817542452213,0.8787659665810973,0,,ok,,2026-07-20T17:44:52.915788+00:00,False,20000
adult,gaussian_copula,fixed,0.35,0,4,500,7.7338,16.23,False,0.0659564204081123,0.7968134123379672,0.1143488068215377,0.073349087893864,0.1630285347395564,0.6701030927835051,0.8375,0.9127133511636276,0.5685958980944938,0.8787659665810973,0,,ok,,2026-07-20T17:44:52.915788+00:00,False,20000
adult,gaussian_copula,fixed,1.0,0,4,500,7.3143,16.23,False,0.0328973199485175,1.0356252103983985,0.0627059333367564,0.058838170259812,0.1284247478012032,0.7422680412371134,0.878,0.8935267766177479,0.6805794408013571,0.8787659665810973,0,,ok,,2026-07-20T17:44:52.915788+00:00,False,20000
adult,gaussian_copula,fixed,1.0,0,6,500,6.5307,16.23,False,0.0454364350122389,1.0636429473721554,0.0798487194659926,0.0475277777777777,0.1646002537453036,0.7319587628865979,0.87025,0.8893982470093361,0.6224368663507455,0.8787659665810973,0,,ok,,2026-07-20T17:44:52.915788+00:00,False,20000
adult,gaussian_copula,fixed,0.01,0,2,8000,14.0468,72.92,False,0.0199933210363513,1.002152862102598,0.0253031111901826,0.019293394140409,0.1385384984054436,0.9896907216494846,0.91775,0.9791774873933048,0.4748789463325135,0.9152924281843964,0,,ok,,2026-07-20T17:44:52.915788+00:00,False,20000
adult,gaussian_copula,fixed,0.01,0,3,8000,14.0279,72.92,False,0.0268360849521129,1.0129970615729202,0.0337898162643536,0.0230597446793808,0.1452067393486305,0.979381443298969,0.91725,0.9809212547358316,0.4590730620365706,0.9152924281843964,0,,ok,,2026-07-20T17:44:52.915788+00:00,False,20000
adult,gaussian_copula,fixed,0.01,0,4,8000,14.3897,72.92,False,0.0330802648966894,0.9774579323032828,0.046013207790524,0.0234452477197346,0.1520326164036751,0.9896907216494846,0.908,0.9824589839147324,0.4223434838725582,0.9152924281843964,0,,ok,,2026-07-20T17:44:52.915788+00:00,False,20000
adult,gaussian_copula,fixed,0.01,0,5,8000,14.4008,72.92,False,0.033300663792001,0.9789352908031024,0.0406240051455914,0.0254092126174682,0.1615849494723292,0.9690721649484536,0.90725,0.9813818527440542,0.4242372278169244,0.9152924281843964,0,,ok,,2026-07-20T17:44:52.915788+00:00,False,20000
adult,gaussian_copula,fixed,0.01,0,6,8000,14.7838,72.92,False,0.0250233120599576,1.0341005646887111,0.0312214844105072,0.0253389908098397,0.1620845535370588,0.9587628865979382,0.8955,0.9849161597347512,0.427498074719882,0.9152924281843964,0,,ok,,2026-07-20T17:44:52.915788+00:00,False,20000
adult,gaussian_copula,fixed,0.01,0,7,8000,15.283,72.92,False,0.0367170994700344,1.0122486338871874,0.0423046011551317,0.0302960199004975,0.1490002822548037,0.9484536082474226,0.90825,0.984207253859666,0.4270793517001932,0.9152924281843964,0,,ok,,2026-07-20T17:44:52.915788+00:00,False,20000
adult,gaussian_copula,fixed,0.01,0,8,8000,14.6065,72.92,False,0.0318203396325169,0.9652189237522908,0.0395054886953084,0.0347673783858485,0.1759636150011874,0.9381443298969072,0.912,0.9837872673043692,0.4005504471908088,0.9152924281843964,0,,ok,,2026-07-20T17:44:52.915788+00:00,False,20000
adult,gaussian_copula,fixed,0.01,0,1,8000,13.3927,72.18,False,0.0114472825365381,1.0052956536176512,0.021990323209014,0.0180322951216141,0.1162258372905494,0.9896907216494846,0.9165,0.9779590805242664,0.5385753622103278,0.9152924281843964,0,,ok,,2026-07-20T17:44:52.915788+00:00,False,20000
adult,gaussian_copula,fixed,0.01,0,9,8000,15.9636,72.92,False,0.0484334454437861,0.9992145557384255,0.0520503413364996,0.0395223966970701,0.182666445195841,0.9278350515463918,0.90525,0.9854559207734396,0.3559123375673979,0.9152924281843964,0,,ok,,2026-07-20T17:44:52.915788+00:00,False,20000
adult,gaussian_copula,fixed,0.01,0,11,8000,24.6068,72.92,False,0.0494949688368536,0.9014020842444496,0.0540086072495206,0.0345288660862354,0.1836899988730848,0.9072164948453608,0.91625,0.984789072468739,0.3887171700893359,0.9152924281843964,0,,ok,,2026-07-20T17:44:52.915788+00:00,False,20000
adult,gaussian_copula,fixed,0.01,0,12,8000,17.3898,72.92,False,0.0434397154030233,0.9208603669382036,0.0528776631522511,0.0383991068960751,0.1724302442207837,0.9175257731958762,0.90175,0.987794733633769,0.4169831539137046,0.9152924281843964,0,,ok,,2026-07-20T17:44:52.915788+00:00,False,20000
adult,gaussian_copula,fixed,0.02,0,0,8000,15.5438,71.44,True,0.0159652726413087,0.9862134759916684,0.0223296702995789,0.0162074695964621,0.0828055581336778,1.0,0.91625,0.9757189620340018,0.709868285007808,0.9152924281843964,0,,ok,,2026-07-20T17:44:52.915788+00:00,False,20000
adult,gaussian_copula,fixed,0.02,0,1,8000,16.8472,72.18,False,0.0132769853419261,0.9519554021572488,0.027233065586568,0.0192011643173023,0.1098024748985238,0.979381443298969,0.91125,0.9778286969373235,0.578125034830753,0.9152924281843964,0,,ok,,2026-07-20T17:44:52.915788+00:00,False,20000
adult,gaussian_copula,fixed,0.02,0,2,8000,17.033,72.92,False,0.0211913635581656,0.9904275203067672,0.0320378249962945,0.0169110523770038,0.1249628479323452,0.9690721649484536,0.908,0.97980702197226,0.4715053625263452,0.9152924281843964,0,,ok,,2026-07-20T17:44:52.915788+00:00,False,20000
adult,gaussian_copula,fixed,0.02,0,3,8000,16.9495,72.92,False,0.0130216826035775,1.025287636195349,0.0270874452867425,0.017811809010503,0.140154318938453,0.9587628865979382,0.90775,0.9837196200573124,0.4288405257008013,0.9152924281843964,0,,ok,,2026-07-20T17:44:52.915788+00:00,False,20000
adult,gaussian_copula,fixed,0.02,0,4,8000,18.1448,72.92,False,0.0222793232942252,1.0829228521558487,0.0333152139335623,0.019018682628524,0.1402255226336349,0.9587628865979382,0.91025,0.982079659577996,0.4502060210357423,0.9152924281843964,0,,ok,,2026-07-20T17:44:52.915788+00:00,False,20000
adult,gaussian_copula,fixed,0.01,0,10,8000,32.8217,72.92,False,0.0456470250383453,0.916886863270468,0.0508304018311759,0.0376928810807075,0.1724546694307393,0.9175257731958762,0.909,0.9824452084277752,0.4197878408840724,0.9152924281843964,0,,ok,,2026-07-20T17:44:52.915788+00:00,False,20000
adult,gaussian_copula,fixed,0.01,0,0,8000,15.5438,71.44,True,0.0159652726413087,0.9862134759916684,0.0223296702995789,0.0162074695964621,0.0828055581336778,1.0,0.91625,0.9757189620340018,0.709868285007808,0.9152924281843964,0,,ok,,2026-07-20T17:44:52.915788+00:00,False,20000
adult,gaussian_copula,fixed,0.0,0,12,8000,15.4259,72.92,False,0.0246097193194739,0.8667222640860746,0.0419567418987818,0.0329835371752349,0.1604466175920272,0.865979381443299,0.90825,0.9831344836116802,0.3496588651462078,0.9152924281843964,0,,ok,,2026-07-20T17:44:52.915788+00:00,False,20000
adult,gaussian_copula,fixed,0.0,0,11,8000,15.087,72.92,False,0.0308490330975731,0.9455042222684495,0.0411577405953944,0.0294602767412935,0.1558675246639657,0.8865979381443299,0.9135,0.9848666593035964,0.3244314998250103,0.9152924281843964,0,,ok,,2026-07-20T17:44:52.915788+00:00,False,20000
adult,gaussian_copula,fixed,1.0,0,7,500,7.6409,16.23,False,0.0476385189979392,1.1149367932116474,0.0691726572130619,0.0509353233830845,0.1122912318237512,0.7216494845360825,0.862,0.886827600120443,0.6764650847352726,0.8787659665810973,0,,ok,,2026-07-20T17:44:52.915788+00:00,False,20000
adult,gaussian_copula,fixed,1.0,0,8,500,8.6573,16.23,False,0.0421265035481499,0.9994443929984934,0.0638903959018497,0.0455121614151464,0.1413671819045341,0.7319587628865979,0.87625,0.8996264739117105,0.6506474160072372,0.8787659665810973,0,,ok,,2026-07-20T17:44:52.915788+00:00,False,20000
adult,gaussian_copula,fixed,1.0,0,9,500,7.2436,16.23,False,0.039759339067661,1.236436352501144,0.0632492100366299,0.0452254007739082,0.1403588848223529,0.7525773195876289,0.87925,0.9044501718732652,0.6519368258978991,0.8787659665810973,0,,ok,,2026-07-20T17:44:52.915788+00:00,False,20000
adult,gaussian_copula,fixed,1.0,0,10,500,7.5035,16.23,False,0.0391089944275623,0.9264490302018584,0.0656859019359912,0.0538959369817578,0.1369466132899769,0.7319587628865979,0.882,0.8882354330369634,0.6484231323143761,0.8787659665810973,0,,ok,,2026-07-20T17:44:52.915788+00:00,False,20000
adult,gaussian_copula,fixed,1.0,0,11,500,9.221,16.23,False,0.0420358505717299,1.0123406909945287,0.0791438756816574,0.0491000552791597,0.0989544795784298,0.7216494845360825,0.90325,0.9000244946943283,0.6206868381911061,0.8787659665810973,0,,ok,,2026-07-20T17:44:52.915788+00:00,False,20000
adult,gaussian_copula,fixed,1.0,0,12,500,6.8115,16.23,False,0.0229318640712966,0.9702849410093292,0.0599742923098116,0.0476561636263128,0.1275915678741911,0.7216494845360825,0.89925,0.905770451737748,0.684410266342327,0.8787659665810973,0,,ok,,2026-07-20T17:44:52.915788+00:00,False,20000
adult,gaussian_copula,fixed,0.0,0,0,8000,15.5438,71.44,True,0.0159652726413087,0.9862134759916684,0.0223296702995789,0.0162074695964621,0.0828055581336778,1.0,0.91625,0.9757189620340018,0.709868285007808,0.9152924281843964,0,,ok,,2026-07-20T17:44:52.915788+00:00,False,20000
adult,gaussian_copula,fixed,0.0,0,1,8000,14.215,72.18,False,0.0063342010456353,0.9637487619430728,0.0199697570634789,0.0180774167357656,0.1104775172622652,0.9690721649484536,0.916,0.9806501973959542,0.5585136326092165,0.9152924281843964,0,,ok,,2026-07-20T17:44:52.915788+00:00,False,20000
adult,gaussian_copula,fixed,0.0,0,2,8000,13.5981,72.92,False,0.0175228496218489,0.9971072943106688,0.0265956694484422,0.0181357880735212,0.1071635719514337,0.9896907216494846,0.92675,0.9797071113363426,0.4514973978395164,0.9152924281843964,0,,ok,,2026-07-20T17:44:52.915788+00:00,False,20000
adult,gaussian_copula,fixed,0.0,0,3,8000,12.906,72.92,False,0.0242334030044758,0.9054351465377378,0.0311837167469482,0.0243873946241017,0.1345996081376517,0.9690721649484536,0.919,0.982298905244098,0.4038825946940814,0.9152924281843964,0,,ok,,2026-07-20T17:44:52.915788+00:00,False,20000
adult,gaussian_copula,fixed,0.0,0,4,8000,14.8575,72.92,False,0.0233021398024737,0.9136292159246456,0.0305947601223494,0.0243222602266445,0.1501627593839652,0.9278350515463918,0.92025,0.9842717504733196,0.4315226739842828,0.9152924281843964,0,,ok,,2026-07-20T17:44:52.915788+00:00,False,20000
adult,gaussian_copula,fixed,0.0,0,5,8000,14.464,72.92,False,0.029698171992679,0.9712721549858032,0.0375843189081685,0.0263728233830845,0.155521780275509,0.9278350515463918,0.9095,0.9850897694157352,0.4027458172609214,0.9152924281843964,0,,ok,,2026-07-20T17:44:52.915788+00:00,False,20000
adult,gaussian_copula,fixed,0.0,0,6,8000,17.3624,72.92,False,0.0371745183382078,0.999389579049918,0.0439617177565727,0.0283117139994472,0.1635949814845372,0.9072164948453608,0.90775,0.985328678749586,0.3527165627065668,0.9152924281843964,0,,ok,,2026-07-20T17:44:52.915788+00:00,False,20000
adult,gaussian_copula,fixed,0.0,0,7,8000,15.276,72.92,False,0.0348697938642803,0.958314234788362,0.0474238627197958,0.0264580051133222,0.1479914062300029,0.9072164948453608,0.90725,0.9839524283743942,0.3227004851587882,0.9152924281843964,0,,ok,,2026-07-20T17:44:52.915788+00:00,False,20000
adult,gaussian_copula,fixed,0.0,0,8,8000,14.8833,72.92,False,0.0355460195224249,1.015258371925932,0.0470951735824262,0.02705311118021,0.157857144987153,0.9072164948453608,0.904,0.9858232366469876,0.3456518041903903,0.9152924281843964,0,,ok,,2026-07-20T17:44:52.915788+00:00,False,20000
adult,gaussian_copula,fixed,0.0,0,9,8000,15.231,72.92,False,0.0380351294960472,1.0392702346035738,0.0483257834056616,0.0296455914870094,0.1477913526727028,0.9072164948453608,0.91125,0.9846789279168404,0.3809622545439954,0.9152924281843964,0,,ok,,2026-07-20T17:44:52.915788+00:00,False,20000
adult,gaussian_copula,fixed,1.0,2,11,8000,2.6558,72.92,False,0.0098620304965335,0.9873391186373364,0.0230185063917817,0.0142630683388612,0.0802520658958036,0.9896907216494846,0.91725,0.9752958941734396,0.6830502770528246,0.9130153984382448,0,,ok,,2026-07-20T17:44:52.915788+00:00,False,20000
adult,gaussian_copula,fixed,1.0,0,5,500,7.199,16.23,False,0.031976634337989,1.0196983746621402,0.0715806374362646,0.0496868435599778,0.1775237060853623,0.7422680412371134,0.87775,0.8432462684471617,0.652903760383826,0.8787659665810973,0,,ok,,2026-07-20T17:44:52.915788+00:00,False,20000
adult,gaussian_copula,fixed,0.35,0,3,500,9.0325,16.23,False,0.030614250935751,0.7955760769884868,0.0770973495793254,0.069714759535655,0.1878958904804588,0.711340206185567,0.8635,0.9358241168625884,0.7157572228655484,0.8787659665810973,0,,ok,,2026-07-20T17:44:52.915788+00:00,False,20000
adult,gaussian_copula,fixed,0.35,0,2,500,7.2117,16.23,False,0.0709692248415699,0.8072459505731238,0.1072037055310751,0.0773101160862354,0.1542296414190604,0.6597938144329897,0.84875,0.9228726012371764,0.6547165002898574,0.8787659665810973,0,,ok,,2026-07-20T17:44:52.915788+00:00,False,20000
adult,gaussian_copula,fixed,0.35,0,1,500,7.3886,16.17,False,0.0503966835298184,0.9152645799343602,0.0881274648089395,0.0562632669983416,0.1604913395787251,0.6804123711340206,0.851,0.9161809848307136,0.6372317900889346,0.8787659665810973,0,,ok,,2026-07-20T17:44:52.915788+00:00,False,20000
adult,gaussian_copula,fixed,0.01,0,8,500,7.7035,16.23,False,0.1464874862492429,0.7476200095907388,0.1762261037222341,0.1097479270315091,0.2366046617319874,0.5257731958762887,0.752,0.96499620339438,0.5778407503222787,0.8787659665810973,0,,ok,,2026-07-20T17:44:52.915788+00:00,False,20000
adult,gaussian_copula,fixed,0.01,0,9,500,6.8221,16.23,False,0.1651915907563419,0.7756901641968961,0.1972157914069719,0.1197111663902708,0.2803169749226288,0.5154639175257731,0.7705,0.9614027842158552,0.5180452148741117,0.8787659665810973,0,,ok,,2026-07-20T17:44:52.915788+00:00,False,20000
adult,gaussian_copula,fixed,0.01,0,10,500,8.263,16.23,False,0.1433534621281907,0.8122435251120322,0.1798016726924853,0.10799543946932,0.2539922081494027,0.4639175257731959,0.76775,0.9613567036621512,0.4879429537501362,0.8787659665810973,0,,ok,,2026-07-20T17:44:52.915788+00:00,False,20000
adult,gaussian_copula,fixed,0.01,0,11,500,8.221,16.23,False,0.1410679001040145,0.8273595350271675,0.1963641313624936,0.1266843559977888,0.2352939027570243,0.4639175257731959,0.7745,0.9624400286793846,0.5010145337832407,0.8787659665810973,0,,ok,,2026-07-20T17:44:52.915788+00:00,False,20000
adult,gaussian_copula,fixed,0.01,0,12,500,8.9862,16.23,False,0.1338853140642298,0.7067273301367539,0.1856829205191231,0.1226218905472636,0.1985084990579778,0.4432989690721649,0.7325,0.9752342224144164,0.5604987396676415,0.8787659665810973,0,,ok,,2026-07-20T17:44:52.915788+00:00,False,20000
adult,gaussian_copula,fixed,0.02,0,0,500,9.74,16.11,True,0.0299468315609684,0.9929720949144502,0.0680627225836619,0.0401768933112216,0.1446606779814448,0.6804123711340206,0.88275,0.8971919086579744,0.6478666925949526,0.8787659665810973,0,,ok,,2026-07-20T17:44:52.915788+00:00,False,20000
adult,gaussian_copula,fixed,0.02,0,1,500,7.1844,16.17,False,0.0647906804263305,1.240272162503069,0.094809490989774,0.0638486733001658,0.118284353363241,0.6597938144329897,0.8645,0.9135343770290744,0.4769864609502839,0.8787659665810973,0,,ok,,2026-07-20T17:44:52.915788+00:00,False,20000
adult,gaussian_copula,fixed,0.01,0,7,500,7.8329,16.23,False,0.1429649546183349,0.8699808872780744,0.1807676042527486,0.1052851022664455,0.2580006222384186,0.5360824742268041,0.844,0.95876697654399,0.6701821086174005,0.8787659665810973,0,,ok,,2026-07-20T17:44:52.915788+00:00,False,20000
adult,gaussian_copula,fixed,0.02,0,2,500,6.9378,16.23,False,0.0875247025496316,1.1527980664695234,0.1306770457730248,0.0641484245439469,0.2185967626129128,0.6288659793814433,0.8365,0.9310621236424778,0.5183013397431973,0.8787659665810973,0,,ok,,2026-07-20T17:44:52.915788+00:00,False,20000
adult,gaussian_copula,fixed,0.02,0,4,500,7.6488,16.23,False,0.1299242189700973,2.0106080971244915,0.1770541374313985,0.0763218629076838,0.1759741039972303,0.5876288659793815,0.83575,0.9317451238494082,0.3569667669049298,0.8787659665810973,0,,ok,,2026-07-20T17:44:52.915788+00:00,False,20000
adult,gaussian_copula,fixed,0.02,0,5,500,7.0051,16.23,False,0.1268243745108765,1.4962734166001035,0.1590043377303876,0.07218407960199,0.1624899787319984,0.5876288659793815,0.85375,0.9268101125503124,0.5623335090005288,0.8787659665810973,0,,ok,,2026-07-20T17:44:52.915788+00:00,False,20000
adult,gaussian_copula,fixed,0.02,0,6,500,8.4896,16.23,False,0.1329350958711389,1.5073050694845964,0.1680942588515857,0.0856951354339414,0.2100937740827613,0.5773195876288659,0.824,0.9560838643037136,0.3559615759589718,0.8787659665810973,0,,ok,,2026-07-20T17:44:52.915788+00:00,False,20000
adult,gaussian_copula,fixed,0.02,0,7,500,6.6497,16.23,False,0.1450996345818569,1.5191056135529677,0.1883192391053725,0.0805644002211166,0.2595154904965447,0.5773195876288659,0.8175,0.9206442464612656,0.2960618268977466,0.8787659665810973,0,,ok,,2026-07-20T17:44:52.915788+00:00,False,20000
adult,gaussian_copula,fixed,0.02,0,8,500,7.2007,16.23,False,0.1538853552007049,1.3492806680221083,0.1983437230025889,0.1023120508568269,0.2100584366942945,0.5876288659793815,0.789,0.9503561954800448,0.3136396376526439,0.8787659665810973,0,,ok,,2026-07-20T17:44:52.915788+00:00,False,20000
adult,gaussian_copula,fixed,0.02,0,9,500,8.1146,16.23,False,0.1338464225560685,1.0747105100914502,0.1782792688167243,0.1186057213930348,0.2252862496631792,0.5670103092783505,0.81525,0.9541654012514614,0.4055915471515623,0.8787659665810973,0,,ok,,2026-07-20T17:44:52.915788+00:00,False,20000
adult,gaussian_copula,fixed,0.02,0,10,500,8.5592,16.23,False,0.1214697450356131,1.540759855105153,0.1683330359417274,0.107671365395246,0.253342371379101,0.5670103092783505,0.82675,0.958781592719618,0.3389607919474052,0.8787659665810973,0,,ok,,2026-07-20T17:44:52.915788+00:00,False,20000
adult,gaussian_copula,fixed,0.02,0,3,500,5.5931,16.23,False,0.1316703669530795,1.5281070132835062,0.1620748637684076,0.0688499170812603,0.1809607251589783,0.5773195876288659,0.85625,0.892917649298474,0.5065754888795322,0.8787659665810973,0,,ok,,2026-07-20T17:44:52.915788+00:00,False,20000
adult,gaussian_copula,fixed,0.01,0,6,500,6.6971,16.23,False,0.1081480651281809,0.8300568037221273,0.1537918099292343,0.1241634881149806,0.2595115541482081,0.5257731958762887,0.8175,0.9503440273338324,0.5525254312030834,0.8787659665810973,0,,ok,,2026-07-20T17:44:52.915788+00:00,False,20000
adult,gaussian_copula,fixed,0.01,0,5,500,8.3038,16.23,False,0.0913253617950541,0.8518225560470416,0.1388635517465858,0.0832469596462133,0.2661375045757778,0.5773195876288659,0.8375,0.9535317216371672,0.4049572504547831,0.8787659665810973,0,,ok,,2026-07-20T17:44:52.915788+00:00,False,20000
adult,gaussian_copula,fixed,0.01,0,4,500,7.1254,16.23,False,0.0951459005253008,0.8842262096818748,0.1470012015702687,0.0705366224433388,0.2407115953852412,0.5876288659793815,0.87075,0.9508933939350216,0.5362611250244718,0.8787659665810973,0,,ok,,2026-07-20T17:44:52.915788+00:00,False,20000
adult,gaussian_copula,fixed,0.0,0,0,500,9.74,16.11,True,0.0299468315609684,0.9929720949144502,0.0680627225836619,0.0401768933112216,0.1446606779814448,0.6804123711340206,0.88275,0.8971919086579744,0.6478666925949526,0.8787659665810973,0,,ok,,2026-07-20T17:44:52.915788+00:00,False,20000
adult,gaussian_copula,fixed,0.0,0,1,500,8.0,16.17,False,0.0253524755870358,1.2565139567790575,0.0824528873948522,0.0666276948590381,0.1637560202704356,0.6597938144329897,0.855,0.918979658459576,0.4328420792999048,0.8787659665810973,0,,ok,,2026-07-20T17:44:52.915788+00:00,False,20000
adult,gaussian_copula,fixed,0.0,0,2,500,7.5888,16.23,False,0.04631624550948,1.0632387212777878,0.0896958195816337,0.069800442233278,0.180620322137383,0.6391752577319587,0.845,0.9332740622211316,0.4327615997717332,0.8787659665810973,0,,ok,,2026-07-20T17:44:52.915788+00:00,False,20000
adult,gaussian_copula,fixed,0.0,0,3,500,7.939,16.23,False,0.1284515943773358,1.4722148127625057,0.149056397693171,0.0822694859038142,0.2616551085275332,0.5876288659793815,0.872,0.9316948672455247,0.3933335807272936,0.8787659665810973,0,,ok,,2026-07-20T17:44:52.915788+00:00,False,20000
adult,gaussian_copula,fixed,0.0,0,4,500,5.8307,16.23,False,0.114868575973326,1.6345694057233235,0.153653208928968,0.0800398009950248,0.1747243271360302,0.5773195876288659,0.823,0.9324775886507052,0.3330888678880847,0.8787659665810973,0,,ok,,2026-07-20T17:44:52.915788+00:00,False,20000
adult,gaussian_copula,fixed,0.0,0,5,500,8.2963,16.23,False,0.1499714714547779,1.9602257715032665,0.183302285729749,0.1000501658374792,0.2628697930061034,0.5257731958762887,0.82575,0.9527122077898889,0.3725087570249941,0.8787659665810973,0,,ok,,2026-07-20T17:44:52.915788+00:00,False,20000
adult,gaussian_copula,fixed,0.0,0,6,500,6.8194,16.23,False,0.1707871286244807,2.3932498162603637,0.221294154149742,0.097499309010503,0.2125938879052545,0.5360824742268041,0.814,0.9489497305799628,0.3797659124254228,0.8787659665810973,0,,ok,,2026-07-20T17:44:52.915788+00:00,False,20000
adult,gaussian_copula,fixed,0.0,0,7,500,7.5307,16.23,False,0.1245252357100486,1.9042182673143655,0.1833882533464698,0.1048489496959646,0.244373788475743,0.5463917525773195,0.82675,0.948392155880145,0.3861770657144359,0.8787659665810973,0,,ok,,2026-07-20T17:44:52.915788+00:00,False,20000
adult,gaussian_copula,fixed,0.0,0,8,500,8.4428,16.23,False,0.2132392420585473,2.691456320962022,0.2454584638171209,0.1297306522940851,0.2533152979013692,0.5051546391752577,0.802,0.957347767490774,0.3889198277036565,0.8787659665810973,0,,ok,,2026-07-20T17:44:52.915788+00:00,False,20000
adult,gaussian_copula,fixed,0.0,0,9,500,7.7804,16.23,False,0.1057237158529257,1.7278156313991122,0.1641079310109539,0.1226978993919292,0.2309345610327686,0.4948453608247423,0.81825,0.9547743845690052,0.3813744211866439,0.8787659665810973,0,,ok,,2026-07-20T17:44:52.915788+00:00,False,20000
adult,gaussian_copula,fixed,0.0,0,10,500,8.2552,16.23,False,0.1726375904465462,2.3071024236062487,0.2021341070336654,0.1314614427860696,0.2454034481294164,0.4845360824742268,0.8435,0.9514608327533663,0.458863257971276,0.8787659665810973,0,,ok,,2026-07-20T17:44:52.915788+00:00,False,20000
adult,gaussian_copula,fixed,0.0,0,11,500,8.6517,16.23,False,0.1624231162149245,1.887158751890552,0.2017693092884117,0.1478464621337755,0.2139345622747509,0.4742268041237113,0.79125,0.9622040098433824,0.33990225490853,0.8787659665810973,0,,ok,,2026-07-20T17:44:52.915788+00:00,False,20000
adult,gaussian_copula,fixed,0.0,0,12,500,9.3397,16.23,False,0.1204384398391953,1.6405954837814516,0.1679237687705233,0.1515152017689331,0.19357774632615,0.4742268041237113,0.8225,0.9464803889083532,0.4302395254336945,0.8787659665810973,0,,ok,,2026-07-20T17:44:52.915788+00:00,False,20000
adult,gaussian_copula,fixed,0.01,0,0,500,9.74,16.11,True,0.0299468315609684,0.9929720949144502,0.0680627225836619,0.0401768933112216,0.1446606779814448,0.6804123711340206,0.88275,0.8971919086579744,0.6478666925949526,0.8787659665810973,0,,ok,,2026-07-20T17:44:52.915788+00:00,False,20000
adult,gaussian_copula,fixed,0.01,0,1,500,7.8005,16.17,False,0.0475390972264276,0.9809778965132604,0.0719275462751229,0.0520829187396351,0.1726551672241618,0.6494845360824743,0.892,0.9049928423939942,0.497770045040999,0.8787659665810973,0,,ok,,2026-07-20T17:44:52.915788+00:00,False,20000
adult,gaussian_copula,fixed,0.01,0,2,500,9.1673,16.23,False,0.0637558557412363,1.0679234064155785,0.1052466444393085,0.0599736042012161,0.1235929238497345,0.6082474226804123,0.88025,0.9467853125723158,0.4768919507752457,0.8787659665810973,0,,ok,,2026-07-20T17:44:52.915788+00:00,False,20000
adult,gaussian_copula,fixed,0.01,0,3,500,7.8636,16.23,False,0.103486888695555,0.8564881125940484,0.1329756024866912,0.0726663902708678,0.2381578072139207,0.5876288659793815,0.88475,0.9370426595045966,0.5993652378004509,0.8787659665810973,0,,ok,,2026-07-20T17:44:52.915788+00:00,False,20000
adult,gaussian_copula,fixed,0.02,0,11,500,7.5292,16.23,False,0.1543171376133502,0.9939864363133178,0.1788077454300679,0.1190523770038695,0.2223958762708372,0.5463917525773195,0.826,0.9496692352255306,0.3836317162379036,0.8787659665810973,0,,ok,,2026-07-20T17:44:52.915788+00:00,False,20000
adult,gaussian_copula,fixed,0.02,0,12,500,7.9763,16.23,False,0.1726623305954608,1.3992140125590702,0.2134023907466674,0.1175681315644002,0.2336260587546832,0.5360824742268041,0.81275,0.9593503995544008,0.3659431027110226,0.8787659665810973,0,,ok,,2026-07-20T17:44:52.915788+00:00,False,20000
adult,gaussian_copula,fixed,0.05,0,0,500,9.74,16.11,True,0.0299468315609684,0.9929720949144502,0.0680627225836619,0.0401768933112216,0.1446606779814448,0.6804123711340206,0.88275,0.8971919086579744,0.6478666925949526,0.8787659665810973,0,,ok,,2026-07-20T17:44:52.915788+00:00,False,20000
adult,gaussian_copula,fixed,0.05,0,1,500,7.6241,16.17,False,0.0973388558616718,1.4130594725996108,0.131359394776093,0.0572458540630182,0.1534711962473151,0.7216494845360825,0.849,0.9069229695864026,0.5425774403195945,0.8787659665810973,0,,ok,,2026-07-20T17:44:52.915788+00:00,False,20000
adult,gaussian_copula,fixed,0.1,0,10,500,11.1338,16.23,False,0.1824139643480499,1.3520724645762108,0.213890574726981,0.1057660309563294,0.2503427101399929,0.5670103092783505,0.8595,0.9373211588510448,0.4581016692142562,0.8787659665810973,0,,ok,,2026-07-20T17:44:52.915788+00:00,False,20000
adult,gaussian_copula,fixed,0.1,0,11,500,9.0463,16.23,False,0.1801232507273963,1.2676341355485985,0.2142630042757762,0.1042037037037037,0.2644278558580576,0.5567010309278351,0.83975,0.9507665284106054,0.4170141000133357,0.8787659665810973,0,,ok,,2026-07-20T17:44:52.915788+00:00,False,20000
adult,gaussian_copula,fixed,0.1,0,12,500,8.6414,16.23,False,0.1462629391565185,1.038032647950412,0.2017419274310573,0.1014534273079049,0.2261409583967975,0.5463917525773195,0.8225,0.9596842675661592,0.4954520707202298,0.8787659665810973,0,,ok,,2026-07-20T17:44:52.915788+00:00,False,20000
adult,gaussian_copula,fixed,0.2,0,0,500,9.74,16.11,True,0.0299468315609684,0.9929720949144502,0.0680627225836619,0.0401768933112216,0.1446606779814448,0.6804123711340206,0.88275,0.8971919086579744,0.6478666925949526,0.8787659665810973,0,,ok,,2026-07-20T17:44:52.915788+00:00,False,20000
adult,gaussian_copula,fixed,0.2,0,1,500,6.9409,16.17,False,0.0562885652903829,0.9511580872805816,0.0831138881650725,0.057731343283582,0.1056574263245253,0.6804123711340206,0.874,0.8865678209989372,0.5954305920290452,0.8787659665810973,0,,ok,,2026-07-20T17:44:52.915788+00:00,False,20000
adult,gaussian_copula,fixed,0.2,0,2,500,7.6155,16.23,False,0.0400589479934463,1.0128721274530268,0.069691195784862,0.0525154781647319,0.2181602294817992,0.6701030927835051,0.85475,0.8870811151666799,0.5761906413487359,0.8787659665810973,0,,ok,,2026-07-20T17:44:52.915788+00:00,False,20000
adult,gaussian_copula,fixed,0.2,0,3,500,7.7741,16.23,False,0.0675213143507645,0.8947421618054164,0.1133447824414849,0.0695201768933112,0.1849824703232141,0.6597938144329897,0.8375,0.9080063666045012,0.541608801175637,0.8787659665810973,0,,ok,,2026-07-20T17:44:52.915788+00:00,False,20000
adult,gaussian_copula,fixed,0.2,0,4,500,8.2639,16.23,False,0.0319023291082552,0.9437790242059968,0.0872185640668623,0.0774925373134328,0.2196201800129848,0.6597938144329897,0.8495,0.898673470460421,0.529221608559901,0.8787659665810973,0,,ok,,2026-07-20T17:44:52.915788+00:00,False,20000
adult,gaussian_copula,fixed,0.2,0,5,500,7.1761,16.23,False,0.0891520512564718,0.9262058689272384,0.1204783123728189,0.0678691265892758,0.2095057069173959,0.6907216494845361,0.8145,0.897966277962796,0.4484911022751546,0.8787659665810973,0,,ok,,2026-07-20T17:44:52.915788+00:00,False,20000
adult,gaussian_copula,fixed,0.2,0,6,500,7.6466,16.23,False,0.0761312728418926,0.9978821865951092,0.1241884156141253,0.0715461580983969,0.2272549431887457,0.6804123711340206,0.85575,0.9236069380609678,0.547805364244116,0.8787659665810973,0,,ok,,2026-07-20T17:44:52.915788+00:00,False,20000
adult,gaussian_copula,fixed,0.2,0,7,500,8.8982,16.23,False,0.0741474554957399,0.995780233107269,0.1252220344329149,0.0840076008844665,0.2241243056006948,0.6907216494845361,0.8375,0.935030019320712,0.5557521849454305,0.8787659665810973,0,,ok,,2026-07-20T17:44:52.915788+00:00,False,20000
adult,gaussian_copula,fixed,0.2,0,8,500,8.7542,16.23,False,0.0429727042469591,0.9150492854207058,0.1048761787991063,0.0831478717523493,0.2311267199161336,0.6494845360824743,0.8395,0.9383122507600052,0.5762573197032373,0.8787659665810973,0,,ok,,2026-07-20T17:44:52.915788+00:00,False,20000
adult,gaussian_copula,fixed,0.2,0,9,500,8.1761,16.23,False,0.0700953457009651,0.9174863288471972,0.1171961093991171,0.0888376174682145,0.2079932561842201,0.6597938144329897,0.83225,0.9502420741087624,0.650239511009665,0.8787659665810973,0,,ok,,2026-07-20T17:44:52.915788+00:00,False,20000
adult,gaussian_copula,fixed,0.2,0,10,500,6.6678,16.23,False,0.0650487001123583,0.7702982384860683,0.124852627486951,0.0881484245439469,0.1891575515550639,0.6288659793814433,0.84875,0.9468779776857796,0.5675235370657563,0.8787659665810973,0,,ok,,2026-07-20T17:44:52.915788+00:00,False,20000
adult,gaussian_copula,fixed,0.2,0,11,500,8.5986,16.23,False,0.0870724116225605,0.7185586574749911,0.1468646509277618,0.0817056384742952,0.1663065877537157,0.6597938144329897,0.8405,0.9375764739189106,0.5948499920602274,0.8787659665810973,0,,ok,,2026-07-20T17:44:52.915788+00:00,False,20000
adult,gaussian_copula,fixed,0.2,0,12,500,8.6397,16.23,False,0.1124542586018035,0.7696294983825521,0.1453028571693676,0.0946768933112216,0.1831363480540254,0.6597938144329897,0.82875,0.9313126146523776,0.5365107590802871,0.8787659665810973,0,,ok,,2026-07-20T17:44:52.915788+00:00,False,20000
adult,gaussian_copula,fixed,0.35,0,0,500,9.74,16.11,True,0.0299468315609684,0.9929720949144502,0.0680627225836619,0.0401768933112216,0.1446606779814448,0.6804123711340206,0.88275,0.8971919086579744,0.6478666925949526,0.8787659665810973,0,,ok,,2026-07-20T17:44:52.915788+00:00,False,20000
adult,gaussian_copula,fixed,0.1,0,9,500,9.2062,16.23,False,0.1645768746315955,1.0255836033527264,0.1915160833521815,0.089916804864566,0.1906143228061352,0.5876288659793815,0.848,0.956508885410767,0.504531046608891,0.8787659665810973,0,,ok,,2026-07-20T17:44:52.915788+00:00,False,20000
adult,gaussian_copula,fixed,0.02,0,5,8000,16.3987,72.92,False,0.0240581351230043,0.9880871625831392,0.0368924146743145,0.0226902898700939,0.1407943765442311,0.9484536082474226,0.9135,0.983205930617262,0.4291902756340245,0.9152924281843964,0,,ok,,2026-07-20T17:44:52.915788+00:00,False,20000
adult,gaussian_copula,fixed,0.1,0,8,500,8.2054,16.23,False,0.1250850379105188,1.1418472736716356,0.1615321053773551,0.0879089275843007,0.1978165660775526,0.5670103092783505,0.845,0.951507633315722,0.550190082483157,0.8787659665810973,0,,ok,,2026-07-20T17:44:52.915788+00:00,False,20000
adult,gaussian_copula,fixed,0.1,0,6,500,9.1545,16.23,False,0.1233188004151271,1.0289023197416307,0.1654488568726665,0.0739186014372581,0.2697630832591824,0.6185567010309279,0.816,0.9420259113833512,0.5250699467084561,0.8787659665810973,0,,ok,,2026-07-20T17:44:52.915788+00:00,False,20000
adult,gaussian_copula,fixed,0.05,0,2,500,6.8408,16.23,False,0.0787975778254452,1.4711497222866028,0.1266773967402934,0.0544951630735212,0.1768267806919868,0.6494845360824743,0.85075,0.9052505334904104,0.499922208586415,0.8787659665810973,0,,ok,,2026-07-20T17:44:52.915788+00:00,False,20000
adult,gaussian_copula,fixed,0.05,0,3,500,5.7516,16.23,False,0.0302626310873952,0.9388418928713104,0.0790387995745589,0.0799042288557214,0.165541297878225,0.6288659793814433,0.862,0.8840374945945352,0.4480448096900105,0.8787659665810973,0,,ok,,2026-07-20T17:44:52.915788+00:00,False,20000
adult,gaussian_copula,fixed,0.05,0,4,500,8.3032,16.23,False,0.0614525784777883,1.1084415991977077,0.1049529830181123,0.0809415422885572,0.1747571101344402,0.6288659793814433,0.82025,0.9285792458082176,0.3948627573263252,0.8787659665810973,0,,ok,,2026-07-20T17:44:52.915788+00:00,False,20000
adult,gaussian_copula,fixed,0.05,0,5,500,8.806,16.23,False,0.0691626350427722,0.8309529769077469,0.1186442403626071,0.0892790215588723,0.2375023544359893,0.6288659793814433,0.80925,0.921518408965202,0.4355083611509484,0.8787659665810973,0,,ok,,2026-07-20T17:44:52.915788+00:00,False,20000
adult,gaussian_copula,fixed,0.05,0,6,500,23.1333,16.23,False,0.0980652444075405,1.3404456271078429,0.15795229598132,0.0825400773908236,0.2090404604264028,0.6185567010309279,0.82325,0.9323813234939832,0.4414923992576607,0.8787659665810973,0,,ok,,2026-07-20T17:44:52.915788+00:00,False,20000
adult,gaussian_copula,fixed,0.05,0,7,500,10.5949,16.23,False,0.1366897235071602,1.5760807300628603,0.1837007979832105,0.0903613875069099,0.2371189391056987,0.6185567010309279,0.8155,0.9486744712724468,0.3737446996608911,0.8787659665810973,0,,ok,,2026-07-20T17:44:52.915788+00:00,False,20000
adult,gaussian_copula,fixed,0.05,0,8,500,8.8053,16.23,False,0.0841591678625913,1.1904631345670824,0.1330299372235855,0.0971344665561083,0.2437154041091933,0.6185567010309279,0.842,0.9456093224416184,0.4555543856064969,0.8787659665810973,0,,ok,,2026-07-20T17:44:52.915788+00:00,False,20000
adult,gaussian_copula,fixed,0.05,0,9,500,16.7218,16.23,False,0.1000142104969685,1.2316663367080831,0.155610697038138,0.1059802377003869,0.1789933304270351,0.6082474226804123,0.822,0.95925903045651,0.4037500575322085,0.8787659665810973,0,,ok,,2026-07-20T17:44:52.915788+00:00,False,20000
adult,gaussian_copula,fixed,0.05,0,10,500,8.7621,16.23,False,0.0803067104853872,1.097889445352218,0.1649114879567726,0.1230693753454947,0.1830436074567118,0.6082474226804123,0.81575,0.9562794186534944,0.4057014320307604,0.8787659665810973,0,,ok,,2026-07-20T17:44:52.915788+00:00,False,20000
adult,gaussian_copula,fixed,0.05,0,11,500,10.4324,16.23,False,0.1062040983677387,1.002796447040293,0.1878112406503,0.1213575179657269,0.1897586212530244,0.5876288659793815,0.79875,0.9596301949164222,0.4233868001510064,0.8787659665810973,0,,ok,,2026-07-20T17:44:52.915788+00:00,False,20000
adult,gaussian_copula,fixed,0.05,0,12,500,8.1334,16.23,False,0.1147194137646344,1.0859781191208633,0.1648058841849073,0.1307603648424544,0.2537638972233352,0.5773195876288659,0.807,0.957574714217766,0.4545214611856578,0.8787659665810973,0,,ok,,2026-07-20T17:44:52.915788+00:00,False,20000
adult,gaussian_copula,fixed,0.1,0,0,500,9.74,16.11,True,0.0299468315609684,0.9929720949144502,0.0680627225836619,0.0401768933112216,0.1446606779814448,0.6804123711340206,0.88275,0.8971919086579744,0.6478666925949526,0.8787659665810973,0,,ok,,2026-07-20T17:44:52.915788+00:00,False,20000
adult,gaussian_copula,fixed,0.1,0,1,500,8.7042,16.17,False,0.1003640692719621,1.644081821869663,0.1191241048556902,0.0459755389718076,0.1237199687747384,0.6907216494845361,0.87025,0.915603825895572,0.5595915337765532,0.8787659665810973,0,,ok,,2026-07-20T17:44:52.915788+00:00,False,20000
adult,gaussian_copula,fixed,0.1,0,2,500,10.7574,16.23,False,0.0433639528357383,1.139849699226845,0.0685786005784144,0.0656994195688225,0.2020248777294834,0.6804123711340206,0.88375,0.9125946217369748,0.5795882870586427,0.8787659665810973,0,,ok,,2026-07-20T17:44:52.915788+00:00,False,20000
adult,gaussian_copula,fixed,0.1,0,3,500,8.8885,16.23,False,0.0638878140594987,1.3684249902417076,0.1011048363191001,0.0569089275843007,0.1837446423010841,0.6597938144329897,0.8485,0.9364801167450828,0.4596917873378788,0.8787659665810973,0,,ok,,2026-07-20T17:44:52.915788+00:00,False,20000
adult,gaussian_copula,fixed,0.1,0,4,500,7.8971,16.23,False,0.0917614830688033,1.7077456219119913,0.1311957089184493,0.0661358485351022,0.1442287064834831,0.6288659793814433,0.87625,0.921284694156885,0.5555609682090457,0.8787659665810973,0,,ok,,2026-07-20T17:44:52.915788+00:00,False,20000
adult,gaussian_copula,fixed,0.1,0,5,500,8.8787,16.23,False,0.0457165052717643,1.1369585089884209,0.0863172738410367,0.0831746821448314,0.2079753671185557,0.6082474226804123,0.8565,0.9498844458115008,0.4224824135020456,0.8787659665810973,0,,ok,,2026-07-20T17:44:52.915788+00:00,False,20000
adult,gaussian_copula,fixed,0.1,0,7,500,9.0162,16.23,False,0.117067357435802,1.180272616652298,0.164803706208522,0.0963832227750138,0.2534832376227943,0.6082474226804123,0.85325,0.9420354154975528,0.4953162881517219,0.8787659665810973,0,,ok,,2026-07-20T17:44:52.915788+00:00,False,20000
adult,gaussian_copula,fixed,0.02,0,6,8000,20.1925,72.92,False,0.0170663248644811,0.976142888533281,0.0353356583261969,0.0257565039386401,0.1628537644584848,0.9381443298969072,0.91,0.981656884358114,0.3937273895142288,0.9152924281843964,0,,ok,,2026-07-20T17:44:52.915788+00:00,False,20000
adult,gaussian_copula,fixed,0.02,0,7,8000,17.0304,72.92,False,0.0128253901379094,0.9110001003763084,0.0371889261572879,0.0279484089966832,0.1599091749698787,0.9484536082474226,0.91275,0.9846056110202832,0.4072997456256836,0.9152924281843964,0,,ok,,2026-07-20T17:44:52.915788+00:00,False,20000
adult,gaussian_copula,fixed,0.02,0,8,8000,16.6197,72.92,False,0.0152021978894097,0.9842579712016052,0.0392879968949369,0.0266100487147595,0.1572224089758845,0.9278350515463918,0.90675,0.9849286814089736,0.3916400029739726,0.9152924281843964,0,,ok,,2026-07-20T17:44:52.915788+00:00,False,20000
adult,gaussian_copula,fixed,0.0,1,0,8000,32.4699,71.44,True,0.0066736461014417,0.9649932233410804,0.0192376251607847,0.0137747806108347,0.0816135206092025,0.9690721649484536,0.9075,0.973969055846574,0.7246870411765393,0.9136718556894208,0,,ok,,2026-07-20T17:44:52.915788+00:00,False,20000
adult,gaussian_copula,fixed,0.0,1,1,8000,17.1006,72.18,False,0.0096604540637769,0.9580944585412632,0.0200772357043908,0.0147914593698175,0.1121746106187142,0.9690721649484536,0.9075,0.9801590687101328,0.5715212879661764,0.9136718556894208,0,,ok,,2026-07-20T17:44:52.915788+00:00,False,20000
adult,gaussian_copula,fixed,0.0,1,2,8000,54.4632,72.92,False,0.0128595717727746,0.9448409931880472,0.0229595980150478,0.0155833678828081,0.1355960391729744,0.9587628865979382,0.9175,0.9813348962196264,0.4822130735993972,0.9136718556894208,0,,ok,,2026-07-20T17:44:52.915788+00:00,False,20000
adult,gaussian_copula,fixed,0.0,1,3,8000,19.3747,72.92,False,0.0110473458582587,0.973795086601112,0.0202707390958503,0.0187837634742951,0.137858829408776,0.9175257731958762,0.91375,0.9819921623350308,0.4318541971893336,0.9136718556894208,0,,ok,,2026-07-20T17:44:52.915788+00:00,False,20000
adult,gaussian_copula,fixed,0.0,1,4,8000,17.5926,72.92,False,0.0195199709822802,1.0604914499951967,0.0293729244195016,0.0217094734660033,0.133917588955722,0.9175257731958762,0.913,0.9845843783288027,0.3919813279626989,0.9136718556894208,0,,ok,,2026-07-20T17:44:52.915788+00:00,False,20000
adult,gaussian_copula,fixed,0.0,1,5,8000,53.9185,72.92,False,0.0146290367383413,1.003033728840114,0.0284565840889651,0.0242430987423991,0.1566927472116212,0.8969072164948454,0.913,0.9868081250425608,0.3801320860831325,0.9136718556894208,0,,ok,,2026-07-20T17:44:52.915788+00:00,False,20000
adult,gaussian_copula,fixed,0.0,1,6,8000,26.4871,72.92,False,0.0207188771653949,0.935069640956403,0.034801222430553,0.0279844095494748,0.1713925653325911,0.8865979381443299,0.91675,0.988026841146032,0.3654075778343578,0.9136718556894208,0,,ok,,2026-07-20T17:44:52.915788+00:00,False,20000
adult,gaussian_copula,fixed,1.0,1,12,500,6.4687,16.23,False,0.0792635915275437,0.8666860982796484,0.0958089229325672,0.0481608623548922,0.129105641237435,0.6701030927835051,0.88675,0.8782454569974112,0.7242084912163561,0.8860101403549858,0,,ok,,2026-07-20T17:44:52.915788+00:00,False,20000
adult,gaussian_copula,fixed,0.0,1,7,8000,49.3249,72.92,False,0.0234516690924559,0.9566115107340312,0.0361989519315757,0.030136815920398,0.1742117607248009,0.8762886597938144,0.9215,0.983296271509198,0.3750862655309098,0.9136718556894208,0,,ok,,2026-07-20T17:44:52.915788+00:00,False,20000
adult,gaussian_copula,fixed,0.0,1,9,8000,18.3389,72.92,False,0.0163444189585362,0.9896949479337483,0.0300116421177052,0.0332916234798231,0.1742100579854488,0.8762886597938144,0.9325,0.9854902789830056,0.3521681545490176,0.9136718556894208,0,,ok,,2026-07-20T17:44:52.915788+00:00,False,20000
adult,gaussian_copula,fixed,0.0,1,10,8000,48.4454,72.92,False,0.0186321816416642,0.9357559659038502,0.0367120662882341,0.028482543877833,0.1686113266365863,0.8762886597938144,0.91075,0.9845918761739584,0.3395498168607201,0.9136718556894208,0,,ok,,2026-07-20T17:44:52.915788+00:00,False,20000
adult,gaussian_copula,fixed,0.0,1,11,8000,35.4437,72.92,False,0.0164348185778866,0.9204204905314622,0.0328588998146803,0.0294931678413488,0.1641898894644012,0.8556701030927835,0.91525,0.9849880947794868,0.3791282064125826,0.9136718556894208,0,,ok,,2026-07-20T17:44:52.915788+00:00,False,20000
adult,gaussian_copula,fixed,0.0,1,12,8000,28.7566,72.92,False,0.0210392312179994,0.963024520302044,0.0367440047088124,0.0404276879491431,0.1606796834839508,0.845360824742268,0.91225,0.98649812293757,0.3412212340596444,0.9136718556894208,0,,ok,,2026-07-20T17:44:52.915788+00:00,False,20000
adult,gaussian_copula,fixed,0.01,1,0,8000,32.4699,71.44,True,0.0066736461014417,0.9649932233410804,0.0192376251607847,0.0137747806108347,0.0816135206092025,0.9690721649484536,0.9075,0.973969055846574,0.7246870411765393,0.9136718556894208,0,,ok,,2026-07-20T17:44:52.915788+00:00,False,20000
adult,gaussian_copula,fixed,0.01,1,1,8000,14.8806,72.18,False,0.0097994970182827,0.9581669392695384,0.0185411502505538,0.0170605911415146,0.1185192412978605,0.9587628865979382,0.91925,0.9800123181982467,0.5782732089518674,0.9136718556894208,0,,ok,,2026-07-20T17:44:52.915788+00:00,False,20000
adult,gaussian_copula,fixed,0.01,1,2,8000,14.5079,72.92,False,0.0146058886702877,0.9921491111960712,0.0257648191725958,0.0167565298507462,0.1293477762444649,0.9587628865979382,0.91675,0.9802827141786252,0.4835513940627809,0.9136718556894208,0,,ok,,2026-07-20T17:44:52.915788+00:00,False,20000
adult,gaussian_copula,fixed,0.0,1,8,8000,67.6358,72.92,False,0.020220672987456,0.9649373977634228,0.0323363891848389,0.0313300856826976,0.1762605285489945,0.8762886597938144,0.91725,0.9850686590680277,0.4022529088350196,0.9136718556894208,0,,ok,,2026-07-20T17:44:52.915788+00:00,False,20000
adult,gaussian_copula,fixed,1.0,1,11,500,9.5525,16.23,False,0.0562400199304641,0.8087890410311012,0.088124390058309,0.0477614704256495,0.1075839677427858,0.6804123711340206,0.88125,0.88542963132245,0.719459641762181,0.8860101403549858,0,,ok,,2026-07-20T17:44:52.915788+00:00,False,20000
adult,gaussian_copula,fixed,1.0,1,10,500,8.6768,16.23,False,0.0692037310756063,0.8935158321657083,0.0847180802024021,0.0501882255389718,0.0935133113496239,0.7010309278350515,0.884,0.915517496858242,0.6770455207946644,0.8860101403549858,0,,ok,,2026-07-20T17:44:52.915788+00:00,False,20000
adult,gaussian_copula,fixed,1.0,1,9,500,9.5687,16.23,False,0.0477075662015233,0.9549163546282206,0.0619531586770972,0.0521134604754007,0.1238768807752151,0.7010309278350515,0.88925,0.8804398273649655,0.7363136612736969,0.8860101403549858,0,,ok,,2026-07-20T17:44:52.915788+00:00,False,20000
adult,gaussian_copula,fixed,1.0,0,1,8000,11.1346,72.18,False,0.0098822639642449,0.98229727550342,0.0215411814854998,0.0147286397871752,0.0812974243489414,0.9896907216494846,0.9045,0.9738715522892324,0.7238168788157294,0.9152924281843964,0,,ok,,2026-07-20T17:44:52.915788+00:00,False,20000
adult,gaussian_copula,fixed,1.0,0,2,8000,11.3807,72.92,False,0.016437545073301,0.9695346909837844,0.0243701950589669,0.0139372667910447,0.0768403896259777,1.0,0.91425,0.9759612384934834,0.7154274043185281,0.9152924281843964,0,,ok,,2026-07-20T17:44:52.915788+00:00,False,20000
adult,gaussian_copula,fixed,1.0,0,3,8000,10.2172,72.92,False,0.0100326182743632,0.9678160079656344,0.0221055509357348,0.0164584110696517,0.091374955420197,0.979381443298969,0.9125,0.9752457131874698,0.7099042795177601,0.9152924281843964,0,,ok,,2026-07-20T17:44:52.915788+00:00,False,20000
adult,gaussian_copula,fixed,1.0,0,4,8000,11.8082,72.92,False,0.0107594206013911,0.9914571012773132,0.0235273521982975,0.0160038781785516,0.0850921986945105,0.9896907216494846,0.92,0.9743320203599308,0.7259127230823679,0.9152924281843964,0,,ok,,2026-07-20T17:44:52.915788+00:00,False,20000
adult,gaussian_copula,fixed,1.0,0,5,8000,10.1626,72.92,False,0.0122706986355679,0.9608397808378232,0.0282677873202481,0.0146564400221116,0.0846240993266136,0.9896907216494846,0.9105,0.9772522296026914,0.7119044990252634,0.9152924281843964,0,,ok,,2026-07-20T17:44:52.915788+00:00,False,20000
adult,gaussian_copula,fixed,1.0,0,6,8000,10.3499,72.92,False,0.013911241586032,0.9660117783257026,0.0210987284373492,0.0181758222775013,0.0751376729688194,0.9896907216494846,0.91375,0.9746781334248164,0.7218858618678883,0.9152924281843964,0,,ok,,2026-07-20T17:44:52.915788+00:00,False,20000
adult,gaussian_copula,fixed,1.0,0,7,8000,10.4925,72.92,False,0.0118498186171881,1.0285802301103706,0.0222525808503807,0.0155814417495854,0.0913815497843045,1.0,0.91675,0.974243482421458,0.6915224930282764,0.9152924281843964,0,,ok,,2026-07-20T17:44:52.915788+00:00,False,20000
adult,gaussian_copula,fixed,1.0,0,8,8000,10.9847,72.92,False,0.0102170566326473,0.9831454357422356,0.0258505221342285,0.0165646766169154,0.073472354014297,1.0,0.901,0.9754692151512444,0.6879089130405421,0.9152924281843964,0,,ok,,2026-07-20T17:44:52.915788+00:00,False,20000
adult,gaussian_copula,fixed,1.0,0,9,8000,10.0621,72.92,False,0.0094996313844705,1.0449288350194843,0.0246429294854734,0.0135822709369817,0.0841204004392931,1.0,0.906,0.9727895277191992,0.7178839804499327,0.9152924281843964,0,,ok,,2026-07-20T17:44:52.915788+00:00,False,20000
adult,gaussian_copula,fixed,1.0,0,10,8000,10.5242,72.92,False,0.0070210566696655,0.9732993282879612,0.0192384562834174,0.0159227214621337,0.0893993217609464,0.9896907216494846,0.9155,0.97286270314698,0.7010240601990806,0.9152924281843964,0,,ok,,2026-07-20T17:44:52.915788+00:00,False,20000
adult,gaussian_copula,fixed,1.0,0,11,8000,10.6565,72.92,False,0.0093577732058279,0.9436269699619116,0.0195554848352787,0.0158577770867882,0.0793871952589138,1.0,0.91475,0.9758696947653842,0.6905885371188631,0.9152924281843964,0,,ok,,2026-07-20T17:44:52.915788+00:00,False,20000
adult,gaussian_copula,fixed,1.0,0,12,8000,10.3303,72.92,False,0.0104054554763255,0.9456293268258904,0.0215204510722352,0.0153803810807075,0.0906355368014402,1.0,0.911,0.973554146557854,0.7022760003949561,0.9152924281843964,0,,ok,,2026-07-20T17:44:52.915788+00:00,False,20000
adult,gaussian_copula,fixed,1.0,1,4,500,9.133,16.23,False,0.0306761702916002,0.9011562045367064,0.0721931951209693,0.0409864566058595,0.1093650930672311,0.7216494845360825,0.86875,0.9149044094913844,0.7345319002491817,0.8860101403549858,0,,ok,,2026-07-20T17:44:52.915788+00:00,False,20000
adult,gaussian_copula,fixed,1.0,1,5,500,9.2929,16.23,False,0.0568685414754462,0.8845762083696999,0.0717328720262558,0.0409378109452736,0.138661771977225,0.6804123711340206,0.8825,0.9109155615613878,0.676571789771606,0.8860101403549858,0,,ok,,2026-07-20T17:44:52.915788+00:00,False,20000
adult,gaussian_copula,fixed,1.0,1,6,500,7.2114,16.23,False,0.0458751789040354,0.9176148822362484,0.0759777961492194,0.0418417634051962,0.1212544004036112,0.7010309278350515,0.85825,0.8601788559091327,0.6849055350639635,0.8860101403549858,0,,ok,,2026-07-20T17:44:52.915788+00:00,False,20000
adult,gaussian_copula,fixed,1.0,1,7,500,8.1396,16.23,False,0.0651704196807865,0.7310383474173823,0.0801082025589331,0.047468629076838,0.1221213201305086,0.7319587628865979,0.862,0.8879096291221035,0.6710069008490901,0.8860101403549858,0,,ok,,2026-07-20T17:44:52.915788+00:00,False,20000
adult,gaussian_copula,fixed,1.0,1,8,500,7.5476,16.23,False,0.0427279660934138,0.9203084109034346,0.0754039994269676,0.0431938916528468,0.1147897731885313,0.7319587628865979,0.89325,0.9035696012923292,0.6442930409433945,0.8860101403549858,0,,ok,,2026-07-20T17:44:52.915788+00:00,False,20000
adult,gaussian_copula,fixed,0.01,1,3,8000,11.1858,72.92,False,0.0113263652167778,0.970948490721443,0.0262656175659784,0.0178430244610281,0.1423355882441676,0.9484536082474226,0.912,0.979466266299004,0.440946515305272,0.9136718556894208,0,,ok,,2026-07-20T17:44:52.915788+00:00,False,20000
adult,gaussian_copula,fixed,0.01,1,4,8000,10.0218,72.92,False,0.0171546483331559,0.9876504023479428,0.0266976155357134,0.021968629076838,0.1479678187339079,0.9484536082474226,0.9105,0.9826298534467652,0.4544380968515884,0.9136718556894208,0,,ok,,2026-07-20T17:44:52.915788+00:00,False,20000
adult,gaussian_copula,fixed,0.01,1,5,8000,10.3304,72.92,False,0.0154331976240484,0.931477422153387,0.0317358549381697,0.0214395729684908,0.1513681899700088,0.9072164948453608,0.9185,0.9842242721597316,0.4348810797776025,0.9136718556894208,0,,ok,,2026-07-20T17:44:52.915788+00:00,False,20000
adult,gaussian_copula,fixed,0.01,1,6,8000,10.4447,72.92,False,0.0154585123880957,0.9107263101932211,0.0290585626300904,0.0245129128662244,0.1653611871591839,0.9381443298969072,0.90875,0.9831016596211516,0.3931619019944892,0.9136718556894208,0,,ok,,2026-07-20T17:44:52.915788+00:00,False,20000
adult,gaussian_copula,fixed,0.05,1,2,8000,11.0239,72.92,False,0.0243228460924262,0.9048057488519922,0.0349506331899291,0.0178220442924267,0.1316330572839917,0.979381443298969,0.909,0.9772423978039732,0.5125993897586506,0.9136718556894208,0,,ok,,2026-07-20T17:44:52.915788+00:00,False,20000
adult,gaussian_copula,fixed,0.05,1,3,8000,10.3194,72.92,False,0.0360023823980048,0.8858351613880782,0.0424774311646663,0.0173478613875069,0.1316223607267894,0.9896907216494846,0.914,0.978339133650202,0.4639758224417705,0.9136718556894208,0,,ok,,2026-07-20T17:44:52.915788+00:00,False,20000
adult,gaussian_copula,fixed,0.05,1,4,8000,12.3196,72.92,False,0.0237692268526151,0.8798506073742515,0.0379999625786978,0.0235717160724157,0.1585942461876391,0.9484536082474226,0.90825,0.9835605843321858,0.4656446170898786,0.9136718556894208,0,,ok,,2026-07-20T17:44:52.915788+00:00,False,20000
adult,gaussian_copula,fixed,0.05,1,5,8000,11.0524,72.92,False,0.0234027597353744,0.9009831057571086,0.0369025962289217,0.0233781699143173,0.1588700522118992,0.9278350515463918,0.915,0.9829059886860322,0.4400933011791119,0.9136718556894208,0,,ok,,2026-07-20T17:44:52.915788+00:00,False,20000
adult,gaussian_copula,fixed,0.05,1,6,8000,10.4019,72.92,False,0.0217194619132997,0.9140704067451092,0.0367714884372217,0.025809649668325,0.1422399702199479,0.9175257731958762,0.91025,0.9837473250859438,0.3889183197369371,0.9136718556894208,0,,ok,,2026-07-20T17:44:52.915788+00:00,False,20000
adult,gaussian_copula,fixed,0.05,1,7,8000,11.4101,72.92,False,0.0236125355040428,0.8445256241553049,0.0417492700795647,0.0297229736733001,0.1578816776973941,0.9072164948453608,0.90975,0.9796137117797706,0.4275791443219874,0.9136718556894208,0,,ok,,2026-07-20T17:44:52.915788+00:00,False,20000
adult,gaussian_copula,fixed,0.05,1,8,8000,11.3169,72.92,False,0.03450477587842,0.8103792586996472,0.0473874123888977,0.0262910620508568,0.1485032942166522,0.8969072164948454,0.90075,0.982665824344134,0.4381525807932508,0.9136718556894208,0,,ok,,2026-07-20T17:44:52.915788+00:00,False,20000
adult,gaussian_copula,fixed,0.05,1,9,8000,10.7601,72.92,False,0.0377071603314126,0.8078407402453874,0.0525966225882925,0.0284107155196241,0.1470823344200754,0.8969072164948454,0.90975,0.9831301131967984,0.463765723339509,0.9136718556894208,0,,ok,,2026-07-20T17:44:52.915788+00:00,False,20000
adult,gaussian_copula,fixed,0.05,1,10,8000,10.9392,72.92,False,0.0367303991325547,0.8025928351437046,0.0505783245659043,0.0332851368159204,0.1520105434803828,0.8969072164948454,0.915,0.9827163592832948,0.4377874889377528,0.9136718556894208,0,,ok,,2026-07-20T17:44:52.915788+00:00,False,20000
adult,gaussian_copula,fixed,0.05,1,11,8000,10.3756,72.92,False,0.0280201826375483,0.8508038579734545,0.0463036211174856,0.0340383067302377,0.1489263735931217,0.8969072164948454,0.9105,0.9830477786501132,0.4727755294503933,0.9136718556894208,0,,ok,,2026-07-20T17:44:52.915788+00:00,False,20000
adult,gaussian_copula,fixed,0.05,1,12,8000,10.0577,72.92,False,0.0267714684484053,0.8706309659104541,0.0459898605633598,0.0328817544223327,0.1608077905757371,0.865979381443299,0.907,0.9818904943784712,0.4360073997893829,0.9136718556894208,0,,ok,,2026-07-20T17:44:52.915788+00:00,False,20000
adult,gaussian_copula,fixed,0.1,1,0,8000,32.4699,71.44,True,0.0066736461014417,0.9649932233410804,0.0192376251607847,0.0137747806108347,0.0816135206092025,0.9690721649484536,0.9075,0.973969055846574,0.7246870411765393,0.9136718556894208,0,,ok,,2026-07-20T17:44:52.915788+00:00,False,20000
adult,gaussian_copula,fixed,0.1,1,1,8000,10.5494,72.18,False,0.0117936057824974,0.896226064527124,0.0258167883374751,0.0167544741569928,0.124996868597393,0.9896907216494846,0.90175,0.976534614890036,0.5980936284734538,0.9136718556894208,0,,ok,,2026-07-20T17:44:52.915788+00:00,False,20000
adult,gaussian_copula,fixed,0.1,1,2,8000,10.2418,72.92,False,0.0124354524748326,0.9574445555800604,0.0284245638642025,0.018815168946932,0.134385097116893,0.9690721649484536,0.9105,0.9781334663147708,0.5149939425632524,0.9136718556894208,0,,ok,,2026-07-20T17:44:52.915788+00:00,False,20000
adult,gaussian_copula,fixed,0.1,1,3,8000,10.1344,72.92,False,0.0200171467248257,0.9333933665812282,0.035260002479153,0.0189392879353233,0.1312790602924554,0.9587628865979382,0.91075,0.9803440482057484,0.4734576221357975,0.9136718556894208,0,,ok,,2026-07-20T17:44:52.915788+00:00,False,20000
adult,gaussian_copula,fixed,0.1,1,4,8000,10.5404,72.92,False,0.0270845519902245,0.8853609852723343,0.0389833246245419,0.0203437327252625,0.1278355766043021,0.9381443298969072,0.90975,0.978880173111005,0.5008380361133116,0.9136718556894208,0,,ok,,2026-07-20T17:44:52.915788+00:00,False,20000
adult,gaussian_copula,fixed,0.1,1,5,8000,9.902,72.92,False,0.0173735057186775,0.9263283855208384,0.0322065302168453,0.0208744644831398,0.1444412749694677,0.9278350515463918,0.9045,0.9818850147836938,0.5244165053907188,0.9136718556894208,0,,ok,,2026-07-20T17:44:52.915788+00:00,False,20000
adult,gaussian_copula,fixed,0.05,1,1,8000,11.0493,72.18,False,0.0088416217998252,1.0021602854252694,0.0225024626149143,0.0161414714621337,0.1165580501881758,0.979381443298969,0.9215,0.9819692566276116,0.559904272961383,0.9136718556894208,0,,ok,,2026-07-20T17:44:52.915788+00:00,False,20000
adult,gaussian_copula,fixed,1.0,0,0,8000,15.5438,71.44,True,0.0159652726413087,0.9862134759916684,0.0223296702995789,0.0162074695964621,0.0828055581336778,1.0,0.91625,0.9757189620340018,0.709868285007808,0.9152924281843964,0,,ok,,2026-07-20T17:44:52.915788+00:00,False,20000
adult,gaussian_copula,fixed,0.05,1,0,8000,32.4699,71.44,True,0.0066736461014417,0.9649932233410804,0.0192376251607847,0.0137747806108347,0.0816135206092025,0.9690721649484536,0.9075,0.973969055846574,0.7246870411765393,0.9136718556894208,0,,ok,,2026-07-20T17:44:52.915788+00:00,False,20000
adult,gaussian_copula,fixed,0.02,1,11,8000,10.3756,72.92,False,0.0443730364986122,1.1393741024316093,0.0539011112785718,0.0317496199557766,0.1623894009329376,0.9175257731958762,0.9005,0.9836626774685124,0.3680855628184186,0.9136718556894208,0,,ok,,2026-07-20T17:44:52.915788+00:00,False,20000
adult,gaussian_copula,fixed,0.01,1,7,8000,10.5935,72.92,False,0.0187702793340848,0.8908359007255903,0.0399813909624949,0.0234913108070757,0.1726593516134854,0.9278350515463918,0.91725,0.9836110209744536,0.4017007963244426,0.9136718556894208,0,,ok,,2026-07-20T17:44:52.915788+00:00,False,20000
adult,gaussian_copula,fixed,0.01,1,8,8000,11.0947,72.92,False,0.022858836634796,0.9742173094957164,0.0379957210804633,0.027114082365948,0.1616294148376874,0.9072164948453608,0.912,0.9859999819144966,0.4266094889395886,0.9136718556894208,0,,ok,,2026-07-20T17:44:52.915788+00:00,False,20000
adult,gaussian_copula,fixed,0.01,1,9,8000,10.6588,72.92,False,0.0275321953644571,0.8479738662596978,0.0452656640833614,0.0283137524184632,0.1677261855710591,0.9072164948453608,0.91375,0.9847018656867652,0.3602901288629682,0.9136718556894208,0,,ok,,2026-07-20T17:44:52.915788+00:00,False,20000
adult,gaussian_copula,fixed,0.01,1,10,8000,11.3081,72.92,False,0.0306213279649867,0.8665930214530492,0.0446677080567798,0.0247663505389718,0.1532592583419605,0.9072164948453608,0.9095,0.986618900850837,0.3950188318817733,0.9136718556894208,0,,ok,,2026-07-20T17:44:52.915788+00:00,False,20000
adult,gaussian_copula,fixed,0.01,1,11,8000,13.8272,72.92,False,0.0410806556116313,0.8187060874588193,0.0535499435052656,0.0297413712686567,0.165801159093106,0.8969072164948454,0.914,0.9834020557009042,0.4261919132858818,0.9136718556894208,0,,ok,,2026-07-20T17:44:52.915788+00:00,False,20000
adult,gaussian_copula,fixed,0.01,1,12,8000,11.0271,72.92,False,0.0374608741395705,0.8466631782029451,0.0545484619939915,0.0319704861111111,0.1599694006700862,0.8865979381443299,0.91575,0.9837291917700444,0.3930855857657382,0.9136718556894208,0,,ok,,2026-07-20T17:44:52.915788+00:00,False,20000
adult,gaussian_copula,fixed,0.02,1,0,8000,32.4699,71.44,True,0.0066736461014417,0.9649932233410804,0.0192376251607847,0.0137747806108347,0.0816135206092025,0.9690721649484536,0.9075,0.973969055846574,0.7246870411765393,0.9136718556894208,0,,ok,,2026-07-20T17:44:52.915788+00:00,False,20000
adult,gaussian_copula,fixed,0.02,1,1,8000,11.2777,72.18,False,0.0155064868241808,1.0471194300265292,0.0240842731660337,0.0241925355859591,0.101165202079592,0.9896907216494846,0.92075,0.977562999239076,0.5806418640671595,0.9136718556894208,0,,ok,,2026-07-20T17:44:52.915788+00:00,False,20000
adult,gaussian_copula,fixed,0.02,1,2,8000,10.6272,72.92,False,0.0231078604952909,1.0611155637096334,0.0358399422867056,0.0211790094665561,0.1254307449308589,0.9587628865979382,0.917,0.9809200567512318,0.4730160829240077,0.9136718556894208,0,,ok,,2026-07-20T17:44:52.915788+00:00,False,20000
adult,gaussian_copula,fixed,0.02,1,3,8000,11.2117,72.92,False,0.0302744856156138,1.0726016187655938,0.0412691296218385,0.0275721997650635,0.144676666633658,0.9587628865979382,0.914,0.980991221592698,0.4437865411478878,0.9136718556894208,0,,ok,,2026-07-20T17:44:52.915788+00:00,False,20000
adult,gaussian_copula,fixed,0.02,1,4,8000,14.316,72.92,False,0.0217078284102462,1.092507013099487,0.0354998161627591,0.0233299042979546,0.1458375019482863,0.9175257731958762,0.90225,0.9830959410341422,0.4230788143395309,0.9136718556894208,0,,ok,,2026-07-20T17:44:52.915788+00:00,False,20000
adult,gaussian_copula,fixed,0.02,1,5,8000,10.1064,72.92,False,0.0384842054635964,1.0631174337298517,0.0460980393993516,0.0245740308872305,0.1379428479032558,0.9381443298969072,0.91675,0.986036222319728,0.4097675987255976,0.9136718556894208,0,,ok,,2026-07-20T17:44:52.915788+00:00,False,20000
adult,gaussian_copula,fixed,0.02,1,6,8000,11.731,72.92,False,0.0387173362468958,1.1266102125231574,0.0496987911117589,0.0295394295881702,0.1538356670761953,0.9381443298969072,0.898,0.9826565345142672,0.4193542021066164,0.9136718556894208,0,,ok,,2026-07-20T17:44:52.915788+00:00,False,20000
adult,gaussian_copula,fixed,0.02,1,7,8000,10.9683,72.92,False,0.0297799413542364,1.0741991627703804,0.0404264960335673,0.0302248307075732,0.1499364152399282,0.9381443298969072,0.91275,0.9842898342188976,0.4194146846848146,0.9136718556894208,0,,ok,,2026-07-20T17:44:52.915788+00:00,False,20000
adult,gaussian_copula,fixed,0.02,1,8,8000,11.7587,72.92,False,0.0406104505023442,1.1055948275912475,0.0498647598342001,0.0294418100469872,0.1661665676227058,0.9278350515463918,0.89875,0.9852245077378696,0.4222027184574995,0.9136718556894208,0,,ok,,2026-07-20T17:44:52.915788+00:00,False,20000
adult,gaussian_copula,fixed,0.02,1,9,8000,10.5268,72.92,False,0.0376653359205768,1.0514789276089298,0.0490604919490621,0.0323127850331674,0.168732594432751,0.9381443298969072,0.9015,0.9851759841584604,0.3957668489383193,0.9136718556894208,0,,ok,,2026-07-20T17:44:52.915788+00:00,False,20000
adult,gaussian_copula,fixed,0.02,1,10,8000,10.9231,72.92,False,0.0386270164958866,1.0574803977190923,0.0477167415492648,0.0359163989082365,0.1666386467711066,0.9381443298969072,0.9,0.9849262489475802,0.4199407028147707,0.9136718556894208,0,,ok,,2026-07-20T17:44:52.915788+00:00,False,20000
adult,gaussian_copula,fixed,0.02,1,12,8000,10.3752,72.92,False,0.0414126205249518,0.9891438828014572,0.053325684628551,0.0314419914317302,0.1701742834594281,0.9175257731958762,0.89,0.9846298640560796,0.4034049954085691,0.9136718556894208,0,,ok,,2026-07-20T17:44:52.915788+00:00,False,20000
adult,gaussian_copula,fixed,0.1,1,7,8000,10.3485,72.92,False,0.0207873717577816,0.9899392637893234,0.034961904207835,0.021991690851299,0.1496214176829936,0.9072164948453608,0.9135,0.978249585250602,0.4757239977692583,0.9136718556894208,0,,ok,,2026-07-20T17:44:52.915788+00:00,False,20000
adult,gaussian_copula,fixed,0.75,0,12,8000,11.596,72.92,False,0.0246305676266689,1.0587202072176043,0.0348390458240499,0.0177230341348811,0.0808942599749137,0.9690721649484536,0.907,0.9791044949186832,0.6551613832539378,0.9152924281843964,0,,ok,,2026-07-20T17:44:52.915788+00:00,False,20000
adult,gaussian_copula,fixed,0.75,0,10,8000,10.2754,72.92,False,0.0257129428591571,1.0220549896092748,0.0313117009691905,0.0159771541597567,0.0740438826266181,0.9896907216494846,0.91175,0.9814801645437344,0.6763549048191075,0.9152924281843964,0,,ok,,2026-07-20T17:44:52.915788+00:00,False,20000
adult,gaussian_copula,fixed,0.1,0,4,8000,17.1233,72.92,False,0.0186421762700595,1.0553492487950622,0.0339258939599175,0.0217335458126036,0.1104093328877792,0.979381443298969,0.90875,0.9802077836802028,0.5233744676057934,0.9152924281843964,0,,ok,,2026-07-20T17:44:52.915788+00:00,False,20000
adult,gaussian_copula,fixed,0.1,0,5,8000,16.965,72.92,False,0.0231486856227375,1.046624702324588,0.036036504721788,0.021452494472084,0.1361937558262142,0.9381443298969072,0.9045,0.980990962631712,0.5120866810740867,0.9152924281843964,0,,ok,,2026-07-20T17:44:52.915788+00:00,False,20000
adult,gaussian_copula,fixed,0.1,0,6,8000,16.2062,72.92,False,0.0166991854423658,1.0486960299664614,0.0314333486690635,0.0268358295328911,0.1317268659838066,0.9381443298969072,0.90675,0.9822735915440398,0.485907919880548,0.9152924281843964,0,,ok,,2026-07-20T17:44:52.915788+00:00,False,20000
adult,gaussian_copula,fixed,0.1,0,7,8000,16.4392,72.92,False,0.0163623695371987,1.0535714923950394,0.0352988698614278,0.0251913954532891,0.127390208078806,0.9278350515463918,0.9055,0.9806470868406836,0.5097097649237237,0.9152924281843964,0,,ok,,2026-07-20T17:44:52.915788+00:00,False,20000
adult,gaussian_copula,fixed,0.1,0,8,8000,16.7059,72.92,False,0.0222643292174976,1.03871014294426,0.0360451557860801,0.0278781612769485,0.1310508299835141,0.9381443298969072,0.90675,0.9819622986419322,0.51337874629745,0.9152924281843964,0,,ok,,2026-07-20T17:44:52.915788+00:00,False,20000
adult,gaussian_copula,fixed,0.1,0,9,8000,17.5459,72.92,False,0.0220183494154921,1.0359726093149992,0.0424355608230937,0.029066818684356,0.1466340620133175,0.9175257731958762,0.91,0.9830173865584784,0.4842520740770948,0.9152924281843964,0,,ok,,2026-07-20T17:44:52.915788+00:00,False,20000
adult,gaussian_copula,fixed,0.1,0,10,8000,15.9926,72.92,False,0.0181463260455633,0.9548430258040912,0.0359602136171292,0.0300225608070757,0.1317494321752379,0.9175257731958762,0.9025,0.9794680272758968,0.483174304037299,0.9152924281843964,0,,ok,,2026-07-20T17:44:52.915788+00:00,False,20000
adult,gaussian_copula,fixed,0.1,0,3,8000,16.8717,72.92,False,0.0108593249278014,0.9789985478158908,0.0296215291236297,0.0193722014925373,0.1300662386585902,0.979381443298969,0.9135,0.9783919838397972,0.4907461983175549,0.9152924281843964,0,,ok,,2026-07-20T17:44:52.915788+00:00,False,20000
adult,gaussian_copula,fixed,0.1,0,11,8000,16.4395,72.92,False,0.0169788550075165,1.0054010575779135,0.0383638457504474,0.0310583540630182,0.1341482603840507,0.8556701030927835,0.91025,0.9796496527240084,0.5027784286803206,0.9152924281843964,0,,ok,,2026-07-20T17:44:52.915788+00:00,False,20000
adult,gaussian_copula,fixed,0.2,0,0,8000,15.5438,71.44,True,0.0159652726413087,0.9862134759916684,0.0223296702995789,0.0162074695964621,0.0828055581336778,1.0,0.91625,0.9757189620340018,0.709868285007808,0.9152924281843964,0,,ok,,2026-07-20T17:44:52.915788+00:00,False,20000
adult,gaussian_copula,fixed,0.2,0,1,8000,16.5665,72.18,False,0.0094026551968557,0.9731527231155545,0.0198445109843622,0.0142880216970702,0.1116830456304614,1.0,0.908,0.9741966451470524,0.6379841999180977,0.9152924281843964,0,,ok,,2026-07-20T17:44:52.915788+00:00,False,20000
adult,gaussian_copula,fixed,0.2,0,2,8000,16.0984,72.92,False,0.0154517665889375,0.997196997224026,0.0222032308871787,0.0166420156163626,0.1267360155199987,0.9690721649484536,0.919,0.981951036405446,0.5570306129045497,0.9152924281843964,0,,ok,,2026-07-20T17:44:52.915788+00:00,False,20000
adult,gaussian_copula,fixed,0.2,0,3,8000,15.7374,72.92,False,0.0225367415812869,0.9154633888616712,0.0347787866243864,0.0168693166113875,0.1129303486730258,0.9896907216494846,0.9165,0.9799233401737536,0.5653094485391933,0.9152924281843964,0,,ok,,2026-07-20T17:44:52.915788+00:00,False,20000
adult,gaussian_copula,fixed,0.2,0,4,8000,18.2494,72.92,False,0.02172814589997,0.9732625399606396,0.0332500387831009,0.0164007566334991,0.1135469294769205,0.9587628865979382,0.91325,0.9798818555800392,0.5369041089208295,0.9152924281843964,0,,ok,,2026-07-20T17:44:52.915788+00:00,False,20000
adult,gaussian_copula,fixed,0.2,0,5,8000,15.6216,72.92,False,0.0240296585112855,0.9120683999778114,0.0337956398800716,0.0181448745854062,0.1162995812655231,0.9587628865979382,0.90975,0.9793974417392266,0.5411978146808558,0.9152924281843964,0,,ok,,2026-07-20T17:44:52.915788+00:00,False,20000
adult,gaussian_copula,fixed,0.2,0,6,8000,17.0255,72.92,False,0.0267356818487989,0.9483886219023178,0.0372123038081347,0.0243823849502487,0.1134191973286746,0.9484536082474226,0.9115,0.977853369738824,0.577500966082157,0.9152924281843964,0,,ok,,2026-07-20T17:44:52.915788+00:00,False,20000
adult,gaussian_copula,fixed,0.1,0,12,8000,17.8764,72.92,False,0.0180073176524095,0.9720957284844564,0.0331159331670261,0.0302359297263681,0.1377640315849593,0.8556701030927835,0.90225,0.9817926433366896,0.5173264392591661,0.9152924281843964,0,,ok,,2026-07-20T17:44:52.915788+00:00,False,20000
adult,gaussian_copula,fixed,0.1,0,2,8000,16.2565,72.92,False,0.0121151139343378,1.011571540047648,0.0252645091860055,0.0182285361387507,0.1193938111865936,0.9896907216494846,0.9205,0.9790023312589056,0.5323419523028816,0.9152924281843964,0,,ok,,2026-07-20T17:44:52.915788+00:00,False,20000
adult,gaussian_copula,fixed,0.1,0,1,8000,16.855,72.18,False,0.0211968422343485,1.041972314907846,0.0319674279316494,0.0161354253040353,0.110150059024156,0.9896907216494846,0.91625,0.978999334820844,0.5941488858814059,0.9152924281843964,0,,ok,,2026-07-20T17:44:52.915788+00:00,False,20000
adult,gaussian_copula,fixed,0.1,0,0,8000,15.5438,71.44,True,0.0159652726413087,0.9862134759916684,0.0223296702995789,0.0162074695964621,0.0828055581336778,1.0,0.91625,0.9757189620340018,0.709868285007808,0.9152924281843964,0,,ok,,2026-07-20T17:44:52.915788+00:00,False,20000
adult,gaussian_copula,fixed,0.02,0,9,8000,16.7387,72.92,False,0.022725772329639,0.9724639242460632,0.0441878810288475,0.0254691732310668,0.1547314352063589,0.9175257731958762,0.90125,0.9819169645084336,0.4217850444581371,0.9152924281843964,0,,ok,,2026-07-20T17:44:52.915788+00:00,False,20000
adult,gaussian_copula,fixed,0.02,0,10,8000,16.1116,72.92,False,0.0240574343165354,0.9476221908803136,0.0482911797189012,0.0247804553620785,0.1629175862511216,0.8969072164948454,0.91025,0.9830754872646827,0.4398823497478352,0.9152924281843964,0,,ok,,2026-07-20T17:44:52.915788+00:00,False,20000
adult,gaussian_copula,fixed,0.02,0,11,8000,16.7044,72.92,False,0.0231074861832129,0.9235757313144788,0.0446403371946425,0.0267125224571586,0.1642325465238707,0.8969072164948454,0.9025,0.983568301060195,0.4267598266651263,0.9152924281843964,0,,ok,,2026-07-20T17:44:52.915788+00:00,False,20000
adult,gaussian_copula,fixed,0.02,0,12,8000,15.6659,72.92,False,0.0173977497080288,1.0214139494318708,0.0430649878699047,0.0308106602404643,0.1617216169245618,0.9072164948453608,0.90725,0.9839659236659868,0.3949436630190044,0.9152924281843964,0,,ok,,2026-07-20T17:44:52.915788+00:00,False,20000
adult,gaussian_copula,fixed,0.05,0,0,8000,15.5438,71.44,True,0.0159652726413087,0.9862134759916684,0.0223296702995789,0.0162074695964621,0.0828055581336778,1.0,0.91625,0.9757189620340018,0.709868285007808,0.9152924281843964,0,,ok,,2026-07-20T17:44:52.915788+00:00,False,20000
adult,gaussian_copula,fixed,0.05,0,1,8000,16.2956,72.18,False,0.0186139734075974,0.9569235556842868,0.0281630872743729,0.0151732310668877,0.1081087872478111,0.979381443298969,0.91525,0.9777540773608346,0.5912264463793916,0.9152924281843964,0,,ok,,2026-07-20T17:44:52.915788+00:00,False,20000
adult,gaussian_copula,fixed,0.05,0,2,8000,17.2418,72.92,False,0.0330792804952355,1.063102842107944,0.0383164032382724,0.0201801150497512,0.1304979851002999,0.9896907216494846,0.9005,0.9795670148491412,0.4825486289763279,0.9152924281843964,0,,ok,,2026-07-20T17:44:52.915788+00:00,False,20000
adult,gaussian_copula,fixed,0.05,0,3,8000,15.8791,72.92,False,0.0248505542214986,0.9835416177104715,0.0338629859166196,0.0212731135986733,0.1479435672438834,0.9690721649484536,0.9135,0.9810549036358864,0.4824124530251976,0.9152924281843964,0,,ok,,2026-07-20T17:44:52.915788+00:00,False,20000
adult,gaussian_copula,fixed,0.05,0,4,8000,16.1983,72.92,False,0.0216304697150804,1.0498259338326077,0.0318718323807875,0.0256706053067993,0.1444218263066278,0.9896907216494846,0.90525,0.9805611768323906,0.4616690267438553,0.9152924281843964,0,,ok,,2026-07-20T17:44:52.915788+00:00,False,20000
adult,gaussian_copula,fixed,0.05,0,5,8000,16.858,72.92,False,0.0200736537537112,1.0334178332071229,0.0318600869773637,0.0253920847153123,0.1530028549080631,0.979381443298969,0.9115,0.9809139394922726,0.518104091139935,0.9152924281843964,0,,ok,,2026-07-20T17:44:52.915788+00:00,False,20000
adult,gaussian_copula,fixed,0.05,0,6,8000,16.9803,72.92,False,0.0270360697249319,0.9893206278169174,0.0408950740548977,0.0263178810807075,0.1485029786786047,0.979381443298969,0.913,0.9833135742233792,0.4862820595363619,0.9152924281843964,0,,ok,,2026-07-20T17:44:52.915788+00:00,False,20000
adult,gaussian_copula,fixed,0.05,0,7,8000,16.1359,72.92,False,0.0321688256408819,1.0714666450273422,0.0420666206331393,0.0305173006495301,0.1432377748779532,0.9587628865979382,0.90325,0.982179261963856,0.4927808060226355,0.9152924281843964,0,,ok,,2026-07-20T17:44:52.915788+00:00,False,20000
adult,gaussian_copula,fixed,0.05,0,8,8000,16.6207,72.92,False,0.0275316973155736,1.0100911252492248,0.0402904833392486,0.0288915146489773,0.14699470249664,0.9587628865979382,0.90975,0.9821516652868076,0.4711075871313005,0.9152924281843964,0,,ok,,2026-07-20T17:44:52.915788+00:00,False,20000
adult,gaussian_copula,fixed,0.05,0,9,8000,16.6192,72.92,False,0.0263535963589457,1.020916357990111,0.040311162669057,0.0280344112769485,0.1453607462565984,0.9484536082474226,0.90675,0.9815613878714614,0.4694782946548612,0.9152924281843964,0,,ok,,2026-07-20T17:44:52.915788+00:00,False,20000
adult,gaussian_copula,fixed,0.05,0,10,8000,16.7456,72.92,False,0.0212609346639005,0.9872325877855598,0.039126229752536,0.0333785326838032,0.173853456942481,0.9381443298969072,0.90125,0.9834249378536314,0.4661201511166231,0.9152924281843964,0,,ok,,2026-07-20T17:44:52.915788+00:00,False,20000
adult,gaussian_copula,fixed,0.05,0,11,8000,17.0225,72.92,False,0.0218465454644522,1.021291028945897,0.0392832939713341,0.0308312949143172,0.1637359772971547,0.9175257731958762,0.90975,0.9826315783533388,0.4707510185659551,0.9152924281843964,0,,ok,,2026-07-20T17:44:52.915788+00:00,False,20000
adult,gaussian_copula,fixed,0.05,0,12,8000,15.8308,72.92,False,0.0244720269412085,1.0501702032048026,0.0382395559337756,0.0326546348120508,0.1598747668357128,0.9175257731958762,0.9,0.982713129759252,0.462230646001141,0.9152924281843964,0,,ok,,2026-07-20T17:44:52.915788+00:00,False,20000
adult,gaussian_copula,fixed,0.2,0,7,8000,31.8497,72.92,False,0.0296242078083464,0.9389940242296804,0.0405429475292271,0.0227152000414593,0.1472979953089284,0.9381443298969072,0.9135,0.980367380780435,0.5596322816598597,0.9152924281843964,0,,ok,,2026-07-20T17:44:52.915788+00:00,False,20000
adult,gaussian_copula,fixed,0.2,0,8,8000,16.4921,72.92,False,0.031593148044101,0.9969204358094722,0.0376779446601865,0.0263899426478717,0.1282759981616398,0.9381443298969072,0.90575,0.9808975644813904,0.544953963087335,0.9152924281843964,0,,ok,,2026-07-20T17:44:52.915788+00:00,False,20000
adult,gaussian_copula,fixed,0.2,0,9,8000,54.3287,72.92,False,0.0297550064860272,0.9725274827087969,0.0440749580914164,0.0251207331398562,0.126419569968365,0.9381443298969072,0.90125,0.983440349442458,0.5935900530843624,0.9152924281843964,0,,ok,,2026-07-20T17:44:52.915788+00:00,False,20000
adult,gaussian_copula,fixed,0.2,0,10,8000,19.0894,72.92,False,0.0214269640559524,0.9391056732581916,0.0375374476980365,0.025292374930901,0.129388963947374,0.9278350515463918,0.908,0.9779628790874784,0.556887880576379,0.9152924281843964,0,,ok,,2026-07-20T17:44:52.915788+00:00,False,20000
adult,gaussian_copula,fixed,0.5,0,6,8000,13.8877,72.92,False,0.0191262872237573,0.9931252296547096,0.0301391356455942,0.0196460319928137,0.091108827976959,0.979381443298969,0.9085,0.9787803816547972,0.6370288374376472,0.9152924281843964,0,,ok,,2026-07-20T17:44:52.915788+00:00,False,20000
adult,gaussian_copula,fixed,0.5,0,7,8000,10.9579,72.92,False,0.0135617876405569,0.9930724440674052,0.0241483587484185,0.0177789783720287,0.0995481659406096,0.9690721649484536,0.9075,0.977725584339868,0.6666800853850096,0.9152924281843964,0,,ok,,2026-07-20T17:44:52.915788+00:00,False,20000
adult,gaussian_copula,fixed,0.5,0,8,8000,10.5028,72.92,False,0.0168265023771525,1.0019463190278832,0.02512735750234,0.0171842782614704,0.0937364306142833,0.979381443298969,0.90825,0.9739412549819872,0.6308184731954982,0.9152924281843964,0,,ok,,2026-07-20T17:44:52.915788+00:00,False,20000
adult,gaussian_copula,fixed,0.5,0,9,8000,10.5807,72.92,False,0.0106096161208966,0.9860259085446278,0.0213682303870714,0.017811809010503,0.1015992924481383,0.9896907216494846,0.9015,0.9781256040398594,0.6394186696507799,0.9152924281843964,0,,ok,,2026-07-20T17:44:52.915788+00:00,False,20000
adult,gaussian_copula,fixed,0.5,0,10,8000,10.6844,72.92,False,0.0207876402575247,1.016689399063098,0.0285896888392672,0.0169241639027086,0.1050998728348857,0.979381443298969,0.90925,0.9789755487304476,0.6292791014301687,0.9152924281843964,0,,ok,,2026-07-20T17:44:52.915788+00:00,False,20000
adult,gaussian_copula,fixed,0.5,0,11,8000,14.3172,72.92,False,0.0117177067912682,0.9792736391231406,0.028688347940022,0.0173432144831398,0.0940842358034339,0.979381443298969,0.91,0.9765778428122024,0.6428157908505234,0.9152924281843964,0,,ok,,2026-07-20T17:44:52.915788+00:00,False,20000
adult,gaussian_copula,fixed,0.5,0,12,8000,10.7863,72.92,False,0.0246913629554418,1.0452453668091637,0.0349673131051619,0.013862881771697,0.1032355812129613,0.9896907216494846,0.91275,0.9770382357188244,0.6728341631302662,0.9152924281843964,0,,ok,,2026-07-20T17:44:52.915788+00:00,False,20000
adult,gaussian_copula,fixed,0.75,0,0,8000,15.5438,71.44,True,0.0159652726413087,0.9862134759916684,0.0223296702995789,0.0162074695964621,0.0828055581336778,1.0,0.91625,0.9757189620340018,0.709868285007808,0.9152924281843964,0,,ok,,2026-07-20T17:44:52.915788+00:00,False,20000
adult,gaussian_copula,fixed,0.75,0,1,8000,11.7495,72.18,False,0.0155015697172867,0.9710613387142376,0.0261778348454696,0.0167031768242122,0.0961652443432859,0.9896907216494846,0.91425,0.9738467556673964,0.6886327042839238,0.9152924281843964,0,,ok,,2026-07-20T17:44:52.915788+00:00,False,20000
adult,gaussian_copula,fixed,0.75,0,2,8000,10.8111,72.92,False,0.0246344486624579,1.0121526839759427,0.0323814687609759,0.0174676530541735,0.0793125310493553,0.9896907216494846,0.905,0.9792190148776522,0.6829151501220206,0.9152924281843964,0,,ok,,2026-07-20T17:44:52.915788+00:00,False,20000
adult,gaussian_copula,fixed,0.75,0,3,8000,11.9682,72.92,False,0.0246983781840091,1.0221784114504502,0.0331404786431505,0.018862251243781,0.0846933703519849,0.979381443298969,0.9095,0.9786298543062656,0.6924776260355305,0.9152924281843964,0,,ok,,2026-07-20T17:44:52.915788+00:00,False,20000
adult,gaussian_copula,fixed,0.75,0,4,8000,11.3364,72.92,False,0.0219554002672037,0.9746371072548716,0.0295598171886435,0.0195110990187949,0.0843747178809008,0.9896907216494846,0.9205,0.9781220386329408,0.6971244910448413,0.9152924281843964,0,,ok,,2026-07-20T17:44:52.915788+00:00,False,20000
adult,gaussian_copula,fixed,0.75,0,5,8000,11.4581,72.92,False,0.0194936755132768,0.988069409109813,0.0318063120582057,0.0164156042703151,0.0772778071919179,0.9896907216494846,0.91025,0.9784916533741072,0.6894497927725909,0.9152924281843964,0,,ok,,2026-07-20T17:44:52.915788+00:00,False,20000
adult,gaussian_copula,fixed,0.75,0,6,8000,10.1772,72.92,False,0.0253941905149326,0.9686480148552972,0.0348859170858134,0.0165392913902708,0.0922327217347647,0.979381443298969,0.92,0.9779151105941484,0.6746550329438277,0.9152924281843964,0,,ok,,2026-07-20T17:44:52.915788+00:00,False,20000
adult,gaussian_copula,fixed,0.75,0,7,8000,10.552,72.92,False,0.0206446214709865,0.9859711875976936,0.0318722481347002,0.0189501710199005,0.0924925853805427,0.979381443298969,0.91,0.97804896839268,0.6461273841117742,0.9152924281843964,0,,ok,,2026-07-20T17:44:52.915788+00:00,False,20000
adult,gaussian_copula,fixed,0.75,0,8,8000,10.5219,72.92,False,0.0213716511040068,0.980455693548588,0.030621258704499,0.0184698469458264,0.0798989438965282,0.979381443298969,0.9175,0.9785634398485024,0.6695503361257817,0.9152924281843964,0,,ok,,2026-07-20T17:44:52.915788+00:00,False,20000
adult,gaussian_copula,fixed,0.75,0,9,8000,11.0681,72.92,False,0.0246203385104541,1.021402967734772,0.0376890459052309,0.0189902397733554,0.0911733212558513,0.979381443298969,0.916,0.9799400368643836,0.677170223085974,0.9152924281843964,0,,ok,,2026-07-20T17:44:52.915788+00:00,False,20000
adult,gaussian_copula,fixed,0.5,0,5,8000,10.1722,72.92,False,0.0195644901415733,0.9916885728637284,0.0305506671437999,0.0203238408651188,0.1000052583071556,0.9896907216494846,0.91725,0.9757264211369624,0.649626456974497,0.9152924281843964,0,,ok,,2026-07-20T17:44:52.915788+00:00,False,20000
adult,gaussian_copula,fixed,0.75,0,11,8000,12.0605,72.92,False,0.0232917361136213,0.9377845762561292,0.0314021092055946,0.0171577701768933,0.095625784982578,0.9690721649484536,0.91275,0.9779012361071724,0.6668593039514105,0.9152924281843964,0,,ok,,2026-07-20T17:44:52.915788+00:00,False,20000
adult,gaussian_copula,fixed,0.5,0,4,8000,10.8674,72.92,False,0.0131019278358399,1.0346294423642368,0.0263861289005553,0.0182308855030403,0.0975628955171397,0.9896907216494846,0.91225,0.9763405165645862,0.6474834067931672,0.9152924281843964,0,,ok,,2026-07-20T17:44:52.915788+00:00,False,20000
adult,gaussian_copula,fixed,0.5,0,2,8000,10.4088,72.92,False,0.0157277756993911,1.0323453329164802,0.0298042650667481,0.0130150290215588,0.1006343012185714,0.9896907216494846,0.90825,0.972887956307964,0.6567297669876713,0.9152924281843964,0,,ok,,2026-07-20T17:44:52.915788+00:00,False,20000
adult,gaussian_copula,fixed,0.2,0,11,8000,18.637,72.92,False,0.0188646775739318,1.0006213526923156,0.034830018490376,0.0255972999585406,0.1232387179564077,0.9381443298969072,0.91575,0.9806320535331778,0.5604519599174578,0.9152924281843964,0,,ok,,2026-07-20T17:44:52.915788+00:00,False,20000
adult,gaussian_copula,fixed,0.2,0,12,8000,54.3574,72.92,False,0.024865949070377,0.902856185663364,0.0439454228822365,0.0263268293946932,0.1203862370925386,0.9381443298969072,0.914,0.9768999527319632,0.5784678022224283,0.9152924281843964,0,,ok,,2026-07-20T17:44:52.915788+00:00,False,20000
adult,gaussian_copula,fixed,0.35,0,0,8000,15.5438,71.44,True,0.0159652726413087,0.9862134759916684,0.0223296702995789,0.0162074695964621,0.0828055581336778,1.0,0.91625,0.9757189620340018,0.709868285007808,0.9152924281843964,0,,ok,,2026-07-20T17:44:52.915788+00:00,False,20000
adult,gaussian_copula,fixed,0.35,0,1,8000,32.9029,72.18,False,0.0111715116263543,0.90827816423218,0.0224622878813454,0.016247780196241,0.1137383745621155,0.979381443298969,0.91975,0.9784273591198666,0.6248783628149569,0.9152924281843964,0,,ok,,2026-07-20T17:44:52.915788+00:00,False,20000
adult,gaussian_copula,fixed,0.35,0,2,8000,42.2393,72.92,False,0.0117766862549205,0.9341073162679796,0.0238302373621214,0.0166061532614704,0.094716462444898,0.9587628865979382,0.91,0.9774049607563235,0.6590922263266599,0.9152924281843964,0,,ok,,2026-07-20T17:44:52.915788+00:00,False,20000
adult,gaussian_copula,fixed,0.35,0,3,8000,66.4938,72.92,False,0.0180608162693959,0.9846463614669744,0.0270143167607295,0.0210283219320066,0.1171547488766536,0.9381443298969072,0.913,0.9771021283479898,0.6390450545051292,0.9152924281843964,0,,ok,,2026-07-20T17:44:52.915788+00:00,False,20000
adult,gaussian_copula,fixed,0.35,0,4,8000,18.9878,72.92,False,0.0133780592625857,0.980117166199598,0.0241024633610726,0.0180865896213377,0.125442305203103,0.9484536082474226,0.9235,0.9745518963777132,0.6081202958814282,0.9152924281843964,0,,ok,,2026-07-20T17:44:52.915788+00:00,False,20000
adult,gaussian_copula,fixed,0.35,0,5,8000,47.9777,72.92,False,0.0107125950637834,0.9541883273999354,0.0241903492261493,0.0173203340934217,0.1288180671279375,0.9587628865979382,0.91575,0.97663434580717,0.5841625729741156,0.9152924281843964,0,,ok,,2026-07-20T17:44:52.915788+00:00,False,20000
adult,gaussian_copula,fixed,0.35,0,6,8000,18.3455,72.92,False,0.02651269916603,0.9482540164293476,0.0331377162722837,0.0192591728855721,0.1196193629149487,0.9587628865979382,0.92075,0.9759329084569224,0.5995930719026068,0.9152924281843964,0,,ok,,2026-07-20T17:44:52.915788+00:00,False,20000
adult,gaussian_copula,fixed,0.35,0,7,8000,46.1332,72.92,False,0.0125185072346241,0.9843202210744628,0.0289556671302018,0.0186100659894969,0.107280812363663,0.9484536082474226,0.917,0.9754255800493143,0.6514417866494593,0.9152924281843964,0,,ok,,2026-07-20T17:44:52.915788+00:00,False,20000
adult,gaussian_copula,fixed,0.35,0,8,8000,14.7706,72.92,False,0.0101368754067037,0.9952206032623636,0.022825610620486,0.0206776188501934,0.1149342155176552,0.9587628865979382,0.90975,0.9798037099013268,0.5942273984964653,0.9152924281843964,0,,ok,,2026-07-20T17:44:52.915788+00:00,False,20000
adult,gaussian_copula,fixed,0.35,0,9,8000,14.502,72.92,False,0.0173233869576345,0.9675779205407408,0.0288642403130001,0.0204104391238253,0.1128297497153259,0.9587628865979382,0.9105,0.9748484676676862,0.613870566364763,0.9152924281843964,0,,ok,,2026-07-20T17:44:52.915788+00:00,False,20000
adult,gaussian_copula,fixed,0.35,0,10,8000,11.4807,72.92,False,0.0175634695548651,1.0418628910174372,0.0266407412787917,0.0185057524875622,0.1115090556408667,0.9381443298969072,0.91525,0.9778630435453248,0.5733560900809489,0.9152924281843964,0,,ok,,2026-07-20T17:44:52.915788+00:00,False,20000
adult,gaussian_copula,fixed,0.35,0,11,8000,9.9053,72.92,False,0.0234033827535792,1.0269428386161596,0.0322398529099904,0.0211185565229408,0.1142916542726564,0.9381443298969072,0.911,0.9810020722900448,0.5783907647922029,0.9152924281843964,0,,ok,,2026-07-20T17:44:52.915788+00:00,False,20000
adult,gaussian_copula,fixed,0.35,0,12,8000,9.9575,72.92,False,0.0163537256659562,1.040532290235858,0.0260962875386034,0.0213131305279159,0.1104951160347617,0.9484536082474226,0.91025,0.975646359864141,0.5864722862598137,0.9152924281843964,0,,ok,,2026-07-20T17:44:52.915788+00:00,False,20000
adult,gaussian_copula,fixed,0.5,0,0,8000,15.5438,71.44,True,0.0159652726413087,0.9862134759916684,0.0223296702995789,0.0162074695964621,0.0828055581336778,1.0,0.91625,0.9757189620340018,0.709868285007808,0.9152924281843964,0,,ok,,2026-07-20T17:44:52.915788+00:00,False,20000
adult,gaussian_copula,fixed,0.5,0,1,8000,10.5813,72.18,False,0.0201451016078393,1.0674312578445242,0.0262829912840051,0.0113900376589275,0.1034178083435637,0.9896907216494846,0.912,0.9792443762495942,0.6617828651184088,0.9152924281843964,0,,ok,,2026-07-20T17:44:52.915788+00:00,False,20000
adult,gaussian_copula,fixed,0.5,0,3,8000,10.832,72.92,False,0.0177388009695315,0.9983401355687448,0.0264861028583764,0.0163303793532338,0.1060173476678025,0.9896907216494846,0.9095,0.9759272946355576,0.642560649437994,0.9152924281843964,0,,ok,,2026-07-20T17:44:52.915788+00:00,False,20000
adult,gaussian_copula,fixed,1.0,2,12,8000,2.8549,72.92,False,0.0118402297433103,0.9136361758307424,0.0245253552471919,0.0160417789524599,0.0899190514019772,0.9896907216494846,0.914,0.9759278054559658,0.703251851553658,0.9130153984382448,0,,ok,,2026-07-20T17:44:52.915788+00:00,False,20000
