dataset,synth,regime,alpha,seed,generation,n,wallclock_sec,peak_mem_mb,gen0_shared,mean_shift,var_ratio,w1,tv_cat,corr_frob,cat_support,coverage,c2st_auc,tstr_auc,trtr_auc,n_nan_metrics,ctgan_lost_support,status,error,run_ts,sampled_with_replacement,effective_pool_size
adult,gaussian_copula,fixed,0.0,0,0,2000,20.9348,39.26,True,0.0302932455157596,1.0383456578531487,0.0379386417997787,0.0219233347153123,0.1019382978637386,0.8762886597938144,0.908,0.9740810526793098,0.686186323318817,0.8976610190471932,0,,ok,,2026-07-20T22:35:19.433604+00:00,False,20000
adult,gaussian_copula,fresh,0.35,9,7,2000,8.9982,39.65,False,0.0223599718300751,1.0016293861892358,0.0428999487113872,0.0354207089552238,0.1329106853975037,0.8865979381443299,0.90475,0.9687776175754076,0.6011870910705686,0.8955836965456941,0,,ok,,2026-07-20T22:35:19.433604+00:00,False,20000
adult,gaussian_copula,fresh,0.35,9,8,2000,8.6822,39.65,False,0.0165495389267765,0.9696031654533668,0.041505714537752,0.0316524668325041,0.1435753215661524,0.8762886597938144,0.892,0.961602912317585,0.5664574701589777,0.8955836965456941,0,,ok,,2026-07-20T22:35:19.433604+00:00,False,20000
adult,gaussian_copula,fresh,0.35,9,9,2000,8.8699,39.65,False,0.0346467118865132,0.881432703337368,0.0478857662927608,0.034930451907131,0.1361335767742321,0.8762886597938144,0.89725,0.9714946678638746,0.5883266919419372,0.8955836965456941,0,,ok,,2026-07-20T22:35:19.433604+00:00,False,20000
adult,gaussian_copula,fresh,0.35,9,10,2000,8.9871,39.65,False,0.0288074368509177,0.9463605999807362,0.0428075055135044,0.034158616639027,0.1505411637453572,0.8556701030927835,0.90675,0.9725557304099368,0.6276670522253458,0.8955836965456941,0,,ok,,2026-07-20T22:35:19.433604+00:00,False,20000
adult,gaussian_copula,fresh,0.35,9,11,2000,8.6329,39.65,False,0.036525117680472,0.9327280998916696,0.0431233718275053,0.028587479270315,0.1258993594366865,0.8247422680412371,0.897,0.968768807693798,0.551302896358234,0.8955836965456941,0,,ok,,2026-07-20T22:35:19.433604+00:00,False,20000
adult,gaussian_copula,fresh,0.35,9,12,2000,8.827,39.65,False,0.0378562078195361,0.8551845881854861,0.0452677044446444,0.0316816611387506,0.1427172795565187,0.845360824742268,0.897,0.9760922178131866,0.5392333274282232,0.8955836965456941,0,,ok,,2026-07-20T22:35:19.433604+00:00,False,20000
adult,gaussian_copula,fixed,0.0,10,0,2000,10.4711,39.26,True,0.0158495252855037,0.9637952890324804,0.0268646726081282,0.0285482310668877,0.1160754928460546,0.9072164948453608,0.91125,0.9715974018159508,0.6729243788783429,0.8987919940866724,0,,ok,,2026-07-20T22:35:19.433604+00:00,False,20000
adult,gaussian_copula,fixed,0.0,10,1,2000,8.5118,39.83,False,0.0244204233025328,1.0178694590571584,0.038517981462742,0.0369386401326699,0.1433254135699604,0.8969072164948454,0.894,0.9751888792604568,0.5442884252539579,0.8987919940866724,0,,ok,,2026-07-20T22:35:19.433604+00:00,False,20000
adult,gaussian_copula,fixed,0.0,10,2,2000,9.7807,40.02,False,0.0373830556153488,1.0716834913328042,0.0555566772959666,0.0367600884466556,0.1232156707503664,0.8865979381443299,0.901,0.97630457859751,0.5262247541784774,0.8987919940866724,0,,ok,,2026-07-20T22:35:19.433604+00:00,False,20000
adult,gaussian_copula,fixed,0.0,10,3,2000,9.146,39.65,False,0.0390103488073648,0.9059571725068492,0.0580441470804917,0.0369053689883913,0.1467460122986134,0.8350515463917526,0.89875,0.9789779428532016,0.4705539010902336,0.8987919940866724,0,,ok,,2026-07-20T22:35:19.433604+00:00,False,20000
adult,gaussian_copula,fixed,0.0,10,4,2000,9.1371,39.65,False,0.0425474250817121,0.8453659687411438,0.0577915218544887,0.042442025981205,0.1391458283104029,0.8350515463917526,0.896,0.9819378425738664,0.3399551976531317,0.8987919940866724,0,,ok,,2026-07-20T22:35:19.433604+00:00,False,20000
adult,gaussian_copula,fixed,0.0,10,5,2000,8.4928,39.65,False,0.0718920559791524,0.8417578130700939,0.0818116513987025,0.0534746061359867,0.1472045983845478,0.7938144329896907,0.89275,0.9795241363879832,0.4268490917385322,0.8987919940866724,0,,ok,,2026-07-20T22:35:19.433604+00:00,False,20000
adult,gaussian_copula,fixed,0.0,10,6,2000,9.2858,39.65,False,0.0501861226794008,0.8515782923125962,0.0705144984200361,0.0553514718076285,0.1531467899450465,0.7835051546391752,0.8885,0.9791104690776294,0.3839915629917693,0.8987919940866724,0,,ok,,2026-07-20T22:35:19.433604+00:00,False,20000
adult,gaussian_copula,fixed,0.0,10,7,2000,9.0316,39.65,False,0.0506385164485656,0.9053466795322768,0.0672178301423881,0.0548731343283582,0.1634109833069979,0.7731958762886598,0.89125,0.9893744930282136,0.4752403338349836,0.8987919940866724,0,,ok,,2026-07-20T22:35:19.433604+00:00,False,20000
adult,gaussian_copula,fixed,0.0,10,8,2000,9.5157,39.65,False,0.0664149651700311,0.8118381821869719,0.0811635990082001,0.0516462479270315,0.1490995297685608,0.7422680412371134,0.87875,0.98299221586491,0.3361207661047895,0.8987919940866724,0,,ok,,2026-07-20T22:35:19.433604+00:00,False,20000
adult,gaussian_copula,fixed,0.0,10,9,2000,9.5736,39.65,False,0.0728958603698356,0.8069786885610917,0.0872993640630097,0.0602552515201768,0.1512573917097718,0.7422680412371134,0.878,0.98523310898364,0.3839548472803427,0.8987919940866724,0,,ok,,2026-07-20T22:35:19.433604+00:00,False,20000
adult,gaussian_copula,fixed,0.0,10,10,2000,9.5503,39.65,False,0.0579467133164062,0.7942497511726064,0.0823686623977165,0.0573883360972913,0.1156518498670229,0.7216494845360825,0.88775,0.9860764495538562,0.4331083337715179,0.8987919940866724,0,,ok,,2026-07-20T22:35:19.433604+00:00,False,20000
adult,gaussian_copula,fresh,0.35,9,6,2000,9.6414,39.65,False,0.0197619211753425,1.0334415945343327,0.0387917159775799,0.0411626243781094,0.1268304980221428,0.8350515463917526,0.89825,0.9720946038139764,0.6000014030646866,0.8955836965456941,0,,ok,,2026-07-20T22:35:19.433604+00:00,False,20000
adult,gaussian_copula,fixed,0.0,10,11,2000,9.478,39.65,False,0.0741334944171059,0.8042488633287969,0.0890680217005478,0.0579785793255942,0.1329686405611446,0.7319587628865979,0.85775,0.9833789540300604,0.3749871986738285,0.8987919940866724,0,,ok,,2026-07-20T22:35:19.433604+00:00,False,20000
adult,gaussian_copula,fresh,0.35,9,5,2000,8.83,39.65,False,0.0428018998143518,0.9945727455194856,0.0509683900815697,0.032697726644555,0.119138906801157,0.865979381443299,0.89925,0.9670871271821172,0.602626969814309,0.8955836965456941,0,,ok,,2026-07-20T22:35:19.433604+00:00,False,20000
adult,gaussian_copula,fresh,0.35,9,3,2000,9.3247,39.65,False,0.0507498098717618,1.2305260354057324,0.0674039952448398,0.0251832158651188,0.1383166245642418,0.845360824742268,0.889,0.970345319751576,0.5771036168516199,0.8955836965456941,0,,ok,,2026-07-20T22:35:19.433604+00:00,False,20000
adult,gaussian_copula,fresh,0.1,9,12,2000,9.442,39.65,False,0.0528961841669357,1.1292556054446636,0.073843337236196,0.0389210544499723,0.1363159709093154,0.8350515463917526,0.87825,0.9805423937769308,0.5315597109581844,0.8955836965456941,0,,ok,,2026-07-20T22:35:19.433604+00:00,False,20000
adult,gaussian_copula,fresh,0.2,9,0,2000,9.8511,39.26,True,0.0199117033610866,0.9446222575041826,0.0357926982655732,0.024149979270315,0.0826220335193146,0.865979381443299,0.8975,0.9704385541965254,0.6871421775275457,0.8955836965456941,0,,ok,,2026-07-20T22:35:19.433604+00:00,False,20000
adult,gaussian_copula,fresh,0.2,9,1,2000,8.7901,39.45,False,0.0274183020374045,0.9594534564807112,0.0402199622589651,0.0302914248203427,0.1355960957523405,0.8865979381443299,0.9035,0.9744836657313702,0.5762929863943376,0.8955836965456941,0,,ok,,2026-07-20T22:35:19.433604+00:00,False,20000
adult,gaussian_copula,fresh,0.2,9,2,2000,9.1111,40.02,False,0.0208181081808787,0.9245095322018057,0.0375534757013815,0.0308016514648977,0.116518605774992,0.865979381443299,0.8885,0.977453960459834,0.5201014586234257,0.8955836965456941,0,,ok,,2026-07-20T22:35:19.433604+00:00,False,20000
adult,gaussian_copula,fresh,0.2,9,3,2000,8.8056,39.65,False,0.0310560552718761,0.9861956785710134,0.0512972080847875,0.0415907269209508,0.1427656932934409,0.8556701030927835,0.90125,0.9669306260647024,0.5833082114819732,0.8955836965456941,0,,ok,,2026-07-20T22:35:19.433604+00:00,False,20000
adult,gaussian_copula,fresh,0.2,9,4,2000,8.9016,39.65,False,0.0193021861686563,0.9015211036480908,0.0455473554843268,0.0414844181868435,0.1536027583892361,0.8144329896907216,0.901,0.9737829915806894,0.5305577654188613,0.8955836965456941,0,,ok,,2026-07-20T22:35:19.433604+00:00,False,20000
adult,gaussian_copula,fresh,0.2,9,5,2000,9.3254,39.65,False,0.0264901821117444,0.9171830288358196,0.0412781363851351,0.042605444997236,0.1316194687461937,0.7835051546391752,0.91375,0.975226787288897,0.5490701877208761,0.8955836965456941,0,,ok,,2026-07-20T22:35:19.433604+00:00,False,20000
adult,gaussian_copula,fresh,0.2,9,6,2000,9.3784,39.65,False,0.043280105297498,0.9159271223526368,0.0562526948657739,0.0366274184632393,0.1736894363560092,0.7938144329896907,0.89825,0.9739071219238182,0.4999216185124813,0.8955836965456941,0,,ok,,2026-07-20T22:35:19.433604+00:00,False,20000
adult,gaussian_copula,fresh,0.2,9,7,2000,9.0529,39.65,False,0.025008942262346,1.0018821037206231,0.04866704789971,0.0326473189607518,0.1386284872140814,0.845360824742268,0.88125,0.9788955477913848,0.5472158803844083,0.8955836965456941,0,,ok,,2026-07-20T22:35:19.433604+00:00,False,20000
adult,gaussian_copula,fresh,0.2,9,8,2000,8.8183,39.65,False,0.0207565464202388,0.9951907853365504,0.0498593519370484,0.0329967177998894,0.1268014486548899,0.8144329896907216,0.8955,0.9775513326578874,0.5935286853952636,0.8955836965456941,0,,ok,,2026-07-20T22:35:19.433604+00:00,False,20000
adult,gaussian_copula,fresh,0.2,9,9,2000,8.633,39.65,False,0.0223567709242325,0.9502146817479776,0.0480678096200689,0.0345930762852404,0.1278716579605157,0.8144329896907216,0.89075,0.9742754865751838,0.5272561706325973,0.8955836965456941,0,,ok,,2026-07-20T22:35:19.433604+00:00,False,20000
adult,gaussian_copula,fresh,0.2,9,10,2000,9.471,39.65,False,0.0448819027190842,0.9876074857344062,0.0570945926740877,0.0389646904367053,0.1404774704183601,0.845360824742268,0.88825,0.975643188351302,0.5224686057719984,0.8955836965456941,0,,ok,,2026-07-20T22:35:19.433604+00:00,False,20000
adult,gaussian_copula,fresh,0.2,9,11,2000,8.7272,39.65,False,0.0281675858167464,0.94557041103314,0.0538888366651378,0.0316233070757324,0.1597145929916656,0.845360824742268,0.8915,0.9695009256180694,0.5169148299085661,0.8955836965456941,0,,ok,,2026-07-20T22:35:19.433604+00:00,False,20000
adult,gaussian_copula,fresh,0.2,9,12,2000,8.9287,39.65,False,0.0267012354318354,0.9231507423503256,0.0420656239784886,0.0363955914870094,0.1393380366166595,0.8969072164948454,0.89225,0.9706530119824224,0.5260986750479895,0.8955836965456941,0,,ok,,2026-07-20T22:35:19.433604+00:00,False,20000
adult,gaussian_copula,fresh,0.35,9,0,2000,9.8511,39.26,True,0.0199117033610866,0.9446222575041826,0.0357926982655732,0.024149979270315,0.0826220335193146,0.865979381443299,0.8975,0.9704385541965254,0.6871421775275457,0.8955836965456941,0,,ok,,2026-07-20T22:35:19.433604+00:00,False,20000
adult,gaussian_copula,fresh,0.35,9,1,2000,9.0122,39.45,False,0.0462669261942432,1.063032261655831,0.0524388324186751,0.0258696448313985,0.1031500218528098,0.845360824742268,0.90025,0.9705238225104978,0.6272623926344086,0.8955836965456941,0,,ok,,2026-07-20T22:35:19.433604+00:00,False,20000
adult,gaussian_copula,fresh,0.35,9,2,2000,8.772,40.02,False,0.040080362318312,1.1829394771888024,0.0540946351403658,0.0284567440574903,0.1233737284613284,0.865979381443299,0.899,0.9710303608905284,0.5717738723916601,0.8955836965456941,0,,ok,,2026-07-20T22:35:19.433604+00:00,False,20000
adult,gaussian_copula,fresh,0.35,9,4,2000,9.2019,39.65,False,0.0455425413955677,0.9719802697876728,0.0582978651126188,0.031323624930901,0.1039044925729674,0.8556701030927835,0.89975,0.9662837078293518,0.5813780468631473,0.8955836965456941,0,,ok,,2026-07-20T22:35:19.433604+00:00,False,20000
adult,gaussian_copula,fixed,0.0,10,12,2000,9.3732,39.65,False,0.0508335170624789,0.7842902229605931,0.0668401856648523,0.0532924267551133,0.1661402268038385,0.7216494845360825,0.883,0.9866170248344228,0.3941237552882098,0.8987919940866724,0,,ok,,2026-07-20T22:35:19.433604+00:00,False,20000
adult,gaussian_copula,fixed,0.01,10,0,2000,10.4711,39.26,True,0.0158495252855037,0.9637952890324804,0.0268646726081282,0.0285482310668877,0.1160754928460546,0.9072164948453608,0.91125,0.9715974018159508,0.6729243788783429,0.8987919940866724,0,,ok,,2026-07-20T22:35:19.433604+00:00,False,20000
adult,gaussian_copula,fixed,0.01,10,1,2000,9.4707,39.45,False,0.0398628883781143,0.8551862392148846,0.0524277648622652,0.0255334784411277,0.1013884048429644,0.8350515463917526,0.9075,0.9746448446022948,0.5272998033218015,0.8987919940866724,0,,ok,,2026-07-20T22:35:19.433604+00:00,False,20000
adult,gaussian_copula,fixed,0.02,10,11,2000,8.999,39.65,False,0.0804455796776258,0.8319948411772972,0.0989972523215083,0.0614221254836926,0.1512610539029966,0.6907216494845361,0.86925,0.9836053143248872,0.4611067190669803,0.8987919940866724,0,,ok,,2026-07-20T22:35:19.433604+00:00,False,20000
adult,gaussian_copula,fixed,0.02,10,12,2000,9.1668,39.65,False,0.098399780590529,0.8413527816882894,0.1158465611839658,0.0780054933665008,0.1649728899714679,0.6907216494845361,0.8715,0.9850553695377908,0.4426262263211526,0.8987919940866724,0,,ok,,2026-07-20T22:35:19.433604+00:00,False,20000
adult,gaussian_copula,fixed,0.05,10,0,2000,10.4711,39.26,True,0.0158495252855037,0.9637952890324804,0.0268646726081282,0.0285482310668877,0.1160754928460546,0.9072164948453608,0.91125,0.9715974018159508,0.6729243788783429,0.8987919940866724,0,,ok,,2026-07-20T22:35:19.433604+00:00,False,20000
adult,gaussian_copula,fixed,0.05,10,1,2000,8.5571,39.45,False,0.0309472586826068,1.0088416950400876,0.051396631249656,0.0324577805417357,0.0941562914339901,0.9175257731958762,0.8895,0.976291617462786,0.515078487045189,0.8987919940866724,0,,ok,,2026-07-20T22:35:19.433604+00:00,False,20000
adult,gaussian_copula,fixed,0.05,10,2,2000,8.9891,40.02,False,0.0150392381151627,0.8936228987109754,0.0512056325713008,0.0372194582642343,0.1328570601856281,0.8350515463917526,0.88475,0.9765740691746956,0.4259244458845163,0.8987919940866724,0,,ok,,2026-07-20T22:35:19.433604+00:00,False,20000
adult,gaussian_copula,fixed,0.05,10,3,2000,8.9843,39.65,False,0.0331675316645864,0.782107559182654,0.0611947861352133,0.0441836995577667,0.1435901427073367,0.7835051546391752,0.89275,0.976666253993857,0.4461161530379038,0.8987919940866724,0,,ok,,2026-07-20T22:35:19.433604+00:00,False,20000
adult,gaussian_copula,fixed,0.05,10,4,2000,9.1033,39.65,False,0.0301738648359123,0.7938974611236382,0.0577084094404713,0.041525912106136,0.1424619041573025,0.7731958762886598,0.87925,0.9777638970673638,0.4703958268397882,0.8987919940866724,0,,ok,,2026-07-20T22:35:19.433604+00:00,False,20000
adult,gaussian_copula,fixed,0.05,10,5,2000,9.4168,39.65,False,0.0399913722466897,0.7765829249253882,0.073103476056695,0.0431598949695964,0.1502734199676913,0.7525773195876289,0.872,0.9767701337592928,0.3704143879431898,0.8987919940866724,0,,ok,,2026-07-20T22:35:19.433604+00:00,False,20000
adult,gaussian_copula,fixed,0.05,10,6,2000,9.1318,39.65,False,0.0398380770342747,0.7021011600616464,0.0758021682590287,0.0508510917634052,0.1559803221243451,0.7422680412371134,0.886,0.9798098157273142,0.4011532077140234,0.8987919940866724,0,,ok,,2026-07-20T22:35:19.433604+00:00,False,20000
adult,gaussian_copula,fixed,0.05,10,7,2000,9.1964,39.65,False,0.0332190368752564,0.6750909200822308,0.0816998099943091,0.0492538349917081,0.185475242347586,0.7525773195876289,0.87025,0.979096522442166,0.4098669606196458,0.8987919940866724,0,,ok,,2026-07-20T22:35:19.433604+00:00,False,20000
adult,gaussian_copula,fixed,0.05,10,8,2000,9.293,39.65,False,0.0524484172799081,0.7014068131242785,0.0841828865687304,0.0465853372028745,0.1534135343307464,0.7422680412371134,0.869,0.9821925393899528,0.4191010931709695,0.8987919940866724,0,,ok,,2026-07-20T22:35:19.433604+00:00,False,20000
adult,gaussian_copula,fixed,0.05,10,9,2000,9.6874,39.65,False,0.0593691492385133,0.6810973365693842,0.0866930362594461,0.0462694859038142,0.1683663786121108,0.7525773195876289,0.877,0.97875765418793,0.4977977785158801,0.8987919940866724,0,,ok,,2026-07-20T22:35:19.433604+00:00,False,20000
adult,gaussian_copula,fixed,0.05,10,10,2000,10.2117,39.65,False,0.0495550572320246,0.7108865241401392,0.0794907674332361,0.054503178551686,0.1762668361512003,0.7422680412371134,0.863,0.9835544586617324,0.4126909233385124,0.8987919940866724,0,,ok,,2026-07-20T22:35:19.433604+00:00,False,20000
adult,gaussian_copula,fixed,0.05,10,11,2000,9.2473,39.65,False,0.0539871898099309,0.6839418276002394,0.0853992899164707,0.0546891238253178,0.1748943809685742,0.7422680412371134,0.864,0.983210314153538,0.4809297283574977,0.8987919940866724,0,,ok,,2026-07-20T22:35:19.433604+00:00,False,20000
adult,gaussian_copula,fixed,0.05,10,12,2000,8.9973,39.65,False,0.0464231103964976,0.6864874774658208,0.0896834715348465,0.0587268864013267,0.1690448865099192,0.7422680412371134,0.861,0.9872276539175474,0.4051197830416161,0.8987919940866724,0,,ok,,2026-07-20T22:35:19.433604+00:00,False,20000
adult,gaussian_copula,fixed,0.1,10,0,2000,10.4711,39.26,True,0.0158495252855037,0.9637952890324804,0.0268646726081282,0.0285482310668877,0.1160754928460546,0.9072164948453608,0.91125,0.9715974018159508,0.6729243788783429,0.8987919940866724,0,,ok,,2026-07-20T22:35:19.433604+00:00,False,20000
adult,gaussian_copula,fixed,0.1,10,1,2000,8.8776,39.45,False,0.0214218844780242,0.8365261423443687,0.0445063404546494,0.0307676893311221,0.1645129324677431,0.8969072164948454,0.88225,0.9749421137003208,0.5625185627424958,0.8987919940866724,0,,ok,,2026-07-20T22:35:19.433604+00:00,False,20000
adult,gaussian_copula,fixed,0.02,10,10,2000,8.9506,39.65,False,0.0744910762998862,0.8999635031249541,0.1002530671488866,0.0629323521282476,0.1793600193415052,0.6907216494845361,0.8865,0.9855492775333454,0.3608290630556939,0.8987919940866724,0,,ok,,2026-07-20T22:35:19.433604+00:00,False,20000
adult,gaussian_copula,fixed,0.02,10,9,2000,9.025,39.65,False,0.0562951832229024,0.8758335258776749,0.0929960123958309,0.0576809355997788,0.1629117591964107,0.7216494845360825,0.87775,0.9854561994635136,0.4204944216377226,0.8987919940866724,0,,ok,,2026-07-20T22:35:19.433604+00:00,False,20000
adult,gaussian_copula,fixed,0.02,10,8,2000,9.0791,39.65,False,0.07230334319015,0.8844403788740512,0.0917453681237523,0.0532621268656716,0.1628715484042933,0.711340206185567,0.8885,0.9753878289097186,0.4504499838254179,0.8987919940866724,0,,ok,,2026-07-20T22:35:19.433604+00:00,False,20000
adult,gaussian_copula,fixed,0.02,10,7,2000,9.2754,39.65,False,0.0591908917185351,0.91620898571061,0.0814036019427126,0.0451817647871752,0.1564071600667623,0.7319587628865979,0.8885,0.9793799011547708,0.4123327156789069,0.8987919940866724,0,,ok,,2026-07-20T22:35:19.433604+00:00,False,20000
adult,gaussian_copula,fixed,0.01,10,2,2000,9.0519,40.02,False,0.0319830645288419,0.8934456085588011,0.0497183995552991,0.0320716901603095,0.0913868783887325,0.845360824742268,0.8845,0.972201496894173,0.4180549248685086,0.8987919940866724,0,,ok,,2026-07-20T22:35:19.433604+00:00,False,20000
adult,gaussian_copula,fixed,0.01,10,3,2000,8.7432,39.65,False,0.0378271784954604,0.8483850633064591,0.0611779416989839,0.038713619402985,0.136461937196021,0.7835051546391752,0.90125,0.977849340881468,0.446872791730258,0.8987919940866724,0,,ok,,2026-07-20T22:35:19.433604+00:00,False,20000
adult,gaussian_copula,fixed,0.01,10,4,2000,8.9815,39.65,False,0.0198669677203116,0.8360717219289779,0.0540546744596944,0.0476797263681592,0.1222002708058595,0.7835051546391752,0.901,0.9830383543995254,0.3631032079959476,0.8987919940866724,0,,ok,,2026-07-20T22:35:19.433604+00:00,False,20000
adult,gaussian_copula,fixed,0.01,10,5,2000,9.3539,39.65,False,0.0542810718016908,0.845426664996241,0.0765059752181773,0.0599262368711995,0.1653740543033987,0.7731958762886598,0.8975,0.9788575047628432,0.4208149956931159,0.8987919940866724,0,,ok,,2026-07-20T22:35:19.433604+00:00,False,20000
adult,gaussian_copula,fixed,0.01,10,6,2000,9.3058,39.65,False,0.044228583319447,0.8856539676336204,0.070612956042405,0.0611295950801547,0.1565908843846385,0.7731958762886598,0.9085,0.9822564394378936,0.3442519849103671,0.8987919940866724,0,,ok,,2026-07-20T22:35:19.433604+00:00,False,20000
adult,gaussian_copula,fixed,0.01,10,7,2000,9.2376,39.65,False,0.0855581261444081,0.8300104521774707,0.105912082295679,0.0686892965726921,0.142889759340301,0.7525773195876289,0.8975,0.9855603475416508,0.3726246737710694,0.8987919940866724,0,,ok,,2026-07-20T22:35:19.433604+00:00,False,20000
adult,gaussian_copula,fixed,0.01,10,8,2000,8.883,39.65,False,0.0587435465934182,0.9066937100222436,0.0846891593821647,0.0738571379215035,0.1685908731922343,0.7525773195876289,0.89825,0.984104370324304,0.3443601323496494,0.8987919940866724,0,,ok,,2026-07-20T22:35:19.433604+00:00,False,20000
adult,gaussian_copula,fixed,0.01,10,9,2000,9.3179,39.65,False,0.0684417335348662,0.8621348013948369,0.0889524650066469,0.0690441196793808,0.1563184682626491,0.7525773195876289,0.8975,0.9858491285083084,0.416456873528667,0.8987919940866724,0,,ok,,2026-07-20T22:35:19.433604+00:00,False,20000
adult,gaussian_copula,fresh,0.1,9,11,2000,9.2259,39.65,False,0.0744968302036957,1.2360663531630658,0.0906701133394144,0.0428395176893311,0.1394064547935016,0.8556701030927835,0.89625,0.9731197810831156,0.4555978543862752,0.8955836965456941,0,,ok,,2026-07-20T22:35:19.433604+00:00,False,20000
adult,gaussian_copula,fixed,0.01,10,10,2000,9.7393,39.65,False,0.0734302084167426,0.804240451960505,0.0903812118625319,0.06576931315644,0.1778398616077799,0.7216494845360825,0.884,0.984801658222444,0.4137118168074823,0.8987919940866724,0,,ok,,2026-07-20T22:35:19.433604+00:00,False,20000
adult,gaussian_copula,fixed,0.01,10,12,2000,9.4115,39.65,False,0.0818945691015844,0.780781778851817,0.1026662385842837,0.0662443684355997,0.1605703666172853,0.7010309278350515,0.88225,0.9849295573184004,0.3921235357807064,0.8987919940866724,0,,ok,,2026-07-20T22:35:19.433604+00:00,False,20000
adult,gaussian_copula,fixed,0.02,10,0,2000,10.4711,39.26,True,0.0158495252855037,0.9637952890324804,0.0268646726081282,0.0285482310668877,0.1160754928460546,0.9072164948453608,0.91125,0.9715974018159508,0.6729243788783429,0.8987919940866724,0,,ok,,2026-07-20T22:35:19.433604+00:00,False,20000
adult,gaussian_copula,fixed,0.02,10,1,2000,9.0872,39.45,False,0.0269285420303868,0.9257842423060092,0.0429987011071422,0.0279645867882808,0.1119847779996933,0.8556701030927835,0.9035,0.9737479658044114,0.5209025495521142,0.8987919940866724,0,,ok,,2026-07-20T22:35:19.433604+00:00,False,20000
adult,gaussian_copula,fixed,0.02,10,2,2000,9.3886,40.02,False,0.045175980002866,0.9967499780348154,0.0638716998778726,0.0343690229408513,0.1024121480357448,0.8556701030927835,0.9065,0.9780112543779436,0.4580077818950369,0.8987919940866724,0,,ok,,2026-07-20T22:35:19.433604+00:00,False,20000
adult,gaussian_copula,fixed,0.02,10,3,2000,8.7214,39.65,False,0.0660870420247711,1.0818844299613712,0.0737314601610232,0.0352204947484798,0.1084831695045489,0.8041237113402062,0.90925,0.9790789555539864,0.4218556238569776,0.8987919940866724,0,,ok,,2026-07-20T22:35:19.433604+00:00,False,20000
adult,gaussian_copula,fixed,0.02,10,4,2000,9.1568,39.65,False,0.0555920955443579,1.0396042603932394,0.0756257940823321,0.0382567716970702,0.1731980344787813,0.7525773195876289,0.88975,0.9794938108652316,0.4143687330050511,0.8987919940866724,0,,ok,,2026-07-20T22:35:19.433604+00:00,False,20000
adult,gaussian_copula,fixed,0.02,10,5,2000,8.9314,39.65,False,0.0525315986280292,0.9701827001982012,0.0688658301682554,0.0401782407407407,0.1676403220297399,0.7422680412371134,0.9055,0.9824664332204416,0.3870099878536558,0.8987919940866724,0,,ok,,2026-07-20T22:35:19.433604+00:00,False,20000
adult,gaussian_copula,fixed,0.02,10,6,2000,8.9835,39.65,False,0.0644516836663255,0.9427732279584804,0.0770242472991569,0.0454504906025428,0.1460658109600798,0.7525773195876289,0.89575,0.9820465705304396,0.4155253106968733,0.8987919940866724,0,,ok,,2026-07-20T22:35:19.433604+00:00,False,20000
adult,gaussian_copula,fixed,0.01,10,11,2000,9.4643,39.65,False,0.0814904481584987,0.8056502354967233,0.0988335219963574,0.0674806522940851,0.160985275446457,0.711340206185567,0.89775,0.9846798498810572,0.4124372898927023,0.8987919940866724,0,,ok,,2026-07-20T22:35:19.433604+00:00,False,20000
adult,gaussian_copula,fixed,0.1,10,2,2000,9.2079,40.02,False,0.0240552635416505,0.7838266274426386,0.0483911630973262,0.0379131426202321,0.1491623061165763,0.8762886597938144,0.8965,0.9754661694684936,0.5343147989362409,0.8987919940866724,0,,ok,,2026-07-20T22:35:19.433604+00:00,False,20000
adult,gaussian_copula,fresh,0.1,9,10,2000,8.958,39.65,False,0.0652923519046407,1.1578169771625797,0.0824571023109913,0.0352846531232725,0.1537585166450801,0.8041237113402062,0.8975,0.977924189437623,0.5262539956200779,0.8955836965456941,0,,ok,,2026-07-20T22:35:19.433604+00:00,False,20000
adult,gaussian_copula,fresh,0.1,9,8,2000,9.2906,39.65,False,0.0693566390246404,1.2294960992681292,0.0763544683012193,0.0325933181315643,0.13670688733427,0.8144329896907216,0.89275,0.9711680542438328,0.5650240494466221,0.8955836965456941,0,,ok,,2026-07-20T22:35:19.433604+00:00,False,20000
adult,gaussian_copula,fresh,0.0,9,0,2000,9.8511,39.26,True,0.0199117033610866,0.9446222575041826,0.0357926982655732,0.024149979270315,0.0826220335193146,0.865979381443299,0.8975,0.9704385541965254,0.6871421775275457,0.8955836965456941,0,,ok,,2026-07-20T22:35:19.433604+00:00,False,20000
adult,gaussian_copula,fresh,0.0,9,1,2000,9.3266,39.45,False,0.0159029147528849,0.9586231555281862,0.0466678109257682,0.0257509328358209,0.0969807787067079,0.8247422680412371,0.89575,0.973909662175724,0.6216575425938312,0.8955836965456941,0,,ok,,2026-07-20T22:35:19.433604+00:00,False,20000
adult,gaussian_copula,fresh,0.0,9,2,2000,8.9199,40.02,False,0.0234432565053768,1.046875766633254,0.0436664114385721,0.0407300649530127,0.128776873873513,0.8041237113402062,0.89925,0.9778606505149532,0.4117196288618536,0.8955836965456941,0,,ok,,2026-07-20T22:35:19.433604+00:00,False,20000
adult,gaussian_copula,fresh,0.0,9,3,2000,9.4755,39.65,False,0.0148654254986249,0.93584160185749,0.0411746784358662,0.0448108416252072,0.1376495748692352,0.7835051546391752,0.90025,0.9754377395721642,0.4064536123867271,0.8955836965456941,0,,ok,,2026-07-20T22:35:19.433604+00:00,False,20000
adult,gaussian_copula,fresh,0.0,9,4,2000,8.2837,39.65,False,0.0224254719098626,0.926846957858064,0.0542164181520407,0.0465604961304588,0.152335201006673,0.7731958762886598,0.88375,0.9812502544330034,0.402197868049765,0.8955836965456941,0,,ok,,2026-07-20T22:35:19.433604+00:00,False,20000
adult,gaussian_copula,fresh,0.0,9,5,2000,8.8094,39.65,False,0.0281591651503958,0.9090243580056364,0.0670260107876358,0.0453142274737424,0.1500858660403777,0.7216494845360825,0.89375,0.9836179717093833,0.4337811164015246,0.8955836965456941,0,,ok,,2026-07-20T22:35:19.433604+00:00,False,20000
adult,gaussian_copula,fresh,0.0,9,6,2000,9.4745,39.65,False,0.0446214204084668,1.0150615388035449,0.0776640664307566,0.047775221116639,0.1433572192994564,0.7422680412371134,0.864,0.9819187603095498,0.3847976039851233,0.8955836965456941,0,,ok,,2026-07-20T22:35:19.433604+00:00,False,20000
adult,gaussian_copula,fresh,0.0,9,7,2000,8.8111,39.65,False,0.0444598580080505,0.9026210752893052,0.0778575786211364,0.0564314883913764,0.1668561353561638,0.7422680412371134,0.872,0.9817936680906996,0.3961357762743859,0.8955836965456941,0,,ok,,2026-07-20T22:35:19.433604+00:00,False,20000
adult,gaussian_copula,fresh,0.0,9,8,2000,9.3938,39.65,False,0.0451114008858784,0.8981364315447783,0.0782770101215027,0.0510079809286898,0.1642786871971609,0.7319587628865979,0.88725,0.9846911527645372,0.3676217319246914,0.8955836965456941,0,,ok,,2026-07-20T22:35:19.433604+00:00,False,20000
adult,gaussian_copula,fresh,0.0,9,9,2000,8.8975,39.65,False,0.0507344205187227,0.8552287056715352,0.0829582369600526,0.0693509190160309,0.1658017688862343,0.711340206185567,0.88525,0.9834708047239712,0.3440238557712443,0.8955836965456941,0,,ok,,2026-07-20T22:35:19.433604+00:00,False,20000
adult,gaussian_copula,fresh,0.0,9,10,2000,9.5899,39.65,False,0.0335179623642032,0.989713746860566,0.0744736366859607,0.0722032200110558,0.1833495114685456,0.7010309278350515,0.8765,0.9834499820833492,0.3283999437200595,0.8955836965456941,0,,ok,,2026-07-20T22:35:19.433604+00:00,False,20000
adult,gaussian_copula,fresh,0.0,9,11,2000,9.6594,39.65,False,0.0322735627724239,1.073388787513543,0.0846881022264758,0.0709717730790492,0.1890606789461258,0.6804123711340206,0.854,0.98507428192698,0.3195279526545656,0.8955836965456941,0,,ok,,2026-07-20T22:35:19.433604+00:00,False,20000
adult,gaussian_copula,fresh,0.0,9,12,2000,9.2512,39.65,False,0.0424601449618431,1.0084374348102134,0.0900263997861667,0.0642850331674958,0.1914032302196637,0.6804123711340206,0.8705,0.9843895670382729,0.3521162936066276,0.8955836965456941,0,,ok,,2026-07-20T22:35:19.433604+00:00,False,20000
adult,gaussian_copula,fresh,0.01,9,0,2000,9.8511,39.26,True,0.0199117033610866,0.9446222575041826,0.0357926982655732,0.024149979270315,0.0826220335193146,0.865979381443299,0.8975,0.9704385541965254,0.6871421775275457,0.8955836965456941,0,,ok,,2026-07-20T22:35:19.433604+00:00,False,20000
adult,gaussian_copula,fresh,0.01,9,1,2000,9.0575,39.45,False,0.0225230672479997,0.905919660218883,0.0394013960259759,0.0325628454947484,0.1229845145392289,0.8247422680412371,0.9,0.9762004867694152,0.5507609134501845,0.8955836965456941,0,,ok,,2026-07-20T22:35:19.433604+00:00,False,20000
adult,gaussian_copula,fresh,0.01,9,2,2000,9.2435,40.02,False,0.0312679528964,0.860237369766567,0.0518338351514435,0.0353200663349917,0.1524268305540293,0.7938144329896907,0.88475,0.9788025675966262,0.5056177333214619,0.8955836965456941,0,,ok,,2026-07-20T22:35:19.433604+00:00,False,20000
adult,gaussian_copula,fresh,0.01,9,3,2000,9.3239,39.65,False,0.0324853519836078,0.8805780137872161,0.055983495445621,0.0348016514648977,0.1225391350925766,0.7731958762886598,0.8945,0.9818017613467714,0.4490718005896281,0.8955836965456941,0,,ok,,2026-07-20T22:35:19.433604+00:00,False,20000
adult,gaussian_copula,fixed,0.35,9,12,2000,8.475,39.65,False,0.0406148486303972,1.1594661936698405,0.0622996369818153,0.0513309839690436,0.1445629684951998,0.7938144329896907,0.8895,0.968990748422809,0.5761555975134547,0.8955836965456941,0,,ok,,2026-07-20T22:35:19.433604+00:00,False,20000
adult,gaussian_copula,fresh,0.01,9,4,2000,8.9311,39.65,False,0.0267994563494205,0.9768399860413548,0.0643332093501213,0.0394903261470425,0.1349048494850134,0.7525773195876289,0.906,0.9792087772763852,0.4682435977306018,0.8955836965456941,0,,ok,,2026-07-20T22:35:19.433604+00:00,False,20000
adult,gaussian_copula,fixed,0.35,9,11,2000,9.079,39.65,False,0.0368960700254899,1.1075757522067673,0.0553614590124642,0.0522796088999447,0.1482986176042397,0.7525773195876289,0.90225,0.9689602299624126,0.6133385491498149,0.8955836965456941,0,,ok,,2026-07-20T22:35:19.433604+00:00,False,20000
adult,gaussian_copula,fixed,0.35,9,9,2000,8.8636,39.65,False,0.0460201957415494,1.1529296738670889,0.0657274081421443,0.0402973673300165,0.1199402676841911,0.7938144329896907,0.889,0.9756426961634328,0.5575085727907992,0.8955836965456941,0,,ok,,2026-07-20T22:35:19.433604+00:00,False,20000
adult,gaussian_copula,fixed,0.2,9,5,2000,9.7782,39.65,False,0.0443172917963161,1.1127920735699557,0.0615620833683795,0.0397144140409065,0.1502649278485247,0.8041237113402062,0.89625,0.9775248726380356,0.5172526472355757,0.8955836965456941,0,,ok,,2026-07-20T22:35:19.433604+00:00,False,20000
adult,gaussian_copula,fixed,0.2,9,6,2000,9.0223,39.65,False,0.0525474566450355,1.1942440449711236,0.0701683403657918,0.0465683734107241,0.1363672309881626,0.7938144329896907,0.89075,0.9791431368521384,0.5033446374015347,0.8955836965456941,0,,ok,,2026-07-20T22:35:19.433604+00:00,False,20000
adult,gaussian_copula,fixed,0.2,9,7,2000,8.8347,39.65,False,0.0554919097164589,1.1278776991967654,0.0648050822781196,0.0468517482034272,0.1209885254998595,0.7938144329896907,0.90275,0.9789280299407545,0.5601532513794945,0.8955836965456941,0,,ok,,2026-07-20T22:35:19.433604+00:00,False,20000
adult,gaussian_copula,fixed,0.2,9,8,2000,8.8825,39.65,False,0.0321200327641579,1.1692439486374089,0.0518271237024845,0.0547721462133775,0.1155200707983526,0.7938144329896907,0.8925,0.976014363254776,0.5520347847272606,0.8955836965456941,0,,ok,,2026-07-20T22:35:19.433604+00:00,False,20000
adult,gaussian_copula,fixed,0.2,9,9,2000,9.041,39.65,False,0.0350207047647087,1.061980485112778,0.0567952134898504,0.0605923507462686,0.1281678747589498,0.7835051546391752,0.909,0.978393951540062,0.5556573141696551,0.8955836965456941,0,,ok,,2026-07-20T22:35:19.433604+00:00,False,20000
adult,gaussian_copula,fixed,0.2,9,10,2000,9.1786,39.65,False,0.0206766523011129,0.9597663402960266,0.0410275464245506,0.050055210060807,0.1228938175591332,0.7835051546391752,0.8885,0.9796240769629636,0.5714690664230492,0.8955836965456941,0,,ok,,2026-07-20T22:35:19.433604+00:00,False,20000
adult,gaussian_copula,fixed,0.2,9,11,2000,8.8995,39.65,False,0.0352771737233704,0.8954647674912847,0.0548868977320149,0.0476406854615809,0.1276235933235091,0.7731958762886598,0.88975,0.9765925006260238,0.5752168226669164,0.8955836965456941,0,,ok,,2026-07-20T22:35:19.433604+00:00,False,20000
adult,gaussian_copula,fixed,0.2,9,12,2000,9.9853,39.65,False,0.0421664711813659,0.9146302176538436,0.0613143340229091,0.0495126796572692,0.1225631051139041,0.7628865979381443,0.89925,0.97785140975802,0.5715167640660185,0.8955836965456941,0,,ok,,2026-07-20T22:35:19.433604+00:00,False,20000
adult,gaussian_copula,fixed,0.35,9,0,2000,9.8511,39.26,True,0.0199117033610866,0.9446222575041826,0.0357926982655732,0.024149979270315,0.0826220335193146,0.865979381443299,0.8975,0.9704385541965254,0.6871421775275457,0.8955836965456941,0,,ok,,2026-07-20T22:35:19.433604+00:00,False,20000
adult,gaussian_copula,fixed,0.35,9,1,2000,9.4669,39.45,False,0.0176886936202349,1.0354634694820588,0.0346942467340385,0.0390172747374239,0.1114409151173836,0.845360824742268,0.903,0.9668590040109678,0.6435182083047529,0.8955836965456941,0,,ok,,2026-07-20T22:35:19.433604+00:00,False,20000
adult,gaussian_copula,fixed,0.35,9,2,2000,8.9794,40.02,False,0.0121708293217347,1.003845096881957,0.0358497906703388,0.0277591556108347,0.110299810237094,0.8350515463917526,0.89525,0.967446667326862,0.6014722606899433,0.8955836965456941,0,,ok,,2026-07-20T22:35:19.433604+00:00,False,20000
adult,gaussian_copula,fixed,0.35,9,3,2000,8.9575,39.65,False,0.0295631825841139,1.0495263025583057,0.0477774699822126,0.036021800718629,0.1134727678251168,0.7835051546391752,0.89675,0.9732441926764556,0.5688685778156066,0.8955836965456941,0,,ok,,2026-07-20T22:35:19.433604+00:00,False,20000
adult,gaussian_copula,fixed,0.35,9,4,2000,9.3522,39.65,False,0.0463403384431012,1.0939233751195998,0.0670876694042133,0.0402680002763957,0.128299169377858,0.7731958762886598,0.89775,0.968960831837864,0.5858713287402852,0.8955836965456941,0,,ok,,2026-07-20T22:35:19.433604+00:00,False,20000
adult,gaussian_copula,fixed,0.35,9,5,2000,9.4366,39.65,False,0.0477973589438524,0.9568837687722124,0.0621297708963425,0.0341746130458817,0.1381074012312021,0.7835051546391752,0.8895,0.968257952685529,0.6156372805039703,0.8955836965456941,0,,ok,,2026-07-20T22:35:19.433604+00:00,False,20000
adult,gaussian_copula,fixed,0.35,9,6,2000,8.9021,39.65,False,0.0568182068051217,1.089964375653388,0.0733463279486809,0.0460654021558872,0.1268559123588493,0.7731958762886598,0.8985,0.9677106116498864,0.6440200661853149,0.8955836965456941,0,,ok,,2026-07-20T22:35:19.433604+00:00,False,20000
adult,gaussian_copula,fixed,0.35,9,7,2000,9.2292,39.65,False,0.0490636772181305,1.0466197645729802,0.067989084886046,0.0424090312327252,0.1355957092263693,0.7731958762886598,0.89075,0.9713228487349672,0.5780852376221175,0.8955836965456941,0,,ok,,2026-07-20T22:35:19.433604+00:00,False,20000
adult,gaussian_copula,fixed,0.35,9,8,2000,8.8956,39.65,False,0.0469665767776146,0.9758980938849372,0.0624007637278316,0.0392741846323936,0.1067636506549207,0.7835051546391752,0.888,0.9704729353473196,0.6044565596093343,0.8955836965456941,0,,ok,,2026-07-20T22:35:19.433604+00:00,False,20000
adult,gaussian_copula,fixed,0.35,9,10,2000,9.0022,39.65,False,0.0139619573886817,1.044635537128389,0.0465886278516548,0.0461383360972913,0.1237467307426298,0.7835051546391752,0.89175,0.97159268243741,0.6537739227446357,0.8955836965456941,0,,ok,,2026-07-20T22:35:19.433604+00:00,False,20000
adult,gaussian_copula,fresh,0.01,9,5,2000,9.189,39.65,False,0.0273190615493152,0.96773349655929,0.0589742500963967,0.0378437672747374,0.1646921757958204,0.7835051546391752,0.9055,0.981536413022694,0.3740277384577277,0.8955836965456941,0,,ok,,2026-07-20T22:35:19.433604+00:00,False,20000
adult,gaussian_copula,fresh,0.01,9,6,2000,9.5088,39.65,False,0.0329603416344368,0.8886249708544255,0.0637224579519358,0.0427902501381979,0.1861997171981809,0.7628865979381443,0.894,0.984064301169242,0.4553151434082906,0.8955836965456941,0,,ok,,2026-07-20T22:35:19.433604+00:00,False,20000
adult,gaussian_copula,fresh,0.01,9,7,2000,9.1845,39.65,False,0.0274453987321651,0.9574759916780188,0.0536787929494025,0.0469768864013267,0.1437608360235269,0.7731958762886598,0.90175,0.9837062910256448,0.3300700824254609,0.8955836965456941,0,,ok,,2026-07-20T22:35:19.433604+00:00,False,20000
adult,gaussian_copula,fresh,0.05,9,4,2000,9.5548,39.65,False,0.0401576737660077,1.1202793055257512,0.0648681332532224,0.0367718698175787,0.1350320040085254,0.8041237113402062,0.8895,0.9806439543531268,0.4507076166612227,0.8955836965456941,0,,ok,,2026-07-20T22:35:19.433604+00:00,False,20000
adult,gaussian_copula,fresh,0.05,9,5,2000,9.8716,39.65,False,0.0280076231226467,1.016945169450954,0.0478010475921668,0.0376775152017689,0.1358572519543601,0.8144329896907216,0.88575,0.9790510206580284,0.4967492499176846,0.8955836965456941,0,,ok,,2026-07-20T22:35:19.433604+00:00,False,20000
adult,gaussian_copula,fresh,0.05,9,6,2000,8.9062,39.65,False,0.07099943077228,1.3017207297209443,0.0804639420529168,0.0377752556661138,0.1497107362536824,0.7835051546391752,0.896,0.978097735442826,0.4945318504207162,0.8955836965456941,0,,ok,,2026-07-20T22:35:19.433604+00:00,False,20000
adult,gaussian_copula,fresh,0.05,9,7,2000,9.1695,39.65,False,0.0516715379366643,1.1518622695390413,0.0635584471252449,0.0443876451077943,0.1370801013836888,0.8041237113402062,0.8845,0.974908507675108,0.4345771917017771,0.8955836965456941,0,,ok,,2026-07-20T22:35:19.433604+00:00,False,20000
adult,gaussian_copula,fresh,0.05,9,8,2000,8.9824,39.65,False,0.0451325898995153,1.1018301728065116,0.0642420209399382,0.0406983139856274,0.1379765624443973,0.8041237113402062,0.8965,0.980054600160964,0.4704254944458963,0.8955836965456941,0,,ok,,2026-07-20T22:35:19.433604+00:00,False,20000
adult,gaussian_copula,fresh,0.05,9,9,2000,10.2776,39.65,False,0.0437402329518022,1.0147588588846388,0.0559818808489818,0.0421982794361525,0.1456549383082119,0.8144329896907216,0.8965,0.97860306557195,0.5021252823995501,0.8955836965456941,0,,ok,,2026-07-20T22:35:19.433604+00:00,False,20000
adult,gaussian_copula,fresh,0.05,9,10,2000,9.3249,39.65,False,0.05210904970811,0.9656243971641912,0.0666605397977639,0.0487193200663349,0.1297210811465779,0.8041237113402062,0.89925,0.9786526229841304,0.3944579666078472,0.8955836965456941,0,,ok,,2026-07-20T22:35:19.433604+00:00,False,20000
adult,gaussian_copula,fresh,0.05,9,11,2000,9.6309,39.65,False,0.0637342121705143,1.1662844620429855,0.0725835242673373,0.0454909480375898,0.1579651402105045,0.7835051546391752,0.9085,0.9804110836784156,0.4132953885197576,0.8955836965456941,0,,ok,,2026-07-20T22:35:19.433604+00:00,False,20000
adult,gaussian_copula,fresh,0.05,9,12,2000,9.3594,39.65,False,0.0276407773430928,0.945630416668412,0.0525439820283772,0.0420250483692647,0.1833924874001704,0.7835051546391752,0.8975,0.9820784474293552,0.4566429736684096,0.8955836965456941,0,,ok,,2026-07-20T22:35:19.433604+00:00,False,20000
adult,gaussian_copula,fresh,0.1,9,0,2000,9.8511,39.26,True,0.0199117033610866,0.9446222575041826,0.0357926982655732,0.024149979270315,0.0826220335193146,0.865979381443299,0.8975,0.9704385541965254,0.6871421775275457,0.8955836965456941,0,,ok,,2026-07-20T22:35:19.433604+00:00,False,20000
adult,gaussian_copula,fresh,0.1,9,1,2000,8.2564,39.45,False,0.0268596960647588,1.1540902043598742,0.0453976094402985,0.0284543946932006,0.1266237656999548,0.8144329896907216,0.9,0.9731168088308858,0.6035048687000265,0.8955836965456941,0,,ok,,2026-07-20T22:35:19.433604+00:00,False,20000
adult,gaussian_copula,fresh,0.1,9,2,2000,8.9231,40.02,False,0.0172101028239233,0.9647585413632004,0.0376655728454459,0.0351768587617468,0.1437389032773305,0.7835051546391752,0.89875,0.9689720649712916,0.5503647771494,0.8955836965456941,0,,ok,,2026-07-20T22:35:19.433604+00:00,False,20000
adult,gaussian_copula,fresh,0.1,9,3,2000,9.5765,39.65,False,0.0431829543805394,0.9904010556913482,0.052841114296236,0.0362074350469872,0.1559665426312655,0.7938144329896907,0.901,0.9807546454361727,0.5260889388280843,0.8955836965456941,0,,ok,,2026-07-20T22:35:19.433604+00:00,False,20000
adult,gaussian_copula,fresh,0.1,9,4,2000,8.3081,39.65,False,0.0372978546258368,1.033376571762291,0.0574424310202859,0.0393987700386954,0.1503203564924756,0.7938144329896907,0.8935,0.9752692616957636,0.5651027259711077,0.8955836965456941,0,,ok,,2026-07-20T22:35:19.433604+00:00,False,20000
adult,gaussian_copula,fresh,0.1,9,5,2000,8.8575,39.65,False,0.0415650032510844,1.0383796664446177,0.0565369001298044,0.0373146075179657,0.1522425606747944,0.8144329896907216,0.898,0.9769175083073606,0.4923094025134265,0.8955836965456941,0,,ok,,2026-07-20T22:35:19.433604+00:00,False,20000
adult,gaussian_copula,fresh,0.1,9,6,2000,8.8206,39.65,False,0.0317762351802721,1.0645816539663235,0.0544335582471076,0.0413629076838032,0.1518619176951493,0.8144329896907216,0.8945,0.9711400844728484,0.5119684695960471,0.8955836965456941,0,,ok,,2026-07-20T22:35:19.433604+00:00,False,20000
adult,gaussian_copula,fresh,0.1,9,7,2000,8.7505,39.65,False,0.0642420430298373,1.188675829684442,0.0743818025092498,0.0409495923161968,0.1592742296029582,0.7835051546391752,0.8935,0.9751719783727768,0.5250141191579566,0.8955836965456941,0,,ok,,2026-07-20T22:35:19.433604+00:00,False,20000
adult,gaussian_copula,fresh,0.05,9,3,2000,9.7977,39.65,False,0.0425123409270217,0.9091518077104532,0.0561677851924029,0.0375547954671089,0.1272188075458833,0.8041237113402062,0.89825,0.975004138371855,0.497798893099977,0.8955836965456941,0,,ok,,2026-07-20T22:35:19.433604+00:00,False,20000
adult,gaussian_copula,fresh,0.05,9,2,2000,9.6754,40.02,False,0.0551629425771393,1.1837212043097594,0.0699780930619516,0.0337031163626313,0.1339591574362586,0.8350515463917526,0.887,0.9705644221034576,0.5106974175610985,0.8955836965456941,0,,ok,,2026-07-20T22:35:19.433604+00:00,False,20000
adult,gaussian_copula,fresh,0.05,9,1,2000,9.3754,39.45,False,0.0280702486736494,0.9569317555968396,0.0477764058423415,0.0382128593145384,0.1030024239219287,0.865979381443299,0.90075,0.9738781036520472,0.5459903296061204,0.8955836965456941,0,,ok,,2026-07-20T22:35:19.433604+00:00,False,20000
adult,gaussian_copula,fresh,0.05,9,0,2000,9.8511,39.26,True,0.0199117033610866,0.9446222575041826,0.0357926982655732,0.024149979270315,0.0826220335193146,0.865979381443299,0.8975,0.9704385541965254,0.6871421775275457,0.8955836965456941,0,,ok,,2026-07-20T22:35:19.433604+00:00,False,20000
adult,gaussian_copula,fresh,0.01,9,8,2000,9.2349,39.65,False,0.0423039208366804,0.910698030376754,0.0692307407154402,0.0429300373134328,0.1714078824423721,0.7319587628865979,0.89825,0.985666608371373,0.4307136826212605,0.8955836965456941,0,,ok,,2026-07-20T22:35:19.433604+00:00,False,20000
adult,gaussian_copula,fresh,0.01,9,9,2000,9.0196,39.65,False,0.0455386417509428,0.867017841712196,0.0886875866075784,0.0495940091210613,0.1833523920118033,0.7525773195876289,0.8975,0.985391367914874,0.4013137733877442,0.8955836965456941,0,,ok,,2026-07-20T22:35:19.433604+00:00,False,20000
adult,gaussian_copula,fresh,0.01,9,10,2000,9.0487,39.65,False,0.0548423317675153,0.9244710177291012,0.0876671164761223,0.0504333195135433,0.1877353560235257,0.7525773195876289,0.9045,0.985837506124589,0.3571192354530056,0.8955836965456941,0,,ok,,2026-07-20T22:35:19.433604+00:00,False,20000
adult,gaussian_copula,fresh,0.01,9,11,2000,9.0419,39.65,False,0.0430733964054741,0.9383581289065712,0.0815126466548241,0.0600306453841901,0.2006558800109517,0.7628865979381443,0.88225,0.9853198808612408,0.3488712475723375,0.8955836965456941,0,,ok,,2026-07-20T22:35:19.433604+00:00,False,20000
adult,gaussian_copula,fresh,0.01,9,12,2000,8.9039,39.65,False,0.0501194235484333,0.8965923286280152,0.0821343785511152,0.0649301064123825,0.2047321249985001,0.7422680412371134,0.88175,0.987610978830137,0.4431186430187763,0.8955836965456941,0,,ok,,2026-07-20T22:35:19.433604+00:00,False,20000
adult,gaussian_copula,fresh,0.02,9,0,2000,9.8511,39.26,True,0.0199117033610866,0.9446222575041826,0.0357926982655732,0.024149979270315,0.0826220335193146,0.865979381443299,0.8975,0.9704385541965254,0.6871421775275457,0.8955836965456941,0,,ok,,2026-07-20T22:35:19.433604+00:00,False,20000
adult,gaussian_copula,fresh,0.02,9,1,2000,9.3583,39.45,False,0.0321636585110715,0.840898743910917,0.0471738521267766,0.0286839759535655,0.1380049608573969,0.7731958762886598,0.882,0.9723544733839437,0.6147169290769159,0.8955836965456941,0,,ok,,2026-07-20T22:35:19.433604+00:00,False,20000
adult,gaussian_copula,fresh,0.02,9,2,2000,8.9366,40.02,False,0.0390794989793601,0.9504804197124468,0.0478655373276314,0.0307941542288557,0.1426452686983196,0.7938144329896907,0.9035,0.977621042210187,0.4262592144962021,0.8955836965456941,0,,ok,,2026-07-20T22:35:19.433604+00:00,False,20000
adult,gaussian_copula,fresh,0.1,9,9,2000,8.8672,39.65,False,0.0678306083419462,1.1273611963755186,0.0841541839614919,0.0455750760088446,0.1457937567662691,0.845360824742268,0.8865,0.9735211285092268,0.541431188921611,0.8955836965456941,0,,ok,,2026-07-20T22:35:19.433604+00:00,False,20000
adult,gaussian_copula,fresh,0.02,9,3,2000,9.3217,39.65,False,0.0212987414482686,0.9104896755042174,0.0495461640154728,0.0378474640685461,0.1447987643895547,0.8144329896907216,0.88225,0.9776730172491812,0.3993743970591764,0.8955836965456941,0,,ok,,2026-07-20T22:35:19.433604+00:00,False,20000
adult,gaussian_copula,fresh,0.02,9,5,2000,8.8421,39.65,False,0.0321478491389706,0.8605932653546913,0.0576204891551962,0.0451225124378109,0.1388805248799643,0.7525773195876289,0.89275,0.9812192089097116,0.4756270617347151,0.8955836965456941,0,,ok,,2026-07-20T22:35:19.433604+00:00,False,20000
adult,gaussian_copula,fresh,0.02,9,6,2000,8.8493,39.65,False,0.0353737591832463,0.8209683449362846,0.0617146136101529,0.0483682283029298,0.1595543144217764,0.7216494845360825,0.88575,0.9762640695671182,0.4052149160724732,0.8955836965456941,0,,ok,,2026-07-20T22:35:19.433604+00:00,False,20000
adult,gaussian_copula,fresh,0.02,9,7,2000,8.8921,39.65,False,0.0305863705247645,0.927871916606666,0.052360796845882,0.0540959784411276,0.1773705565729231,0.7010309278350515,0.89575,0.9839562549631804,0.3624880231382413,0.8955836965456941,0,,ok,,2026-07-20T22:35:19.433604+00:00,False,20000
adult,gaussian_copula,fresh,0.02,9,8,2000,9.3184,39.65,False,0.0457335603827494,0.8485805604388573,0.066846109104126,0.0540762161415146,0.1632633230745122,0.711340206185567,0.88275,0.9817093909024704,0.4316426884660084,0.8955836965456941,0,,ok,,2026-07-20T22:35:19.433604+00:00,False,20000
adult,gaussian_copula,fresh,0.02,9,9,2000,9.1284,39.65,False,0.0386257113869762,0.914014135109405,0.0693020729354233,0.053767274737424,0.1908054299093816,0.7216494845360825,0.878,0.983394753541914,0.4425023763588583,0.8955836965456941,0,,ok,,2026-07-20T22:35:19.433604+00:00,False,20000
adult,gaussian_copula,fresh,0.02,9,10,2000,9.1558,39.65,False,0.0582663454027533,0.8238105807640809,0.0760834870562102,0.0498425234936429,0.1670170707970956,0.7010309278350515,0.882,0.9845938109415068,0.4509072583421046,0.8955836965456941,0,,ok,,2026-07-20T22:35:19.433604+00:00,False,20000
adult,gaussian_copula,fresh,0.02,9,11,2000,9.2629,39.65,False,0.0439432312743005,0.908984345458808,0.068963730716207,0.0579575041459369,0.1660641541661229,0.7216494845360825,0.88725,0.9823580933891596,0.4330924345571947,0.8955836965456941,0,,ok,,2026-07-20T22:35:19.433604+00:00,False,20000
adult,gaussian_copula,fresh,0.02,9,12,2000,9.4941,39.65,False,0.0570685414008331,0.8240252154103502,0.0789172880214909,0.0583535102266445,0.1944781172505671,0.711340206185567,0.894,0.9831419591022548,0.4656911018030955,0.8955836965456941,0,,ok,,2026-07-20T22:35:19.433604+00:00,False,20000
adult,gaussian_copula,fresh,0.02,9,4,2000,8.9586,39.65,False,0.0309144115180991,0.9102128264174082,0.056270249043142,0.0474977542841348,0.1569232876251276,0.7628865979381443,0.88275,0.9788745147756048,0.4465371052257865,0.8955836965456941,0,,ok,,2026-07-20T22:35:19.433604+00:00,False,20000
adult,gaussian_copula,fixed,0.1,10,3,2000,9.059,39.65,False,0.0415969734008964,0.7848785531657244,0.0582098342546416,0.0425826423438363,0.1805119457281305,0.845360824742268,0.8975,0.9763571453869484,0.5259470588289288,0.8987919940866724,0,,ok,,2026-07-20T22:35:19.433604+00:00,False,20000
adult,gaussian_copula,fixed,0.1,10,4,2000,8.9023,39.65,False,0.0432691399092654,0.7318020667860713,0.0652004595817313,0.0446725746268656,0.1633097502977023,0.8041237113402062,0.8745,0.975193284763762,0.5114729714012145,0.8987919940866724,0,,ok,,2026-07-20T22:35:19.433604+00:00,False,20000
adult,gaussian_copula,fixed,0.1,10,5,2000,8.9096,39.65,False,0.0301159455054231,0.7718746373774922,0.051898444867565,0.045656820066335,0.1680905702966373,0.8247422680412371,0.8865,0.9726015798193351,0.514561221678582,0.8987919940866724,0,,ok,,2026-07-20T22:35:19.433604+00:00,False,20000
adult,gaussian_copula,fresh,0.2,10,9,2000,8.8837,39.65,False,0.0464933395901731,0.9013915023959904,0.0521057593652195,0.0324533236594803,0.1312338449059411,0.8350515463917526,0.8955,0.973087120058612,0.4780910793540605,0.8987919940866724,0,,ok,,2026-07-20T22:35:19.433604+00:00,False,20000
adult,gaussian_copula,fresh,0.2,10,10,2000,8.9035,39.65,False,0.0401436127208364,1.0719136219090448,0.0538933871505812,0.0296621406854615,0.1555359348705573,0.7938144329896907,0.88625,0.9703390754343914,0.5941683255393309,0.8987919940866724,0,,ok,,2026-07-20T22:35:19.433604+00:00,False,20000
adult,gaussian_copula,fresh,0.2,10,11,2000,9.071,39.65,False,0.0399628691332902,0.8318852085784053,0.0544353074128075,0.0294767136539524,0.1526695826129818,0.8350515463917526,0.8875,0.9751768777514526,0.5290590104092976,0.8987919940866724,0,,ok,,2026-07-20T22:35:19.433604+00:00,False,20000
adult,gaussian_copula,fresh,0.2,10,12,2000,8.6886,39.65,False,0.0317339726750102,0.9879205224958524,0.0531694538759381,0.0332193546158098,0.1524883260633428,0.845360824742268,0.89525,0.9716532671078636,0.4886317667220069,0.8987919940866724,0,,ok,,2026-07-20T22:35:19.433604+00:00,False,20000
adult,gaussian_copula,fresh,0.35,10,0,2000,10.4711,39.26,True,0.0158495252855037,0.9637952890324804,0.0268646726081282,0.0285482310668877,0.1160754928460546,0.9072164948453608,0.91125,0.9715974018159508,0.6729243788783429,0.8987919940866724,0,,ok,,2026-07-20T22:35:19.433604+00:00,False,20000
adult,gaussian_copula,fresh,0.35,10,1,2000,8.9565,39.45,False,0.0326550365550087,1.077555691210186,0.0426854653574251,0.0320296088999447,0.1079111347320962,0.8556701030927835,0.90325,0.9704811247909638,0.5807103454253469,0.8987919940866724,0,,ok,,2026-07-20T22:35:19.433604+00:00,False,20000
adult,gaussian_copula,fresh,0.35,10,2,2000,9.8858,40.02,False,0.0235786376628587,1.0099924531083655,0.0386724673133996,0.031060668877833,0.1498943823985406,0.8350515463917526,0.89,0.9756147820799904,0.5895480138570339,0.8987919940866724,0,,ok,,2026-07-20T22:35:19.433604+00:00,False,20000
adult,gaussian_copula,fresh,0.35,10,3,2000,8.9228,39.65,False,0.0279142450381561,0.9896233559665828,0.0392505118518063,0.0312647180762852,0.1242462850809448,0.8865979381443299,0.89275,0.9768845536576364,0.6219293044221583,0.8987919940866724,0,,ok,,2026-07-20T22:35:19.433604+00:00,False,20000
adult,gaussian_copula,fresh,0.35,10,4,2000,9.1679,39.65,False,0.0391199908754246,1.0472879942673394,0.0521037202679216,0.0310160309563294,0.1205816615486183,0.865979381443299,0.8915,0.9747381769223172,0.5945388264058873,0.8987919940866724,0,,ok,,2026-07-20T22:35:19.433604+00:00,False,20000
adult,gaussian_copula,fresh,0.35,10,5,2000,8.8001,39.65,False,0.0276776320453917,0.9121808402453184,0.0465313890460668,0.0249361871199557,0.1186000537121155,0.845360824742268,0.9075,0.9709495757049192,0.6074548236118216,0.8987919940866724,0,,ok,,2026-07-20T22:35:19.433604+00:00,False,20000
adult,gaussian_copula,fresh,0.35,10,6,2000,9.2478,39.65,False,0.0258147809228815,0.9681405655159008,0.0490167206488682,0.0311450386954118,0.1299724570213309,0.8865979381443299,0.9005,0.9739722729726976,0.648290234551766,0.8987919940866724,0,,ok,,2026-07-20T22:35:19.433604+00:00,False,20000
adult,gaussian_copula,fresh,0.35,10,7,2000,9.2114,39.65,False,0.0294060833411394,0.9109791909840902,0.053506267007555,0.025752487562189,0.1156378807366504,0.8865979381443299,0.8955,0.9706414030987126,0.627980643739191,0.8987919940866724,0,,ok,,2026-07-20T22:35:19.433604+00:00,False,20000
adult,gaussian_copula,fresh,0.35,10,8,2000,8.9752,39.65,False,0.0328963434192779,1.0235615655665733,0.0535127471012212,0.0265755942509673,0.1069937139850873,0.8556701030927835,0.90225,0.9716417988492596,0.6304305323660142,0.8987919940866724,0,,ok,,2026-07-20T22:35:19.433604+00:00,False,20000
adult,gaussian_copula,fresh,0.35,10,9,2000,8.9569,39.65,False,0.0224352328394353,1.0287685692498578,0.0389558731508964,0.0315320964621337,0.1466458176179882,0.8762886597938144,0.89525,0.972611110826486,0.5898010572289105,0.8987919940866724,0,,ok,,2026-07-20T22:35:19.433604+00:00,False,20000
adult,gaussian_copula,fresh,0.35,10,10,2000,9.058,39.65,False,0.0245312193749798,1.0209017206667317,0.0357756323662117,0.0276845632946379,0.1130421342753337,0.8865979381443299,0.898,0.9721995270176952,0.6503437574046084,0.8987919940866724,0,,ok,,2026-07-20T22:35:19.433604+00:00,False,20000
adult,gaussian_copula,fresh,0.35,10,11,2000,8.9556,39.65,False,0.0349638014338554,1.061326015153503,0.0461687555499237,0.0250441887783305,0.1452629074969831,0.8762886597938144,0.9045,0.9720554841596268,0.5962767252680017,0.8987919940866724,0,,ok,,2026-07-20T22:35:19.433604+00:00,False,20000
adult,gaussian_copula,fresh,0.35,10,12,2000,8.2792,39.65,False,0.0235356443616356,1.0417807465365243,0.0354012277229404,0.0227289248203427,0.1410002771722403,0.865979381443299,0.896,0.9718196671077052,0.5363619293214688,0.8987919940866724,0,,ok,,2026-07-20T22:35:19.433604+00:00,False,20000
adult,gaussian_copula,fresh,0.2,10,8,2000,9.2672,39.65,False,0.0347512872351088,1.1104132177339372,0.056449642229732,0.0301178137092316,0.1450027632912822,0.7835051546391752,0.8945,0.9723842904063136,0.5503272091089582,0.8987919940866724,0,,ok,,2026-07-20T22:35:19.433604+00:00,False,20000
adult,gaussian_copula,fixed,0.0,11,0,2000,9.9622,39.26,True,0.0215917280497571,0.9735796679630728,0.0358656179306719,0.0227945688225538,0.0959058642791739,0.8865979381443299,0.8995,0.9712140679033544,0.6965997841902933,0.8984078559558718,0,,ok,,2026-07-20T22:35:19.433604+00:00,False,20000
adult,gaussian_copula,fresh,0.2,10,7,2000,9.4386,39.65,False,0.0434187320806853,1.101865456467264,0.0529694510323305,0.0350337893864013,0.1451778934284811,0.8041237113402062,0.897,0.9764255915633,0.5915866537339944,0.8987919940866724,0,,ok,,2026-07-20T22:35:19.433604+00:00,False,20000
adult,gaussian_copula,fresh,0.2,10,5,2000,8.8828,39.65,False,0.0345061219749799,0.8789060016508358,0.0471625177414407,0.0300554864566058,0.1232257696895112,0.8247422680412371,0.89025,0.9704198161824672,0.4894897670034066,0.8987919940866724,0,,ok,,2026-07-20T22:35:19.433604+00:00,False,20000
adult,gaussian_copula,fresh,0.1,10,1,2000,9.0949,39.45,False,0.0124251337124198,0.9187607111908682,0.0327389643589239,0.0313894416804864,0.1596035162627191,0.8762886597938144,0.893,0.9716392203473252,0.5561606800169364,0.8987919940866724,0,,ok,,2026-07-20T22:35:19.433604+00:00,False,20000
adult,gaussian_copula,fresh,0.1,10,2,2000,8.7986,40.02,False,0.0295380917431498,0.9015135906199072,0.0513193276107921,0.0306657683803206,0.1429838925017056,0.845360824742268,0.9075,0.9715781924265388,0.4944787437666884,0.8987919940866724,0,,ok,,2026-07-20T22:35:19.433604+00:00,False,20000
adult,gaussian_copula,fresh,0.1,10,3,2000,9.4416,39.65,False,0.0444522067769352,0.8136163523771814,0.0678791903702293,0.0381664939192924,0.1532977066901192,0.8556701030927835,0.8975,0.9748109273518982,0.5435814511176853,0.8987919940866724,0,,ok,,2026-07-20T22:35:19.433604+00:00,False,20000
adult,gaussian_copula,fresh,0.1,10,4,2000,9.2927,39.65,False,0.0350286670119521,0.9930024515801316,0.0589490124500816,0.0405269485903814,0.1547600839267792,0.845360824742268,0.89825,0.9736669083685978,0.5210631807896055,0.8987919940866724,0,,ok,,2026-07-20T22:35:19.433604+00:00,False,20000
adult,gaussian_copula,fresh,0.1,10,5,2000,9.3691,39.65,False,0.0601279777901638,1.123089932713829,0.0736615541820343,0.0373384121061359,0.1570144616310406,0.865979381443299,0.894,0.9726469983534104,0.5067569693960121,0.8987919940866724,0,,ok,,2026-07-20T22:35:19.433604+00:00,False,20000
adult,gaussian_copula,fresh,0.1,10,6,2000,9.1994,39.65,False,0.0291159191778538,1.0573017673479177,0.0631294199380669,0.038008395522388,0.170735566219733,0.845360824742268,0.894,0.9758903330367223,0.4470645985405767,0.8987919940866724,0,,ok,,2026-07-20T22:35:19.433604+00:00,False,20000
adult,gaussian_copula,fresh,0.1,10,7,2000,8.9682,39.65,False,0.0511075936737654,0.9666755969335096,0.0870047731986301,0.0354329740187949,0.1502460609619405,0.8350515463917526,0.86725,0.9737667960685388,0.5014896744273627,0.8987919940866724,0,,ok,,2026-07-20T22:35:19.433604+00:00,False,20000
adult,gaussian_copula,fresh,0.1,10,8,2000,9.3209,39.65,False,0.0693105391653888,1.1215830476076358,0.0924584726564482,0.034299751243781,0.143240728375434,0.8556701030927835,0.88125,0.9740068071236072,0.5152508214156976,0.8987919940866724,0,,ok,,2026-07-20T22:35:19.433604+00:00,False,20000
adult,gaussian_copula,fresh,0.1,10,9,2000,9.3552,39.65,False,0.0684991271862752,1.22850704541204,0.0932901425704207,0.0376482517965727,0.1472109151107316,0.8350515463917526,0.88975,0.974679104252998,0.4699669414356866,0.8987919940866724,0,,ok,,2026-07-20T22:35:19.433604+00:00,False,20000
adult,gaussian_copula,fresh,0.1,10,10,2000,9.0553,39.65,False,0.0597972589216625,1.0071850057182024,0.0862733411568611,0.0339181522940851,0.1514730620340494,0.8041237113402062,0.87425,0.9754079382998057,0.5375514200260341,0.8987919940866724,0,,ok,,2026-07-20T22:35:19.433604+00:00,False,20000
adult,gaussian_copula,fresh,0.1,10,11,2000,9.0953,39.65,False,0.0437501693225135,0.9214960912347644,0.0757698515462761,0.0345371061359867,0.1721582165544276,0.8247422680412371,0.87775,0.9790744724256228,0.4658931693434824,0.8987919940866724,0,,ok,,2026-07-20T22:35:19.433604+00:00,False,20000
adult,gaussian_copula,fresh,0.1,10,12,2000,9.1829,39.65,False,0.049466377376721,0.9430896368826058,0.0750386008367781,0.0355994333886124,0.1764473066240677,0.8041237113402062,0.8935,0.9736277549642232,0.508132923463608,0.8987919940866724,0,,ok,,2026-07-20T22:35:19.433604+00:00,False,20000
adult,gaussian_copula,fresh,0.2,10,0,2000,10.4711,39.26,True,0.0158495252855037,0.9637952890324804,0.0268646726081282,0.0285482310668877,0.1160754928460546,0.9072164948453608,0.91125,0.9715974018159508,0.6729243788783429,0.8987919940866724,0,,ok,,2026-07-20T22:35:19.433604+00:00,False,20000
adult,gaussian_copula,fresh,0.2,10,1,2000,8.9329,39.45,False,0.0262349727336363,0.9451051730462636,0.0409789258994054,0.0276115602542841,0.1096971412969827,0.8556701030927835,0.8985,0.9760983873178152,0.6256613253611285,0.8987919940866724,0,,ok,,2026-07-20T22:35:19.433604+00:00,False,20000
adult,gaussian_copula,fresh,0.2,10,2,2000,9.1939,40.02,False,0.0163098916427451,0.9836578093560614,0.0418289706090826,0.0329681453841901,0.1281843142670164,0.8247422680412371,0.886,0.9724647004041412,0.5255140756891769,0.8987919940866724,0,,ok,,2026-07-20T22:35:19.433604+00:00,False,20000
adult,gaussian_copula,fresh,0.2,10,3,2000,9.0163,39.65,False,0.0358596811746592,0.8242945721277323,0.0524419776345131,0.028495888612493,0.1284360023814691,0.8041237113402062,0.885,0.9742253666625814,0.5825903537598134,0.8987919940866724,0,,ok,,2026-07-20T22:35:19.433604+00:00,False,20000
adult,gaussian_copula,fresh,0.2,10,4,2000,9.22,39.65,False,0.0250573832297429,0.8463605946132772,0.0434422783240904,0.0308153676064123,0.1306444321572893,0.8144329896907216,0.8815,0.9734285510647706,0.5679996611664345,0.8987919940866724,0,,ok,,2026-07-20T22:35:19.433604+00:00,False,20000
adult,gaussian_copula,fresh,0.2,10,6,2000,9.0704,39.65,False,0.0417497987109106,0.8895054679616675,0.0525591454132788,0.0332385986733001,0.1586433670675322,0.8247422680412371,0.89275,0.9750457600280816,0.5379049726579408,0.8987919940866724,0,,ok,,2026-07-20T22:35:19.433604+00:00,False,20000
adult,gaussian_copula,fixed,0.0,11,1,2000,8.7843,39.83,False,0.0418659290990232,0.8497700770472129,0.0505698253550797,0.0292236042012161,0.1229980550109693,0.8556701030927835,0.89825,0.9710418651491594,0.5454331031214517,0.8984078559558718,0,,ok,,2026-07-20T22:35:19.433604+00:00,False,20000
adult,gaussian_copula,fixed,0.0,11,2,2000,8.9812,40.02,False,0.0314670941676501,1.0574946794409428,0.0479722751039874,0.0322123756218905,0.1556204208796979,0.7835051546391752,0.90575,0.97647966697887,0.5163542268897217,0.8984078559558718,0,,ok,,2026-07-20T22:35:19.433604+00:00,False,20000
adult,gaussian_copula,fixed,0.0,11,3,2000,9.1776,39.65,False,0.0321198350649605,0.9490893375169228,0.0516201610278857,0.0363949695964621,0.1670866887875225,0.7422680412371134,0.88575,0.9755812458048296,0.4362595252684739,0.8984078559558718,0,,ok,,2026-07-20T22:35:19.433604+00:00,False,20000
adult,gaussian_copula,fixed,0.02,11,0,2000,9.9622,39.26,True,0.0215917280497571,0.9735796679630728,0.0358656179306719,0.0227945688225538,0.0959058642791739,0.8865979381443299,0.8995,0.9712140679033544,0.6965997841902933,0.8984078559558718,0,,ok,,2026-07-20T22:35:19.433604+00:00,False,20000
adult,gaussian_copula,fixed,0.02,11,1,2000,8.8755,39.45,False,0.0280977706273295,1.04323091171681,0.0405555488016981,0.0288652570480928,0.1195632432219303,0.8556701030927835,0.9,0.978580742180202,0.5372275022183501,0.8984078559558718,0,,ok,,2026-07-20T22:35:19.433604+00:00,False,20000
adult,gaussian_copula,fixed,0.02,11,2,2000,9.1818,40.02,False,0.0434403955659595,1.0706868368344196,0.0590060907087484,0.0328800442233278,0.1260413019323888,0.8247422680412371,0.897,0.9783397782494186,0.4708153038428367,0.8984078559558718,0,,ok,,2026-07-20T22:35:19.433604+00:00,False,20000
adult,gaussian_copula,fixed,0.02,11,3,2000,8.9176,39.65,False,0.028936997461716,0.9524860463440344,0.0521711338662819,0.0370404228855721,0.1355487636580612,0.8041237113402062,0.8915,0.9785767844272324,0.4397536808484162,0.8984078559558718,0,,ok,,2026-07-20T22:35:19.433604+00:00,False,20000
adult,gaussian_copula,fixed,0.02,11,4,2000,9.1661,39.65,False,0.0479149825298711,0.9358374205312594,0.0645843437172019,0.045741362631288,0.1735785459799035,0.8247422680412371,0.88125,0.9738128131030632,0.4373112664914191,0.8984078559558718,0,,ok,,2026-07-20T22:35:19.433604+00:00,False,20000
adult,gaussian_copula,fixed,0.02,11,5,2000,9.2359,39.65,False,0.0439193111649815,1.0410889849582543,0.0593446711029529,0.0453485005527915,0.1269470130868101,0.7835051546391752,0.88625,0.9789964941171198,0.4316127913867039,0.8984078559558718,0,,ok,,2026-07-20T22:35:19.433604+00:00,False,20000
adult,gaussian_copula,fixed,0.02,11,6,2000,8.9901,39.65,False,0.0201305355686452,0.9123069166378874,0.0509608202413076,0.0417979892205638,0.1570402025412852,0.7731958762886598,0.885,0.9828601823908518,0.4010362747295068,0.8984078559558718,0,,ok,,2026-07-20T22:35:19.433604+00:00,False,20000
adult,gaussian_copula,fixed,0.02,11,7,2000,9.4162,39.65,False,0.0421087365029013,0.8350057166639924,0.0655489661056975,0.0528983554449972,0.1725316710389683,0.7628865979381443,0.8845,0.9835143130066134,0.414298055260555,0.8984078559558718,0,,ok,,2026-07-20T22:35:19.433604+00:00,False,20000
adult,gaussian_copula,fixed,0.02,11,8,2000,9.3613,39.65,False,0.0506053112693988,0.814346496976226,0.0730619429780223,0.0461989358761746,0.1684289276669386,0.7319587628865979,0.8885,0.9854116246800714,0.4353125221687498,0.8984078559558718,0,,ok,,2026-07-20T22:35:19.433604+00:00,False,20000
adult,gaussian_copula,fixed,0.02,11,9,2000,9.1138,39.65,False,0.0354025731611845,0.8901965422443799,0.0688217205871925,0.0551920605306799,0.1650818186109956,0.711340206185567,0.8795,0.9816243712136846,0.3905089951526082,0.8984078559558718,0,,ok,,2026-07-20T22:35:19.433604+00:00,False,20000
adult,gaussian_copula,fixed,0.02,11,10,2000,9.1711,39.65,False,0.0425296899536995,0.8429789921312669,0.0694811478885815,0.0469341487009397,0.160123985245608,0.7525773195876289,0.884,0.9841481058571164,0.3857552284156528,0.8984078559558718,0,,ok,,2026-07-20T22:35:19.433604+00:00,False,20000
adult,gaussian_copula,fixed,0.02,11,11,2000,9.3514,39.65,False,0.040607126906758,0.8401800431330259,0.0803024096580748,0.0465173783858485,0.2003425005214664,0.7422680412371134,0.88475,0.9868846051601752,0.4125592385056548,0.8984078559558718,0,,ok,,2026-07-20T22:35:19.433604+00:00,False,20000
adult,gaussian_copula,fixed,0.02,11,12,2000,9.5745,39.65,False,0.0588770955903929,0.8565638518288243,0.0944319959158463,0.047170674405749,0.1845961547617958,0.711340206185567,0.88475,0.9854126023058049,0.3450495026135686,0.8984078559558718,0,,ok,,2026-07-20T22:35:19.433604+00:00,False,20000
adult,gaussian_copula,fixed,0.05,11,0,2000,9.9622,39.26,True,0.0215917280497571,0.9735796679630728,0.0358656179306719,0.0227945688225538,0.0959058642791739,0.8865979381443299,0.8995,0.9712140679033544,0.6965997841902933,0.8984078559558718,0,,ok,,2026-07-20T22:35:19.433604+00:00,False,20000
adult,gaussian_copula,fixed,0.05,11,1,2000,8.9282,39.45,False,0.0275844312815554,0.977443077357148,0.0397861580853744,0.0385955638474295,0.1122714042151897,0.865979381443299,0.8985,0.9691991711416782,0.5696261344007465,0.8984078559558718,0,,ok,,2026-07-20T22:35:19.433604+00:00,False,20000
adult,gaussian_copula,fixed,0.05,11,2,2000,9.7333,40.02,False,0.0409434533861625,0.877054364517074,0.0535853996022458,0.03597270591487,0.1569044535763213,0.8041237113402062,0.892,0.977060157289383,0.5043049499466508,0.8984078559558718,0,,ok,,2026-07-20T22:35:19.433604+00:00,False,20000
adult,gaussian_copula,fixed,0.05,11,3,2000,8.3581,39.65,False,0.040495882500635,0.8299822070585421,0.0623703634525457,0.0465851299060254,0.162423413527718,0.7731958762886598,0.9035,0.9732931043381516,0.4693370047296392,0.8984078559558718,0,,ok,,2026-07-20T22:35:19.433604+00:00,False,20000
adult,gaussian_copula,fixed,0.01,11,12,2000,9.1915,39.65,False,0.0249440377689698,0.880893273135924,0.0653583146111227,0.0776783098396904,0.2139776368335703,0.6494845360824743,0.8945,0.9891772770052522,0.4474787648782225,0.8984078559558718,0,,ok,,2026-07-20T22:35:19.433604+00:00,False,20000
adult,gaussian_copula,fixed,0.01,11,11,2000,8.9131,39.65,False,0.0383253365319984,0.8673521531245965,0.0689981459382028,0.0798130182421227,0.2087279302815931,0.6494845360824743,0.8965,0.9865478856575512,0.5432784153708752,0.8984078559558718,0,,ok,,2026-07-20T22:35:19.433604+00:00,False,20000
adult,gaussian_copula,fixed,0.01,11,10,2000,9.8232,39.65,False,0.0437832906240929,0.9319430669013776,0.0692705147365224,0.0742721116639027,0.1954589522011336,0.6597938144329897,0.897,0.98582876374303,0.4060838655035304,0.8984078559558718,0,,ok,,2026-07-20T22:35:19.433604+00:00,False,20000
adult,gaussian_copula,fixed,0.01,11,9,2000,9.4413,39.65,False,0.0322389290495938,0.9643541192514854,0.0652222423443752,0.0682053275290215,0.2390496716634549,0.6701030927835051,0.8965,0.9895856748116524,0.4751953898703712,0.8984078559558718,0,,ok,,2026-07-20T22:35:19.433604+00:00,False,20000
adult,gaussian_copula,fixed,0.0,11,4,2000,9.0188,39.65,False,0.0253876278177922,0.9409098536667776,0.0516609406630436,0.0383195480928689,0.1726981645090456,0.711340206185567,0.8865,0.9792503516825763,0.3462885267466745,0.8984078559558718,0,,ok,,2026-07-20T22:35:19.433604+00:00,False,20000
adult,gaussian_copula,fixed,0.0,11,5,2000,9.3686,39.65,False,0.044341836658686,0.8436030927055476,0.060773172692043,0.0404782683803206,0.1859982659843229,0.7319587628865979,0.897,0.9774772851023332,0.3987611463326971,0.8984078559558718,0,,ok,,2026-07-20T22:35:19.433604+00:00,False,20000
adult,gaussian_copula,fixed,0.0,11,6,2000,9.2276,39.65,False,0.0215985839644503,1.0040500882031314,0.0578690853570473,0.0428029643449419,0.18150464322606,0.7010309278350515,0.88275,0.9839570773387972,0.4018139266102757,0.8984078559558718,0,,ok,,2026-07-20T22:35:19.433604+00:00,False,20000
adult,gaussian_copula,fixed,0.0,11,7,2000,9.3172,39.65,False,0.0429257604720223,0.9359790348984198,0.0837854474724878,0.0441952045328911,0.1740412027480649,0.711340206185567,0.8905,0.983761210191848,0.3361943286551834,0.8984078559558718,0,,ok,,2026-07-20T22:35:19.433604+00:00,False,20000
adult,gaussian_copula,fixed,0.0,11,8,2000,9.5471,39.65,False,0.0332079992870856,0.8828056734825446,0.0607781296736721,0.0466577529021558,0.1767335441154838,0.6804123711340206,0.88575,0.9799079113009104,0.4087172015599457,0.8984078559558718,0,,ok,,2026-07-20T22:35:19.433604+00:00,False,20000
adult,gaussian_copula,fixed,0.0,11,9,2000,9.2276,39.65,False,0.0599584216091884,0.9335294771067542,0.0965366549859841,0.0531187119955776,0.1640901062466042,0.6907216494845361,0.8825,0.98527494832753,0.3633894594175341,0.8984078559558718,0,,ok,,2026-07-20T22:35:19.433604+00:00,False,20000
adult,gaussian_copula,fixed,0.0,11,10,2000,9.6792,39.65,False,0.05659742630223,0.9291380191780826,0.0917490745359927,0.0714174267551133,0.2349228066181827,0.7010309278350515,0.888,0.9866684362479944,0.3293751720229426,0.8984078559558718,0,,ok,,2026-07-20T22:35:19.433604+00:00,False,20000
adult,gaussian_copula,fixed,0.0,11,11,2000,9.8097,39.65,False,0.0720659386514664,0.941365825196696,0.1036448422425905,0.06937271973466,0.1991924019938547,0.6804123711340206,0.88675,0.9862784175803828,0.3177645822676488,0.8984078559558718,0,,ok,,2026-07-20T22:35:19.433604+00:00,False,20000
adult,gaussian_copula,fresh,0.1,10,0,2000,10.4711,39.26,True,0.0158495252855037,0.9637952890324804,0.0268646726081282,0.0285482310668877,0.1160754928460546,0.9072164948453608,0.91125,0.9715974018159508,0.6729243788783429,0.8987919940866724,0,,ok,,2026-07-20T22:35:19.433604+00:00,False,20000
adult,gaussian_copula,fixed,0.0,11,12,2000,9.3449,39.65,False,0.0684187278086433,0.9969817320491442,0.1101730259863852,0.0698035171365395,0.1998341331292561,0.6804123711340206,0.86575,0.9871825762587276,0.3823864963284943,0.8984078559558718,0,,ok,,2026-07-20T22:35:19.433604+00:00,False,20000
adult,gaussian_copula,fixed,0.01,11,1,2000,8.8284,39.45,False,0.0581054880984836,1.0068144357395814,0.0648299700690262,0.0262537313432835,0.1544334679863508,0.8762886597938144,0.89,0.9733606808888507,0.5343374184370304,0.8984078559558718,0,,ok,,2026-07-20T22:35:19.433604+00:00,False,20000
adult,gaussian_copula,fixed,0.01,11,2,2000,9.2438,40.02,False,0.0392712532716649,0.8633230282430908,0.0531303580953307,0.0335938709231619,0.1607174732731375,0.8762886597938144,0.89925,0.9767567040617172,0.4764201538834142,0.8984078559558718,0,,ok,,2026-07-20T22:35:19.433604+00:00,False,20000
adult,gaussian_copula,fixed,0.01,11,3,2000,9.1721,39.65,False,0.0375609051892094,1.0293850289362856,0.0530441913999296,0.0435634673852957,0.1936252099260948,0.8144329896907216,0.90025,0.9809415857014246,0.4623686577378427,0.8984078559558718,0,,ok,,2026-07-20T22:35:19.433604+00:00,False,20000
adult,gaussian_copula,fixed,0.01,11,4,2000,9.0791,39.65,False,0.0302791974417538,1.0185725808411792,0.0461533259186963,0.0419026741293532,0.1590061200025423,0.8041237113402062,0.8975,0.9780661949191628,0.3990992914785587,0.8984078559558718,0,,ok,,2026-07-20T22:35:19.433604+00:00,False,20000
adult,gaussian_copula,fixed,0.01,11,5,2000,9.2444,39.65,False,0.0376027089087114,1.0543279425950414,0.057804491516561,0.0468512990602542,0.2016040312348071,0.7525773195876289,0.888,0.9797362530471238,0.4373221172954211,0.8984078559558718,0,,ok,,2026-07-20T22:35:19.433604+00:00,False,20000
adult,gaussian_copula,fixed,0.01,11,6,2000,9.0803,39.65,False,0.0252778178768597,0.97917422216715,0.0512944524724327,0.0547248825317855,0.1988409878790979,0.7216494845360825,0.885,0.9831639922437851,0.3845553130715932,0.8984078559558718,0,,ok,,2026-07-20T22:35:19.433604+00:00,False,20000
adult,gaussian_copula,fixed,0.01,11,7,2000,9.1835,39.65,False,0.0510350397262069,1.021888316697047,0.0684712199177701,0.0691435530679933,0.2311827577941922,0.7216494845360825,0.89175,0.9851405174766732,0.4451935396607704,0.8984078559558718,0,,ok,,2026-07-20T22:35:19.433604+00:00,False,20000
adult,gaussian_copula,fixed,0.01,11,8,2000,9.0593,39.65,False,0.038145300322797,1.0226024558857931,0.0571739747242004,0.0687407061912658,0.2217178870434425,0.6597938144329897,0.88925,0.9858232332388808,0.4322370896084964,0.8984078559558718,0,,ok,,2026-07-20T22:35:19.433604+00:00,False,20000
adult,gaussian_copula,fixed,0.01,11,0,2000,9.9622,39.26,True,0.0215917280497571,0.9735796679630728,0.0358656179306719,0.0227945688225538,0.0959058642791739,0.8865979381443299,0.8995,0.9712140679033544,0.6965997841902933,0.8984078559558718,0,,ok,,2026-07-20T22:35:19.433604+00:00,False,20000
adult,gaussian_copula,fresh,0.05,10,12,2000,8.9766,39.65,False,0.0426540012914122,0.8076115647353009,0.0665773003213426,0.0496673576561636,0.1657979288486894,0.7938144329896907,0.862,0.98123542804688,0.4154441099672273,0.8987919940866724,0,,ok,,2026-07-20T22:35:19.433604+00:00,False,20000
adult,gaussian_copula,fresh,0.05,10,11,2000,9.0664,39.65,False,0.0504576956682095,0.8635971344575936,0.067027971339467,0.0488284618573797,0.1626471162331086,0.7938144329896907,0.87825,0.9807559144371248,0.3861389403819457,0.8987919940866724,0,,ok,,2026-07-20T22:35:19.433604+00:00,False,20000
adult,gaussian_copula,fresh,0.05,10,10,2000,7.8309,39.65,False,0.0317545531897692,0.8340094637044982,0.0702969239957653,0.0514607172470978,0.154309962743166,0.8144329896907216,0.88,0.9747517871825284,0.4297321929783038,0.8987919940866724,0,,ok,,2026-07-20T22:35:19.433604+00:00,False,20000
adult,gaussian_copula,fixed,0.35,10,2,2000,8.9197,40.02,False,0.0278618824311811,1.0068321080199327,0.0460814143019308,0.0280595978441127,0.1292927521257245,0.8865979381443299,0.896,0.964224093409126,0.574674675849441,0.8987919940866724,0,,ok,,2026-07-20T22:35:19.433604+00:00,False,20000
adult,gaussian_copula,fixed,0.35,10,3,2000,8.7177,39.65,False,0.0338456593714192,1.082284690090601,0.0461227350201093,0.0354258222775013,0.1083943072846461,0.7835051546391752,0.89725,0.9667024443935088,0.5970784062706239,0.8987919940866724,0,,ok,,2026-07-20T22:35:19.433604+00:00,False,20000
adult,gaussian_copula,fixed,0.35,10,4,2000,9.1125,39.65,False,0.0370033258241674,1.0069490648052215,0.051740943740119,0.0299156301824212,0.1437010390221604,0.8350515463917526,0.88575,0.974440669324112,0.5728558712946472,0.8987919940866724,0,,ok,,2026-07-20T22:35:19.433604+00:00,False,20000
adult,gaussian_copula,fixed,0.35,10,5,2000,9.3412,39.65,False,0.0286185598494581,1.2019747359789783,0.0528301896956165,0.0344241293532338,0.1181403508391401,0.8144329896907216,0.90825,0.9685820215536616,0.6268310158070316,0.8987919940866724,0,,ok,,2026-07-20T22:35:19.433604+00:00,False,20000
adult,gaussian_copula,fixed,0.35,10,6,2000,9.5862,39.65,False,0.0278051814147261,1.1339498941235584,0.0474892017726365,0.036442716970702,0.1357220796255783,0.7938144329896907,0.89175,0.969435484318972,0.5405384070600117,0.8987919940866724,0,,ok,,2026-07-20T22:35:19.433604+00:00,False,20000
adult,gaussian_copula,fixed,0.35,10,7,2000,9.1881,39.65,False,0.0301190054499321,1.0287410479582677,0.0462877258028185,0.035250898286346,0.1111546098508818,0.7938144329896907,0.9075,0.9759830792313052,0.5764697791012334,0.8987919940866724,0,,ok,,2026-07-20T22:35:19.433604+00:00,False,20000
adult,gaussian_copula,fixed,0.35,10,8,2000,9.1233,39.65,False,0.0305986489665977,0.945925527449212,0.0537579260234784,0.0381641445550027,0.1278710593507129,0.7731958762886598,0.907,0.9721873488835584,0.6063114242378507,0.8987919940866724,0,,ok,,2026-07-20T22:35:19.433604+00:00,False,20000
adult,gaussian_copula,fixed,0.35,10,9,2000,10.0089,39.65,False,0.0211271247083261,1.016253433675793,0.0418984739420986,0.0378625276395798,0.1284856311741118,0.7835051546391752,0.89925,0.970190680510558,0.6098718320077868,0.8987919940866724,0,,ok,,2026-07-20T22:35:19.433604+00:00,False,20000
adult,gaussian_copula,fixed,0.35,10,10,2000,8.8648,39.65,False,0.028372577607482,1.127373551794545,0.0445687181699411,0.0389991708126036,0.1322290309726993,0.7938144329896907,0.893,0.9623223638573536,0.608231754291116,0.8987919940866724,0,,ok,,2026-07-20T22:35:19.433604+00:00,False,20000
adult,gaussian_copula,fixed,0.35,10,11,2000,8.9255,39.65,False,0.037215702738724,1.0385386784631658,0.0491591179752653,0.0409705292979546,0.1287114830380393,0.7938144329896907,0.8995,0.9724952413645548,0.6100605573208965,0.8987919940866724,0,,ok,,2026-07-20T22:35:19.433604+00:00,False,20000
adult,gaussian_copula,fixed,0.35,10,12,2000,9.5389,39.65,False,0.037902261845143,1.1423181859391789,0.0590316032955116,0.0390275359314538,0.150912968044565,0.8041237113402062,0.89,0.9682470818023732,0.6221266513710761,0.8987919940866724,0,,ok,,2026-07-20T22:35:19.433604+00:00,False,20000
adult,gaussian_copula,fresh,0.0,10,0,2000,10.4711,39.26,True,0.0158495252855037,0.9637952890324804,0.0268646726081282,0.0285482310668877,0.1160754928460546,0.9072164948453608,0.91125,0.9715974018159508,0.6729243788783429,0.8987919940866724,0,,ok,,2026-07-20T22:35:19.433604+00:00,False,20000
adult,gaussian_copula,fresh,0.0,10,1,2000,9.4256,39.45,False,0.038353939036039,0.8961955791669793,0.0498818041550613,0.0257170743504698,0.125470522984989,0.8762886597938144,0.907,0.9756483611051828,0.5104150671838512,0.8987919940866724,0,,ok,,2026-07-20T22:35:19.433604+00:00,False,20000
adult,gaussian_copula,fresh,0.0,10,2,2000,9.0356,40.02,False,0.0318120633524105,0.9322636358439153,0.0606935711963326,0.0335118504698728,0.1546128732900279,0.8556701030927835,0.89225,0.9835158452577628,0.4072790930380061,0.8987919940866724,0,,ok,,2026-07-20T22:35:19.433604+00:00,False,20000
adult,gaussian_copula,fresh,0.0,10,3,2000,9.7181,39.65,False,0.0325982140785454,0.865893886005907,0.050694091554003,0.0418542703150912,0.1557860451920852,0.8556701030927835,0.91075,0.9822317186693468,0.4127904491419866,0.8987919940866724,0,,ok,,2026-07-20T22:35:19.433604+00:00,False,20000
adult,gaussian_copula,fresh,0.0,10,4,2000,9.3827,39.65,False,0.0454256123797066,1.0747880298410075,0.0619207338419089,0.0410064953012714,0.145905193964168,0.8041237113402062,0.8965,0.9785634509172288,0.3684939267623837,0.8987919940866724,0,,ok,,2026-07-20T22:35:19.433604+00:00,False,20000
adult,gaussian_copula,fresh,0.0,10,5,2000,9.3113,39.65,False,0.0279266297679116,0.933642390118539,0.0567185137513842,0.0456621752349364,0.161591951005718,0.7731958762886598,0.899,0.9838738385263474,0.3514899301260673,0.8987919940866724,0,,ok,,2026-07-20T22:35:19.433604+00:00,False,20000
adult,gaussian_copula,fixed,0.35,10,1,2000,9.1977,39.45,False,0.0235590139415511,1.0090361298208717,0.039833287597701,0.0282840312327252,0.135342815531343,0.9072164948453608,0.903,0.969084680930782,0.5985238579348487,0.8987919940866724,0,,ok,,2026-07-20T22:35:19.433604+00:00,False,20000
adult,gaussian_copula,fixed,0.35,10,0,2000,10.4711,39.26,True,0.0158495252855037,0.9637952890324804,0.0268646726081282,0.0285482310668877,0.1160754928460546,0.9072164948453608,0.91125,0.9715974018159508,0.6729243788783429,0.8987919940866724,0,,ok,,2026-07-20T22:35:19.433604+00:00,False,20000
adult,gaussian_copula,fixed,0.2,10,12,2000,9.0133,39.65,False,0.0592280635100887,0.9292211710402016,0.0723750559207319,0.0367148286346047,0.1425379969149118,0.7422680412371134,0.88375,0.9743945116644824,0.5596063839705498,0.8987919940866724,0,,ok,,2026-07-20T22:35:19.433604+00:00,False,20000
adult,gaussian_copula,fixed,0.2,10,11,2000,8.9144,39.65,False,0.0452731366650605,0.9581075981681167,0.0730702051656194,0.0350992606412382,0.1539483643091468,0.7835051546391752,0.894,0.9795115251285216,0.5584917998736717,0.8987919940866724,0,,ok,,2026-07-20T22:35:19.433604+00:00,False,20000
adult,gaussian_copula,fixed,0.1,10,6,2000,9.6114,39.65,False,0.03056179795035,0.7987522223574661,0.0527682153174847,0.0512758775566611,0.166499455014975,0.7938144329896907,0.879,0.9753402604990304,0.52278973711944,0.8987919940866724,0,,ok,,2026-07-20T22:35:19.433604+00:00,False,20000
adult,gaussian_copula,fixed,0.1,10,7,2000,9.0213,39.65,False,0.041093112451155,0.7881012326221558,0.0642509553669175,0.0476814883913764,0.1647586158191844,0.7731958762886598,0.8885,0.98051792050857,0.4813250778930374,0.8987919940866724,0,,ok,,2026-07-20T22:35:19.433604+00:00,False,20000
adult,gaussian_copula,fixed,0.1,10,8,2000,8.7778,39.65,False,0.0437925212797241,0.8581362202807878,0.071808727373348,0.0547334508015478,0.1919523689399118,0.7731958762886598,0.8805,0.9757042657721252,0.5082254667255341,0.8987919940866724,0,,ok,,2026-07-20T22:35:19.433604+00:00,False,20000
adult,gaussian_copula,fixed,0.1,10,9,2000,8.7584,39.65,False,0.0511903109881214,0.8486849327181548,0.0666370501658221,0.0580831260364842,0.1675075289087094,0.7835051546391752,0.88825,0.9731005323186744,0.5522410811308387,0.8987919940866724,0,,ok,,2026-07-20T22:35:19.433604+00:00,False,20000
adult,gaussian_copula,fixed,0.1,10,10,2000,9.3387,39.65,False,0.0525393264278268,0.8220121736995797,0.0667535565849963,0.0528785240464345,0.1879511594130577,0.7731958762886598,0.8815,0.9800005359954022,0.5148188545143868,0.8987919940866724,0,,ok,,2026-07-20T22:35:19.433604+00:00,False,20000
adult,gaussian_copula,fixed,0.1,10,11,2000,9.5744,39.65,False,0.0457700586054125,0.849955188526959,0.0718331370425474,0.0521289386401326,0.1786491978369185,0.7835051546391752,0.87875,0.9814134954304748,0.4165957703762691,0.8987919940866724,0,,ok,,2026-07-20T22:35:19.433604+00:00,False,20000
adult,gaussian_copula,fixed,0.1,10,12,2000,9.0636,39.65,False,0.0709289531819278,0.8084241003693718,0.0831180929175593,0.053419534273079,0.1802071351928946,0.7628865979381443,0.87325,0.9789039155476624,0.4875960558409255,0.8987919940866724,0,,ok,,2026-07-20T22:35:19.433604+00:00,False,20000
adult,gaussian_copula,fixed,0.2,10,0,2000,10.4711,39.26,True,0.0158495252855037,0.9637952890324804,0.0268646726081282,0.0285482310668877,0.1160754928460546,0.9072164948453608,0.91125,0.9715974018159508,0.6729243788783429,0.8987919940866724,0,,ok,,2026-07-20T22:35:19.433604+00:00,False,20000
adult,gaussian_copula,fresh,0.0,10,6,2000,9.1078,39.65,False,0.0348349258371119,0.9070115783777069,0.0755578233248065,0.0553347153123272,0.1545489659762157,0.7731958762886598,0.90125,0.9825659249200852,0.3561791821129446,0.8987919940866724,0,,ok,,2026-07-20T22:35:19.433604+00:00,False,20000
adult,gaussian_copula,fixed,0.2,10,1,2000,8.6943,39.45,False,0.0308206553273765,0.8869316500777815,0.042077090302926,0.0311829049198452,0.1291964018419793,0.8969072164948454,0.8995,0.9732370680461104,0.5721970865296218,0.8987919940866724,0,,ok,,2026-07-20T22:35:19.433604+00:00,False,20000
adult,gaussian_copula,fixed,0.2,10,3,2000,9.1863,39.65,False,0.0377939600666776,0.7604614555642429,0.0580363927213208,0.0356715381426202,0.164469689819308,0.845360824742268,0.88025,0.9752359526707736,0.5200473029490715,0.8987919940866724,0,,ok,,2026-07-20T22:35:19.433604+00:00,False,20000
adult,gaussian_copula,fixed,0.2,10,4,2000,9.0194,39.65,False,0.0444074837451312,0.8274368038387049,0.0592930108060134,0.0369598189607517,0.1601575119439151,0.8350515463917526,0.884,0.9721679668065172,0.5683969120513159,0.8987919940866724,0,,ok,,2026-07-20T22:35:19.433604+00:00,False,20000
adult,gaussian_copula,fixed,0.2,10,5,2000,9.0729,39.65,False,0.0352960104206384,0.8674125069533343,0.0528882267523421,0.0343498134328358,0.1368756469410494,0.8247422680412371,0.89725,0.9730617535395806,0.502169505162688,0.8987919940866724,0,,ok,,2026-07-20T22:35:19.433604+00:00,False,20000
adult,gaussian_copula,fixed,0.2,10,6,2000,9.0171,39.65,False,0.0431056050982903,0.9346065637591942,0.0623734333011146,0.0384149391929242,0.161256419235351,0.8144329896907216,0.89375,0.9723343077438144,0.5631379108996228,0.8987919940866724,0,,ok,,2026-07-20T22:35:19.433604+00:00,False,20000
adult,gaussian_copula,fixed,0.2,10,7,2000,9.1823,39.65,False,0.0206598051010166,0.9331325021863572,0.0469277169140179,0.0334589897733554,0.1561392700060259,0.8247422680412371,0.889,0.976743974677167,0.5677786129145155,0.8987919940866724,0,,ok,,2026-07-20T22:35:19.433604+00:00,False,20000
adult,gaussian_copula,fixed,0.2,10,8,2000,9.0393,39.65,False,0.0530821074057357,0.9530598228751002,0.0691719688276326,0.0337649253731343,0.1460372810913285,0.8041237113402062,0.8805,0.9725414406492158,0.5801240414085038,0.8987919940866724,0,,ok,,2026-07-20T22:35:19.433604+00:00,False,20000
adult,gaussian_copula,fixed,0.2,10,9,2000,9.3672,39.65,False,0.0534126643300775,0.8929749131415093,0.0695898912250251,0.0371395453289109,0.1533890398888114,0.7938144329896907,0.894,0.9734666278433376,0.6414806830118895,0.8987919940866724,0,,ok,,2026-07-20T22:35:19.433604+00:00,False,20000
adult,gaussian_copula,fixed,0.2,10,10,2000,8.8599,39.65,False,0.0538105244642306,0.8736726630448347,0.0782378304277942,0.0393107725262576,0.1721913324305186,0.7938144329896907,0.89825,0.969811110850786,0.5349622411689863,0.8987919940866724,0,,ok,,2026-07-20T22:35:19.433604+00:00,False,20000
adult,gaussian_copula,fixed,0.2,10,2,2000,8.5367,40.02,False,0.0367956938898637,0.7981776194784276,0.0536821078852918,0.0319567786069651,0.1381512268675948,0.8865979381443299,0.88825,0.9719096041751806,0.5943262686622355,0.8987919940866724,0,,ok,,2026-07-20T22:35:19.433604+00:00,False,20000
adult,gaussian_copula,fixed,0.2,9,4,2000,9.0396,39.65,False,0.0419775453231061,1.1980994274583447,0.0545017808707782,0.0372799198452183,0.1327030434979602,0.8144329896907216,0.903,0.9737190172826926,0.5418596809430902,0.8955836965456941,0,,ok,,2026-07-20T22:35:19.433604+00:00,False,20000
adult,gaussian_copula,fresh,0.0,10,7,2000,8.9135,39.65,False,0.0455361519622882,1.0653977049186425,0.0725970509076071,0.0580280887230514,0.1898099599193008,0.7731958762886598,0.886,0.9815263588901508,0.4148759015510159,0.8987919940866724,0,,ok,,2026-07-20T22:35:19.433604+00:00,False,20000
adult,gaussian_copula,fresh,0.0,10,9,2000,9.5974,39.65,False,0.0632446768966948,0.948666907984567,0.089039012344058,0.0533659480375898,0.1797064306896896,0.7319587628865979,0.89425,0.986049900658938,0.3522853170067306,0.8987919940866724,0,,ok,,2026-07-20T22:35:19.433604+00:00,False,20000
adult,gaussian_copula,fresh,0.02,10,6,2000,9.1247,39.65,False,0.0345787994918712,0.8839417453366133,0.0552394088743655,0.0407614704256495,0.1701476824830324,0.7938144329896907,0.8755,0.9806919086391046,0.3738289818877461,0.8987919940866724,0,,ok,,2026-07-20T22:35:19.433604+00:00,False,20000
adult,gaussian_copula,fresh,0.02,10,7,2000,8.5742,39.65,False,0.0505584337711099,0.8916736449869047,0.0707454294470765,0.0484752625760088,0.1896177961076063,0.8041237113402062,0.8695,0.9832053990248504,0.4380437449343792,0.8987919940866724,0,,ok,,2026-07-20T22:35:19.433604+00:00,False,20000
adult,gaussian_copula,fresh,0.02,10,8,2000,9.2527,39.65,False,0.0401529715823936,1.0065859614096415,0.0616928585388137,0.0537844458264234,0.1968702268576171,0.7835051546391752,0.8825,0.9850517357850648,0.3961273185480037,0.8987919940866724,0,,ok,,2026-07-20T22:35:19.433604+00:00,False,20000
adult,gaussian_copula,fresh,0.02,10,9,2000,9.0327,39.65,False,0.0557123318726469,0.9369684641029448,0.0835804472372943,0.0553702321724709,0.17998207345555,0.7628865979381443,0.8725,0.9801631717424196,0.4183484210867247,0.8987919940866724,0,,ok,,2026-07-20T22:35:19.433604+00:00,False,20000
adult,gaussian_copula,fresh,0.02,10,10,2000,9.0506,39.65,False,0.0616410533041076,0.8846230117385362,0.0810038814892097,0.0529950594250967,0.1920594654233065,0.7319587628865979,0.8885,0.9853283656176064,0.4373040544766745,0.8987919940866724,0,,ok,,2026-07-20T22:35:19.433604+00:00,False,20000
adult,gaussian_copula,fresh,0.02,10,11,2000,9.8051,39.65,False,0.0833427187578879,1.0130908632507651,0.1006810522713085,0.0588023770038695,0.1866772465449732,0.7422680412371134,0.8935,0.9826619414921216,0.4613648764129484,0.8987919940866724,0,,ok,,2026-07-20T22:35:19.433604+00:00,False,20000
adult,gaussian_copula,fresh,0.02,10,12,2000,9.8,39.65,False,0.0775331450505689,0.9528843142958412,0.0949685062037293,0.0597829601990049,0.1715666290002842,0.7319587628865979,0.889,0.986109343453535,0.413482638648033,0.8987919940866724,0,,ok,,2026-07-20T22:35:19.433604+00:00,False,20000
adult,gaussian_copula,fresh,0.05,10,0,2000,10.4711,39.26,True,0.0158495252855037,0.9637952890324804,0.0268646726081282,0.0285482310668877,0.1160754928460546,0.9072164948453608,0.91125,0.9715974018159508,0.6729243788783429,0.8987919940866724,0,,ok,,2026-07-20T22:35:19.433604+00:00,False,20000
adult,gaussian_copula,fresh,0.05,10,1,2000,9.6178,39.45,False,0.0247366133263357,0.8918966958133048,0.0433011448310895,0.0274419914317302,0.101466491997903,0.8865979381443299,0.898,0.9725808640537932,0.4394504484102949,0.8987919940866724,0,,ok,,2026-07-20T22:35:19.433604+00:00,False,20000
adult,gaussian_copula,fresh,0.05,10,2,2000,10.1498,40.02,False,0.0281818577159604,0.8488374305021104,0.0461374001628717,0.0292000069098949,0.1094149401538092,0.8865979381443299,0.89225,0.97399390898893,0.4437567424142389,0.8987919940866724,0,,ok,,2026-07-20T22:35:19.433604+00:00,False,20000
adult,gaussian_copula,fresh,0.05,10,3,2000,9.045,39.65,False,0.0299075868184283,0.8499875892511476,0.0559355154034657,0.0344818269762299,0.1352202779879215,0.8144329896907216,0.885,0.9749718620976396,0.4681573813725198,0.8987919940866724,0,,ok,,2026-07-20T22:35:19.433604+00:00,False,20000
adult,gaussian_copula,fresh,0.05,10,4,2000,10.3971,39.65,False,0.0258027375615214,0.8550140701658884,0.0517741288105866,0.0396914731896075,0.1296106768564701,0.845360824742268,0.89475,0.9783113179780664,0.50358532200269,0.8987919940866724,0,,ok,,2026-07-20T22:35:19.433604+00:00,False,20000
adult,gaussian_copula,fresh,0.05,10,5,2000,8.973,39.65,False,0.0306516040589808,0.7974732715412766,0.054592826705763,0.0402662037037037,0.1529583678093704,0.8144329896907216,0.89875,0.9811164907076472,0.4156833521654336,0.8987919940866724,0,,ok,,2026-07-20T22:35:19.433604+00:00,False,20000
adult,gaussian_copula,fresh,0.05,10,6,2000,8.8325,39.65,False,0.0418837971127638,0.9110614126184844,0.0602365077885326,0.0502347291321171,0.1487946501196983,0.8144329896907216,0.8915,0.9807395782998688,0.4723088137507682,0.8987919940866724,0,,ok,,2026-07-20T22:35:19.433604+00:00,False,20000
adult,gaussian_copula,fresh,0.05,10,7,2000,8.8362,39.65,False,0.0429364036320063,0.8096968594009613,0.0624225983566759,0.0598409342177998,0.1807423425383418,0.8350515463917526,0.88425,0.9820723802998031,0.464424770359616,0.8987919940866724,0,,ok,,2026-07-20T22:35:19.433604+00:00,False,20000
adult,gaussian_copula,fresh,0.05,10,8,2000,9.1418,39.65,False,0.0330327328184408,0.8939572995980479,0.0557517138892721,0.0492778468767274,0.14683599118375,0.8350515463917526,0.87675,0.9775719550483594,0.435174805469015,0.8987919940866724,0,,ok,,2026-07-20T22:35:19.433604+00:00,False,20000
adult,gaussian_copula,fresh,0.05,10,9,2000,9.3435,39.65,False,0.0459108384172995,0.8025482181717006,0.0705879168411733,0.0430086373687119,0.1591084616606835,0.8144329896907216,0.8875,0.981831510869091,0.4009937894062847,0.8987919940866724,0,,ok,,2026-07-20T22:35:19.433604+00:00,False,20000
adult,gaussian_copula,fresh,0.02,10,5,2000,9.3794,39.65,False,0.044778916905815,0.9953114327097752,0.0562960457764651,0.0490105375898286,0.1608565426870706,0.8144329896907216,0.89875,0.9820548122866232,0.4156750255665922,0.8987919940866724,0,,ok,,2026-07-20T22:35:19.433604+00:00,False,20000
adult,gaussian_copula,fresh,0.02,10,4,2000,9.2813,39.65,False,0.0448463845661053,1.125984871117612,0.0661672617667619,0.0382366984521835,0.1811072692500556,0.845360824742268,0.89025,0.9792852807087818,0.5042578751595003,0.8987919940866724,0,,ok,,2026-07-20T22:35:19.433604+00:00,False,20000
adult,gaussian_copula,fresh,0.02,10,3,2000,8.7413,39.65,False,0.0371316157178871,0.9237875347747104,0.0523847288145187,0.031347947761194,0.1586758561750088,0.8865979381443299,0.90025,0.9806771621280408,0.4810476775804556,0.8987919940866724,0,,ok,,2026-07-20T22:35:19.433604+00:00,False,20000
adult,gaussian_copula,fresh,0.02,10,2,2000,9.1328,40.02,False,0.0382579025095793,0.8748317991261049,0.0525742474265077,0.0290836097291321,0.114247266115428,0.845360824742268,0.90025,0.976557150287002,0.5302933139509345,0.8987919940866724,0,,ok,,2026-07-20T22:35:19.433604+00:00,False,20000
adult,gaussian_copula,fresh,0.0,10,10,2000,9.0338,39.65,False,0.0468700314926478,0.9514908422795516,0.09097370658398,0.0509128662244333,0.1638070259763796,0.7216494845360825,0.8895,0.9836974721440284,0.3938747113063279,0.8987919940866724,0,,ok,,2026-07-20T22:35:19.433604+00:00,False,20000
adult,gaussian_copula,fresh,0.0,10,11,2000,8.7589,39.65,False,0.0751700442113971,0.966191443072263,0.0974136558081667,0.0581377487562189,0.1714624515831124,0.711340206185567,0.897,0.9848424350030368,0.3853612885011768,0.8987919940866724,0,,ok,,2026-07-20T22:35:19.433604+00:00,False,20000
adult,gaussian_copula,fresh,0.0,10,12,2000,10.0048,39.65,False,0.060616820370179,0.990280166230073,0.0941516793169496,0.0618705085682697,0.1663110482754311,0.711340206185567,0.8815,0.9840263616407778,0.3776444327245563,0.8987919940866724,0,,ok,,2026-07-20T22:35:19.433604+00:00,False,20000
adult,gaussian_copula,fresh,0.01,10,0,2000,10.4711,39.26,True,0.0158495252855037,0.9637952890324804,0.0268646726081282,0.0285482310668877,0.1160754928460546,0.9072164948453608,0.91125,0.9715974018159508,0.6729243788783429,0.8987919940866724,0,,ok,,2026-07-20T22:35:19.433604+00:00,False,20000
adult,gaussian_copula,fresh,0.01,10,1,2000,9.3423,39.45,False,0.0459859733256003,0.9175468299783393,0.05241152712157,0.0323021351575456,0.1337052964948034,0.8762886597938144,0.90625,0.977022931011454,0.5318625500136832,0.8987919940866724,0,,ok,,2026-07-20T22:35:19.433604+00:00,False,20000
adult,gaussian_copula,fresh,0.01,10,2,2000,8.9694,40.02,False,0.0334536797524897,0.8581482737048373,0.0475930512703025,0.0375702736318408,0.1263888709789143,0.8556701030927835,0.905,0.974028858265151,0.4692174819761917,0.8987919940866724,0,,ok,,2026-07-20T22:35:19.433604+00:00,False,20000
adult,gaussian_copula,fresh,0.01,10,3,2000,9.5726,39.65,False,0.0292721538983596,0.9162713579863516,0.0550540292874223,0.0378479823106688,0.1528419193433973,0.8350515463917526,0.89975,0.9786656594939108,0.4484452404177566,0.8987919940866724,0,,ok,,2026-07-20T22:35:19.433604+00:00,False,20000
adult,gaussian_copula,fresh,0.01,10,4,2000,9.1982,39.65,False,0.0365531200666059,0.8921216778297222,0.0621422421451861,0.0381725055279159,0.1748740819091208,0.7938144329896907,0.88875,0.9798507758830444,0.433732730338966,0.8987919940866724,0,,ok,,2026-07-20T22:35:19.433604+00:00,False,20000
adult,gaussian_copula,fresh,0.0,10,8,2000,9.2491,39.65,False,0.0350716446354139,0.9741824849059428,0.0742145619641295,0.0526952390823659,0.1482457930676856,0.7216494845360825,0.89275,0.98363113646926,0.400913801606391,0.8987919940866724,0,,ok,,2026-07-20T22:35:19.433604+00:00,False,20000
adult,gaussian_copula,fresh,0.01,10,5,2000,9.0335,39.65,False,0.0359005790306295,0.9280402107882664,0.0521583651926846,0.0478183043117744,0.1504254020080132,0.8041237113402062,0.89,0.9809309263184276,0.4003626069885996,0.8987919940866724,0,,ok,,2026-07-20T22:35:19.433604+00:00,False,20000
adult,gaussian_copula,fresh,0.01,10,7,2000,9.845,39.65,False,0.0593783931982786,0.978642250935581,0.0697168097925403,0.0521407545605306,0.1717470951706931,0.7628865979381443,0.88125,0.9801250443388144,0.3608089349781797,0.8987919940866724,0,,ok,,2026-07-20T22:35:19.433604+00:00,False,20000
adult,gaussian_copula,fresh,0.01,10,8,2000,8.6276,39.65,False,0.0552606377084235,1.0157433550005273,0.0795513151696974,0.0572549060254284,0.1455217321096049,0.7422680412371134,0.87875,0.979827172240336,0.3571232020611151,0.8987919940866724,0,,ok,,2026-07-20T22:35:19.433604+00:00,False,20000
adult,gaussian_copula,fresh,0.01,10,9,2000,9.587,39.65,False,0.0656041933440228,0.9709322127286596,0.085465702436458,0.0629861802100608,0.1857810677112657,0.7525773195876289,0.90025,0.9837537311862368,0.416753418462207,0.8987919940866724,0,,ok,,2026-07-20T22:35:19.433604+00:00,False,20000
adult,gaussian_copula,fresh,0.01,10,10,2000,9.0245,39.65,False,0.0518887609929988,0.9435774254781674,0.0870354976879384,0.0702798852957435,0.2138877241317958,0.7422680412371134,0.88425,0.9848040488492376,0.3698946311533074,0.8987919940866724,0,,ok,,2026-07-20T22:35:19.433604+00:00,False,20000
adult,gaussian_copula,fresh,0.01,10,11,2000,8.8872,39.65,False,0.0477539056590512,0.9280437787174703,0.0802265667540594,0.0778836028192371,0.2060228343664558,0.6907216494845361,0.89125,0.9833958402927292,0.4319116638340932,0.8987919940866724,0,,ok,,2026-07-20T22:35:19.433604+00:00,False,20000
adult,gaussian_copula,fresh,0.01,10,12,2000,9.3134,39.65,False,0.0416437562140203,0.8657019925643278,0.0733136936405054,0.0688773839137645,0.1984214967942924,0.7010309278350515,0.86675,0.9844904559889646,0.4354367327317813,0.8987919940866724,0,,ok,,2026-07-20T22:35:19.433604+00:00,False,20000
adult,gaussian_copula,fresh,0.02,10,0,2000,10.4711,39.26,True,0.0158495252855037,0.9637952890324804,0.0268646726081282,0.0285482310668877,0.1160754928460546,0.9072164948453608,0.91125,0.9715974018159508,0.6729243788783429,0.8987919940866724,0,,ok,,2026-07-20T22:35:19.433604+00:00,False,20000
adult,gaussian_copula,fresh,0.02,10,1,2000,9.0437,39.45,False,0.0394623502601091,0.9500941916048774,0.0496282383383315,0.0356084508015478,0.1396862029823705,0.8556701030927835,0.90825,0.9712837830806582,0.5605600745748549,0.8987919940866724,0,,ok,,2026-07-20T22:35:19.433604+00:00,False,20000
adult,gaussian_copula,fresh,0.01,10,6,2000,9.1489,39.65,False,0.0410169796995249,0.8887736828107912,0.058562729305505,0.049845218352681,0.1680685394294487,0.7628865979381443,0.88575,0.9818380077489652,0.4189500342439572,0.8987919940866724,0,,ok,,2026-07-20T22:35:19.433604+00:00,False,20000
adult,gaussian_copula,fixed,0.05,11,4,2000,8.9678,39.65,False,0.0638230097923728,0.8379615735678184,0.088912597696121,0.0385399737423991,0.1399973629578383,0.7938144329896907,0.88325,0.9741489532302522,0.4626580562204086,0.8984078559558718,0,,ok,,2026-07-20T22:35:19.433604+00:00,False,20000
adult,gaussian_copula,fixed,0.2,9,3,2000,9.2373,39.65,False,0.0194457879554685,1.0300129764762171,0.0425786629051838,0.0426270729684908,0.1211067797196042,0.8041237113402062,0.888,0.973542424775204,0.6079843494034942,0.8955836965456941,0,,ok,,2026-07-20T22:35:19.433604+00:00,False,20000
adult,gaussian_copula,fixed,0.2,9,1,2000,9.0737,39.45,False,0.0168904578148885,1.014321510631636,0.0386476270629579,0.0302090588723051,0.0977393778483628,0.8144329896907216,0.90225,0.970119582707217,0.5968634226674673,0.8955836965456941,0,,ok,,2026-07-20T22:35:19.433604+00:00,False,20000
adult,gaussian_copula,fixed,0.01,8,4,2000,8.7245,39.65,False,0.0267250875023349,1.1098941129648157,0.0660335311260634,0.0423884742951907,0.16342821043823,0.7628865979381443,0.89275,0.9796747098759512,0.4476216938977044,0.8970552753724252,0,,ok,,2026-07-20T22:35:19.433604+00:00,False,20000
adult,gaussian_copula,fixed,0.01,8,5,2000,8.9758,39.65,False,0.032060465148516,0.9673991613378276,0.0756923814046704,0.0410378662244333,0.1478374208350953,0.7628865979381443,0.89,0.9824925568650408,0.4544652402525359,0.8970552753724252,0,,ok,,2026-07-20T22:35:19.433604+00:00,False,20000
adult,gaussian_copula,fixed,0.01,8,6,2000,9.109,39.65,False,0.037638821397129,0.8856382362013063,0.0722114403201054,0.0538235212824765,0.1700857991230491,0.7319587628865979,0.87025,0.9794916857386372,0.4517132665535735,0.8970552753724252,0,,ok,,2026-07-20T22:35:19.433604+00:00,False,20000
adult,gaussian_copula,fixed,0.01,8,7,2000,9.5332,39.65,False,0.0421572293265872,0.9383699795244264,0.0785073423233238,0.0501746130458817,0.2052772477013376,0.711340206185567,0.8615,0.9805323351443844,0.4209929685478791,0.8970552753724252,0,,ok,,2026-07-20T22:35:19.433604+00:00,False,20000
adult,gaussian_copula,fixed,0.01,8,8,2000,8.9923,39.65,False,0.0333020750993186,0.9816037607176696,0.0770606585997911,0.0471510157545605,0.1674991327776017,0.7216494845360825,0.86875,0.9819007332960252,0.4764936508700378,0.8970552753724252,0,,ok,,2026-07-20T22:35:19.433604+00:00,False,20000
adult,gaussian_copula,fixed,0.01,8,9,2000,8.9907,39.65,False,0.0254776658447383,1.071319989103635,0.0759654091422045,0.0519304864566058,0.1857165019352778,0.7010309278350515,0.858,0.9806286239666252,0.410528794099995,0.8970552753724252,0,,ok,,2026-07-20T22:35:19.433604+00:00,False,20000
adult,gaussian_copula,fixed,0.01,8,10,2000,9.7866,39.65,False,0.0347794744732469,1.051611060986719,0.0748769205589919,0.0577150359314538,0.1889053185886184,0.6907216494845361,0.87725,0.9868499697591898,0.3779360603753159,0.8970552753724252,0,,ok,,2026-07-20T22:35:19.433604+00:00,False,20000
adult,gaussian_copula,fixed,0.01,8,11,2000,9.5329,39.65,False,0.036264751294579,0.9764148037994714,0.0818599698374897,0.052021800718629,0.1922817962268655,0.6907216494845361,0.87675,0.98384589125538,0.4850972566413805,0.8970552753724252,0,,ok,,2026-07-20T22:35:19.433604+00:00,False,20000
adult,gaussian_copula,fixed,0.01,8,12,2000,9.1621,39.65,False,0.0562209585975585,0.8522408444613202,0.0853744368913524,0.0611013681592039,0.1878827675718206,0.6804123711340206,0.85975,0.9878381412505656,0.4693415286297971,0.8970552753724252,0,,ok,,2026-07-20T22:35:19.433604+00:00,False,20000
adult,gaussian_copula,fixed,0.02,8,0,2000,9.4219,39.26,True,0.0252159915202022,1.0712073639271764,0.0431312777834708,0.0248147802653399,0.1059749913431075,0.9072164948453608,0.8975,0.9626804977510436,0.6685310161873016,0.8970552753724252,0,,ok,,2026-07-20T22:35:19.433604+00:00,False,20000
adult,gaussian_copula,fixed,0.02,8,1,2000,9.6983,39.45,False,0.0303122999791947,1.187742159800111,0.048183265079117,0.0308868850193477,0.1134592177440814,0.8556701030927835,0.90475,0.971701504894054,0.5144343885647343,0.8970552753724252,0,,ok,,2026-07-20T22:35:19.433604+00:00,False,20000
adult,gaussian_copula,fixed,0.02,8,2,2000,9.4543,40.02,False,0.037400916747684,1.0819329330542913,0.0505865554776963,0.0351626243781094,0.1044676087467904,0.8041237113402062,0.90375,0.9736957320152227,0.4380734125404872,0.8970552753724252,0,,ok,,2026-07-20T22:35:19.433604+00:00,False,20000
adult,gaussian_copula,fixed,0.02,8,3,2000,9.577,39.65,False,0.0301458766324706,1.1171918544589874,0.0527859447902773,0.0432699004975124,0.1771888582658849,0.7938144329896907,0.89975,0.9778308953676292,0.4179534649338075,0.8970552753724252,0,,ok,,2026-07-20T22:35:19.433604+00:00,False,20000
adult,gaussian_copula,fixed,0.02,8,4,2000,9.321,39.65,False,0.0474917062031189,1.0194879463653994,0.0564675234525554,0.0440003800442233,0.1646745266943412,0.7835051546391752,0.90425,0.9775295188915216,0.4143544401031029,0.8970552753724252,0,,ok,,2026-07-20T22:35:19.433604+00:00,False,20000
adult,gaussian_copula,fixed,0.02,8,5,2000,9.2061,39.65,False,0.0448105011498539,1.1709131317581225,0.0619533458645327,0.046729995854063,0.1611012888550891,0.7628865979381443,0.90375,0.9801302294677048,0.3267899269921191,0.8970552753724252,0,,ok,,2026-07-20T22:35:19.433604+00:00,False,20000
adult,gaussian_copula,fixed,0.02,8,6,2000,9.5682,39.65,False,0.0456870319317334,1.0465790327333542,0.0658068917300983,0.0427232587064676,0.19478231866874,0.7525773195876289,0.90375,0.9814992306197978,0.3911693206662381,0.8970552753724252,0,,ok,,2026-07-20T22:35:19.433604+00:00,False,20000
adult,gaussian_copula,fixed,0.02,8,7,2000,8.7907,39.65,False,0.0487120630930667,1.0518776266161791,0.0723111397103913,0.0464323521282476,0.1763007742069332,0.7628865979381443,0.8795,0.978586690059664,0.4226450116526489,0.8970552753724252,0,,ok,,2026-07-20T22:35:19.433604+00:00,False,20000
adult,gaussian_copula,fixed,0.01,8,3,2000,8.9634,39.65,False,0.0316044683032861,1.1269993956632136,0.0569175596135134,0.0363166113875069,0.1553599790644122,0.8247422680412371,0.8855,0.983258945690024,0.4650931602170056,0.8970552753724252,0,,ok,,2026-07-20T22:35:19.433604+00:00,False,20000
adult,gaussian_copula,fixed,0.02,8,8,2000,9.127,39.65,False,0.044042252655054,0.999602776895136,0.0733413070189704,0.0476059286898839,0.2043055815304487,0.7628865979381443,0.8985,0.9803074677256776,0.3882113783825496,0.8970552753724252,0,,ok,,2026-07-20T22:35:19.433604+00:00,False,20000
adult,gaussian_copula,fixed,0.01,8,2,2000,9.5815,40.02,False,0.0350420551469096,1.061952365484488,0.0554772626618531,0.0346483554449972,0.1505738557962886,0.8247422680412371,0.905,0.979171241623224,0.4953398583271823,0.8970552753724252,0,,ok,,2026-07-20T22:35:19.433604+00:00,False,20000
adult,gaussian_copula,fixed,0.01,8,0,2000,9.4219,39.26,True,0.0252159915202022,1.0712073639271764,0.0431312777834708,0.0248147802653399,0.1059749913431075,0.9072164948453608,0.8975,0.9626804977510436,0.6685310161873016,0.8970552753724252,0,,ok,,2026-07-20T22:35:19.433604+00:00,False,20000
adult,gaussian_copula,fresh,0.35,7,9,2000,9.1193,39.65,False,0.0244530653311866,0.9939282083874044,0.0415132492453305,0.0319366362631288,0.1284392858018181,0.8762886597938144,0.88375,0.9676099296993498,0.5903600867172654,0.8946581327988924,0,,ok,,2026-07-20T22:35:19.433604+00:00,False,20000
adult,gaussian_copula,fresh,0.35,7,10,2000,8.8589,39.65,False,0.0328478935629568,0.9766319464514424,0.0501085816415867,0.0337682421227197,0.1208749504308196,0.865979381443299,0.873,0.9631952553872404,0.5637930240935054,0.8946581327988924,0,,ok,,2026-07-20T22:35:19.433604+00:00,False,20000
adult,gaussian_copula,fresh,0.35,7,11,2000,8.9431,39.65,False,0.0158295004921656,0.9496424210989408,0.036603941307115,0.0228093905472636,0.1457214560658428,0.8762886597938144,0.89625,0.9732846780818296,0.6178473368586537,0.8946581327988924,0,,ok,,2026-07-20T22:35:19.433604+00:00,False,20000
adult,gaussian_copula,fresh,0.35,7,12,2000,9.3122,39.65,False,0.0248591201083309,0.9644071122152932,0.0461338719555349,0.028790215588723,0.1168097108983495,0.8762886597938144,0.89875,0.9740225695104328,0.5851052160831076,0.8946581327988924,0,,ok,,2026-07-20T22:35:19.433604+00:00,False,20000
adult,gaussian_copula,fixed,0.0,8,0,2000,9.4219,39.26,True,0.0252159915202022,1.0712073639271764,0.0431312777834708,0.0248147802653399,0.1059749913431075,0.9072164948453608,0.8975,0.9626804977510436,0.6685310161873016,0.8970552753724252,0,,ok,,2026-07-20T22:35:19.433604+00:00,False,20000
adult,gaussian_copula,fixed,0.0,8,1,2000,9.5356,39.83,False,0.0246359660416341,1.0652894977837517,0.0466099304740515,0.0294343214483139,0.1042661376477567,0.8556701030927835,0.89875,0.973393879663758,0.5097354659217224,0.8970552753724252,0,,ok,,2026-07-20T22:35:19.433604+00:00,False,20000
adult,gaussian_copula,fixed,0.0,8,2,2000,8.8027,40.02,False,0.0354186165985531,1.1248985216395475,0.0533754824372792,0.0337970909342178,0.1463610790712843,0.8247422680412371,0.9055,0.9802082044012054,0.4862426557103487,0.8970552753724252,0,,ok,,2026-07-20T22:35:19.433604+00:00,False,20000
adult,gaussian_copula,fixed,0.0,8,3,2000,8.9471,39.65,False,0.0432942508646778,1.1819975410773509,0.0673401982663576,0.0312621959646213,0.1142708907493664,0.8041237113402062,0.899,0.9816406027258622,0.4507141402563779,0.8970552753724252,0,,ok,,2026-07-20T22:35:19.433604+00:00,False,20000
adult,gaussian_copula,fixed,0.0,8,4,2000,9.2469,39.65,False,0.0341777175781029,1.0745999412457916,0.0577607526136786,0.0398477404643449,0.161350907775164,0.7835051546391752,0.89975,0.9793843539081116,0.4662717345537985,0.8970552753724252,0,,ok,,2026-07-20T22:35:19.433604+00:00,False,20000
adult,gaussian_copula,fixed,0.0,8,5,2000,9.2855,39.65,False,0.0504267380441506,1.120322216812718,0.0734226949238356,0.0360958402432282,0.1192172085034757,0.7628865979381443,0.885,0.984213783406391,0.3640245428795582,0.8970552753724252,0,,ok,,2026-07-20T22:35:19.433604+00:00,False,20000
adult,gaussian_copula,fixed,0.0,8,6,2000,9.3781,39.65,False,0.0423800024484064,1.1008801315031669,0.0744091516685248,0.0520682697622996,0.1504227042512543,0.7216494845360825,0.89525,0.9831442979790096,0.3595220492926784,0.8970552753724252,0,,ok,,2026-07-20T22:35:19.433604+00:00,False,20000
adult,gaussian_copula,fixed,0.0,8,7,2000,9.1364,39.65,False,0.0534779759312701,1.093458876234535,0.0814535024985129,0.0442377003869541,0.1526414682862095,0.7010309278350515,0.896,0.9818977587937936,0.3331668887748662,0.8970552753724252,0,,ok,,2026-07-20T22:35:19.433604+00:00,False,20000
adult,gaussian_copula,fixed,0.0,8,8,2000,9.034,39.65,False,0.066744263869972,1.2189187584468808,0.0866378284408863,0.0515427377003869,0.1520153449754754,0.7010309278350515,0.89175,0.9827893793377318,0.306483253767327,0.8970552753724252,0,,ok,,2026-07-20T22:35:19.433604+00:00,False,20000
adult,gaussian_copula,fixed,0.0,8,9,2000,9.5234,39.65,False,0.0847662167479364,1.2738674965197314,0.1053140552532601,0.057247477888336,0.1267831461104289,0.7010309278350515,0.89325,0.9851442209794518,0.4343651912501739,0.8970552753724252,0,,ok,,2026-07-20T22:35:19.433604+00:00,False,20000
adult,gaussian_copula,fixed,0.0,8,10,2000,9.3144,39.65,False,0.1014145269705104,1.469126249882365,0.1206861094113107,0.0601807283029297,0.1463901581120034,0.7010309278350515,0.89625,0.9866222515883442,0.4204640983939106,0.8970552753724252,0,,ok,,2026-07-20T22:35:19.433604+00:00,False,20000
adult,gaussian_copula,fixed,0.0,8,11,2000,9.1007,39.65,False,0.117254596183813,1.641921747182247,0.1307863197955488,0.0529387437810945,0.1333189564676494,0.7010309278350515,0.90225,0.9822418076769162,0.3526608662836081,0.8970552753724252,0,,ok,,2026-07-20T22:35:19.433604+00:00,False,20000
adult,gaussian_copula,fixed,0.0,8,12,2000,9.055,39.65,False,0.1230152550935171,1.5023997139094654,0.1403419618892245,0.0633255942509673,0.1958972135532613,0.7010309278350515,0.87325,0.985348774257918,0.353078441937315,0.8970552753724252,0,,ok,,2026-07-20T22:35:19.433604+00:00,False,20000
adult,gaussian_copula,fixed,0.01,8,1,2000,9.9738,39.45,False,0.0200457977038892,1.125397617416289,0.0397471077396642,0.0310724156992813,0.1175194055772716,0.865979381443299,0.8995,0.976926305813961,0.5665585694929416,0.8970552753724252,0,,ok,,2026-07-20T22:35:19.433604+00:00,False,20000
adult,gaussian_copula,fixed,0.02,8,9,2000,8.8929,39.65,False,0.0845600120543571,0.9842274013677904,0.1049404118731878,0.0468227957435047,0.2105774060364295,0.7319587628865979,0.877,0.9820546300364864,0.3386974550635752,0.8970552753724252,0,,ok,,2026-07-20T22:35:19.433604+00:00,False,20000
adult,gaussian_copula,fixed,0.02,8,10,2000,8.9502,39.65,False,0.0855966794281958,0.9804738321518272,0.1068639005178058,0.0503690920398009,0.2006034217211947,0.7525773195876289,0.89125,0.9850010094970072,0.3618712319681602,0.8970552753724252,0,,ok,,2026-07-20T22:35:19.433604+00:00,False,20000
adult,gaussian_copula,fixed,0.02,8,11,2000,9.2254,39.65,False,0.0831780949810598,1.0629328667152584,0.111298941711264,0.0539372927031509,0.213111145142883,0.7525773195876289,0.8855,0.9807020640217236,0.4120999315120854,0.8970552753724252,0,,ok,,2026-07-20T22:35:19.433604+00:00,False,20000
adult,gaussian_copula,fixed,0.1,8,8,2000,8.9013,39.65,False,0.0697795824474745,1.3348169366039624,0.0977531231879022,0.0503050718629076,0.1694421321801084,0.7319587628865979,0.9,0.9791026075717314,0.4338210119558158,0.8970552753724252,0,,ok,,2026-07-20T22:35:19.433604+00:00,False,20000
adult,gaussian_copula,fixed,0.1,8,9,2000,9.0899,39.65,False,0.0540381944754827,1.367514679225881,0.0920960787369638,0.0530987769485903,0.1487614388937833,0.711340206185567,0.90875,0.9762135885292448,0.528090043446488,0.8970552753724252,0,,ok,,2026-07-20T22:35:19.433604+00:00,False,20000
adult,gaussian_copula,fixed,0.1,8,10,2000,9.0751,39.65,False,0.0514302484500892,1.1781896504425071,0.0793984575367198,0.0569482448866777,0.1662376970675885,0.711340206185567,0.89875,0.980970652348232,0.4447265289241785,0.8970552753724252,0,,ok,,2026-07-20T22:35:19.433604+00:00,False,20000
adult,gaussian_copula,fixed,0.1,8,11,2000,9.0393,39.65,False,0.0722782240087778,1.2306978274687237,0.0990580894623762,0.0584411622443339,0.172517049746174,0.7010309278350515,0.90775,0.9809096896774946,0.4780883256757035,0.8970552753724252,0,,ok,,2026-07-20T22:35:19.433604+00:00,False,20000
adult,gaussian_copula,fixed,0.1,8,12,2000,9.0193,39.65,False,0.0928624972547191,1.2235400231659888,0.1149456214466476,0.056831571310116,0.2018958754269036,0.6804123711340206,0.9095,0.980906383300014,0.4785424531314109,0.8970552753724252,0,,ok,,2026-07-20T22:35:19.433604+00:00,False,20000
adult,gaussian_copula,fixed,0.2,8,0,2000,9.4219,39.26,True,0.0252159915202022,1.0712073639271764,0.0431312777834708,0.0248147802653399,0.1059749913431075,0.9072164948453608,0.8975,0.9626804977510436,0.6685310161873016,0.8970552753724252,0,,ok,,2026-07-20T22:35:19.433604+00:00,False,20000
adult,gaussian_copula,fixed,0.2,8,1,2000,9.1308,39.45,False,0.0318363308650795,1.0288152725078457,0.0434508033378747,0.0303650497512437,0.1055261500564625,0.8865979381443299,0.89875,0.9733754746499498,0.6104794442500114,0.8970552753724252,0,,ok,,2026-07-20T22:35:19.433604+00:00,False,20000
adult,gaussian_copula,fixed,0.2,8,2,2000,8.8,40.02,False,0.0274527166969088,1.017367620472403,0.0398625284081907,0.0231158098396904,0.1158049122482162,0.8762886597938144,0.9025,0.9764082941128226,0.5474397150965695,0.8970552753724252,0,,ok,,2026-07-20T22:35:19.433604+00:00,False,20000
adult,gaussian_copula,fixed,0.2,8,3,2000,9.0201,39.65,False,0.047211448266012,1.0829330538401236,0.0580339736482024,0.0323839137645107,0.1278868099919625,0.8350515463917526,0.904,0.9722799769530528,0.5524943539759116,0.8970552753724252,0,,ok,,2026-07-20T22:35:19.433604+00:00,False,20000
adult,gaussian_copula,fixed,0.2,8,4,2000,8.9688,39.65,False,0.0462722489507233,1.0441718991246238,0.0631640406531901,0.0361397871752349,0.1236952867081605,0.8041237113402062,0.89375,0.9773406526248246,0.5641099593596413,0.8970552753724252,0,,ok,,2026-07-20T22:35:19.433604+00:00,False,20000
adult,gaussian_copula,fixed,0.2,8,5,2000,9.216,39.65,False,0.0399381785519526,1.083305516822407,0.0665456814966675,0.0417075041459369,0.1540604530069288,0.8041237113402062,0.89475,0.9725681301692396,0.5962781021071802,0.8970552753724252,0,,ok,,2026-07-20T22:35:19.433604+00:00,False,20000
adult,gaussian_copula,fixed,0.2,8,6,2000,9.1139,39.65,False,0.054700676774049,1.075478117594868,0.0707741591340194,0.0386802791597567,0.1243493353878019,0.8041237113402062,0.88825,0.9723239341110316,0.5665826969604504,0.8970552753724252,0,,ok,,2026-07-20T22:35:19.433604+00:00,False,20000
adult,gaussian_copula,fixed,0.2,8,7,2000,8.9141,39.65,False,0.04476737280237,0.967144545488579,0.0599517388292647,0.0394321793808734,0.133697917607921,0.7628865979381443,0.8865,0.9712731428226754,0.5262974643998561,0.8970552753724252,0,,ok,,2026-07-20T22:35:19.433604+00:00,False,20000
adult,gaussian_copula,fixed,0.2,8,8,2000,8.7976,39.65,False,0.0599256093967785,1.1203714115012984,0.0767681895693844,0.03570909342178,0.1312117166457296,0.7938144329896907,0.8905,0.9727205182835688,0.5089218195310014,0.8970552753724252,0,,ok,,2026-07-20T22:35:19.433604+00:00,False,20000
adult,gaussian_copula,fixed,0.2,8,9,2000,9.4228,39.65,False,0.0552508855071279,1.181268117349193,0.0804365998998724,0.0446894693200663,0.1469139103474926,0.7938144329896907,0.8915,0.9726593103626476,0.5392542094890969,0.8970552753724252,0,,ok,,2026-07-20T22:35:19.433604+00:00,False,20000
adult,gaussian_copula,fixed,0.2,8,10,2000,8.485,39.65,False,0.0539611808245468,1.146556797374456,0.080514140184651,0.0440631564400221,0.1738372400525232,0.7731958762886598,0.886,0.9732215002844306,0.5258549089496252,0.8970552753724252,0,,ok,,2026-07-20T22:35:19.433604+00:00,False,20000
adult,gaussian_copula,fixed,0.2,8,11,2000,9.1783,39.65,False,0.044605872410746,0.9970646919319432,0.0751660006859595,0.0519994126589275,0.1548881287359555,0.7628865979381443,0.87725,0.968600939567855,0.5589892321997313,0.8970552753724252,0,,ok,,2026-07-20T22:35:19.433604+00:00,False,20000
adult,gaussian_copula,fixed,0.1,8,7,2000,9.5235,39.65,False,0.0435617510934693,1.109086639433515,0.0731358180001458,0.0467830983969043,0.1395601818371679,0.7525773195876289,0.919,0.9804054901742192,0.4374257080526603,0.8970552753724252,0,,ok,,2026-07-20T22:35:19.433604+00:00,False,20000
adult,gaussian_copula,fixed,0.1,8,6,2000,8.888,39.65,False,0.0655936824001647,1.2568064531564602,0.0856756844174934,0.0397495854063018,0.1457349152865954,0.7628865979381443,0.91,0.9759727910985866,0.478052757330259,0.8970552753724252,0,,ok,,2026-07-20T22:35:19.433604+00:00,False,20000
adult,gaussian_copula,fixed,0.1,8,5,2000,8.9029,39.65,False,0.0364365008763324,1.1789697989077783,0.0630198071219117,0.0338712686567164,0.1314460906084939,0.7628865979381443,0.897,0.981753587685629,0.4557117714373533,0.8970552753724252,0,,ok,,2026-07-20T22:35:19.433604+00:00,False,20000
adult,gaussian_copula,fixed,0.1,8,4,2000,8.7486,39.65,False,0.0160044384550234,1.120463556413898,0.051612348237775,0.0283698866777225,0.1626160435679342,0.7628865979381443,0.90175,0.978741784926024,0.5399981288099927,0.8970552753724252,0,,ok,,2026-07-20T22:35:19.433604+00:00,False,20000
adult,gaussian_copula,fixed,0.02,8,12,2000,9.1104,39.65,False,0.069090768234879,1.0051054055778,0.0908461576960888,0.0552531094527363,0.1742781344720113,0.7422680412371134,0.877,0.9830504200335776,0.4611426152312768,0.8970552753724252,0,,ok,,2026-07-20T22:35:19.433604+00:00,False,20000
adult,gaussian_copula,fixed,0.05,8,0,2000,9.4219,39.26,True,0.0252159915202022,1.0712073639271764,0.0431312777834708,0.0248147802653399,0.1059749913431075,0.9072164948453608,0.8975,0.9626804977510436,0.6685310161873016,0.8970552753724252,0,,ok,,2026-07-20T22:35:19.433604+00:00,False,20000
adult,gaussian_copula,fixed,0.05,8,1,2000,8.7323,39.45,False,0.0402218467167685,1.2314468461305708,0.0493028161944625,0.0255559355997788,0.116448783933085,0.8350515463917526,0.9145,0.9769148926803982,0.5976271750289103,0.8970552753724252,0,,ok,,2026-07-20T22:35:19.433604+00:00,False,20000
adult,gaussian_copula,fixed,0.05,8,2,2000,8.5567,40.02,False,0.0359032394230112,1.0645950244998008,0.049014710799346,0.0356007462686567,0.1372551007034979,0.7938144329896907,0.90775,0.9756586942379354,0.485524830770074,0.8970552753724252,0,,ok,,2026-07-20T22:35:19.433604+00:00,False,20000
adult,gaussian_copula,fixed,0.05,8,3,2000,9.3319,39.65,False,0.0431975481607449,1.2513451841127088,0.0580726824588812,0.0453786967938087,0.1698116396053921,0.7628865979381443,0.88825,0.9745742811743544,0.4471901531609015,0.8970552753724252,0,,ok,,2026-07-20T22:35:19.433604+00:00,False,20000
adult,gaussian_copula,fixed,0.05,8,4,2000,9.2798,39.65,False,0.0595243180144076,1.2330426843540343,0.068157125137138,0.0498096669430624,0.1549271846581461,0.7628865979381443,0.90075,0.9784782017282708,0.5146937916223401,0.8970552753724252,0,,ok,,2026-07-20T22:35:19.433604+00:00,False,20000
adult,gaussian_copula,fixed,0.05,8,5,2000,9.3968,39.65,False,0.0610144809034383,1.320569761880092,0.0755684868186864,0.0531221669430624,0.1001812191286421,0.7319587628865979,0.893,0.9729102519259164,0.4629193278454709,0.8970552753724252,0,,ok,,2026-07-20T22:35:19.433604+00:00,False,20000
adult,gaussian_copula,fixed,0.05,8,6,2000,9.0779,39.65,False,0.0488117381053859,1.114426521266549,0.0608435264937973,0.0534923300165837,0.1686337326111431,0.7422680412371134,0.8895,0.9778823607812412,0.4664610171589566,0.8970552753724252,0,,ok,,2026-07-20T22:35:19.433604+00:00,False,20000
adult,gaussian_copula,fresh,0.35,7,8,2000,8.8464,39.65,False,0.0417477789990081,1.0440806369035,0.0533154954058854,0.0322230859590934,0.1244852872100624,0.8762886597938144,0.89575,0.9630208285063766,0.5918639557009207,0.8946581327988924,0,,ok,,2026-07-20T22:35:19.433604+00:00,False,20000
adult,gaussian_copula,fixed,0.05,8,7,2000,9.0907,39.65,False,0.0395042265222649,1.0853976687854994,0.0581384605588637,0.0596441404090657,0.1249193292840507,0.711340206185567,0.87875,0.9803409162507724,0.443932912265316,0.8970552753724252,0,,ok,,2026-07-20T22:35:19.433604+00:00,False,20000
adult,gaussian_copula,fixed,0.05,8,9,2000,9.2111,39.65,False,0.03010205339867,0.9831281301811072,0.0590115789750584,0.057635226644555,0.1416787089130291,0.6907216494845361,0.87575,0.9805630105423988,0.5006620301716603,0.8970552753724252,0,,ok,,2026-07-20T22:35:19.433604+00:00,False,20000
adult,gaussian_copula,fixed,0.05,8,10,2000,9.3097,39.65,False,0.0283338682339392,1.0102326338767746,0.0615519906726645,0.0560605997788833,0.1606797523836304,0.6804123711340206,0.88075,0.98023489504623,0.4716331790967489,0.8970552753724252,0,,ok,,2026-07-20T22:35:19.433604+00:00,False,20000
adult,gaussian_copula,fixed,0.05,8,11,2000,9.161,39.65,False,0.0356695513987679,1.009650218360491,0.0591197594662701,0.0653464966832504,0.1450042895491478,0.6804123711340206,0.87675,0.9796347037209364,0.5074613537633539,0.8970552753724252,0,,ok,,2026-07-20T22:35:19.433604+00:00,False,20000
adult,gaussian_copula,fixed,0.05,8,12,2000,8.8586,39.65,False,0.0378975361367057,1.1428881943775306,0.0641454087489992,0.0591687396351575,0.1621381297392255,0.6804123711340206,0.8825,0.9787216676609312,0.4521591985379803,0.8970552753724252,0,,ok,,2026-07-20T22:35:19.433604+00:00,False,20000
adult,gaussian_copula,fixed,0.1,8,0,2000,9.4219,39.26,True,0.0252159915202022,1.0712073639271764,0.0431312777834708,0.0248147802653399,0.1059749913431075,0.9072164948453608,0.8975,0.9626804977510436,0.6685310161873016,0.8970552753724252,0,,ok,,2026-07-20T22:35:19.433604+00:00,False,20000
adult,gaussian_copula,fixed,0.1,8,1,2000,9.0104,39.45,False,0.0234225101523608,1.0009747941987506,0.0367969686865019,0.0226625207296849,0.1159774464145761,0.8556701030927835,0.894,0.9739497110807708,0.5291005122759638,0.8970552753724252,0,,ok,,2026-07-20T22:35:19.433604+00:00,False,20000
adult,gaussian_copula,fixed,0.1,8,2,2000,8.8989,40.02,False,0.0584489516293702,1.332396958173373,0.0685697079528019,0.0265998134328358,0.1282270645016572,0.7835051546391752,0.90275,0.9767304971670554,0.5124539693158932,0.8970552753724252,0,,ok,,2026-07-20T22:35:19.433604+00:00,False,20000
adult,gaussian_copula,fixed,0.1,8,3,2000,8.9492,39.65,False,0.045152137932143,1.1638927023798116,0.0575931342029137,0.033439987562189,0.1599959813874848,0.7938144329896907,0.898,0.9804416398263402,0.5368513628675391,0.8970552753724252,0,,ok,,2026-07-20T22:35:19.433604+00:00,False,20000
adult,gaussian_copula,fixed,0.05,8,8,2000,9.1684,39.65,False,0.0402145704670598,1.0456254410034187,0.0606203594922298,0.0564730168601437,0.1267050790872081,0.7010309278350515,0.88425,0.977958084588053,0.4291805066322343,0.8970552753724252,0,,ok,,2026-07-20T22:35:19.433604+00:00,False,20000
adult,gaussian_copula,fixed,0.2,8,12,2000,9.4,39.65,False,0.0535344580885034,0.9371555411304836,0.079069566773693,0.0446899530127142,0.1182966604992682,0.7731958762886598,0.8805,0.9727625291900877,0.5073953966103268,0.8970552753724252,0,,ok,,2026-07-20T22:35:19.433604+00:00,False,20000
adult,gaussian_copula,fresh,0.35,7,7,2000,8.9581,39.65,False,0.0481841988018455,0.9181751252242129,0.0537909345154298,0.028221807628524,0.1113712505920874,0.865979381443299,0.89575,0.9706296895899246,0.6158067956323514,0.8946581327988924,0,,ok,,2026-07-20T22:35:19.433604+00:00,False,20000
adult,gaussian_copula,fresh,0.35,7,5,2000,8.6616,39.65,False,0.0278184586711004,1.0773096298522475,0.0434651004689434,0.0283333333333333,0.1594751137352281,0.865979381443299,0.8965,0.9754601462139748,0.5077142987895747,0.8946581327988924,0,,ok,,2026-07-20T22:35:19.433604+00:00,False,20000
adult,gaussian_copula,fresh,0.01,7,10,2000,9.4619,39.65,False,0.0602904623846057,0.9655374785501808,0.0794685823812174,0.0564498341625207,0.1663547655723408,0.7216494845360825,0.87275,0.9824846109840794,0.3827088078238034,0.8946581327988924,0,,ok,,2026-07-20T22:35:19.433604+00:00,False,20000
adult,gaussian_copula,fresh,0.01,7,11,2000,8.9818,39.65,False,0.0789255828131401,0.820404033282041,0.1016004362075596,0.0617316196793808,0.1796819444428788,0.6804123711340206,0.87075,0.985638765725484,0.36141910420745,0.8946581327988924,0,,ok,,2026-07-20T22:35:19.433604+00:00,False,20000
adult,gaussian_copula,fresh,0.01,7,12,2000,8.8722,39.65,False,0.0657838368383772,0.7931260820099567,0.0848150329788627,0.057644071310116,0.1948060099463936,0.6804123711340206,0.873,0.9872942258424928,0.4104876200521809,0.8946581327988924,0,,ok,,2026-07-20T22:35:19.433604+00:00,False,20000
adult,gaussian_copula,fresh,0.02,7,0,2000,10.1831,39.26,True,0.0279677576100319,1.004395859020297,0.0366396307155591,0.0263370992260917,0.0823961117294955,0.9278350515463918,0.897,0.9710826599297656,0.6695634816617478,0.8946581327988924,0,,ok,,2026-07-20T22:35:19.433604+00:00,False,20000
adult,gaussian_copula,fresh,0.02,7,1,2000,9.0466,39.45,False,0.0353503907720131,1.0023936333560692,0.0518643846245298,0.0244774737423991,0.133448255274135,0.8865979381443299,0.8875,0.974349331630586,0.5922057068541546,0.8946581327988924,0,,ok,,2026-07-20T22:35:19.433604+00:00,False,20000
adult,gaussian_copula,fresh,0.02,7,2,2000,9.0973,40.02,False,0.0456866541891816,1.0219307044377997,0.0667398168677141,0.0307300304035378,0.1275253805210384,0.865979381443299,0.8905,0.9755748704250464,0.4899832982851271,0.8946581327988924,0,,ok,,2026-07-20T22:35:19.433604+00:00,False,20000
adult,gaussian_copula,fresh,0.02,7,3,2000,9.4723,39.65,False,0.0412934171804882,1.168808795422081,0.0726854526786225,0.0325185876174682,0.1391987100061023,0.8350515463917526,0.89525,0.9785033747471568,0.4189893069424296,0.8946581327988924,0,,ok,,2026-07-20T22:35:19.433604+00:00,False,20000
adult,gaussian_copula,fresh,0.02,7,4,2000,9.1715,39.65,False,0.0477766727557433,0.8884111481641631,0.0749762294598726,0.0311536069651741,0.1418710888105844,0.8041237113402062,0.895,0.9802234065376108,0.3393175244221766,0.8946581327988924,0,,ok,,2026-07-20T22:35:19.433604+00:00,False,20000
adult,gaussian_copula,fresh,0.02,7,5,2000,8.999,39.65,False,0.0265090582264004,0.8994117160252161,0.0536616782572007,0.0378889579878386,0.1518608415037308,0.7938144329896907,0.90175,0.977348619880802,0.4453441068595046,0.8946581327988924,0,,ok,,2026-07-20T22:35:19.433604+00:00,False,20000
adult,gaussian_copula,fresh,0.02,7,6,2000,9.4525,39.65,False,0.0634562564658741,0.9611384954774012,0.0845943932908699,0.0346845978441127,0.1324836525667679,0.7731958762886598,0.8855,0.9803581523887036,0.4182332255421239,0.8946581327988924,0,,ok,,2026-07-20T22:35:19.433604+00:00,False,20000
adult,gaussian_copula,fresh,0.02,7,7,2000,9.0136,39.65,False,0.0574208597887594,0.946468731025736,0.0848731568612792,0.0387291666666666,0.1356708543688964,0.7010309278350515,0.9035,0.9797865068348268,0.460845611351344,0.8946581327988924,0,,ok,,2026-07-20T22:35:19.433604+00:00,False,20000
adult,gaussian_copula,fresh,0.02,7,8,2000,8.8714,39.65,False,0.080653285620206,0.955065849901608,0.1023528588437071,0.0446992813709231,0.1638607644162068,0.7319587628865979,0.89075,0.9830330837705712,0.4296762998640339,0.8946581327988924,0,,ok,,2026-07-20T22:35:19.433604+00:00,False,20000
adult,gaussian_copula,fresh,0.02,7,9,2000,9.391,39.65,False,0.0719404058072028,1.09829948496326,0.1050070886093331,0.0494085129906025,0.2006869719558363,0.7525773195876289,0.89,0.982919629685452,0.4160665724034484,0.8946581327988924,0,,ok,,2026-07-20T22:35:19.433604+00:00,False,20000
adult,gaussian_copula,fresh,0.02,7,10,2000,8.8876,39.65,False,0.0987107026058854,1.095829761567748,0.1217071574545656,0.0413789731896075,0.1737086137326336,0.7319587628865979,0.8815,0.9802492106819702,0.4193034557483232,0.8946581327988924,0,,ok,,2026-07-20T22:35:19.433604+00:00,False,20000
adult,gaussian_copula,fresh,0.02,7,11,2000,9.0922,39.65,False,0.0902653039989015,1.0238042110634489,0.1137413796937227,0.0548559977888336,0.1778715028494221,0.7319587628865979,0.88,0.9824358770725168,0.466665248303767,0.8946581327988924,0,,ok,,2026-07-20T22:35:19.433604+00:00,False,20000
adult,gaussian_copula,fresh,0.02,7,12,2000,9.714,39.65,False,0.0990441888288382,1.1111313135240246,0.118676505806047,0.0525178620784964,0.1582127731311577,0.711340206185567,0.897,0.9870870085620282,0.327154691028765,0.8946581327988924,0,,ok,,2026-07-20T22:35:19.433604+00:00,False,20000
adult,gaussian_copula,fresh,0.05,7,0,2000,10.1831,39.26,True,0.0279677576100319,1.004395859020297,0.0366396307155591,0.0263370992260917,0.0823961117294955,0.9278350515463918,0.897,0.9710826599297656,0.6695634816617478,0.8946581327988924,0,,ok,,2026-07-20T22:35:19.433604+00:00,False,20000
adult,gaussian_copula,fresh,0.01,7,9,2000,9.2832,39.65,False,0.0608785656228901,0.9044594459774306,0.0913531026337161,0.0562341763405196,0.1934091746514668,0.7525773195876289,0.87975,0.9826466291056336,0.4192325813125158,0.8946581327988924,0,,ok,,2026-07-20T22:35:19.433604+00:00,False,20000
adult,gaussian_copula,fresh,0.05,7,1,2000,10.2329,39.45,False,0.03201441901002,0.9089290160764996,0.0531968512690469,0.0374127625760088,0.1317087793045267,0.8556701030927835,0.8985,0.9717051521467904,0.5643714276760148,0.8946581327988924,0,,ok,,2026-07-20T22:35:19.433604+00:00,False,20000
adult,gaussian_copula,fresh,0.01,7,8,2000,9.3998,39.65,False,0.0484451847367633,0.8320797598418584,0.080103050989677,0.0493549267551133,0.1785260334499549,0.7525773195876289,0.87375,0.9798618104538231,0.4419922246613401,0.8946581327988924,0,,ok,,2026-07-20T22:35:19.433604+00:00,False,20000
adult,gaussian_copula,fresh,0.01,7,6,2000,9.1533,39.65,False,0.0438864947843335,0.7987467737842587,0.0773161844431,0.0423994955776672,0.1620554874161343,0.7938144329896907,0.8785,0.9837402182385988,0.4450197301054278,0.8946581327988924,0,,ok,,2026-07-20T22:35:19.433604+00:00,False,20000
adult,gaussian_copula,fresh,0.0,7,2,2000,8.8355,40.02,False,0.0261419246068164,0.9663209995151658,0.0444420702452657,0.0380600815367606,0.1552256575614665,0.865979381443299,0.89175,0.972572254422334,0.4447005001073278,0.8946581327988924,0,,ok,,2026-07-20T22:35:19.433604+00:00,False,20000
adult,gaussian_copula,fresh,0.0,7,3,2000,8.8854,39.65,False,0.0288246595915577,0.8551343871010979,0.054826373555512,0.0429059908789386,0.1585413776667359,0.845360824742268,0.885,0.9793821556564622,0.4392842770342045,0.8946581327988924,0,,ok,,2026-07-20T22:35:19.433604+00:00,False,20000
adult,gaussian_copula,fresh,0.0,7,4,2000,9.4965,39.65,False,0.0324898974622245,0.8758697068510611,0.0594199094799919,0.0426930970149253,0.1657839847259164,0.8041237113402062,0.8875,0.9795217468861906,0.4145172677269028,0.8946581327988924,0,,ok,,2026-07-20T22:35:19.433604+00:00,False,20000
adult,gaussian_copula,fresh,0.0,7,5,2000,9.1841,39.65,False,0.0164389475790227,0.8477024367513355,0.0576951160725549,0.0502399115533443,0.1381751329559797,0.7835051546391752,0.87625,0.9782512193079772,0.4183828420661871,0.8946581327988924,0,,ok,,2026-07-20T22:35:19.433604+00:00,False,20000
adult,gaussian_copula,fresh,0.0,7,6,2000,9.3416,39.65,False,0.0401092515597395,0.7822146513939453,0.0646264701878708,0.0545139234383637,0.1572566295603893,0.7628865979381443,0.878,0.9800079272509472,0.3745586083066937,0.8946581327988924,0,,ok,,2026-07-20T22:35:19.433604+00:00,False,20000
adult,gaussian_copula,fresh,0.0,7,7,2000,9.2072,39.65,False,0.0377476644323504,0.8443781521158492,0.0670629070886961,0.0585466763405196,0.1646991177566198,0.7628865979381443,0.87175,0.9811543289860354,0.3782889573695186,0.8946581327988924,0,,ok,,2026-07-20T22:35:19.433604+00:00,False,20000
adult,gaussian_copula,fresh,0.0,7,8,2000,9.0112,39.65,False,0.032082596558683,0.824936742809648,0.0682121522247029,0.0501800373134328,0.1359115687125799,0.7525773195876289,0.88225,0.9794915698635503,0.4088816682780056,0.8946581327988924,0,,ok,,2026-07-20T22:35:19.433604+00:00,False,20000
adult,gaussian_copula,fresh,0.0,7,9,2000,8.9022,39.65,False,0.0414068582704764,0.9603127775613814,0.0725955909042588,0.0608735834715312,0.2017459066296834,0.7319587628865979,0.8735,0.9830930811905844,0.3671545900605586,0.8946581327988924,0,,ok,,2026-07-20T22:35:19.433604+00:00,False,20000
adult,gaussian_copula,fresh,0.0,7,10,2000,9.5375,39.65,False,0.0268511493668578,0.8513562761742778,0.0710006627983032,0.0675640547263681,0.1844202573271569,0.7010309278350515,0.8725,0.9825449627793584,0.3639339337488591,0.8946581327988924,0,,ok,,2026-07-20T22:35:19.433604+00:00,False,20000
adult,gaussian_copula,fresh,0.0,7,11,2000,9.0927,39.65,False,0.0319442476239053,0.8371379021649384,0.0694251307884087,0.0644239566058595,0.1977086701677949,0.711340206185567,0.8575,0.9839909477392084,0.3502958499575737,0.8946581327988924,0,,ok,,2026-07-20T22:35:19.433604+00:00,False,20000
adult,gaussian_copula,fresh,0.0,7,12,2000,9.2344,39.65,False,0.0248532084600455,0.8406014392721047,0.0783278616573582,0.066935668877833,0.1612600199878227,0.7010309278350515,0.8585,0.9860100441290356,0.3565424054009861,0.8946581327988924,0,,ok,,2026-07-20T22:35:19.433604+00:00,False,20000
adult,gaussian_copula,fresh,0.01,7,0,2000,10.1831,39.26,True,0.0279677576100319,1.004395859020297,0.0366396307155591,0.0263370992260917,0.0823961117294955,0.9278350515463918,0.897,0.9710826599297656,0.6695634816617478,0.8946581327988924,0,,ok,,2026-07-20T22:35:19.433604+00:00,False,20000
adult,gaussian_copula,fresh,0.01,7,1,2000,9.0972,39.45,False,0.037203073894169,0.9221001053118196,0.0581694412401484,0.0292628178551686,0.1565820634425383,0.845360824742268,0.88975,0.969506476372234,0.4924766556917286,0.8946581327988924,0,,ok,,2026-07-20T22:35:19.433604+00:00,False,20000
adult,gaussian_copula,fresh,0.01,7,2,2000,9.1917,40.02,False,0.0434340166722232,0.9663415101362834,0.0588050456670646,0.0304118988391376,0.1523991303055702,0.865979381443299,0.888,0.9757114331525027,0.5116614016773573,0.8946581327988924,0,,ok,,2026-07-20T22:35:19.433604+00:00,False,20000
adult,gaussian_copula,fresh,0.01,7,3,2000,8.5879,39.65,False,0.0244103768835178,0.8126316448749592,0.0524887276157586,0.0307227750138198,0.1790515020879988,0.845360824742268,0.888,0.9801618228664076,0.4529448164168534,0.8946581327988924,0,,ok,,2026-07-20T22:35:19.433604+00:00,False,20000
adult,gaussian_copula,fresh,0.01,7,4,2000,9.6642,39.65,False,0.021883822431447,0.8276430462858406,0.0589245186650159,0.0422393242122719,0.1647221024334696,0.8247422680412371,0.8925,0.978176863502192,0.4159895677551083,0.8946581327988924,0,,ok,,2026-07-20T22:35:19.433604+00:00,False,20000
adult,gaussian_copula,fresh,0.01,7,5,2000,9.0721,39.65,False,0.0283665880530025,0.8919947535401667,0.0606725030100279,0.0425483692647871,0.1443101535809172,0.8144329896907216,0.8795,0.9796825207568112,0.4013131177500402,0.8946581327988924,0,,ok,,2026-07-20T22:35:19.433604+00:00,False,20000
adult,gaussian_copula,fresh,0.01,7,7,2000,9.2163,39.65,False,0.0377403862198168,0.8977224801842887,0.0710179834703272,0.0472874516307352,0.1821227434958904,0.7835051546391752,0.86525,0.9863791951559912,0.3322002165440209,0.8946581327988924,0,,ok,,2026-07-20T22:35:19.433604+00:00,False,20000
adult,gaussian_copula,fresh,0.05,7,2,2000,10.399,40.02,False,0.0446042887176537,1.0150504131163396,0.0520794722886692,0.0272101990049751,0.1684623027279899,0.7835051546391752,0.89225,0.9770261102638392,0.5184056517019109,0.8946581327988924,0,,ok,,2026-07-20T22:35:19.433604+00:00,False,20000
adult,gaussian_copula,fresh,0.05,7,3,2000,10.0047,39.65,False,0.0215425212177754,0.9639440813066348,0.0442283747611995,0.0312868297401879,0.1253951525633623,0.8041237113402062,0.90175,0.9756856655706706,0.5840337729471557,0.8946581327988924,0,,ok,,2026-07-20T22:35:19.433604+00:00,False,20000
adult,gaussian_copula,fresh,0.05,7,4,2000,9.5554,39.65,False,0.0382001598341058,0.8415096979684543,0.0545949850072082,0.0379144209508015,0.1688310682828822,0.7835051546391752,0.88475,0.973203156020668,0.4933906474330538,0.8946581327988924,0,,ok,,2026-07-20T22:35:19.433604+00:00,False,20000
adult,gaussian_copula,fresh,0.2,7,1,2000,8.8606,39.45,False,0.0091636010904355,0.911347354755132,0.0376870086292084,0.0282396351575456,0.1235952842371402,0.9072164948453608,0.90175,0.96747894697608,0.6457333130697575,0.8946581327988924,0,,ok,,2026-07-20T22:35:19.433604+00:00,False,20000
adult,gaussian_copula,fresh,0.2,7,2,2000,9.1738,40.02,False,0.0210592432349447,0.9287440195704632,0.0389949038961284,0.0343756909894969,0.1225654826051765,0.8556701030927835,0.9005,0.9772684793206766,0.5556875062859266,0.8946581327988924,0,,ok,,2026-07-20T22:35:19.433604+00:00,False,20000
adult,gaussian_copula,fresh,0.2,7,3,2000,8.898,39.65,False,0.0322046482075918,0.968107181042317,0.0461654425142926,0.0332438156440022,0.1415254322845541,0.8865979381443299,0.90275,0.978758071563243,0.4666615439507391,0.8946581327988924,0,,ok,,2026-07-20T22:35:19.433604+00:00,False,20000
adult,gaussian_copula,fresh,0.2,7,4,2000,9.5152,39.65,False,0.0339959400742772,0.9480192173342512,0.0515407520394262,0.0367223949695964,0.1235150540680252,0.8144329896907216,0.88725,0.9717149700291562,0.6031533485450022,0.8946581327988924,0,,ok,,2026-07-20T22:35:19.433604+00:00,False,20000
adult,gaussian_copula,fresh,0.2,7,5,2000,9.2577,39.65,False,0.0383738884750868,0.983725843654275,0.0547290742062059,0.0299733278054173,0.1612461892468215,0.8556701030927835,0.89075,0.9706787610017404,0.5841461820315144,0.8946581327988924,0,,ok,,2026-07-20T22:35:19.433604+00:00,False,20000
adult,gaussian_copula,fresh,0.2,7,6,2000,8.385,39.65,False,0.0298239889373616,0.9228690517428424,0.0461126171489509,0.0449913971807628,0.1500047704429896,0.8144329896907216,0.9035,0.9693610936381604,0.5592030028731355,0.8946581327988924,0,,ok,,2026-07-20T22:35:19.433604+00:00,False,20000
adult,gaussian_copula,fresh,0.2,7,7,2000,8.9123,39.65,False,0.0417064350214329,0.8496507812774664,0.0496142917514218,0.0355041113875069,0.1548590378462718,0.8350515463917526,0.8955,0.9692129270894986,0.572219804376067,0.8946581327988924,0,,ok,,2026-07-20T22:35:19.433604+00:00,False,20000
adult,gaussian_copula,fresh,0.2,7,8,2000,9.0581,39.65,False,0.0262068412430176,0.833919890922798,0.0493288605279726,0.0380378316749585,0.1273080349196436,0.8041237113402062,0.89725,0.971275209449226,0.5913106958243615,0.8946581327988924,0,,ok,,2026-07-20T22:35:19.433604+00:00,False,20000
adult,gaussian_copula,fresh,0.2,7,9,2000,9.1271,39.65,False,0.0307504482778456,0.9385944759336567,0.0518945526751651,0.031035896904367,0.1213679372179179,0.8144329896907216,0.89075,0.9711586042367428,0.5425939951716217,0.8946581327988924,0,,ok,,2026-07-20T22:35:19.433604+00:00,False,20000
adult,gaussian_copula,fresh,0.2,7,10,2000,9.3316,39.65,False,0.0288700992871922,0.9581240277130766,0.0517869034169694,0.033644071310116,0.1554994362548584,0.8556701030927835,0.898,0.977923489687098,0.5231536160451855,0.8946581327988924,0,,ok,,2026-07-20T22:35:19.433604+00:00,False,20000
adult,gaussian_copula,fresh,0.2,7,11,2000,8.9941,39.65,False,0.0305651451348537,0.8003292603036546,0.0559377217569254,0.0388981481481481,0.1604271285994734,0.865979381443299,0.894,0.968517296880102,0.5607837453775903,0.8946581327988924,0,,ok,,2026-07-20T22:35:19.433604+00:00,False,20000
adult,gaussian_copula,fresh,0.2,7,12,2000,8.8403,39.65,False,0.0285487667941941,0.835062707294731,0.0521834424769377,0.0302623341625207,0.1173272595323785,0.865979381443299,0.9035,0.9747246454121652,0.5599930463065108,0.8946581327988924,0,,ok,,2026-07-20T22:35:19.433604+00:00,False,20000
adult,gaussian_copula,fresh,0.35,7,0,2000,10.1831,39.26,True,0.0279677576100319,1.004395859020297,0.0366396307155591,0.0263370992260917,0.0823961117294955,0.9278350515463918,0.897,0.9710826599297656,0.6695634816617478,0.8946581327988924,0,,ok,,2026-07-20T22:35:19.433604+00:00,False,20000
adult,gaussian_copula,fresh,0.35,7,1,2000,8.8613,39.45,False,0.0305103328091352,1.1439190059028543,0.0479396691138949,0.0282010088446655,0.0920878876850152,0.8969072164948454,0.88175,0.971306571097755,0.6389951276939663,0.8946581327988924,0,,ok,,2026-07-20T22:35:19.433604+00:00,False,20000
adult,gaussian_copula,fresh,0.35,7,2,2000,8.8771,40.02,False,0.0321815429553742,0.957824642251549,0.0475202278231461,0.0281453496406854,0.1030902745358921,0.8865979381443299,0.88825,0.9716372549708504,0.5775821012480326,0.8946581327988924,0,,ok,,2026-07-20T22:35:19.433604+00:00,False,20000
adult,gaussian_copula,fresh,0.35,7,3,2000,9.7981,39.65,False,0.0250569634568223,1.185979571783634,0.04248078239713,0.0296319789939193,0.1207716634151037,0.845360824742268,0.8965,0.9680976541277648,0.5758118138833381,0.8946581327988924,0,,ok,,2026-07-20T22:35:19.433604+00:00,False,20000
adult,gaussian_copula,fresh,0.35,7,4,2000,9.0669,39.65,False,0.0436143692991126,1.1067460840695418,0.0568565861559962,0.028109763681592,0.108126487517581,0.865979381443299,0.90375,0.9677758875738596,0.5969177750331327,0.8946581327988924,0,,ok,,2026-07-20T22:35:19.433604+00:00,False,20000
adult,gaussian_copula,fresh,0.2,7,0,2000,10.1831,39.26,True,0.0279677576100319,1.004395859020297,0.0366396307155591,0.0263370992260917,0.0823961117294955,0.9278350515463918,0.897,0.9710826599297656,0.6695634816617478,0.8946581327988924,0,,ok,,2026-07-20T22:35:19.433604+00:00,False,20000
adult,gaussian_copula,fresh,0.1,7,12,2000,9.4552,39.65,False,0.0506407455024853,0.8762210513593777,0.0827503022756486,0.0470356550580431,0.16871164660364,0.7628865979381443,0.887,0.98098279223234,0.436297486691538,0.8946581327988924,0,,ok,,2026-07-20T22:35:19.433604+00:00,False,20000
adult,gaussian_copula,fresh,0.1,7,11,2000,10.0446,39.65,False,0.0826551086116965,0.9933285916104976,0.0940858086301087,0.0457753247650635,0.1628468382269427,0.7938144329896907,0.89175,0.97959230918913,0.50114730041831,0.8946581327988924,0,,ok,,2026-07-20T22:35:19.433604+00:00,False,20000
adult,gaussian_copula,fresh,0.1,7,10,2000,9.2956,39.65,False,0.0484106709002511,0.9193876038984335,0.0717670517165852,0.0452328634604754,0.163012149246992,0.7938144329896907,0.88375,0.9718466356279384,0.5031065753511956,0.8946581327988924,0,,ok,,2026-07-20T22:35:19.433604+00:00,False,20000
adult,gaussian_copula,fresh,0.05,7,5,2000,9.8911,39.65,False,0.030342650043904,0.959388955031508,0.055794740736134,0.0304073728579325,0.1563781455966358,0.7731958762886598,0.90175,0.9777945769653816,0.4997666913230152,0.8946581327988924,0,,ok,,2026-07-20T22:35:19.433604+00:00,False,20000
adult,gaussian_copula,fresh,0.05,7,6,2000,9.1163,39.65,False,0.0384965388069124,0.8488278895646096,0.062984344104225,0.0345740395245992,0.1593848113698625,0.7628865979381443,0.896,0.9742020825201124,0.5161853673990445,0.8946581327988924,0,,ok,,2026-07-20T22:35:19.433604+00:00,False,20000
adult,gaussian_copula,fresh,0.05,7,7,2000,8.6879,39.65,False,0.0224692864404384,0.9285867807260734,0.0495392865491051,0.0316004698728579,0.1450446194253559,0.7835051546391752,0.88275,0.9778107781025364,0.4973246047848702,0.8946581327988924,0,,ok,,2026-07-20T22:35:19.433604+00:00,False,20000
adult,gaussian_copula,fresh,0.05,7,8,2000,9.3738,39.65,False,0.0297386814242368,0.7814315887421275,0.0626590062888514,0.0344616155334439,0.1431916804871131,0.7731958762886598,0.87525,0.9764101340517032,0.4933542267585941,0.8946581327988924,0,,ok,,2026-07-20T22:35:19.433604+00:00,False,20000
adult,gaussian_copula,fresh,0.05,7,9,2000,9.2796,39.65,False,0.04764613890161,0.8581896495876794,0.0706664838259531,0.0424349433388612,0.1549627504350448,0.8144329896907216,0.874,0.9767004461445096,0.4852218605870343,0.8946581327988924,0,,ok,,2026-07-20T22:35:19.433604+00:00,False,20000
adult,gaussian_copula,fresh,0.05,7,10,2000,9.0364,39.65,False,0.055020986102424,0.8699305408295395,0.076321982151603,0.0371031992813709,0.1326265203121931,0.7628865979381443,0.868,0.9804078088009586,0.4444886635651507,0.8946581327988924,0,,ok,,2026-07-20T22:35:19.433604+00:00,False,20000
adult,gaussian_copula,fresh,0.05,7,11,2000,9.1508,39.65,False,0.0448719469311195,0.903161403852654,0.0659961939034382,0.0446550925925925,0.1355861019858049,0.7938144329896907,0.884,0.9834568468384992,0.4502174291317927,0.8946581327988924,0,,ok,,2026-07-20T22:35:19.433604+00:00,False,20000
adult,gaussian_copula,fresh,0.05,7,12,2000,9.0152,39.65,False,0.049960844267337,1.0363570675438358,0.0804167208721652,0.038496821448314,0.1562921668208899,0.7731958762886598,0.87575,0.98039492191629,0.4465715589871341,0.8946581327988924,0,,ok,,2026-07-20T22:35:19.433604+00:00,False,20000
adult,gaussian_copula,fresh,0.35,7,6,2000,9.5907,39.65,False,0.0214104241616982,0.9177511114699572,0.0405106793123455,0.0251976229961304,0.1370913530778249,0.9175257731958762,0.9015,0.9683364777444424,0.6085597042706797,0.8946581327988924,0,,ok,,2026-07-20T22:35:19.433604+00:00,False,20000
adult,gaussian_copula,fresh,0.1,7,0,2000,10.1831,39.26,True,0.0279677576100319,1.004395859020297,0.0366396307155591,0.0263370992260917,0.0823961117294955,0.9278350515463918,0.897,0.9710826599297656,0.6695634816617478,0.8946581327988924,0,,ok,,2026-07-20T22:35:19.433604+00:00,False,20000
adult,gaussian_copula,fresh,0.1,7,2,2000,10.4989,40.02,False,0.0367893907732029,0.917572890177632,0.0551758356304874,0.0332021489773355,0.1434887760614364,0.845360824742268,0.90625,0.9776908316375464,0.5013956559806025,0.8946581327988924,0,,ok,,2026-07-20T22:35:19.433604+00:00,False,20000
adult,gaussian_copula,fresh,0.1,7,3,2000,9.2559,39.65,False,0.0262320559491209,0.8343105488658074,0.0520617085792141,0.0390437396351575,0.1273575460624592,0.8556701030927835,0.89675,0.97586096601469,0.506704124997066,0.8946581327988924,0,,ok,,2026-07-20T22:35:19.433604+00:00,False,20000
adult,gaussian_copula,fresh,0.1,7,4,2000,9.2514,39.65,False,0.0298256886855967,0.8266275682176416,0.0634905871012642,0.034206364013267,0.1452277313858345,0.8350515463917526,0.88175,0.9751637703666188,0.4508969648301512,0.8946581327988924,0,,ok,,2026-07-20T22:35:19.433604+00:00,False,20000
adult,gaussian_copula,fresh,0.1,7,5,2000,8.9548,39.65,False,0.0360043587029039,0.838094869138185,0.0566143566325228,0.0390176893311221,0.137459329038082,0.8762886597938144,0.89625,0.9769776958525164,0.5009453640054637,0.8946581327988924,0,,ok,,2026-07-20T22:35:19.433604+00:00,False,20000
adult,gaussian_copula,fresh,0.1,7,6,2000,8.6352,39.65,False,0.0398278668172505,0.9355950665376088,0.0573661160972271,0.0489582987838584,0.1661592053030954,0.8144329896907216,0.8955,0.9737344882943,0.507330750732708,0.8946581327988924,0,,ok,,2026-07-20T22:35:19.433604+00:00,False,20000
adult,gaussian_copula,fresh,0.1,7,7,2000,9.5113,39.65,False,0.0562222389437429,0.9931109321386636,0.0747139694331752,0.0448749309010503,0.1570016860957764,0.8041237113402062,0.89525,0.9736453218524028,0.4900747597448415,0.8946581327988924,0,,ok,,2026-07-20T22:35:19.433604+00:00,False,20000
adult,gaussian_copula,fresh,0.1,7,8,2000,9.1331,39.65,False,0.0555007769818248,0.9502143084439206,0.0705534489769078,0.0505039386401326,0.1633779531089693,0.8041237113402062,0.89725,0.9760595995387146,0.504055610927802,0.8946581327988924,0,,ok,,2026-07-20T22:35:19.433604+00:00,False,20000
adult,gaussian_copula,fresh,0.1,7,9,2000,9.2075,39.65,False,0.052026039853918,1.129546594874289,0.0717049947982126,0.0502315505804311,0.1560023687494817,0.7835051546391752,0.894,0.9761900962616198,0.5407081188797039,0.8946581327988924,0,,ok,,2026-07-20T22:35:19.433604+00:00,False,20000
adult,gaussian_copula,fresh,0.1,7,1,2000,9.115,39.45,False,0.045358588648318,0.950855935789006,0.0578258615538714,0.0266484936428966,0.121124373476972,0.865979381443299,0.8935,0.970242782674648,0.5480330016549607,0.8946581327988924,0,,ok,,2026-07-20T22:35:19.433604+00:00,False,20000
adult,gaussian_copula,fixed,0.35,8,0,2000,9.4219,39.26,True,0.0252159915202022,1.0712073639271764,0.0431312777834708,0.0248147802653399,0.1059749913431075,0.9072164948453608,0.8975,0.9626804977510436,0.6685310161873016,0.8970552753724252,0,,ok,,2026-07-20T22:35:19.433604+00:00,False,20000
adult,gaussian_copula,fixed,0.35,8,1,2000,8.9419,39.45,False,0.0352950492910414,1.202913707204975,0.0469883206819379,0.0278029988944168,0.1221710438952929,0.8762886597938144,0.9095,0.9699471206403272,0.6046736412531439,0.8970552753724252,0,,ok,,2026-07-20T22:35:19.433604+00:00,False,20000
adult,gaussian_copula,fixed,0.35,8,2,2000,8.8853,40.02,False,0.0506535603626151,1.2148864798125083,0.0552194488228668,0.0242113391376451,0.1186099782848014,0.8762886597938144,0.91125,0.9724865068580018,0.5884543118210298,0.8970552753724252,0,,ok,,2026-07-20T22:35:19.433604+00:00,False,20000
adult,gaussian_copula,fixed,0.0,9,6,2000,9.2809,39.65,False,0.0395576619377218,0.9794810513752428,0.0557063744240379,0.0495954256495301,0.1783493531208046,0.7216494845360825,0.88725,0.9819770961033164,0.4456116070427552,0.8955836965456941,0,,ok,,2026-07-20T22:35:19.433604+00:00,False,20000
adult,gaussian_copula,fixed,0.0,9,7,2000,8.9592,39.65,False,0.0630479852330621,1.0134277312693072,0.0847036397559953,0.0614058526810392,0.1496061197581326,0.7216494845360825,0.88275,0.9808412097511175,0.3163667954645082,0.8955836965456941,0,,ok,,2026-07-20T22:35:19.433604+00:00,False,20000
adult,gaussian_copula,fixed,0.0,9,8,2000,8.7568,39.65,False,0.0578527908415126,0.9760594629422272,0.0827471332082115,0.0646593421779989,0.1703065807804107,0.6907216494845361,0.88075,0.9811808002558954,0.3780486661509857,0.8955836965456941,0,,ok,,2026-07-20T22:35:19.433604+00:00,False,20000
adult,gaussian_copula,fixed,0.0,9,9,2000,9.3031,39.65,False,0.0885034114804819,1.107074631009085,0.1072267511850868,0.0674577459922609,0.20237676648578,0.6907216494845361,0.88425,0.9864925007409988,0.3627645055580374,0.8955836965456941,0,,ok,,2026-07-20T22:35:19.433604+00:00,False,20000
adult,gaussian_copula,fixed,0.0,9,10,2000,8.9583,39.65,False,0.0792045124746236,1.1165676627405097,0.0987688097797548,0.0635195550027639,0.1996510732317354,0.6804123711340206,0.8825,0.9872656755710733,0.3897788114416122,0.8955836965456941,0,,ok,,2026-07-20T22:35:19.433604+00:00,False,20000
adult,gaussian_copula,fixed,0.0,9,11,2000,9.3593,39.65,False,0.0618311131581467,1.1135268291073028,0.0879127849791516,0.0713195826423438,0.1936016058027486,0.6804123711340206,0.89175,0.9835030275606464,0.4282899867207139,0.8955836965456941,0,,ok,,2026-07-20T22:35:19.433604+00:00,False,20000
adult,gaussian_copula,fixed,0.0,9,12,2000,9.6376,39.65,False,0.0594311796254748,1.134513761828876,0.0934304690019692,0.0646129767827529,0.1702864400609862,0.6701030927835051,0.891,0.9854500108338704,0.3922080146988728,0.8955836965456941,0,,ok,,2026-07-20T22:35:19.433604+00:00,False,20000
adult,gaussian_copula,fixed,0.01,9,0,2000,9.8511,39.26,True,0.0199117033610866,0.9446222575041826,0.0357926982655732,0.024149979270315,0.0826220335193146,0.865979381443299,0.8975,0.9704385541965254,0.6871421775275457,0.8955836965456941,0,,ok,,2026-07-20T22:35:19.433604+00:00,False,20000
adult,gaussian_copula,fixed,0.01,9,1,2000,9.3552,39.45,False,0.0125234072760677,0.9196020956594918,0.0374635543347712,0.0314635848535102,0.0886301284344762,0.8350515463917526,0.90625,0.9724096490503392,0.5366157922404753,0.8955836965456941,0,,ok,,2026-07-20T22:35:19.433604+00:00,False,20000
adult,gaussian_copula,fixed,0.01,9,2,2000,8.8499,40.02,False,0.0241456066871483,0.9825763498459508,0.0484500371332339,0.0383905818131564,0.1409697144336722,0.7938144329896907,0.89425,0.9749204596840748,0.4791801919261363,0.8955836965456941,0,,ok,,2026-07-20T22:35:19.433604+00:00,False,20000
adult,gaussian_copula,fixed,0.01,9,3,2000,9.1757,39.65,False,0.0439291179415917,0.9363757011275778,0.0558239455135801,0.0367935668877833,0.1488154085180235,0.7731958762886598,0.894,0.9798654571440591,0.4363326944362453,0.8955836965456941,0,,ok,,2026-07-20T22:35:19.433604+00:00,False,20000
adult,gaussian_copula,fixed,0.01,9,4,2000,8.7223,39.65,False,0.046492156320371,0.823738746003151,0.0700193527217011,0.0408298438363737,0.1421916042579008,0.7628865979381443,0.8845,0.977017759382574,0.4498880695311653,0.8955836965456941,0,,ok,,2026-07-20T22:35:19.433604+00:00,False,20000
adult,gaussian_copula,fixed,0.01,9,5,2000,8.9188,39.65,False,0.0512047267252471,0.8393072683334265,0.0701618806904565,0.0451503938640132,0.171298898853665,0.7525773195876289,0.88925,0.9807277905410248,0.4575889277478071,0.8955836965456941,0,,ok,,2026-07-20T22:35:19.433604+00:00,False,20000
adult,gaussian_copula,fixed,0.01,9,6,2000,9.5098,39.65,False,0.057192981843315,0.897315808755509,0.0755008478038032,0.0505513405196241,0.1568586079762026,0.7319587628865979,0.88725,0.9837055665251014,0.3886008599606381,0.8955836965456941,0,,ok,,2026-07-20T22:35:19.433604+00:00,False,20000
adult,gaussian_copula,fixed,0.01,9,7,2000,9.2558,39.65,False,0.0777443336637753,0.9006160351245666,0.101867510529128,0.0501786553344389,0.1908973884235524,0.7216494845360825,0.8815,0.9824791423549764,0.4266788554086766,0.8955836965456941,0,,ok,,2026-07-20T22:35:19.433604+00:00,False,20000
adult,gaussian_copula,fixed,0.01,9,8,2000,8.9836,39.65,False,0.0887362016090568,0.9585319873914548,0.1088940373356128,0.0585635710337202,0.172916540457025,0.711340206185567,0.88175,0.984186460510892,0.3596843524063149,0.8955836965456941,0,,ok,,2026-07-20T22:35:19.433604+00:00,False,20000
adult,gaussian_copula,fixed,0.01,9,9,2000,9.4014,39.65,False,0.0793587125094946,0.8883853311019845,0.1077134471671757,0.0601154988944168,0.1840316573738555,0.711340206185567,0.878,0.9796254303389792,0.3982473558459214,0.8955836965456941,0,,ok,,2026-07-20T22:35:19.433604+00:00,False,20000
adult,gaussian_copula,fixed,0.0,9,5,2000,8.7869,39.65,False,0.0684160030947271,1.0187981026963853,0.0855562532943664,0.0545924543946931,0.1292674930373091,0.7216494845360825,0.88675,0.9792067916498954,0.3544212535189714,0.8955836965456941,0,,ok,,2026-07-20T22:35:19.433604+00:00,False,20000
adult,gaussian_copula,fixed,0.01,9,10,2000,9.5959,39.65,False,0.083546279830434,0.904542827541392,0.1097167965712018,0.0598708195135433,0.1799432923072186,0.7010309278350515,0.88975,0.9865161775087624,0.3538156409717442,0.8955836965456941,0,,ok,,2026-07-20T22:35:19.433604+00:00,False,20000
adult,gaussian_copula,fixed,0.0,9,4,2000,9.0641,39.65,False,0.0614091881008187,1.0991299161764747,0.0760121954415122,0.0570137506909895,0.1530398186207888,0.7216494845360825,0.894,0.9788770381524978,0.4084139691218244,0.8955836965456941,0,,ok,,2026-07-20T22:35:19.433604+00:00,False,20000
adult,gaussian_copula,fixed,0.0,9,2,2000,8.9479,40.02,False,0.0459172263629651,1.1094848796632202,0.0651981290005412,0.0480155472636815,0.103517106023611,0.8041237113402062,0.8985,0.9720302065156624,0.4874921700467194,0.8955836965456941,0,,ok,,2026-07-20T22:35:19.433604+00:00,False,20000
adult,gaussian_copula,fresh,0.2,8,11,2000,9.0832,39.65,False,0.018187861849959,0.9783843718614808,0.0344829808922834,0.03335340657822,0.1339225852774209,0.8556701030927835,0.9165,0.9722609464387753,0.5479158064153624,0.8970552753724252,0,,ok,,2026-07-20T22:35:19.433604+00:00,False,20000
adult,gaussian_copula,fresh,0.2,8,12,2000,9.0657,39.65,False,0.0286381299892882,1.0906794389656058,0.0445108033928439,0.0336081053067993,0.1464263443075474,0.8041237113402062,0.9105,0.9718628553276072,0.5623783218376004,0.8970552753724252,0,,ok,,2026-07-20T22:35:19.433604+00:00,False,20000
adult,gaussian_copula,fresh,0.35,8,0,2000,9.4219,39.26,True,0.0252159915202022,1.0712073639271764,0.0431312777834708,0.0248147802653399,0.1059749913431075,0.9072164948453608,0.8975,0.9626804977510436,0.6685310161873016,0.8970552753724252,0,,ok,,2026-07-20T22:35:19.433604+00:00,False,20000
adult,gaussian_copula,fresh,0.35,8,1,2000,9.0057,39.45,False,0.0168499704839994,1.058951401260294,0.0346178821001245,0.0325302307904919,0.0935042346185851,0.8865979381443299,0.91175,0.9717514155564996,0.6084612274875321,0.8970552753724252,0,,ok,,2026-07-20T22:35:19.433604+00:00,False,20000
adult,gaussian_copula,fresh,0.35,8,2,2000,9.11,40.02,False,0.0275897133782792,0.996373938817603,0.0476299372843966,0.032988840519624,0.1069703194873684,0.8556701030927835,0.89325,0.970733704917962,0.589811186831438,0.8970552753724252,0,,ok,,2026-07-20T22:35:19.433604+00:00,False,20000
adult,gaussian_copula,fresh,0.35,8,3,2000,9.2499,39.65,False,0.0280384875882013,1.001939686471897,0.0406419801263069,0.0317392551133222,0.10702767259884,0.8969072164948454,0.89325,0.9768613178902038,0.5535880232300306,0.8970552753724252,0,,ok,,2026-07-20T22:35:19.433604+00:00,False,20000
adult,gaussian_copula,fresh,0.35,8,4,2000,9.1695,39.65,False,0.0582842182178749,0.8790711455048347,0.0654983794137064,0.0355107103372028,0.1307493270806927,0.8865979381443299,0.8935,0.9682720556961096,0.6424572553720659,0.8970552753724252,0,,ok,,2026-07-20T22:35:19.433604+00:00,False,20000
adult,gaussian_copula,fresh,0.35,8,5,2000,9.0488,39.65,False,0.0320562185994988,0.9546972930985392,0.0418455549766461,0.037162037037037,0.1077505786974995,0.8865979381443299,0.901,0.970249935430014,0.6318379898252896,0.8970552753724252,0,,ok,,2026-07-20T22:35:19.433604+00:00,False,20000
adult,gaussian_copula,fresh,0.35,8,6,2000,9.065,39.65,False,0.0482790508681123,0.9161480706082492,0.0610132040538425,0.0353339552238805,0.1063587268899501,0.8556701030927835,0.898,0.9681079540729924,0.5693609617313451,0.8970552753724252,0,,ok,,2026-07-20T22:35:19.433604+00:00,False,20000
adult,gaussian_copula,fresh,0.35,8,7,2000,8.8494,39.65,False,0.033750723743368,0.9668232958385024,0.0511306265672629,0.034174543946932,0.1221088235648164,0.865979381443299,0.8925,0.972363617390804,0.5681927792521613,0.8970552753724252,0,,ok,,2026-07-20T22:35:19.433604+00:00,False,20000
adult,gaussian_copula,fresh,0.35,8,8,2000,8.9968,39.65,False,0.0295971420268194,0.9421094162466352,0.0454759380973751,0.0317660309563294,0.1283985038189758,0.8350515463917526,0.89475,0.9722759202000092,0.6261445303490105,0.8970552753724252,0,,ok,,2026-07-20T22:35:19.433604+00:00,False,20000
adult,gaussian_copula,fresh,0.35,8,9,2000,8.7619,39.65,False,0.0284426052785133,0.9351797883725834,0.0463294999430533,0.0356533651188501,0.1234928152746468,0.8556701030927835,0.901,0.973608655824894,0.5598376601706521,0.8970552753724252,0,,ok,,2026-07-20T22:35:19.433604+00:00,False,20000
adult,gaussian_copula,fresh,0.35,8,10,2000,8.6524,39.65,False,0.031242325749378,0.981224132635552,0.0462605279050677,0.0313427998894416,0.0859143140539645,0.8247422680412371,0.89475,0.971037265020708,0.6241907299909535,0.8970552753724252,0,,ok,,2026-07-20T22:35:19.433604+00:00,False,20000
adult,gaussian_copula,fresh,0.35,8,11,2000,8.9593,39.65,False,0.0280556486517024,0.8984240805044524,0.038987656218831,0.0294089966832504,0.1312085565455204,0.8556701030927835,0.90275,0.9740604741638706,0.6074545285748548,0.8970552753724252,0,,ok,,2026-07-20T22:35:19.433604+00:00,False,20000
adult,gaussian_copula,fresh,0.35,8,12,2000,8.9051,39.65,False,0.0265747696769612,0.911227011304705,0.0366907945802841,0.0281368850193477,0.135261655461875,0.845360824742268,0.89775,0.966706474146532,0.5527900137985511,0.8970552753724252,0,,ok,,2026-07-20T22:35:19.433604+00:00,False,20000
adult,gaussian_copula,fixed,0.0,9,0,2000,9.8511,39.26,True,0.0199117033610866,0.9446222575041826,0.0357926982655732,0.024149979270315,0.0826220335193146,0.865979381443299,0.8975,0.9704385541965254,0.6871421775275457,0.8955836965456941,0,,ok,,2026-07-20T22:35:19.433604+00:00,False,20000
adult,gaussian_copula,fixed,0.0,9,1,2000,9.1532,39.83,False,0.026172305837546,1.0218693937869208,0.0482843144633537,0.0358830154781647,0.1376515986339335,0.8247422680412371,0.907,0.9730006671187508,0.5214156188374153,0.8955836965456941,0,,ok,,2026-07-20T22:35:19.433604+00:00,False,20000
adult,gaussian_copula,fixed,0.0,9,3,2000,9.3478,39.65,False,0.041882548365698,1.1187480719079146,0.0669113832871163,0.0475622236042012,0.1221186178135595,0.7628865979381443,0.89675,0.9783313902431257,0.4207220918304526,0.8955836965456941,0,,ok,,2026-07-20T22:35:19.433604+00:00,False,20000
adult,gaussian_copula,fixed,0.01,9,11,2000,9.4463,39.65,False,0.099902456848269,0.9845299664458864,0.1283745384223592,0.0600126105583195,0.1648258815564053,0.711340206185567,0.86725,0.984691695014944,0.3904050110127465,0.8955836965456941,0,,ok,,2026-07-20T22:35:19.433604+00:00,False,20000
adult,gaussian_copula,fixed,0.01,9,12,2000,9.2454,39.65,False,0.0959109804808464,0.9255351244572128,0.1231102416933885,0.0759110351022664,0.1612230510400861,0.6804123711340206,0.87525,0.9849418187025994,0.3419459759776967,0.8955836965456941,0,,ok,,2026-07-20T22:35:19.433604+00:00,False,20000
adult,gaussian_copula,fixed,0.02,9,0,2000,9.8511,39.26,True,0.0199117033610866,0.9446222575041826,0.0357926982655732,0.024149979270315,0.0826220335193146,0.865979381443299,0.8975,0.9704385541965254,0.6871421775275457,0.8955836965456941,0,,ok,,2026-07-20T22:35:19.433604+00:00,False,20000
adult,gaussian_copula,fixed,0.05,9,10,2000,9.2089,39.65,False,0.0435861575435274,0.8968277024814427,0.081514828931084,0.0574678689883913,0.147056112200173,0.7938144329896907,0.859,0.9801264820898932,0.4678315949973794,0.8955836965456941,0,,ok,,2026-07-20T22:35:19.433604+00:00,False,20000
adult,gaussian_copula,fixed,0.05,9,11,2000,9.0965,39.65,False,0.0441711760682994,0.8429571030379396,0.0783650379235981,0.0625638128800442,0.1748085016747513,0.7835051546391752,0.874,0.9837491828078244,0.4762804047067968,0.8955836965456941,0,,ok,,2026-07-20T22:35:19.433604+00:00,False,20000
adult,gaussian_copula,fixed,0.05,9,12,2000,8.9182,39.65,False,0.0434276236625804,0.8790206064626847,0.0748824151518673,0.0619721876727473,0.1820389455128525,0.7835051546391752,0.86975,0.9830176133214644,0.4093912954653605,0.8955836965456941,0,,ok,,2026-07-20T22:35:19.433604+00:00,False,20000
adult,gaussian_copula,fixed,0.1,9,0,2000,9.8511,39.26,True,0.0199117033610866,0.9446222575041826,0.0357926982655732,0.024149979270315,0.0826220335193146,0.865979381443299,0.8975,0.9704385541965254,0.6871421775275457,0.8955836965456941,0,,ok,,2026-07-20T22:35:19.433604+00:00,False,20000
adult,gaussian_copula,fixed,0.1,9,1,2000,8.8382,39.45,False,0.0367316797948693,0.9356925301697214,0.0475393085343112,0.0347384604754007,0.0996315939640647,0.8247422680412371,0.8965,0.9708539281331596,0.5782466884067388,0.8955836965456941,0,,ok,,2026-07-20T22:35:19.433604+00:00,False,20000
adult,gaussian_copula,fixed,0.1,9,2,2000,8.6279,40.02,False,0.0431594633753115,0.9850243724568576,0.058007599359491,0.0347779159756771,0.1577925682468218,0.8865979381443299,0.87675,0.976816334731455,0.5284731325569622,0.8955836965456941,0,,ok,,2026-07-20T22:35:19.433604+00:00,False,20000
adult,gaussian_copula,fixed,0.1,9,3,2000,8.8739,39.65,False,0.0169193872437049,0.8486239814803264,0.0478422213003658,0.0389522871752349,0.1626171081809598,0.8247422680412371,0.8955,0.9741423371002884,0.4574197076563929,0.8955836965456941,0,,ok,,2026-07-20T22:35:19.433604+00:00,False,20000
adult,gaussian_copula,fixed,0.1,9,4,2000,8.978,39.65,False,0.0285542820914079,0.8734434786295798,0.0517877650709799,0.0452950179657269,0.1373065889275715,0.8144329896907216,0.89125,0.9713948049139524,0.4585104593227288,0.8955836965456941,0,,ok,,2026-07-20T22:35:19.433604+00:00,False,20000
adult,gaussian_copula,fixed,0.1,9,5,2000,9.1992,39.65,False,0.0183869917294331,0.783272026162099,0.0662483328345905,0.0434221945826423,0.1616583699843894,0.8041237113402062,0.89225,0.9743608133892004,0.5172635308214628,0.8955836965456941,0,,ok,,2026-07-20T22:35:19.433604+00:00,False,20000
adult,gaussian_copula,fixed,0.1,9,6,2000,9.0986,39.65,False,0.0295536567054877,0.8228649061877049,0.0720620592853018,0.0549239566058595,0.1558803871838337,0.7731958762886598,0.88425,0.976554583035076,0.4417819944315378,0.8955836965456941,0,,ok,,2026-07-20T22:35:19.433604+00:00,False,20000
adult,gaussian_copula,fixed,0.1,9,7,2000,8.8609,39.65,False,0.0246974883891827,0.7556171909446462,0.0767977881367294,0.053275670259812,0.1685295853518938,0.7731958762886598,0.871,0.977478829728492,0.5256159290065003,0.8955836965456941,0,,ok,,2026-07-20T22:35:19.433604+00:00,False,20000
adult,gaussian_copula,fixed,0.1,9,8,2000,9.2695,39.65,False,0.0348116265909129,0.7528004612385327,0.0777755063297835,0.0598674682144831,0.1827087152582281,0.7628865979381443,0.878,0.9759370858217986,0.5493257225160281,0.8955836965456941,0,,ok,,2026-07-20T22:35:19.433604+00:00,False,20000
adult,gaussian_copula,fixed,0.1,9,9,2000,8.8987,39.65,False,0.0355465505020455,0.7636871385485415,0.0797766928270586,0.0543342661691542,0.1925942661817797,0.7525773195876289,0.88875,0.9738316523671972,0.5590225058132117,0.8955836965456941,0,,ok,,2026-07-20T22:35:19.433604+00:00,False,20000
adult,gaussian_copula,fixed,0.1,9,10,2000,8.888,39.65,False,0.0452815686970059,0.7490683155016787,0.08827956069382,0.0546428966279712,0.1872434778743967,0.7422680412371134,0.86575,0.9763173721071084,0.5052438231388445,0.8955836965456941,0,,ok,,2026-07-20T22:35:19.433604+00:00,False,20000
adult,gaussian_copula,fixed,0.1,9,11,2000,8.8218,39.65,False,0.0426415687084159,0.7326193310086474,0.085499480769444,0.0559051962410171,0.1752785148082662,0.7319587628865979,0.85725,0.9780473916550556,0.4987152123551516,0.8955836965456941,0,,ok,,2026-07-20T22:35:19.433604+00:00,False,20000
adult,gaussian_copula,fixed,0.1,9,12,2000,9.4168,39.65,False,0.051994172767542,0.6845089149495595,0.0972385840693678,0.05816248618021,0.1652397428398552,0.7422680412371134,0.8855,0.978418396683402,0.5054460218067723,0.8955836965456941,0,,ok,,2026-07-20T22:35:19.433604+00:00,False,20000
adult,gaussian_copula,fixed,0.2,9,0,2000,9.8511,39.26,True,0.0199117033610866,0.9446222575041826,0.0357926982655732,0.024149979270315,0.0826220335193146,0.865979381443299,0.8975,0.9704385541965254,0.6871421775275457,0.8955836965456941,0,,ok,,2026-07-20T22:35:19.433604+00:00,False,20000
adult,gaussian_copula,fixed,0.05,9,9,2000,9.1362,39.65,False,0.0556371748054841,0.9400247686477098,0.0753478796539049,0.0600393864013267,0.1694880357365283,0.7938144329896907,0.866,0.981250870933466,0.4512884788851221,0.8955836965456941,0,,ok,,2026-07-20T22:35:19.433604+00:00,False,20000
adult,gaussian_copula,fixed,0.05,9,8,2000,9.4517,39.65,False,0.0523339434327518,1.1437802448376977,0.0713384567904109,0.0545240118850193,0.1693869364449733,0.7835051546391752,0.8765,0.9815150796316886,0.3910269817206896,0.8955836965456941,0,,ok,,2026-07-20T22:35:19.433604+00:00,False,20000
adult,gaussian_copula,fixed,0.05,9,7,2000,9.0434,39.65,False,0.0586112680331489,1.0242140014872618,0.0741066658475156,0.0545577321724709,0.1869851471486709,0.8041237113402062,0.8955,0.9817359859224234,0.4488794692691462,0.8955836965456941,0,,ok,,2026-07-20T22:35:19.433604+00:00,False,20000
adult,gaussian_copula,fixed,0.05,9,6,2000,9.4229,39.65,False,0.063991594544355,1.011991999451143,0.0748622210027946,0.0452369748479823,0.1612704914826285,0.8041237113402062,0.90025,0.981908705052006,0.4332539836874716,0.8955836965456941,0,,ok,,2026-07-20T22:35:19.433604+00:00,False,20000
adult,gaussian_copula,fixed,0.02,9,1,2000,9.0709,39.45,False,0.0123175369103099,0.982335715328022,0.0325276700252265,0.0292297885572139,0.1186478381156349,0.845360824742268,0.9005,0.971902835045102,0.550607527009323,0.8955836965456941,0,,ok,,2026-07-20T22:35:19.433604+00:00,False,20000
adult,gaussian_copula,fixed,0.02,9,2,2000,9.1564,40.02,False,0.0205474061804005,0.957341090629993,0.0392349152332681,0.0298885779436152,0.1378348729304535,0.8041237113402062,0.89675,0.9776585891133566,0.457878817958651,0.8955836965456941,0,,ok,,2026-07-20T22:35:19.433604+00:00,False,20000
adult,gaussian_copula,fixed,0.02,9,3,2000,9.348,39.65,False,0.0286379114174347,0.85675231463925,0.0526003399386875,0.0427373894416804,0.1300611352819373,0.8350515463917526,0.889,0.9764962472413096,0.4473054798330432,0.8955836965456941,0,,ok,,2026-07-20T22:35:19.433604+00:00,False,20000
adult,gaussian_copula,fixed,0.02,9,4,2000,8.9584,39.65,False,0.0403234531786538,0.8113252779826833,0.0561766873324075,0.040201803482587,0.1430638390905104,0.7731958762886598,0.89,0.9785090560014192,0.4380696426236889,0.8955836965456941,0,,ok,,2026-07-20T22:35:19.433604+00:00,False,20000
adult,gaussian_copula,fixed,0.02,9,5,2000,9.1078,39.65,False,0.0364555120637989,0.9857440350245812,0.0577408845278598,0.0537296158098397,0.1462736005605023,0.7319587628865979,0.90075,0.9820023613722716,0.3745279572440295,0.8955836965456941,0,,ok,,2026-07-20T22:35:19.433604+00:00,False,20000
adult,gaussian_copula,fixed,0.02,9,6,2000,9.1034,39.65,False,0.043188364071726,0.9427939552092468,0.0655257018500261,0.0452273700939745,0.165016566998462,0.7319587628865979,0.89225,0.9852045367747037,0.3838344394159947,0.8955836965456941,0,,ok,,2026-07-20T22:35:19.433604+00:00,False,20000
adult,gaussian_copula,fixed,0.02,9,7,2000,9.1786,39.65,False,0.0421925282204376,1.0071068542842028,0.0717732572714416,0.0487968490878938,0.1602395423619189,0.7319587628865979,0.88525,0.9844773834791568,0.4525386816410821,0.8955836965456941,0,,ok,,2026-07-20T22:35:19.433604+00:00,False,20000
adult,gaussian_copula,fixed,0.02,9,8,2000,9.27,39.65,False,0.0441382594539007,0.9183589270898004,0.068171513406832,0.0567696586511885,0.1623113246652703,0.7010309278350515,0.88325,0.9816219895868976,0.4496552853643438,0.8955836965456941,0,,ok,,2026-07-20T22:35:19.433604+00:00,False,20000
adult,gaussian_copula,fresh,0.2,8,10,2000,9.4108,39.65,False,0.0168822854699414,1.002517382119248,0.0362609245780645,0.034829083747927,0.1439320910919047,0.8350515463917526,0.88625,0.9725503934059326,0.6018015547268003,0.8970552753724252,0,,ok,,2026-07-20T22:35:19.433604+00:00,False,20000
adult,gaussian_copula,fixed,0.02,9,9,2000,9.3323,39.65,False,0.0540570011124406,0.8425525256402412,0.0834564167212918,0.0584881840796019,0.1747460529419824,0.6907216494845361,0.86425,0.9887325979216316,0.4321099942395671,0.8955836965456941,0,,ok,,2026-07-20T22:35:19.433604+00:00,False,20000
adult,gaussian_copula,fixed,0.02,9,11,2000,9.2446,39.65,False,0.0638688206675704,0.7682122978731024,0.0833875880095516,0.0609905679933664,0.2086962089008605,0.6804123711340206,0.8675,0.9823531962604856,0.4862784863108748,0.8955836965456941,0,,ok,,2026-07-20T22:35:19.433604+00:00,False,20000
adult,gaussian_copula,fixed,0.02,9,12,2000,8.9754,39.65,False,0.063094886348402,0.7617454615258218,0.0852209431414156,0.0581837341072415,0.170561225670644,0.6288659793814433,0.86025,0.9831709919990368,0.4459000876325355,0.8955836965456941,0,,ok,,2026-07-20T22:35:19.433604+00:00,False,20000
adult,gaussian_copula,fixed,0.05,9,0,2000,9.8511,39.26,True,0.0199117033610866,0.9446222575041826,0.0357926982655732,0.024149979270315,0.0826220335193146,0.865979381443299,0.8975,0.9704385541965254,0.6871421775275457,0.8955836965456941,0,,ok,,2026-07-20T22:35:19.433604+00:00,False,20000
adult,gaussian_copula,fixed,0.05,9,1,2000,8.7097,39.45,False,0.0171074172778598,1.0727753348100324,0.0426067788217928,0.0289455845771144,0.1281668693999864,0.8556701030927835,0.895,0.9734154436799366,0.515359329455717,0.8955836965456941,0,,ok,,2026-07-20T22:35:19.433604+00:00,False,20000
adult,gaussian_copula,fixed,0.05,9,2,2000,8.8319,40.02,False,0.0425766893611591,0.9486074311056734,0.0630061942770738,0.0377149668325041,0.1321793295784009,0.7938144329896907,0.901,0.9754719182228064,0.4992073667976937,0.8955836965456941,0,,ok,,2026-07-20T22:35:19.433604+00:00,False,20000
adult,gaussian_copula,fixed,0.05,9,3,2000,8.9909,39.65,False,0.0389432033296566,0.9255820794150112,0.0568453355742305,0.0417557352128247,0.1694226259480901,0.8247422680412371,0.8865,0.9761677492448538,0.4681985226384487,0.8955836965456941,0,,ok,,2026-07-20T22:35:19.433604+00:00,False,20000
adult,gaussian_copula,fixed,0.05,9,4,2000,9.0955,39.65,False,0.0472868520539436,0.9897866645507524,0.0668312205982223,0.0448917219458264,0.1527790548845488,0.8247422680412371,0.8995,0.9761890725108516,0.4632203966791687,0.8955836965456941,0,,ok,,2026-07-20T22:35:19.433604+00:00,False,20000
adult,gaussian_copula,fixed,0.05,9,5,2000,9.3568,39.65,False,0.0356572682978202,0.8856604385382864,0.0523325869371882,0.042464310392482,0.1688219253065799,0.7938144329896907,0.8985,0.982003513373136,0.4665158940347853,0.8955836965456941,0,,ok,,2026-07-20T22:35:19.433604+00:00,False,20000
adult,gaussian_copula,fixed,0.02,9,10,2000,8.7343,39.65,False,0.0609997662096354,0.8768182789173768,0.0818133695590154,0.0560441542288557,0.1787824036143685,0.6701030927835051,0.86425,0.9831853031347736,0.4183530433325383,0.8955836965456941,0,,ok,,2026-07-20T22:35:19.433604+00:00,False,20000
adult,gaussian_copula,fresh,0.2,8,9,2000,8.9615,39.65,False,0.0227950709412856,0.9700466682350998,0.0415869267921458,0.039636124930901,0.1323606834936193,0.8556701030927835,0.90025,0.9737749860746832,0.5607426041116614,0.8970552753724252,0,,ok,,2026-07-20T22:35:19.433604+00:00,False,20000
adult,gaussian_copula,fresh,0.2,8,8,2000,8.8652,39.65,False,0.0289415373241392,1.161914198283241,0.0495800727998548,0.0411115257048092,0.1227260665013901,0.8350515463917526,0.903,0.9771515838579756,0.5714241880222072,0.8970552753724252,0,,ok,,2026-07-20T22:35:19.433604+00:00,False,20000
adult,gaussian_copula,fresh,0.2,8,7,2000,9.2957,39.65,False,0.0402556535997198,1.1479830866880878,0.0541602145242134,0.0320644693200663,0.1810850477712283,0.8144329896907216,0.896,0.9769270674395324,0.5740936824980006,0.8970552753724252,0,,ok,,2026-07-20T22:35:19.433604+00:00,False,20000
adult,gaussian_copula,fresh,0.0,8,12,2000,9.2175,39.65,False,0.0857394468475289,1.2966289603012635,0.1214679166825933,0.0665736594803759,0.1983537966948934,0.7010309278350515,0.87975,0.9861152845829922,0.3117262573590414,0.8970552753724252,0,,ok,,2026-07-20T22:35:19.433604+00:00,False,20000
adult,gaussian_copula,fresh,0.01,8,0,2000,9.4219,39.26,True,0.0252159915202022,1.0712073639271764,0.0431312777834708,0.0248147802653399,0.1059749913431075,0.9072164948453608,0.8975,0.9626804977510436,0.6685310161873016,0.8970552753724252,0,,ok,,2026-07-20T22:35:19.433604+00:00,False,20000
adult,gaussian_copula,fresh,0.01,8,1,2000,9.0121,39.45,False,0.0299364901018096,0.9442682324168344,0.0435503535161909,0.0353910655058043,0.126754640190788,0.8041237113402062,0.897,0.973338496434707,0.5188517148138585,0.8970552753724252,0,,ok,,2026-07-20T22:35:19.433604+00:00,False,20000
adult,gaussian_copula,fresh,0.01,8,2,2000,8.7856,40.02,False,0.0405675304825626,1.0401296863374,0.0568995044468987,0.0439309355997788,0.1754525611150903,0.7731958762886598,0.90575,0.9712636905655838,0.5114049817713049,0.8970552753724252,0,,ok,,2026-07-20T22:35:19.433604+00:00,False,20000
adult,gaussian_copula,fresh,0.01,8,3,2000,9.3387,39.65,False,0.0391739577668821,0.98962709471822,0.0643955779017003,0.0421165008291873,0.1740751649168744,0.7835051546391752,0.884,0.975908065300026,0.5277392444929383,0.8970552753724252,0,,ok,,2026-07-20T22:35:19.433604+00:00,False,20000
adult,gaussian_copula,fresh,0.01,8,4,2000,9.209,39.65,False,0.063629475039101,1.121192466287903,0.0758832705790681,0.0461597222222222,0.1644912128174769,0.7628865979381443,0.88725,0.9775824974312686,0.4102107442497623,0.8970552753724252,0,,ok,,2026-07-20T22:35:19.433604+00:00,False,20000
adult,gaussian_copula,fresh,0.01,8,5,2000,9.3203,39.65,False,0.0510466013970329,0.9448083502950008,0.0672024915480017,0.0463454947484798,0.1897632732995245,0.7319587628865979,0.89325,0.9780452125284208,0.4428698940738612,0.8970552753724252,0,,ok,,2026-07-20T22:35:19.433604+00:00,False,20000
adult,gaussian_copula,fresh,0.01,8,6,2000,9.0745,39.65,False,0.0500046553915612,0.9442525209775235,0.067819431811518,0.0479893242122719,0.1896297577435105,0.7525773195876289,0.8895,0.979872058649012,0.3455410014184066,0.8970552753724252,0,,ok,,2026-07-20T22:35:19.433604+00:00,False,20000
adult,gaussian_copula,fresh,0.01,8,7,2000,8.9206,39.65,False,0.0614337923234557,1.02148882051414,0.0770927310461118,0.049744541182974,0.1975551574825628,0.7319587628865979,0.90225,0.979966520469882,0.4348666229662282,0.8970552753724252,0,,ok,,2026-07-20T22:35:19.433604+00:00,False,20000
adult,gaussian_copula,fresh,0.01,8,8,2000,9.1093,39.65,False,0.0774414058355508,1.034102108945276,0.0869544500391021,0.0556138750690989,0.1816253214543499,0.7319587628865979,0.89125,0.9773856909086146,0.4443975627061735,0.8970552753724252,0,,ok,,2026-07-20T22:35:19.433604+00:00,False,20000
adult,gaussian_copula,fresh,0.01,8,9,2000,9.7299,39.65,False,0.0658660450284269,1.1251316797192583,0.0794599843112341,0.0528574143173023,0.1499248616529865,0.7010309278350515,0.8875,0.9819851792343808,0.4821680640710144,0.8970552753724252,0,,ok,,2026-07-20T22:35:19.433604+00:00,False,20000
adult,gaussian_copula,fresh,0.01,8,10,2000,8.9153,39.65,False,0.0578476037728453,1.095091660022624,0.0840536664409928,0.0575884812050856,0.1830062520758649,0.6804123711340206,0.88475,0.985066246045951,0.3786119572844168,0.8970552753724252,0,,ok,,2026-07-20T22:35:19.433604+00:00,False,20000
adult,gaussian_copula,fresh,0.01,8,11,2000,8.8229,39.65,False,0.0676744841642877,1.2236310262389167,0.0870438922035342,0.0582722498618021,0.1625771251451117,0.7010309278350515,0.8915,0.9819250861892956,0.4361267258515193,0.8970552753724252,0,,ok,,2026-07-20T22:35:19.433604+00:00,False,20000
adult,gaussian_copula,fresh,0.01,8,12,2000,9.1598,39.65,False,0.0501305556087343,1.1276429982547682,0.080024778996274,0.062976575456053,0.1764570758172806,0.7216494845360825,0.873,0.9838810441567536,0.3608769901718597,0.8970552753724252,0,,ok,,2026-07-20T22:35:19.433604+00:00,False,20000
adult,gaussian_copula,fresh,0.02,8,0,2000,9.4219,39.26,True,0.0252159915202022,1.0712073639271764,0.0431312777834708,0.0248147802653399,0.1059749913431075,0.9072164948453608,0.8975,0.9626804977510436,0.6685310161873016,0.8970552753724252,0,,ok,,2026-07-20T22:35:19.433604+00:00,False,20000
adult,gaussian_copula,fresh,0.02,8,1,2000,9.0382,39.45,False,0.0180001521705055,0.9564192327635572,0.0315296770050974,0.0242589483139856,0.1216750890698446,0.845360824742268,0.90175,0.97348433198162,0.5656054033987996,0.8970552753724252,0,,ok,,2026-07-20T22:35:19.433604+00:00,False,20000
adult,gaussian_copula,fresh,0.02,8,2,2000,8.9018,40.02,False,0.0351516816918156,0.8902710939370597,0.0474940513681635,0.0300961857379767,0.1306557784274589,0.8350515463917526,0.90175,0.9781578588629336,0.4444356224748934,0.8970552753724252,0,,ok,,2026-07-20T22:35:19.433604+00:00,False,20000
adult,gaussian_copula,fresh,0.0,8,11,2000,9.0496,39.65,False,0.0653811944374585,1.2060087807901188,0.1015395902442686,0.0685387990602543,0.1696287501481785,0.7216494845360825,0.8915,0.9855846149348574,0.3915255286308461,0.8970552753724252,0,,ok,,2026-07-20T22:35:19.433604+00:00,False,20000
adult,gaussian_copula,fresh,0.0,8,10,2000,8.863,39.65,False,0.0922049821704432,1.2539297426514264,0.1153995503863438,0.0604662797125483,0.2157467725087158,0.7216494845360825,0.87825,0.984144712854571,0.4119736884721714,0.8970552753724252,0,,ok,,2026-07-20T22:35:19.433604+00:00,False,20000
adult,gaussian_copula,fresh,0.0,8,9,2000,9.4017,39.65,False,0.0791154422531423,1.2684227203957397,0.1088864368029567,0.0529164939192924,0.1869050570737811,0.7216494845360825,0.89125,0.985878064655018,0.4064927211757735,0.8970552753724252,0,,ok,,2026-07-20T22:35:19.433604+00:00,False,20000
adult,gaussian_copula,fresh,0.0,8,8,2000,8.9151,39.65,False,0.0547425928608406,1.2150623171764674,0.0899768962832211,0.0579435116086235,0.2006793991712269,0.711340206185567,0.901,0.9834259093152884,0.3611770755490014,0.8970552753724252,0,,ok,,2026-07-20T22:35:19.433604+00:00,False,20000
adult,gaussian_copula,fixed,0.35,8,3,2000,9.269,39.65,False,0.036598523903627,1.2119458882301697,0.0513461714428812,0.0336148424543946,0.1155119220295798,0.8041237113402062,0.9085,0.9720580874115802,0.5952812377600636,0.8970552753724252,0,,ok,,2026-07-20T22:35:19.433604+00:00,False,20000
adult,gaussian_copula,fixed,0.35,8,4,2000,9.0672,39.65,False,0.0439660681484769,1.0701321421798198,0.0605415323372751,0.0342388405196241,0.0993820040863155,0.7731958762886598,0.90725,0.9748263128634412,0.5549970214379105,0.8970552753724252,0,,ok,,2026-07-20T22:35:19.433604+00:00,False,20000
adult,gaussian_copula,fixed,0.35,8,5,2000,9.0814,39.65,False,0.0412038351946725,1.247688809865622,0.0656615529151865,0.0315130597014925,0.1287152467863368,0.7731958762886598,0.9005,0.973242241924992,0.590042266340229,0.8970552753724252,0,,ok,,2026-07-20T22:35:19.433604+00:00,False,20000
adult,gaussian_copula,fixed,0.35,8,6,2000,8.8768,39.65,False,0.0417763031195497,1.1464792673136144,0.0646240201862471,0.0373343698175787,0.1189101009772918,0.7731958762886598,0.91025,0.9698454998765864,0.5657325971133845,0.8970552753724252,0,,ok,,2026-07-20T22:35:19.433604+00:00,False,20000
adult,gaussian_copula,fixed,0.35,8,7,2000,9.2865,39.65,False,0.0359603340727488,1.0601789762449234,0.058734410666939,0.0433492260917634,0.1203099063876067,0.7835051546391752,0.89325,0.9763206256095496,0.5825690127525467,0.8970552753724252,0,,ok,,2026-07-20T22:35:19.433604+00:00,False,20000
adult,gaussian_copula,fixed,0.35,8,8,2000,8.9969,39.65,False,0.0507567416170546,1.218634704035524,0.0693003875251578,0.0378910655058043,0.1353112916644369,0.7628865979381443,0.903,0.973627892214326,0.6013539836481334,0.8970552753724252,0,,ok,,2026-07-20T22:35:19.433604+00:00,False,20000
adult,gaussian_copula,fixed,0.35,8,9,2000,9.231,39.65,False,0.0464331006418071,1.179866380009307,0.0703285073673794,0.0394389510779436,0.1310920702556693,0.7628865979381443,0.9005,0.972836193120354,0.6210663212942079,0.8970552753724252,0,,ok,,2026-07-20T22:35:19.433604+00:00,False,20000
adult,gaussian_copula,fixed,0.35,8,10,2000,8.8249,39.65,False,0.0538543227516855,0.9779619359178988,0.0651652897417455,0.0355659549474848,0.1108399800970258,0.7731958762886598,0.89125,0.9711014991938997,0.6080489297173428,0.8970552753724252,0,,ok,,2026-07-20T22:35:19.433604+00:00,False,20000
adult,gaussian_copula,fresh,0.02,8,3,2000,9.2702,39.65,False,0.0329745014039948,0.994757984555358,0.049175295415414,0.0403748618021006,0.144156015026945,0.8247422680412371,0.89375,0.9786600153646764,0.3799283794484853,0.8970552753724252,0,,ok,,2026-07-20T22:35:19.433604+00:00,False,20000
adult,gaussian_copula,fixed,0.35,8,11,2000,8.9404,39.65,False,0.0615614997567494,1.1808681792318825,0.0733835936937682,0.0390686498065229,0.1352535345739713,0.7525773195876289,0.912,0.9717662678176424,0.5912153333203081,0.8970552753724252,0,,ok,,2026-07-20T22:35:19.433604+00:00,False,20000
adult,gaussian_copula,fresh,0.0,8,0,2000,9.4219,39.26,True,0.0252159915202022,1.0712073639271764,0.0431312777834708,0.0248147802653399,0.1059749913431075,0.9072164948453608,0.8975,0.9626804977510436,0.6685310161873016,0.8970552753724252,0,,ok,,2026-07-20T22:35:19.433604+00:00,False,20000
adult,gaussian_copula,fresh,0.0,8,1,2000,9.1983,39.45,False,0.0287215750056764,1.0619071954516923,0.0455910828527139,0.0269943338861249,0.1203626354510839,0.8144329896907216,0.896,0.9700604177878284,0.5557489067569104,0.8970552753724252,0,,ok,,2026-07-20T22:35:19.433604+00:00,False,20000
adult,gaussian_copula,fresh,0.0,8,2,2000,8.468,40.02,False,0.0247613718976288,1.081049775441808,0.0495208517843495,0.0305588723051409,0.1438096079844581,0.8041237113402062,0.906,0.9763517723829171,0.4530504724328603,0.8970552753724252,0,,ok,,2026-07-20T22:35:19.433604+00:00,False,20000
adult,gaussian_copula,fresh,0.0,8,3,2000,8.9718,39.65,False,0.0316967920935139,1.1751204304771703,0.052575829822699,0.0382738045881702,0.1269186342744148,0.7525773195876289,0.901,0.9770767060517986,0.3637638613284294,0.8970552753724252,0,,ok,,2026-07-20T22:35:19.433604+00:00,False,20000
adult,gaussian_copula,fresh,0.0,8,4,2000,9.064,39.65,False,0.0371353807340624,1.3405958628681345,0.0683570195483325,0.0438440436705362,0.1546144513760031,0.7216494845360825,0.88825,0.983475097727192,0.4270042811830798,0.8970552753724252,0,,ok,,2026-07-20T22:35:19.433604+00:00,False,20000
adult,gaussian_copula,fresh,0.0,8,5,2000,9.5275,39.65,False,0.0421689294872775,1.337054814782024,0.0630271589816837,0.0476778606965174,0.1465266801307833,0.7319587628865979,0.88275,0.9842203421613116,0.3739852203526203,0.8970552753724252,0,,ok,,2026-07-20T22:35:19.433604+00:00,False,20000
adult,gaussian_copula,fresh,0.0,8,6,2000,9.1819,39.65,False,0.0633839108510819,1.488743902099701,0.0923175841937425,0.0532309632393587,0.1532188613960492,0.711340206185567,0.88925,0.9836406522888992,0.3827699460397056,0.8970552753724252,0,,ok,,2026-07-20T22:35:19.433604+00:00,False,20000
adult,gaussian_copula,fresh,0.0,8,7,2000,9.1607,39.65,False,0.0534339690565218,1.375829445346332,0.0885917360168065,0.0568705431177446,0.1774837432275312,0.711340206185567,0.9,0.9844970147438852,0.2968043693794638,0.8970552753724252,0,,ok,,2026-07-20T22:35:19.433604+00:00,False,20000
adult,gaussian_copula,fixed,0.35,8,12,2000,8.9348,39.65,False,0.0577961156508871,1.3552973179537722,0.078322433440446,0.0395476091763405,0.100202413199075,0.7525773195876289,0.9065,0.9703703251453364,0.6298707488942998,0.8970552753724252,0,,ok,,2026-07-20T22:35:19.433604+00:00,False,20000
adult,gaussian_copula,fixed,0.2,9,2,2000,9.1835,40.02,False,0.0196889236092766,1.0581043043428462,0.0346573305200942,0.0415966348811498,0.1052132756570284,0.8144329896907216,0.90925,0.969394940413554,0.5956254147728026,0.8955836965456941,0,,ok,,2026-07-20T22:35:19.433604+00:00,False,20000
adult,gaussian_copula,fresh,0.02,8,4,2000,9.4153,39.65,False,0.0405628340099889,1.012755904824968,0.0541939501977141,0.0426712962962962,0.1513509848458753,0.7938144329896907,0.8915,0.9802286856040712,0.4500543720347965,0.8970552753724252,0,,ok,,2026-07-20T22:35:19.433604+00:00,False,20000
adult,gaussian_copula,fresh,0.02,8,6,2000,9.2905,39.65,False,0.0331258289607895,0.9516390198939394,0.0504650551452534,0.0453246959646213,0.137582484494321,0.7938144329896907,0.88925,0.9811324882196492,0.5183988002879036,0.8970552753724252,0,,ok,,2026-07-20T22:35:19.433604+00:00,False,20000
adult,gaussian_copula,fresh,0.1,8,3,2000,9.2303,39.65,False,0.0506864296584181,1.2231157572719222,0.0683806961970711,0.0480764234383637,0.1317763557400756,0.8247422680412371,0.8975,0.9755541029094658,0.5374290452485739,0.8970552753724252,0,,ok,,2026-07-20T22:35:19.433604+00:00,False,20000
adult,gaussian_copula,fresh,0.1,8,4,2000,9.2604,39.65,False,0.047904573831168,1.1575075476168026,0.0621606603496091,0.0433807352128247,0.1398117227650476,0.8350515463917526,0.89775,0.9736599423633718,0.5111567573365532,0.8970552753724252,0,,ok,,2026-07-20T22:35:19.433604+00:00,False,20000
adult,gaussian_copula,fresh,0.1,8,5,2000,9.5975,39.65,False,0.0562931722231397,1.153460175595193,0.0754389982309878,0.0353103924820342,0.1568708873269242,0.8762886597938144,0.89125,0.9701147221410704,0.5263906632994863,0.8970552753724252,0,,ok,,2026-07-20T22:35:19.433604+00:00,False,20000
adult,gaussian_copula,fresh,0.1,8,6,2000,9.2961,39.65,False,0.0225265625629729,1.039568977086535,0.0459907938561826,0.0372489980652294,0.1146616804746202,0.8556701030927835,0.8945,0.973799234905376,0.4974656980187809,0.8970552753724252,0,,ok,,2026-07-20T22:35:19.433604+00:00,False,20000
adult,gaussian_copula,fresh,0.1,8,7,2000,9.1415,39.65,False,0.0404532961992553,1.2046016939732993,0.0617669308284549,0.0427076768933112,0.149988292813983,0.845360824742268,0.892,0.9724141625537256,0.5571664282549429,0.8970552753724252,0,,ok,,2026-07-20T22:35:19.433604+00:00,False,20000
adult,gaussian_copula,fresh,0.1,8,8,2000,8.6833,39.65,False,0.037084719322336,1.093255488194486,0.062498338992613,0.0453229684908789,0.1592579270045223,0.8556701030927835,0.889,0.9752417464251204,0.4963705207979425,0.8970552753724252,0,,ok,,2026-07-20T22:35:19.433604+00:00,False,20000
adult,gaussian_copula,fresh,0.1,8,9,2000,8.8646,39.65,False,0.0546242912448753,1.272602037056258,0.0746288383584384,0.0416963101160862,0.1479415187845702,0.8247422680412371,0.891,0.9742539293090104,0.4713296516216609,0.8970552753724252,0,,ok,,2026-07-20T22:35:19.433604+00:00,False,20000
adult,gaussian_copula,fresh,0.1,8,10,2000,9.2072,39.65,False,0.034512868907768,1.0847959780856484,0.0544814912986389,0.0355704809286898,0.1405590397615338,0.8556701030927835,0.8935,0.9757846324574206,0.5468528210057928,0.8970552753724252,0,,ok,,2026-07-20T22:35:19.433604+00:00,False,20000
adult,gaussian_copula,fresh,0.1,8,11,2000,9.502,39.65,False,0.0555609468385761,1.145882510839607,0.0727978127185008,0.0455742122719734,0.1969117361501816,0.8556701030927835,0.88825,0.9748239346116568,0.5463638791880006,0.8970552753724252,0,,ok,,2026-07-20T22:35:19.433604+00:00,False,20000
adult,gaussian_copula,fresh,0.1,8,12,2000,8.9109,39.65,False,0.0565291651510157,1.200966912971495,0.0757193542353019,0.043137714206744,0.1809073654110241,0.8247422680412371,0.89775,0.9756823181306592,0.5581550315669885,0.8970552753724252,0,,ok,,2026-07-20T22:35:19.433604+00:00,False,20000
adult,gaussian_copula,fresh,0.2,8,0,2000,9.4219,39.26,True,0.0252159915202022,1.0712073639271764,0.0431312777834708,0.0248147802653399,0.1059749913431075,0.9072164948453608,0.8975,0.9626804977510436,0.6685310161873016,0.8970552753724252,0,,ok,,2026-07-20T22:35:19.433604+00:00,False,20000
adult,gaussian_copula,fresh,0.2,8,1,2000,9.1075,39.45,False,0.0226570255295819,1.0043754941777718,0.035944887882517,0.0359076838032062,0.1315304038598083,0.845360824742268,0.903,0.9719192533074198,0.5657997671961641,0.8970552753724252,0,,ok,,2026-07-20T22:35:19.433604+00:00,False,20000
adult,gaussian_copula,fresh,0.2,8,2,2000,9.6351,40.02,False,0.0243551587741798,0.9726015059899196,0.0448623120795608,0.0324305210060807,0.1388689003439459,0.8247422680412371,0.90475,0.9733661697679687,0.5737632083132763,0.8970552753724252,0,,ok,,2026-07-20T22:35:19.433604+00:00,False,20000
adult,gaussian_copula,fresh,0.2,8,3,2000,8.8584,39.65,False,0.023815300115151,0.9142420640078625,0.0421463068128664,0.0320735558319513,0.1177042727716612,0.8041237113402062,0.893,0.9731880371343248,0.5811244461992223,0.8970552753724252,0,,ok,,2026-07-20T22:35:19.433604+00:00,False,20000
adult,gaussian_copula,fresh,0.2,8,4,2000,9.2637,39.65,False,0.0299619189235196,0.9968698979917092,0.0500345696127694,0.037354304864566,0.131256422631929,0.845360824742268,0.90025,0.9705444010259368,0.5641793258287293,0.8970552753724252,0,,ok,,2026-07-20T22:35:19.433604+00:00,False,20000
adult,gaussian_copula,fresh,0.2,8,5,2000,9.0923,39.65,False,0.034402161355724,0.9415642373011248,0.0518786071994781,0.0387604684908789,0.1685536731223936,0.865979381443299,0.8965,0.9713822982795692,0.5743905552503927,0.8970552753724252,0,,ok,,2026-07-20T22:35:19.433604+00:00,False,20000
adult,gaussian_copula,fresh,0.2,8,6,2000,8.923,39.65,False,0.0379981067496749,1.0200064175779526,0.050286308462065,0.0374030541735765,0.1451457511755259,0.845360824742268,0.908,0.9723967947906952,0.5241527423423811,0.8970552753724252,0,,ok,,2026-07-20T22:35:19.433604+00:00,False,20000
adult,gaussian_copula,fresh,0.1,8,2,2000,9.0292,40.02,False,0.0492675344456813,1.1622304024366577,0.0610988189736311,0.0349542910447761,0.1050847154134413,0.8556701030927835,0.88925,0.9696909033856002,0.5381364783312395,0.8970552753724252,0,,ok,,2026-07-20T22:35:19.433604+00:00,False,20000
adult,gaussian_copula,fresh,0.1,8,1,2000,8.5189,39.45,False,0.0392009247322806,1.1874596879331505,0.0499282622415586,0.0301214068546158,0.1083306507467248,0.9175257731958762,0.8955,0.969531268015834,0.5771865878030669,0.8970552753724252,0,,ok,,2026-07-20T22:35:19.433604+00:00,False,20000
adult,gaussian_copula,fresh,0.1,8,0,2000,9.4219,39.26,True,0.0252159915202022,1.0712073639271764,0.0431312777834708,0.0248147802653399,0.1059749913431075,0.9072164948453608,0.8975,0.9626804977510436,0.6685310161873016,0.8970552753724252,0,,ok,,2026-07-20T22:35:19.433604+00:00,False,20000
adult,gaussian_copula,fresh,0.05,8,12,2000,9.175,39.65,False,0.0668651155103216,1.1026924335851478,0.0997938474773088,0.0608423507462686,0.1627698604342846,0.7525773195876289,0.88825,0.9796852308838444,0.4501490789011459,0.8970552753724252,0,,ok,,2026-07-20T22:35:19.433604+00:00,False,20000
adult,gaussian_copula,fresh,0.02,8,7,2000,8.8384,39.65,False,0.0425355160244954,1.0488621505562945,0.0563691133076894,0.0388031025428413,0.1674885679923294,0.7731958762886598,0.8835,0.9839118804298882,0.4751195653698983,0.8970552753724252,0,,ok,,2026-07-20T22:35:19.433604+00:00,False,20000
adult,gaussian_copula,fresh,0.02,8,8,2000,9.0884,39.65,False,0.0352144551688694,1.152461588848851,0.0590182295889533,0.0446555417357656,0.1614498624100133,0.7835051546391752,0.8985,0.9806913922637172,0.4487917449443449,0.8970552753724252,0,,ok,,2026-07-20T22:35:19.433604+00:00,False,20000
adult,gaussian_copula,fresh,0.02,8,9,2000,8.8811,39.65,False,0.0583432018815974,1.3368755071891147,0.080886388397845,0.045635226644555,0.1795593109742267,0.7525773195876289,0.90325,0.9822015281466964,0.4227499464671814,0.8970552753724252,0,,ok,,2026-07-20T22:35:19.433604+00:00,False,20000
adult,gaussian_copula,fresh,0.02,8,10,2000,9.129,39.65,False,0.0522776700086375,1.298074973451006,0.0829818716174309,0.0495682697622996,0.1899733495818869,0.7628865979381443,0.88625,0.9834601835910028,0.4728614179896233,0.8970552753724252,0,,ok,,2026-07-20T22:35:19.433604+00:00,False,20000
adult,gaussian_copula,fresh,0.02,8,11,2000,9.0232,39.65,False,0.0558512405456515,1.3202144164682923,0.0907029766927,0.0499827598120508,0.1576329187963843,0.7216494845360825,0.88325,0.9831768577534374,0.4472934488811739,0.8970552753724252,0,,ok,,2026-07-20T22:35:19.433604+00:00,False,20000
adult,gaussian_copula,fresh,0.02,8,12,2000,9.7898,39.65,False,0.0608781871138447,1.3394629736653003,0.091110291279273,0.0514573313985627,0.1720979213089456,0.7319587628865979,0.866,0.9843437435038936,0.4384550264661271,0.8970552753724252,0,,ok,,2026-07-20T22:35:19.433604+00:00,False,20000
adult,gaussian_copula,fresh,0.05,8,0,2000,9.4219,39.26,True,0.0252159915202022,1.0712073639271764,0.0431312777834708,0.0248147802653399,0.1059749913431075,0.9072164948453608,0.8975,0.9626804977510436,0.6685310161873016,0.8970552753724252,0,,ok,,2026-07-20T22:35:19.433604+00:00,False,20000
adult,gaussian_copula,fresh,0.05,8,1,2000,10.4202,39.45,False,0.0310974782364542,1.0709819615784462,0.049608804146404,0.0317654781647318,0.1277474334922355,0.865979381443299,0.905,0.970350398005386,0.5641576570026107,0.8970552753724252,0,,ok,,2026-07-20T22:35:19.433604+00:00,False,20000
adult,gaussian_copula,fresh,0.02,8,5,2000,8.8462,39.65,False,0.0269412811688756,0.9388312934131164,0.0486256807639683,0.0388112216694306,0.1795176427449145,0.8041237113402062,0.8935,0.97884149262583,0.4429454563192525,0.8970552753724252,0,,ok,,2026-07-20T22:35:19.433604+00:00,False,20000
adult,gaussian_copula,fresh,0.05,8,2,2000,10.2964,40.02,False,0.0445294438200609,1.229009013452243,0.0653249915517976,0.037602024599226,0.1209323119768057,0.845360824742268,0.8895,0.9721990668923498,0.4956455494066938,0.8970552753724252,0,,ok,,2026-07-20T22:35:19.433604+00:00,False,20000
adult,gaussian_copula,fresh,0.05,8,4,2000,8.6555,39.65,False,0.0401604102242044,1.0846447915979904,0.0584921988394754,0.0405788764510779,0.1592966521360104,0.8041237113402062,0.9025,0.9763457547534026,0.3664147029115428,0.8970552753724252,0,,ok,,2026-07-20T22:35:19.433604+00:00,False,20000
adult,gaussian_copula,fresh,0.05,8,5,2000,10.261,39.65,False,0.0551507336947822,1.1454870466327185,0.0779848272953523,0.038212271973466,0.1538597456824667,0.8041237113402062,0.89125,0.974589663310895,0.4623613473774426,0.8970552753724252,0,,ok,,2026-07-20T22:35:19.433604+00:00,False,20000
adult,gaussian_copula,fresh,0.05,8,6,2000,8.8739,39.65,False,0.0576712133554523,1.0611285134776087,0.0754036964802578,0.0404681453841901,0.1568704934466858,0.7422680412371134,0.89875,0.9741523912328316,0.4502686016545935,0.8970552753724252,0,,ok,,2026-07-20T22:35:19.433604+00:00,False,20000
adult,gaussian_copula,fresh,0.05,8,7,2000,8.5401,39.65,False,0.0416816422838966,0.9745952184401144,0.067537633906203,0.0496308388612493,0.1563568063643244,0.7216494845360825,0.88725,0.9771433522268,0.4820808642563763,0.8970552753724252,0,,ok,,2026-07-20T22:35:19.433604+00:00,False,20000
adult,gaussian_copula,fresh,0.05,8,8,2000,9.3385,39.65,False,0.0367301502421177,1.0995504219265344,0.0665899398278564,0.0524757462686567,0.1624060113039822,0.7628865979381443,0.89175,0.9802630594423604,0.5524984189296767,0.8970552753724252,0,,ok,,2026-07-20T22:35:19.433604+00:00,False,20000
adult,gaussian_copula,fresh,0.05,8,9,2000,9.0848,39.65,False,0.0443416089670355,1.0856912006000867,0.0780726814180592,0.0539770591487009,0.1368670914942661,0.7319587628865979,0.88775,0.9770561871614044,0.4448663108826811,0.8970552753724252,0,,ok,,2026-07-20T22:35:19.433604+00:00,False,20000
adult,gaussian_copula,fresh,0.05,8,10,2000,9.1492,39.65,False,0.0432254726970353,1.0893059827767646,0.0758184899373299,0.0515077736318407,0.169222551485163,0.7319587628865979,0.89225,0.9808719042741462,0.3821795770690975,0.8970552753724252,0,,ok,,2026-07-20T22:35:19.433604+00:00,False,20000
adult,gaussian_copula,fresh,0.05,8,11,2000,9.0273,39.65,False,0.0549883114424396,1.0444532571742369,0.0825835077521912,0.0592361802100608,0.1642211042580148,0.7525773195876289,0.889,0.9787686735711972,0.4590280852900731,0.8970552753724252,0,,ok,,2026-07-20T22:35:19.433604+00:00,False,20000
adult,gaussian_copula,fresh,0.05,8,3,2000,10.0031,39.65,False,0.0543255114003937,1.2177987989972392,0.0763604815179887,0.0343745163073521,0.148987779188983,0.7938144329896907,0.8835,0.977164543867699,0.474743721056054,0.8970552753724252,0,,ok,,2026-07-20T22:35:19.433604+00:00,False,20000
adult,gaussian_copula,fixed,0.05,11,5,2000,9.6925,39.65,False,0.0576840408653741,0.8431453732043463,0.0770030403301703,0.0444891169154228,0.1672087264128026,0.7525773195876289,0.87775,0.9714312886913244,0.3916794067999858,0.8984078559558718,0,,ok,,2026-07-20T22:35:19.433604+00:00,False,20000
adult,gaussian_copula,fixed,0.05,11,6,2000,9.1017,39.65,False,0.0690849058137746,0.8065008495861292,0.0883506570775534,0.0440583540630182,0.1529982367304417,0.7525773195876289,0.87525,0.9777835092070778,0.4060168593301769,0.8984078559558718,0,,ok,,2026-07-20T22:35:19.433604+00:00,False,20000
adult,gaussian_copula,fixed,0.05,11,7,2000,9.1069,39.65,False,0.0757062965410061,0.7042031904948,0.1022208259647733,0.0447387023217247,0.1574080817558363,0.7422680412371134,0.8815,0.9770361390838632,0.4566354010529279,0.8984078559558718,0,,ok,,2026-07-20T22:35:19.433604+00:00,False,20000
adult,gaussian_copula,fresh,0.05,13,1,2000,4.7423,39.45,False,0.0442966107301679,1.1383481664481143,0.0564943497490421,0.0441295605306799,0.0903383274173938,0.8969072164948454,0.9075,0.9748639430166732,0.5852688632540375,0.8929911083725852,0,,ok,,2026-07-20T22:35:19.433604+00:00,False,20000
adult,gaussian_copula,fresh,0.05,13,2,2000,5.372,40.02,False,0.0549149002591426,1.0966089311247047,0.0659131818332122,0.0525335129906025,0.1449970933638835,0.8247422680412371,0.8915,0.9755390582731784,0.5693401780161269,0.8929911083725852,0,,ok,,2026-07-20T22:35:19.433604+00:00,False,20000
adult,gaussian_copula,fresh,0.05,13,3,2000,4.9195,39.65,False,0.0418006519227686,0.9551146215488454,0.0508632880344455,0.0494869402985074,0.1579541059161152,0.8350515463917526,0.883,0.9779424662013352,0.4971800366711281,0.8929911083725852,0,,ok,,2026-07-20T22:35:19.433604+00:00,False,20000
adult,gaussian_copula,fresh,0.05,13,4,2000,5.0939,39.65,False,0.0286692772469863,1.006697590755264,0.0421449890829283,0.039448175787728,0.169336110725895,0.8144329896907216,0.8985,0.9812925060897028,0.4729438644309072,0.8929911083725852,0,,ok,,2026-07-20T22:35:19.433604+00:00,False,20000
adult,gaussian_copula,fresh,0.05,13,5,2000,4.7035,39.65,False,0.0269417914339158,0.9426775853368676,0.0407272423749006,0.0409658305693753,0.137509622146096,0.8144329896907216,0.88625,0.98342827069206,0.5110522486865282,0.8929911083725852,0,,ok,,2026-07-20T22:35:19.433604+00:00,False,20000
adult,gaussian_copula,fresh,0.05,13,6,2000,4.8709,39.65,False,0.041495559750518,0.8832590315981698,0.0571915483903547,0.0445985351022664,0.1470999706068867,0.8247422680412371,0.88775,0.9775709132975776,0.4672682710820631,0.8929911083725852,0,,ok,,2026-07-20T22:35:19.433604+00:00,False,20000
adult,gaussian_copula,fresh,0.05,13,7,2000,4.8652,39.65,False,0.0302963376656224,0.8220888318904711,0.0506609984706174,0.0486680140961857,0.1754930279423623,0.8144329896907216,0.88125,0.9805214833862428,0.4837385786272861,0.8929911083725852,0,,ok,,2026-07-20T22:35:19.433604+00:00,False,20000
adult,gaussian_copula,fresh,0.05,13,8,2000,4.848,39.65,False,0.0571508245389248,0.9872749342522056,0.070196649919376,0.0570199695964621,0.179883868147975,0.8144329896907216,0.881,0.9802314896686752,0.4152768895708104,0.8929911083725852,0,,ok,,2026-07-20T22:35:19.433604+00:00,False,20000
adult,gaussian_copula,fresh,0.05,13,9,2000,4.5901,39.65,False,0.0381063700677321,0.9537547986244976,0.0626407201127485,0.0563157476506357,0.1676825681298553,0.8144329896907216,0.893,0.9828005348461012,0.4806874046620824,0.8929911083725852,0,,ok,,2026-07-20T22:35:19.433604+00:00,False,20000
adult,gaussian_copula,fresh,0.05,13,10,2000,5.0609,39.65,False,0.0445170387679338,1.001151575621534,0.0571167376817469,0.0535943891652846,0.1578007440866511,0.8144329896907216,0.8815,0.979884241283152,0.4449593786547704,0.8929911083725852,0,,ok,,2026-07-20T22:35:19.433604+00:00,False,20000
adult,gaussian_copula,fresh,0.05,13,11,2000,4.9207,39.65,False,0.0327626461238222,0.8637741933367509,0.062986345871963,0.0508411069651741,0.1698158780108876,0.8144329896907216,0.89675,0.9788111592280724,0.466364835107773,0.8929911083725852,0,,ok,,2026-07-20T22:35:19.433604+00:00,False,20000
adult,gaussian_copula,fresh,0.05,13,12,2000,4.9923,39.65,False,0.015659238873018,0.8705182294392054,0.0590575307583118,0.0459953703703703,0.1785727012300538,0.8350515463917526,0.893,0.9815844618087424,0.4090173525008579,0.8929911083725852,0,,ok,,2026-07-20T22:35:19.433604+00:00,False,20000
adult,gaussian_copula,fresh,0.1,13,0,2000,8.0156,39.26,True,0.0326146276499446,1.181436795377732,0.0410430941747861,0.0254267551133222,0.0778516292826968,0.8865979381443299,0.91825,0.9658273928620016,0.7506439345710286,0.8929911083725852,0,,ok,,2026-07-20T22:35:19.433604+00:00,False,20000
adult,gaussian_copula,fresh,0.1,13,1,2000,4.8443,39.45,False,0.0211744923382317,1.0131407009462892,0.0333155935310916,0.0316992468214483,0.1294100244648775,0.8762886597938144,0.89475,0.9764754448507026,0.516809501711411,0.8929911083725852,0,,ok,,2026-07-20T22:35:19.433604+00:00,False,20000
adult,gaussian_copula,fresh,0.1,13,2,2000,4.8808,40.02,False,0.0240994308853095,0.9802113257054422,0.0383832000408393,0.0316885710337202,0.1215431730375999,0.845360824742268,0.88725,0.9782316881683242,0.5076316556569798,0.8929911083725852,0,,ok,,2026-07-20T22:35:19.433604+00:00,False,20000
adult,gaussian_copula,fresh,0.1,13,3,2000,4.6212,39.65,False,0.0249613146979919,0.9361124247223334,0.0406078636730487,0.0291955845771144,0.1297732231592743,0.8762886597938144,0.888,0.9731601956134368,0.5371236819879145,0.8929911083725852,0,,ok,,2026-07-20T22:35:19.433604+00:00,False,20000
adult,gaussian_copula,fresh,0.1,13,4,2000,4.7513,39.65,False,0.0278765358306671,0.9779021234209336,0.0440547608040598,0.0432634397457158,0.1450115622886213,0.8041237113402062,0.89125,0.9810763113025026,0.4699057376560139,0.8929911083725852,0,,ok,,2026-07-20T22:35:19.433604+00:00,False,20000
adult,gaussian_copula,fresh,0.05,13,0,2000,8.0156,39.26,True,0.0326146276499446,1.181436795377732,0.0410430941747861,0.0254267551133222,0.0778516292826968,0.8865979381443299,0.91825,0.9658273928620016,0.7506439345710286,0.8929911083725852,0,,ok,,2026-07-20T22:35:19.433604+00:00,False,20000
adult,gaussian_copula,fresh,0.1,13,5,2000,4.9344,39.65,False,0.0415194007362468,1.0698014628642158,0.0561973937891906,0.0362453703703703,0.1665225042283626,0.845360824742268,0.8975,0.9788919444136812,0.5254318587210896,0.8929911083725852,0,,ok,,2026-07-20T22:35:19.433604+00:00,False,20000
adult,gaussian_copula,fresh,0.02,13,12,2000,4.96,39.65,False,0.0950025127126319,1.1446562932499942,0.1148935050717068,0.0526995923161967,0.1637588120683279,0.7628865979381443,0.891,0.98610820382768,0.4232335776195709,0.8929911083725852,0,,ok,,2026-07-20T22:35:19.433604+00:00,False,20000
adult,gaussian_copula,fresh,0.02,13,10,2000,5.0798,39.65,False,0.0748360886774451,1.1363271331563989,0.0895389277808485,0.0577619195688225,0.1738318420259734,0.7422680412371134,0.89625,0.9840085393774066,0.37880045312433,0.8929911083725852,0,,ok,,2026-07-20T22:35:19.433604+00:00,False,20000
adult,gaussian_copula,fresh,0.01,13,6,2000,5.0257,39.65,False,0.0287619882795123,0.886976499139133,0.0586747961059784,0.0490749378109452,0.1698955473655777,0.8144329896907216,0.88425,0.9792741870754588,0.3697724202852732,0.8929911083725852,0,,ok,,2026-07-20T22:35:19.433604+00:00,False,20000
adult,gaussian_copula,fresh,0.01,13,7,2000,4.9504,39.65,False,0.0606935827012222,0.8714005996173936,0.0862609869635463,0.0524079601990049,0.1924137824999221,0.8350515463917526,0.889,0.9803064833499392,0.4167148014014387,0.8929911083725852,0,,ok,,2026-07-20T22:35:19.433604+00:00,False,20000
adult,gaussian_copula,fresh,0.01,13,8,2000,5.641,39.65,False,0.0621746570620009,0.8330406158514312,0.0909409813347342,0.0594833817025981,0.1564002271625947,0.8247422680412371,0.89375,0.9818375734986394,0.4216544414274911,0.8929911083725852,0,,ok,,2026-07-20T22:35:19.433604+00:00,False,20000
adult,gaussian_copula,fresh,0.01,13,9,2000,4.9465,39.65,False,0.0507735122118622,0.8992185561852071,0.074677202805599,0.0638336788280818,0.1774221938638568,0.7835051546391752,0.88725,0.9862853734606016,0.3869700267355943,0.8929911083725852,0,,ok,,2026-07-20T22:35:19.433604+00:00,False,20000
adult,gaussian_copula,fresh,0.01,13,10,2000,5.0854,39.65,False,0.0673692848878998,0.9644668049648236,0.0934625587095286,0.0648700248756218,0.1778034336287886,0.8041237113402062,0.88,0.9822670538208572,0.3958543110080391,0.8929911083725852,0,,ok,,2026-07-20T22:35:19.433604+00:00,False,20000
adult,gaussian_copula,fresh,0.01,13,11,2000,4.9791,39.65,False,0.0707431869843128,1.0149270962287045,0.1029879771560865,0.0685156509121061,0.1955731995419041,0.8041237113402062,0.8895,0.9842941973417216,0.3850345842332507,0.8929911083725852,0,,ok,,2026-07-20T22:35:19.433604+00:00,False,20000
adult,gaussian_copula,fresh,0.01,13,12,2000,5.3704,39.65,False,0.0635057615717043,0.9296370808019,0.1020505416832015,0.0772232932559425,0.1959562748729764,0.7731958762886598,0.87325,0.9815802273055656,0.3887681787027107,0.8929911083725852,0,,ok,,2026-07-20T22:35:19.433604+00:00,False,20000
adult,gaussian_copula,fresh,0.02,13,0,2000,8.0156,39.26,True,0.0326146276499446,1.181436795377732,0.0410430941747861,0.0254267551133222,0.0778516292826968,0.8865979381443299,0.91825,0.9658273928620016,0.7506439345710286,0.8929911083725852,0,,ok,,2026-07-20T22:35:19.433604+00:00,False,20000
adult,gaussian_copula,fresh,0.02,13,1,2000,5.035,39.45,False,0.0338420809922969,1.0058169193823223,0.0452497466172164,0.0437663764510779,0.1081131866746757,0.8350515463917526,0.904,0.9762704179468812,0.5138640165440995,0.8929911083725852,0,,ok,,2026-07-20T22:35:19.433604+00:00,False,20000
adult,gaussian_copula,fresh,0.02,13,2,2000,5.0239,40.02,False,0.0424822605592306,1.0362042965926912,0.0564009287614547,0.0370830914870094,0.1708950355944771,0.8247422680412371,0.90225,0.9814131613052242,0.4260830118632397,0.8929911083725852,0,,ok,,2026-07-20T22:35:19.433604+00:00,False,20000
adult,gaussian_copula,fresh,0.02,13,3,2000,5.0473,39.65,False,0.0298648925443314,0.9484336812750858,0.0499551960198647,0.0446620024875622,0.127045761249133,0.7938144329896907,0.89275,0.979528082890944,0.4715650911211837,0.8929911083725852,0,,ok,,2026-07-20T22:35:19.433604+00:00,False,20000
adult,gaussian_copula,fresh,0.02,13,4,2000,5.0725,39.65,False,0.0332173977277394,0.9613474388413172,0.0623846790618704,0.0433497788833609,0.1504843438095187,0.7628865979381443,0.8865,0.9805572471630748,0.4582379435110422,0.8929911083725852,0,,ok,,2026-07-20T22:35:19.433604+00:00,False,20000
adult,gaussian_copula,fresh,0.02,13,5,2000,5.1484,39.65,False,0.0383737281129177,0.9729776344697602,0.0665321567208802,0.0512658582089552,0.1425279940837284,0.7319587628865979,0.889,0.9811355527219484,0.4073656372149402,0.8929911083725852,0,,ok,,2026-07-20T22:35:19.433604+00:00,False,20000
adult,gaussian_copula,fresh,0.02,13,6,2000,5.1353,39.65,False,0.0463686951452552,1.0025493961741816,0.0737610548729708,0.058763405196241,0.1584858328521557,0.7731958762886598,0.87875,0.982586339185401,0.470376190490552,0.8929911083725852,0,,ok,,2026-07-20T22:35:19.433604+00:00,False,20000
adult,gaussian_copula,fresh,0.02,13,7,2000,5.2461,39.65,False,0.0752834959288329,1.0317217104861087,0.0843513168276192,0.0436044085129906,0.1489603300390212,0.7525773195876289,0.89475,0.9809485562066542,0.4573702397916226,0.8929911083725852,0,,ok,,2026-07-20T22:35:19.433604+00:00,False,20000
adult,gaussian_copula,fresh,0.02,13,8,2000,5.0777,39.65,False,0.0584410838980606,1.0954958375400805,0.0842395648468598,0.0543092523493642,0.1451334997267393,0.7422680412371134,0.88725,0.9843528560107302,0.3829783077020515,0.8929911083725852,0,,ok,,2026-07-20T22:35:19.433604+00:00,False,20000
adult,gaussian_copula,fresh,0.02,13,9,2000,4.9604,39.65,False,0.0563921197973834,1.2991602630315295,0.0941874404890582,0.0604342523493642,0.1569629157126606,0.7525773195876289,0.888,0.9846061488257632,0.4270224095655968,0.8929911083725852,0,,ok,,2026-07-20T22:35:19.433604+00:00,False,20000
adult,gaussian_copula,fresh,0.02,13,11,2000,5.0528,39.65,False,0.0587238259944565,1.2294368674478668,0.0883225457352391,0.0545179311774461,0.1720364180947153,0.7628865979381443,0.8925,0.9845021413727316,0.4649418718167969,0.8929911083725852,0,,ok,,2026-07-20T22:35:19.433604+00:00,False,20000
adult,gaussian_copula,fresh,0.1,13,6,2000,4.8137,39.65,False,0.029621290249593,0.9663258076391412,0.0443451407947919,0.0406230306799336,0.1598183445711654,0.865979381443299,0.90325,0.9750016104949584,0.5118619940329101,0.8929911083725852,0,,ok,,2026-07-20T22:35:19.433604+00:00,False,20000
adult,gaussian_copula,fresh,0.1,13,7,2000,4.9987,39.65,False,0.0233898608902038,0.9733208133328518,0.0450175476810201,0.0356157061912659,0.1783399784371602,0.8556701030927835,0.90275,0.9767710365724702,0.5470803272890967,0.8929911083725852,0,,ok,,2026-07-20T22:35:19.433604+00:00,False,20000
adult,gaussian_copula,fresh,0.1,13,8,2000,4.8671,39.65,False,0.029093683892605,0.9723796867687988,0.050206509031566,0.0374367399115533,0.1523209310959963,0.845360824742268,0.8905,0.9778698625843644,0.4825364996788031,0.8929911083725852,0,,ok,,2026-07-20T22:35:19.433604+00:00,False,20000
adult,gaussian_copula,fresh,0.35,13,5,2000,5.0689,39.65,False,0.0197325047964722,0.9230816353253828,0.0367538325605851,0.0307571517412935,0.1098455255617743,0.865979381443299,0.90225,0.9709876806085074,0.645715283032896,0.8929911083725852,0,,ok,,2026-07-20T22:35:19.433604+00:00,False,20000
adult,gaussian_copula,fresh,0.35,13,6,2000,5.2481,39.65,False,0.0305720676413464,1.0375686670340944,0.0476030920125334,0.0307464068546158,0.1095117995985713,0.865979381443299,0.89975,0.972855988072705,0.5737828774443976,0.8929911083725852,0,,ok,,2026-07-20T22:35:19.433604+00:00,False,20000
adult,gaussian_copula,fresh,0.35,13,7,2000,5.07,39.65,False,0.0321688862545986,1.037361223846467,0.0395734786381833,0.0323544085129905,0.1518387376588835,0.8762886597938144,0.904,0.9717668010680426,0.5855500334834175,0.8929911083725852,0,,ok,,2026-07-20T22:35:19.433604+00:00,False,20000
adult,gaussian_copula,fresh,0.35,13,8,2000,5.2772,39.65,False,0.0333833018234454,0.948451816771667,0.0555919724532909,0.0244413349917081,0.1267577845978154,0.8762886597938144,0.898,0.9734737130986532,0.6330026318608715,0.8929911083725852,0,,ok,,2026-07-20T22:35:19.433604+00:00,False,20000
adult,gaussian_copula,fresh,0.35,13,9,2000,5.0298,39.65,False,0.0214272400638439,0.9898719448445024,0.0337961233213143,0.0347857932559425,0.1047857399062254,0.8556701030927835,0.912,0.970978067476295,0.6256705698527556,0.8929911083725852,0,,ok,,2026-07-20T22:35:19.433604+00:00,False,20000
adult,gaussian_copula,fresh,0.35,13,10,2000,4.8693,39.65,False,0.0225773569249457,1.023158032510204,0.0402341194397639,0.0367668601437258,0.1330801175793223,0.865979381443299,0.9085,0.9673057002211016,0.6622922300506822,0.8929911083725852,0,,ok,,2026-07-20T22:35:19.433604+00:00,False,20000
adult,gaussian_copula,fresh,0.35,13,11,2000,4.7803,39.65,False,0.0292083988382301,0.8929642164683854,0.0458841144830671,0.0278523700939745,0.1331271356042209,0.8350515463917526,0.89925,0.9701295254646766,0.5830250415575959,0.8929911083725852,0,,ok,,2026-07-20T22:35:19.433604+00:00,False,20000
adult,gaussian_copula,fresh,0.35,13,12,2000,5.0583,39.65,False,0.0215781117069398,0.8635292032757552,0.0470168982563257,0.0335257739082366,0.136145702420443,0.8556701030927835,0.90375,0.9749153184302176,0.5852547670434004,0.8929911083725852,0,,ok,,2026-07-20T22:35:19.433604+00:00,False,20000
adult,gaussian_copula,fixed,0.0,14,0,2000,6.7689,39.26,True,0.0288333852681195,1.0548176575302362,0.0415494395292525,0.0296690160309563,0.1163796484521149,0.8969072164948454,0.90425,0.966527880262542,0.7099466992772118,0.898414674587994,0,,ok,,2026-07-20T22:35:19.433604+00:00,False,20000
adult,gaussian_copula,fixed,0.0,14,1,2000,4.8587,39.83,False,0.0236444927473489,1.1014174860748658,0.0383492146167375,0.0262036691542288,0.1409093480445398,0.845360824742268,0.9015,0.973268606319772,0.4618441147927208,0.898414674587994,0,,ok,,2026-07-20T22:35:19.433604+00:00,False,20000
adult,gaussian_copula,fixed,0.0,14,2,2000,5.0339,40.02,False,0.0219443625912733,0.8996908122507125,0.0518255573069795,0.0329315574903261,0.1728260817913239,0.8556701030927835,0.8975,0.9795894280619684,0.4633773891274025,0.898414674587994,0,,ok,,2026-07-20T22:35:19.433604+00:00,False,20000
adult,gaussian_copula,fixed,0.0,14,3,2000,5.027,39.65,False,0.0416799164738469,1.0742857126591847,0.0559737112420481,0.0461584093421779,0.1523235308408477,0.8247422680412371,0.88575,0.9779976553677407,0.451052678784862,0.898414674587994,0,,ok,,2026-07-20T22:35:19.433604+00:00,False,20000
adult,gaussian_copula,fixed,0.0,14,4,2000,5.1664,39.65,False,0.0145861471849901,0.9780813014461612,0.062873246448852,0.0363339897733554,0.1875729096776614,0.8144329896907216,0.87725,0.9828047603492714,0.3910982823210047,0.898414674587994,0,,ok,,2026-07-20T22:35:19.433604+00:00,False,20000
adult,gaussian_copula,fixed,0.0,14,5,2000,4.7665,39.65,False,0.0552026415236947,1.1285063269525268,0.0765077378914134,0.0487485143725815,0.1906408218528457,0.7938144329896907,0.88425,0.978235330921057,0.3584878791602015,0.898414674587994,0,,ok,,2026-07-20T22:35:19.433604+00:00,False,20000
adult,gaussian_copula,fixed,0.0,14,6,2000,4.9872,39.65,False,0.0354117329360581,0.9907845569793388,0.0774538319892454,0.0475477819237147,0.1943937257150418,0.7525773195876289,0.8805,0.9822943485913348,0.4171396874155456,0.898414674587994,0,,ok,,2026-07-20T22:35:19.433604+00:00,False,20000
adult,gaussian_copula,fixed,0.0,14,7,2000,4.9011,39.65,False,0.0393407672526449,1.049318446827053,0.0676486010224426,0.0545970494748479,0.1732023240404623,0.7628865979381443,0.8845,0.9841932318909722,0.3989340707771391,0.898414674587994,0,,ok,,2026-07-20T22:35:19.433604+00:00,False,20000
adult,gaussian_copula,fixed,0.0,14,8,2000,5.0418,39.65,False,0.0391059937475199,1.0427091148473393,0.0724752272687368,0.0479101713653952,0.1869716807659121,0.7525773195876289,0.87875,0.9850977494445866,0.4448395280824708,0.898414674587994,0,,ok,,2026-07-20T22:35:19.433604+00:00,False,20000
adult,gaussian_copula,fresh,0.35,13,4,2000,5.4102,39.65,False,0.0340595095686962,1.0510510944377367,0.044016276542015,0.0300112285793255,0.1303599590716551,0.8762886597938144,0.8955,0.973312799727928,0.6711379300442437,0.8929911083725852,0,,ok,,2026-07-20T22:35:19.433604+00:00,False,20000
adult,gaussian_copula,fresh,0.35,13,3,2000,4.963,39.65,False,0.0479054441924153,1.216970875028296,0.0634899694960407,0.0361195066334991,0.1336725735709583,0.8762886597938144,0.90925,0.972052252032202,0.627526581847254,0.8929911083725852,0,,ok,,2026-07-20T22:35:19.433604+00:00,False,20000
adult,gaussian_copula,fresh,0.35,13,2,2000,4.8311,40.02,False,0.0348635406379431,1.062850248880855,0.0562645934776777,0.0264491086235489,0.1410543960612756,0.865979381443299,0.88175,0.9693503465050974,0.598385682288721,0.8929911083725852,0,,ok,,2026-07-20T22:35:19.433604+00:00,False,20000
adult,gaussian_copula,fresh,0.35,13,1,2000,4.8218,39.45,False,0.0259106573442848,1.1489474847516843,0.0434139499826377,0.0292845149253731,0.1186798373755266,0.865979381443299,0.902,0.96882263223418,0.5841863726227725,0.8929911083725852,0,,ok,,2026-07-20T22:35:19.433604+00:00,False,20000
adult,gaussian_copula,fresh,0.1,13,9,2000,5.0275,39.65,False,0.0254482255654862,1.0317746670379702,0.0478573694182029,0.0397769485903814,0.141598650924497,0.8556701030927835,0.88025,0.9783113911031212,0.5094283980030325,0.8929911083725852,0,,ok,,2026-07-20T22:35:19.433604+00:00,False,20000
adult,gaussian_copula,fresh,0.1,13,10,2000,5.3714,39.65,False,0.0209504367158132,1.1895404148097355,0.0538918071656123,0.0427074350469872,0.1447673889625549,0.8350515463917526,0.89975,0.9811654158693532,0.498114713782016,0.8929911083725852,0,,ok,,2026-07-20T22:35:19.433604+00:00,False,20000
adult,gaussian_copula,fresh,0.1,13,11,2000,5.2064,39.65,False,0.0358698057871658,1.0015558232545625,0.0609684351373122,0.0419818269762299,0.15142063222654,0.8556701030927835,0.88075,0.9786754290012406,0.5304030677025917,0.8929911083725852,0,,ok,,2026-07-20T22:35:19.433604+00:00,False,20000
adult,gaussian_copula,fresh,0.1,13,12,2000,5.1527,39.65,False,0.0270334148269351,0.8215879874529426,0.057169327198893,0.0382139303482587,0.1607202714591666,0.845360824742268,0.8755,0.978410593677548,0.5014254219323662,0.8929911083725852,0,,ok,,2026-07-20T22:35:19.433604+00:00,False,20000
adult,gaussian_copula,fresh,0.2,13,0,2000,8.0156,39.26,True,0.0326146276499446,1.181436795377732,0.0410430941747861,0.0254267551133222,0.0778516292826968,0.8865979381443299,0.91825,0.9658273928620016,0.7506439345710286,0.8929911083725852,0,,ok,,2026-07-20T22:35:19.433604+00:00,False,20000
adult,gaussian_copula,fresh,0.2,13,1,2000,5.1245,39.45,False,0.0440279345506376,1.1626089014621772,0.0520122409392332,0.0265267067440574,0.1154587988481674,0.9175257731958762,0.9115,0.9773023463460854,0.6062303546357454,0.8929911083725852,0,,ok,,2026-07-20T22:35:19.433604+00:00,False,20000
adult,gaussian_copula,fresh,0.2,13,2,2000,5.2166,40.02,False,0.0449533939742863,1.0991584655405586,0.0526770794783977,0.0315029021558872,0.1271320747833812,0.8247422680412371,0.90125,0.9711091806996628,0.5457853116960653,0.8929911083725852,0,,ok,,2026-07-20T22:35:19.433604+00:00,False,20000
adult,gaussian_copula,fresh,0.2,13,3,2000,4.8653,39.65,False,0.0447721176391225,1.0960863114577954,0.0588090697120482,0.0362404297954671,0.1314084151764555,0.8865979381443299,0.906,0.9744960778656824,0.6122565830287132,0.8929911083725852,0,,ok,,2026-07-20T22:35:19.433604+00:00,False,20000
adult,gaussian_copula,fresh,0.01,13,5,2000,4.8414,39.65,False,0.0592846781372987,1.0444050073895603,0.0751425295476275,0.0482078841901603,0.1332299971753119,0.8350515463917526,0.89975,0.9810143833810412,0.4501808445479069,0.8929911083725852,0,,ok,,2026-07-20T22:35:19.433604+00:00,False,20000
adult,gaussian_copula,fresh,0.2,13,4,2000,4.8852,39.65,False,0.0321212718889587,0.9401280598522362,0.0561976669264833,0.0338006495301271,0.115153107858346,0.865979381443299,0.88125,0.9711108873259432,0.6016504630179029,0.8929911083725852,0,,ok,,2026-07-20T22:35:19.433604+00:00,False,20000
adult,gaussian_copula,fresh,0.2,13,6,2000,4.8989,39.65,False,0.0262238490010873,1.005213220187709,0.0449331496588968,0.0345073935876174,0.1030781070215691,0.845360824742268,0.9015,0.9754537044591416,0.5611367734993339,0.8929911083725852,0,,ok,,2026-07-20T22:35:19.433604+00:00,False,20000
adult,gaussian_copula,fresh,0.2,13,7,2000,5.1676,39.65,False,0.0446414661869848,1.1633924460275973,0.0558066123188392,0.0326648009950248,0.1437074845288202,0.8350515463917526,0.9,0.9748000002187002,0.5377174274926985,0.8929911083725852,0,,ok,,2026-07-20T22:35:19.433604+00:00,False,20000
adult,gaussian_copula,fresh,0.2,13,8,2000,5.0971,39.65,False,0.0387490297368691,1.222331141437191,0.0566147655320403,0.0321790008291873,0.1274298120528391,0.8350515463917526,0.90025,0.9758390037482124,0.574012711241551,0.8929911083725852,0,,ok,,2026-07-20T22:35:19.433604+00:00,False,20000
adult,gaussian_copula,fresh,0.2,13,9,2000,5.2035,39.65,False,0.0473473748209865,1.228096334525717,0.063482388577219,0.0292649253731343,0.1503117223666284,0.8247422680412371,0.887,0.9770695319214164,0.5499977839445603,0.8929911083725852,0,,ok,,2026-07-20T22:35:19.433604+00:00,False,20000
adult,gaussian_copula,fresh,0.2,13,10,2000,5.2721,39.65,False,0.0356702591309812,1.0675513179890064,0.0496740376889854,0.0307797125483692,0.114083355092306,0.8247422680412371,0.9005,0.971989512985132,0.5936862351355459,0.8929911083725852,0,,ok,,2026-07-20T22:35:19.433604+00:00,False,20000
adult,gaussian_copula,fresh,0.2,13,11,2000,4.8938,39.65,False,0.0238085008169059,1.0796046896409752,0.0388026530893669,0.0290365187949143,0.1377184132907825,0.8144329896907216,0.89075,0.9740650427922984,0.5175123781120335,0.8929911083725852,0,,ok,,2026-07-20T22:35:19.433604+00:00,False,20000
adult,gaussian_copula,fresh,0.2,13,12,2000,4.8433,39.65,False,0.0303533273137955,1.0947376191473677,0.0491570643591418,0.0340009673852957,0.1196849477358961,0.8350515463917526,0.9,0.9736095772005852,0.5068413171866376,0.8929911083725852,0,,ok,,2026-07-20T22:35:19.433604+00:00,False,20000
adult,gaussian_copula,fresh,0.35,13,0,2000,8.0156,39.26,True,0.0326146276499446,1.181436795377732,0.0410430941747861,0.0254267551133222,0.0778516292826968,0.8865979381443299,0.91825,0.9658273928620016,0.7506439345710286,0.8929911083725852,0,,ok,,2026-07-20T22:35:19.433604+00:00,False,20000
adult,gaussian_copula,fresh,0.2,13,5,2000,5.0404,39.65,False,0.0301614898840988,0.9430921823181108,0.0499991407471822,0.0387431246545052,0.1348193448777699,0.845360824742268,0.8965,0.9748369992464586,0.5774953603797873,0.8929911083725852,0,,ok,,2026-07-20T22:35:19.433604+00:00,False,20000
adult,gaussian_copula,fixed,0.0,14,9,2000,5.6125,39.65,False,0.0359504792240774,0.950197996409924,0.0774372399929295,0.0531242053620784,0.1675742047586517,0.7422680412371134,0.88225,0.9823506425085694,0.3686001072885538,0.898414674587994,0,,ok,,2026-07-20T22:35:19.433604+00:00,False,20000
adult,gaussian_copula,fresh,0.01,13,4,2000,4.8505,39.65,False,0.0447434716427597,1.011716829411648,0.066189074981115,0.04347726644555,0.1538727983497493,0.8247422680412371,0.90375,0.981554645911373,0.3784590953537185,0.8929911083725852,0,,ok,,2026-07-20T22:35:19.433604+00:00,False,20000
adult,gaussian_copula,fresh,0.01,13,2,2000,5.0766,40.02,False,0.0470571917144471,1.1765498958876706,0.056682644283863,0.0383934494195688,0.1267387879135664,0.8556701030927835,0.916,0.976217836532432,0.4821984856604822,0.8929911083725852,0,,ok,,2026-07-20T22:35:19.433604+00:00,False,20000
adult,gaussian_copula,fixed,0.05,13,7,2000,5.6585,39.65,False,0.0363107515042907,0.8652136361398545,0.0626925122780166,0.0425814676616915,0.188806162768287,0.7938144329896907,0.90775,0.9814551485867252,0.43227088773214,0.8929911083725852,0,,ok,,2026-07-20T22:35:19.433604+00:00,False,20000
adult,gaussian_copula,fixed,0.05,13,8,2000,5.5619,39.65,False,0.0560782168244438,0.8728266377496543,0.0820113053102838,0.0458608692647871,0.1587564617340619,0.7835051546391752,0.90425,0.9847950848425124,0.4959401274271215,0.8929911083725852,0,,ok,,2026-07-20T22:35:19.433604+00:00,False,20000
adult,gaussian_copula,fixed,0.05,13,9,2000,4.7346,39.65,False,0.0639547641439647,0.8316160266329516,0.0850321199068006,0.0469571586511885,0.160132865893439,0.7731958762886598,0.88675,0.9809809112309288,0.4351686096927117,0.8929911083725852,0,,ok,,2026-07-20T22:35:19.433604+00:00,False,20000
adult,gaussian_copula,fixed,0.05,13,10,2000,4.9001,39.65,False,0.0861746389693933,0.8285597004148757,0.1031617821614633,0.0464327667219458,0.1380965979468827,0.7525773195876289,0.8865,0.9827265784156154,0.5086912317504885,0.8929911083725852,0,,ok,,2026-07-20T22:35:19.433604+00:00,False,20000
adult,gaussian_copula,fixed,0.05,13,11,2000,5.1822,39.65,False,0.0576990851339839,0.8106341664642688,0.0876213191903388,0.0598331605859591,0.1577710612402473,0.7628865979381443,0.8805,0.9821639272434864,0.4703139376905529,0.8929911083725852,0,,ok,,2026-07-20T22:35:19.433604+00:00,False,20000
adult,gaussian_copula,fixed,0.05,13,12,2000,5.3817,39.65,False,0.0728638652687361,0.8415970194432458,0.1005043256300993,0.0598023079049198,0.1418204537541312,0.7628865979381443,0.876,0.9830818806821808,0.3571872578648004,0.8929911083725852,0,,ok,,2026-07-20T22:35:19.433604+00:00,False,20000
adult,gaussian_copula,fixed,0.1,13,0,2000,8.0156,39.26,True,0.0326146276499446,1.181436795377732,0.0410430941747861,0.0254267551133222,0.0778516292826968,0.8865979381443299,0.91825,0.9658273928620016,0.7506439345710286,0.8929911083725852,0,,ok,,2026-07-20T22:35:19.433604+00:00,False,20000
adult,gaussian_copula,fixed,0.1,13,1,2000,4.9786,39.45,False,0.0331013734824466,0.9666296241570134,0.0425319485109945,0.0390836788280818,0.1273810105762515,0.8144329896907216,0.902,0.9711704144956034,0.5580098078155424,0.8929911083725852,0,,ok,,2026-07-20T22:35:19.433604+00:00,False,20000
adult,gaussian_copula,fixed,0.1,13,2,2000,5.2778,40.02,False,0.0437277508357447,0.8838702190404919,0.0662762841194279,0.0338309494195688,0.1464057771909597,0.845360824742268,0.8905,0.9743623467653508,0.507455551369673,0.8929911083725852,0,,ok,,2026-07-20T22:35:19.433604+00:00,False,20000
adult,gaussian_copula,fixed,0.1,13,3,2000,5.0171,39.65,False,0.0316009955674209,0.9732092180036994,0.0477346296970042,0.0413480168601437,0.1421270836651946,0.8247422680412371,0.89475,0.9732201210333958,0.5229422712312863,0.8929911083725852,0,,ok,,2026-07-20T22:35:19.433604+00:00,False,20000
adult,gaussian_copula,fixed,0.1,13,4,2000,4.8927,39.65,False,0.027085721406591,0.950949105191334,0.0441955314586292,0.0406080016583747,0.1507321063509162,0.7835051546391752,0.897,0.97350692424857,0.4869951638851674,0.8929911083725852,0,,ok,,2026-07-20T22:35:19.433604+00:00,False,20000
adult,gaussian_copula,fixed,0.1,13,5,2000,5.2086,39.65,False,0.032958823232812,0.9109486761621346,0.0527687003858673,0.0589091348811498,0.1391638164870172,0.7628865979381443,0.8925,0.9771419088507172,0.4568692998038463,0.8929911083725852,0,,ok,,2026-07-20T22:35:19.433604+00:00,False,20000
adult,gaussian_copula,fixed,0.1,13,6,2000,5.1145,39.65,False,0.0528398336156824,1.0663372681409578,0.0761701359851293,0.0514271351575456,0.1213095667538312,0.7422680412371134,0.8745,0.9767655150683276,0.5493184449375131,0.8929911083725852,0,,ok,,2026-07-20T22:35:19.433604+00:00,False,20000
adult,gaussian_copula,fixed,0.1,13,7,2000,5.545,39.65,False,0.041375166729007,1.100128516170651,0.066909374311018,0.0576039593698175,0.1708265103389314,0.7216494845360825,0.87275,0.97407230917275,0.4782628236506353,0.8929911083725852,0,,ok,,2026-07-20T22:35:19.433604+00:00,False,20000
adult,gaussian_copula,fixed,0.1,13,8,2000,4.9123,39.65,False,0.0376789184568221,0.9233906141560656,0.0662902575619766,0.0596321517412935,0.1693830523943999,0.6907216494845361,0.874,0.9743376068717896,0.4815209824390063,0.8929911083725852,0,,ok,,2026-07-20T22:35:19.433604+00:00,False,20000
adult,gaussian_copula,fixed,0.1,13,9,2000,5.0497,39.65,False,0.0317579253353387,1.0650703074307517,0.0751622073588992,0.0568330914870094,0.1811591652637775,0.6907216494845361,0.8725,0.9730377156465462,0.5320873354005152,0.8929911083725852,0,,ok,,2026-07-20T22:35:19.433604+00:00,False,20000
adult,gaussian_copula,fixed,0.1,13,10,2000,5.0404,39.65,False,0.0403259031683712,1.0721775314190152,0.0800554329372109,0.0677009397457158,0.1745830493522119,0.6494845360824743,0.8535,0.9788154421062856,0.4951138600105977,0.8929911083725852,0,,ok,,2026-07-20T22:35:19.433604+00:00,False,20000
adult,gaussian_copula,fixed,0.05,13,6,2000,5.4219,39.65,False,0.0339987948105884,0.9630734038708456,0.056186709248965,0.03778634604754,0.1883444744124672,0.8247422680412371,0.91025,0.9823246167390436,0.3995297831950353,0.8929911083725852,0,,ok,,2026-07-20T22:35:19.433604+00:00,False,20000
adult,gaussian_copula,fixed,0.1,13,11,2000,5.2709,39.65,False,0.0483664803783727,0.9522637139633752,0.0765187889647938,0.0551140132669983,0.2113224882884925,0.6701030927835051,0.8695,0.9785865989345958,0.4580231565991968,0.8929911083725852,0,,ok,,2026-07-20T22:35:19.433604+00:00,False,20000
adult,gaussian_copula,fixed,0.05,13,5,2000,5.0291,39.65,False,0.0218106401176086,0.9439250288619452,0.053759535553384,0.0388050718629076,0.1414274842848181,0.8247422680412371,0.88625,0.9798182374836326,0.4709257787959685,0.8929911083725852,0,,ok,,2026-07-20T22:35:19.433604+00:00,False,20000
adult,gaussian_copula,fixed,0.05,13,3,2000,5.0596,39.65,False,0.0306977573252405,0.9185105754595422,0.0524131932746298,0.0358560668877833,0.1531027215304025,0.8247422680412371,0.89975,0.9814246273138266,0.5155332373567153,0.8929911083725852,0,,ok,,2026-07-20T22:35:19.433604+00:00,False,20000
adult,gaussian_copula,fixed,0.01,13,12,2000,5.3042,39.65,False,0.0574916728166025,0.8609712294991748,0.0916305931483654,0.0612900773908236,0.1988196941935356,0.7216494845360825,0.88075,0.9859379788249686,0.3506347818686802,0.8929911083725852,0,,ok,,2026-07-20T22:35:19.433604+00:00,False,20000
adult,gaussian_copula,fixed,0.02,13,0,2000,8.0156,39.26,True,0.0326146276499446,1.181436795377732,0.0410430941747861,0.0254267551133222,0.0778516292826968,0.8865979381443299,0.91825,0.9658273928620016,0.7506439345710286,0.8929911083725852,0,,ok,,2026-07-20T22:35:19.433604+00:00,False,20000
adult,gaussian_copula,fixed,0.02,13,1,2000,4.8804,39.45,False,0.0580787917153535,1.1991557628194556,0.0657406623990819,0.0296747512437811,0.1202641369612916,0.8762886597938144,0.89425,0.9774591332137148,0.5317349301345906,0.8929911083725852,0,,ok,,2026-07-20T22:35:19.433604+00:00,False,20000
adult,gaussian_copula,fixed,0.02,13,2,2000,4.6047,40.02,False,0.0411213468006754,1.0508677211709063,0.0570715093155846,0.0349641721945826,0.1601191728256879,0.8556701030927835,0.9035,0.975515569380556,0.4653605620546007,0.8929911083725852,0,,ok,,2026-07-20T22:35:19.433604+00:00,False,20000
adult,gaussian_copula,fixed,0.02,13,3,2000,5.1472,39.65,False,0.0643559452190098,1.125626389391829,0.0786003490166229,0.0436169499723604,0.1663797713897516,0.8247422680412371,0.90225,0.9790889343114728,0.4521808345822138,0.8929911083725852,0,,ok,,2026-07-20T22:35:19.433604+00:00,False,20000
adult,gaussian_copula,fixed,0.02,13,4,2000,5.0962,39.65,False,0.0433739915123653,1.0746862903634102,0.0651176667394298,0.0433865395245992,0.154923769154981,0.7938144329896907,0.9055,0.9774334505694462,0.4027182804773515,0.8929911083725852,0,,ok,,2026-07-20T22:35:19.433604+00:00,False,20000
adult,gaussian_copula,fixed,0.02,13,5,2000,4.8835,39.65,False,0.0316896139559101,0.9051228296130612,0.0550162786747399,0.0457621959646213,0.1816487810661247,0.7628865979381443,0.8875,0.9794397084496412,0.361766362717398,0.8929911083725852,0,,ok,,2026-07-20T22:35:19.433604+00:00,False,20000
adult,gaussian_copula,fixed,0.02,13,6,2000,5.6864,39.65,False,0.0592460518036555,1.1339227315813991,0.0805310824834231,0.0476773079049198,0.1821177946369297,0.7731958762886598,0.90325,0.9821277877163728,0.4455398147141623,0.8929911083725852,0,,ok,,2026-07-20T22:35:19.433604+00:00,False,20000
adult,gaussian_copula,fixed,0.02,13,7,2000,5.226,39.65,False,0.0500133026149463,0.9629209996816046,0.0702285304837108,0.0457214966832504,0.168937420517527,0.7525773195876289,0.9055,0.983504383749164,0.4102513282236427,0.8929911083725852,0,,ok,,2026-07-20T22:35:19.433604+00:00,False,20000
adult,gaussian_copula,fixed,0.02,13,8,2000,5.1755,39.65,False,0.0506754997793241,0.9997701280975771,0.0722888075226335,0.05620681315644,0.1812569439458354,0.7319587628865979,0.895,0.980294164590697,0.3997383743305775,0.8929911083725852,0,,ok,,2026-07-20T22:35:19.433604+00:00,False,20000
adult,gaussian_copula,fixed,0.02,13,9,2000,5.2729,39.65,False,0.055756794842235,0.8371185434212437,0.0756524592159507,0.054577494472084,0.2101675527926597,0.7319587628865979,0.89075,0.9830891481876334,0.4366290754603593,0.8929911083725852,0,,ok,,2026-07-20T22:35:19.433604+00:00,False,20000
adult,gaussian_copula,fixed,0.02,13,10,2000,5.1147,39.65,False,0.0628798374773781,1.0252102505020806,0.0825816352116496,0.0640007946379215,0.2090148211890895,0.7216494845360825,0.88525,0.983579356055412,0.4504495576609102,0.8929911083725852,0,,ok,,2026-07-20T22:35:19.433604+00:00,False,20000
adult,gaussian_copula,fixed,0.02,13,11,2000,4.8372,39.65,False,0.0681588542468666,0.8699898474507792,0.0992050065928071,0.0698471531232725,0.2066756243390276,0.7319587628865979,0.86625,0.9809239344381818,0.418741443108415,0.8929911083725852,0,,ok,,2026-07-20T22:35:19.433604+00:00,False,20000
adult,gaussian_copula,fixed,0.02,13,12,2000,4.9016,39.65,False,0.0671007282344225,0.8015287312533412,0.0964408333159113,0.055779539800995,0.2013947406132867,0.7319587628865979,0.86925,0.979250540682718,0.4193259113396868,0.8929911083725852,0,,ok,,2026-07-20T22:35:19.433604+00:00,False,20000
adult,gaussian_copula,fixed,0.05,13,0,2000,8.0156,39.26,True,0.0326146276499446,1.181436795377732,0.0410430941747861,0.0254267551133222,0.0778516292826968,0.8865979381443299,0.91825,0.9658273928620016,0.7506439345710286,0.8929911083725852,0,,ok,,2026-07-20T22:35:19.433604+00:00,False,20000
adult,gaussian_copula,fixed,0.05,13,1,2000,4.637,39.45,False,0.0270484653692798,0.955247059340258,0.0458958721892449,0.0298280818131564,0.1258835709965534,0.8865979381443299,0.8865,0.9763303996168824,0.517670452362479,0.8929911083725852,0,,ok,,2026-07-20T22:35:19.433604+00:00,False,20000
adult,gaussian_copula,fixed,0.05,13,2,2000,4.5983,40.02,False,0.0208111281060743,0.9358091888605988,0.0437847851240152,0.035628178551686,0.1243970474230596,0.8041237113402062,0.896,0.9769475930799316,0.5814937341360262,0.8929911083725852,0,,ok,,2026-07-20T22:35:19.433604+00:00,False,20000
adult,gaussian_copula,fixed,0.05,13,4,2000,4.818,39.65,False,0.0352486114423164,0.8966302774196654,0.0589626052491134,0.0412428828081813,0.1563505362416149,0.8247422680412371,0.8905,0.981136213097444,0.4417909111043129,0.8929911083725852,0,,ok,,2026-07-20T22:35:19.433604+00:00,False,20000
adult,gaussian_copula,fixed,0.1,13,12,2000,5.3,39.65,False,0.0222140020577337,1.0105685154535562,0.0638351834299206,0.059275221116639,0.2160754893422038,0.6597938144329897,0.87625,0.978966363219514,0.4586702710130901,0.8929911083725852,0,,ok,,2026-07-20T22:35:19.433604+00:00,False,20000
adult,gaussian_copula,fixed,0.2,13,0,2000,8.0156,39.26,True,0.0326146276499446,1.181436795377732,0.0410430941747861,0.0254267551133222,0.0778516292826968,0.8865979381443299,0.91825,0.9658273928620016,0.7506439345710286,0.8929911083725852,0,,ok,,2026-07-20T22:35:19.433604+00:00,False,20000
adult,gaussian_copula,fixed,0.2,13,1,2000,5.3397,39.45,False,0.0365951747786063,1.0497669956888662,0.0492308399980888,0.0321764787175234,0.1186450550846961,0.8556701030927835,0.89175,0.9723830000303458,0.5965420290649439,0.8929911083725852,0,,ok,,2026-07-20T22:35:19.433604+00:00,False,20000
adult,gaussian_copula,fixed,0.35,13,11,2000,4.3323,39.65,False,0.0390337886914755,0.9088622690970466,0.0571533406884936,0.0320219043670536,0.1278977146780165,0.7938144329896907,0.8975,0.9694469694525888,0.5615614956040148,0.8929911083725852,0,,ok,,2026-07-20T22:35:19.433604+00:00,False,20000
adult,gaussian_copula,fixed,0.35,13,12,2000,4.7176,39.65,False,0.0329360137234483,1.00237617518183,0.0544880904231841,0.0411199212271973,0.139543564750976,0.8247422680412371,0.89775,0.9755853014328724,0.619616837458103,0.8929911083725852,0,,ok,,2026-07-20T22:35:19.433604+00:00,False,20000
adult,gaussian_copula,fresh,0.0,13,0,2000,8.0156,39.26,True,0.0326146276499446,1.181436795377732,0.0410430941747861,0.0254267551133222,0.0778516292826968,0.8865979381443299,0.91825,0.9658273928620016,0.7506439345710286,0.8929911083725852,0,,ok,,2026-07-20T22:35:19.433604+00:00,False,20000
adult,gaussian_copula,fresh,0.0,13,1,2000,4.6985,39.45,False,0.0323550100171545,0.9862457866207228,0.0471138944390001,0.0316095218352681,0.0835960629514957,0.8247422680412371,0.89575,0.9753895850360362,0.5688264203112365,0.8929911083725852,0,,ok,,2026-07-20T22:35:19.433604+00:00,False,20000
adult,gaussian_copula,fresh,0.0,13,2,2000,4.6869,40.02,False,0.0374119348033009,0.9159998169366084,0.0493293503972385,0.0373774530127142,0.1412924795614847,0.8247422680412371,0.8935,0.9733412127492448,0.4487142157858415,0.8929911083725852,0,,ok,,2026-07-20T22:35:19.433604+00:00,False,20000
adult,gaussian_copula,fresh,0.0,13,3,2000,5.172,39.65,False,0.030748023899156,0.9295396198460668,0.0445399879828674,0.0489786484245439,0.1493860822231222,0.7835051546391752,0.8995,0.9789745532256584,0.3945276608957873,0.8929911083725852,0,,ok,,2026-07-20T22:35:19.433604+00:00,False,20000
adult,gaussian_copula,fresh,0.0,13,4,2000,5.235,39.65,False,0.0414670562097151,0.9427470411827948,0.0598942506515172,0.0551096254836926,0.1502151800735997,0.7938144329896907,0.90025,0.9772273014772828,0.3976928174758394,0.8929911083725852,0,,ok,,2026-07-20T22:35:19.433604+00:00,False,20000
adult,gaussian_copula,fresh,0.0,13,5,2000,5.2201,39.65,False,0.0297381101486194,0.9267400427276952,0.0474973318285014,0.0408140547263681,0.1748953406667201,0.7731958762886598,0.88725,0.9800212101359128,0.4200700273518937,0.8929911083725852,0,,ok,,2026-07-20T22:35:19.433604+00:00,False,20000
adult,gaussian_copula,fresh,0.0,13,6,2000,5.1718,39.65,False,0.042240817922084,1.0308059777674206,0.0618136218055286,0.050125898286346,0.1429988389073097,0.7319587628865979,0.894,0.9848331053710372,0.3633481542421792,0.8929911083725852,0,,ok,,2026-07-20T22:35:19.433604+00:00,False,20000
adult,gaussian_copula,fresh,0.0,13,7,2000,5.3975,39.65,False,0.0472538998499744,1.006691236159657,0.0637500277198209,0.0563389303482587,0.1720406995361936,0.7216494845360825,0.88475,0.9821855745097272,0.4177811633451841,0.8929911083725852,0,,ok,,2026-07-20T22:35:19.433604+00:00,False,20000
adult,gaussian_copula,fresh,0.0,13,8,2000,5.0722,39.65,False,0.0518126918949171,0.8905063013415476,0.0631869929338417,0.0605991915422885,0.1744615607988444,0.7010309278350515,0.896,0.9814768656030184,0.3313194000705204,0.8929911083725852,0,,ok,,2026-07-20T22:35:19.433604+00:00,False,20000
adult,gaussian_copula,fresh,0.0,13,9,2000,5.2487,39.65,False,0.0439503104320023,0.9809082220198184,0.0721993081531394,0.0597104754007739,0.1791839683832108,0.6804123711340206,0.89825,0.9862241857896952,0.3000985226777869,0.8929911083725852,0,,ok,,2026-07-20T22:35:19.433604+00:00,False,20000
adult,gaussian_copula,fresh,0.0,13,10,2000,5.1304,39.65,False,0.0448780712336966,0.9855786178573036,0.066871739869922,0.0669616846323935,0.1909399499084044,0.6701030927835051,0.8815,0.9855601585415088,0.3680603535486981,0.8929911083725852,0,,ok,,2026-07-20T22:35:19.433604+00:00,False,20000
adult,gaussian_copula,fresh,0.0,13,11,2000,5.0453,39.65,False,0.0475921646984103,0.9965145671672896,0.0751803224671448,0.0670706191265892,0.2042977215723186,0.6701030927835051,0.89325,0.984794179216833,0.3252521287572794,0.8929911083725852,0,,ok,,2026-07-20T22:35:19.433604+00:00,False,20000
adult,gaussian_copula,fresh,0.0,13,12,2000,5.7476,39.65,False,0.0607385242512166,1.0254163076824792,0.0815264238297341,0.0699112423991155,0.1851184253082429,0.6597938144329897,0.884,0.9874561089639458,0.3015392865324279,0.8929911083725852,0,,ok,,2026-07-20T22:35:19.433604+00:00,False,20000
adult,gaussian_copula,fresh,0.01,13,0,2000,8.0156,39.26,True,0.0326146276499446,1.181436795377732,0.0410430941747861,0.0254267551133222,0.0778516292826968,0.8865979381443299,0.91825,0.9658273928620016,0.7506439345710286,0.8929911083725852,0,,ok,,2026-07-20T22:35:19.433604+00:00,False,20000
adult,gaussian_copula,fresh,0.01,13,1,2000,4.8353,39.45,False,0.0552295946375566,1.1970351731013962,0.0626290882791092,0.0383304311774461,0.1115196311325624,0.865979381443299,0.8865,0.9785601085397214,0.5124604601291632,0.8929911083725852,0,,ok,,2026-07-20T22:35:19.433604+00:00,False,20000
adult,gaussian_copula,fixed,0.35,13,10,2000,4.6226,39.65,False,0.0466646630894725,0.958483227454844,0.0737776585990784,0.0338025152017689,0.109437671130779,0.7938144329896907,0.89825,0.9671627812388768,0.5493212969615258,0.8929911083725852,0,,ok,,2026-07-20T22:35:19.433604+00:00,False,20000
adult,gaussian_copula,fixed,0.35,13,9,2000,4.8507,39.65,False,0.0427861007444611,1.0586898912215483,0.0627262390579409,0.0359653123272526,0.1315366644048422,0.8144329896907216,0.901,0.9677481304280348,0.5805794801396194,0.8929911083725852,0,,ok,,2026-07-20T22:35:19.433604+00:00,False,20000
adult,gaussian_copula,fixed,0.35,13,8,2000,5.137,39.65,False,0.0310513888168417,0.9377511209945294,0.0548320912511539,0.036172712824765,0.1264056988333683,0.8041237113402062,0.886,0.9725625107900236,0.6318319251765272,0.8929911083725852,0,,ok,,2026-07-20T22:35:19.433604+00:00,False,20000
adult,gaussian_copula,fixed,0.35,13,7,2000,4.5352,39.65,False,0.0405530012255636,1.0776218089937009,0.0529414242596592,0.0322066058595909,0.1302300152476977,0.8144329896907216,0.90475,0.9739561989606385,0.6321111940565656,0.8929911083725852,0,,ok,,2026-07-20T22:35:19.433604+00:00,False,20000
adult,gaussian_copula,fixed,0.2,13,2,2000,4.3668,40.02,False,0.037066056930041,1.075134160650966,0.0513109056238875,0.0335779781647319,0.1235073903351689,0.865979381443299,0.89825,0.9690100866248176,0.5555622467025685,0.8929911083725852,0,,ok,,2026-07-20T22:35:19.433604+00:00,False,20000
adult,gaussian_copula,fixed,0.2,13,3,2000,5.0228,39.65,False,0.0446089371927561,1.1697305028305451,0.060874461771165,0.044734072692095,0.1685182536278802,0.8247422680412371,0.89375,0.975575560050564,0.4818789278435302,0.8929911083725852,0,,ok,,2026-07-20T22:35:19.433604+00:00,False,20000
adult,gaussian_copula,fixed,0.2,13,4,2000,5.0043,39.65,False,0.04072834009462,1.1108431884267571,0.063667753965947,0.0479865948037589,0.1449629991582804,0.8041237113402062,0.902,0.9722890737098776,0.5780978914298055,0.8929911083725852,0,,ok,,2026-07-20T22:35:19.433604+00:00,False,20000
adult,gaussian_copula,fixed,0.2,13,5,2000,4.5409,39.65,False,0.0422905496003004,1.0048689480740902,0.058455888648616,0.0451894693200663,0.1431754487051716,0.7835051546391752,0.90475,0.9742104930264224,0.4918418344847861,0.8929911083725852,0,,ok,,2026-07-20T22:35:19.433604+00:00,False,20000
adult,gaussian_copula,fixed,0.2,13,6,2000,4.7957,39.65,False,0.0558873364345973,1.0732381289882786,0.0634255720379336,0.0483922401879491,0.1593649864585467,0.7835051546391752,0.8865,0.975248887930478,0.5921626314569987,0.8929911083725852,0,,ok,,2026-07-20T22:35:19.433604+00:00,False,20000
adult,gaussian_copula,fixed,0.2,13,7,2000,5.1106,39.65,False,0.053110096667098,0.9230133988695696,0.0715435038121029,0.0429545328911,0.1669044659058004,0.7731958762886598,0.89075,0.978341560813256,0.5360266361996198,0.8929911083725852,0,,ok,,2026-07-20T22:35:19.433604+00:00,False,20000
adult,gaussian_copula,fixed,0.2,13,8,2000,4.9048,39.65,False,0.0533852729139475,0.8644917053682608,0.0663318202996234,0.0468375483692647,0.144299935191276,0.7835051546391752,0.892,0.9758570442617476,0.4937779981886041,0.8929911083725852,0,,ok,,2026-07-20T22:35:19.433604+00:00,False,20000
adult,gaussian_copula,fixed,0.2,13,9,2000,4.9347,39.65,False,0.0599718390269629,0.8322802136225521,0.0793413188316782,0.0437909756771697,0.1468666535667682,0.7731958762886598,0.8865,0.9710390200220248,0.5562936761252021,0.8929911083725852,0,,ok,,2026-07-20T22:35:19.433604+00:00,False,20000
adult,gaussian_copula,fresh,0.01,13,3,2000,5.2199,39.65,False,0.0501883471075426,1.1143405913518072,0.0717144523760279,0.0387617122719734,0.153042047477371,0.845360824742268,0.90375,0.9785951568160164,0.4117665069576929,0.8929911083725852,0,,ok,,2026-07-20T22:35:19.433604+00:00,False,20000
adult,gaussian_copula,fixed,0.2,13,10,2000,5.0107,39.65,False,0.0551834271292847,0.8107239182490072,0.0685836225381955,0.0422590174129353,0.1416108828552478,0.7731958762886598,0.883,0.9723718433969756,0.572330180983543,0.8929911083725852,0,,ok,,2026-07-20T22:35:19.433604+00:00,False,20000
adult,gaussian_copula,fixed,0.2,13,12,2000,5.1072,39.65,False,0.0533701913577119,0.786428879314303,0.0705485411945697,0.0485301271420674,0.1590234600210395,0.7628865979381443,0.883,0.9792883620860936,0.5011969321925063,0.8929911083725852,0,,ok,,2026-07-20T22:35:19.433604+00:00,False,20000
adult,gaussian_copula,fixed,0.35,13,0,2000,8.0156,39.26,True,0.0326146276499446,1.181436795377732,0.0410430941747861,0.0254267551133222,0.0778516292826968,0.8865979381443299,0.91825,0.9658273928620016,0.7506439345710286,0.8929911083725852,0,,ok,,2026-07-20T22:35:19.433604+00:00,False,20000
adult,gaussian_copula,fixed,0.35,13,1,2000,5.1371,39.45,False,0.0116673936651252,0.948786888005653,0.0330252022571623,0.0220476091763405,0.1405962831418346,0.8762886597938144,0.89975,0.970516017254642,0.6298374097170492,0.8929911083725852,0,,ok,,2026-07-20T22:35:19.433604+00:00,False,20000
adult,gaussian_copula,fixed,0.35,13,2,2000,5.0313,40.02,False,0.0156706087044174,0.9254114216690668,0.0399585472153058,0.0275449488667772,0.1145713571961622,0.865979381443299,0.90775,0.9736514553570044,0.5815402188492431,0.8929911083725852,0,,ok,,2026-07-20T22:35:19.433604+00:00,False,20000
adult,gaussian_copula,fixed,0.35,13,3,2000,5.091,39.65,False,0.0117947608182259,0.996255291759086,0.0371514830168032,0.0255049405749032,0.1227344946980885,0.8247422680412371,0.90875,0.9780131466293632,0.586771814344907,0.8929911083725852,0,,ok,,2026-07-20T22:35:19.433604+00:00,False,20000
adult,gaussian_copula,fixed,0.35,13,4,2000,5.2252,39.65,False,0.0323450760860477,1.0516002238203004,0.0496534055915759,0.0336010572139303,0.1429482701563136,0.8556701030927835,0.9005,0.9720593271625102,0.6279355030832674,0.8929911083725852,0,,ok,,2026-07-20T22:35:19.433604+00:00,False,20000
adult,gaussian_copula,fixed,0.35,13,5,2000,5.1954,39.65,False,0.0281674331587857,1.0072577869350396,0.0520897356663274,0.031886815920398,0.1264102910923365,0.8350515463917526,0.894,0.9747093139006628,0.5588972462298537,0.8929911083725852,0,,ok,,2026-07-20T22:35:19.433604+00:00,False,20000
adult,gaussian_copula,fixed,0.35,13,6,2000,4.8059,39.65,False,0.0389891804558975,0.9401464729348836,0.0606970795065536,0.032150670259812,0.1348458691519861,0.8350515463917526,0.884,0.9742017562698676,0.6156751763632642,0.8929911083725852,0,,ok,,2026-07-20T22:35:19.433604+00:00,False,20000
adult,gaussian_copula,fixed,0.2,13,11,2000,4.9918,39.65,False,0.0615219659414474,0.8074305617743708,0.0758970301918288,0.0461057213930348,0.143573381110943,0.7628865979381443,0.883,0.974997818117113,0.5408975981761732,0.8929911083725852,0,,ok,,2026-07-20T22:35:19.433604+00:00,False,20000
adult,gaussian_copula,fixed,0.0,14,10,2000,5.5796,39.65,False,0.0276079723257562,0.9621165561942938,0.0721548644632413,0.061317025981205,0.1642533531020212,0.7525773195876289,0.87425,0.9830699466732276,0.4175566074315485,0.898414674587994,0,,ok,,2026-07-20T22:35:19.433604+00:00,False,20000
adult,gaussian_copula,fixed,0.0,14,11,2000,5.9218,39.65,False,0.0452184531407493,0.9424348506398909,0.08051787300101,0.0514666943062465,0.1781924945979779,0.7422680412371134,0.872,0.9891941205178888,0.3551108204742018,0.898414674587994,0,,ok,,2026-07-20T22:35:19.433604+00:00,False,20000
adult,gaussian_copula,fixed,0.0,14,12,2000,6.2827,39.65,False,0.0403553301876561,0.8031986304807579,0.0881825462056098,0.0627140339966832,0.1981319557193852,0.7216494845360825,0.858,0.9841964280183704,0.359856949031905,0.898414674587994,0,,ok,,2026-07-20T22:35:19.433604+00:00,False,20000
adult,gaussian_copula,fresh,0.02,14,3,2000,5.0863,39.65,False,0.0092893471906271,0.983188721531392,0.0436451341256221,0.0395932144831398,0.1397369977678661,0.8247422680412371,0.891,0.9731949626395208,0.4491143186947354,0.898414674587994,0,,ok,,2026-07-20T22:35:19.433604+00:00,False,20000
adult,gaussian_copula,fresh,0.02,14,4,2000,5.0642,39.65,False,0.0205262958751843,0.9100726368494724,0.0635385231770985,0.0462458540630182,0.1478578547195559,0.8041237113402062,0.88825,0.9768940295397456,0.4363178770241338,0.898414674587994,0,,ok,,2026-07-20T22:35:19.433604+00:00,False,20000
adult,gaussian_copula,fresh,0.02,14,5,2000,5.0288,39.65,False,0.0382768421463913,0.9893942873680602,0.0639301406673189,0.0459595080154781,0.1428484659061693,0.7835051546391752,0.89325,0.9773273314898304,0.462607080388919,0.898414674587994,0,,ok,,2026-07-20T22:35:19.433604+00:00,False,20000
adult,gaussian_copula,fresh,0.02,14,6,2000,5.0519,39.65,False,0.0337440423887727,1.016660672068975,0.0657497740643186,0.0487414317302377,0.1698125622602245,0.7628865979381443,0.87475,0.979222504536684,0.4278722799394663,0.898414674587994,0,,ok,,2026-07-20T22:35:19.433604+00:00,False,20000
adult,gaussian_copula,fresh,0.02,14,7,2000,5.2015,39.65,False,0.0463620195465433,0.982493740051027,0.0712172595810185,0.056861802100608,0.1863387240623384,0.7731958762886598,0.8775,0.9799088765516348,0.4022449428369155,0.898414674587994,0,,ok,,2026-07-20T22:35:19.433604+00:00,False,20000
adult,gaussian_copula,fresh,0.02,14,8,2000,5.215,39.65,False,0.0574841522402357,0.8853816407783962,0.0742995488951747,0.0515640547263681,0.1925916799564382,0.7731958762886598,0.875,0.9820337038957864,0.4664198103292573,0.898414674587994,0,,ok,,2026-07-20T22:35:19.433604+00:00,False,20000
adult,gaussian_copula,fresh,0.02,14,9,2000,5.1846,39.65,False,0.043463414733841,0.8479716177179449,0.0779103201801847,0.0536692233278054,0.1596855118486885,0.7628865979381443,0.8675,0.9813833870328862,0.4268225711934035,0.898414674587994,0,,ok,,2026-07-20T22:35:19.433604+00:00,False,20000
adult,gaussian_copula,fresh,0.02,14,10,2000,4.928,39.65,False,0.0529027162879345,0.8651248911619335,0.0763181485605456,0.0580498203427307,0.1939017902262038,0.7731958762886598,0.86825,0.9809174549958208,0.4539560720115739,0.898414674587994,0,,ok,,2026-07-20T22:35:19.433604+00:00,False,20000
adult,gaussian_copula,fresh,0.02,14,11,2000,4.9924,39.65,False,0.0538105676305535,0.7664824991510081,0.0944361605302021,0.0656114220563847,0.1958352467160565,0.7216494845360825,0.86175,0.9865546131625984,0.5140654940105529,0.898414674587994,0,,ok,,2026-07-20T22:35:19.433604+00:00,False,20000
adult,gaussian_copula,fresh,0.02,14,12,2000,5.1244,39.65,False,0.059667398453155,0.8589905913392676,0.1036031130238726,0.0666264856274184,0.2049569789277078,0.7319587628865979,0.853,0.9866805097570523,0.418785993690405,0.898414674587994,0,,ok,,2026-07-20T22:35:19.433604+00:00,False,20000
adult,gaussian_copula,fresh,0.05,14,0,2000,6.7689,39.26,True,0.0288333852681195,1.0548176575302362,0.0415494395292525,0.0296690160309563,0.1163796484521149,0.8969072164948454,0.90425,0.966527880262542,0.7099466992772118,0.898414674587994,0,,ok,,2026-07-20T22:35:19.433604+00:00,False,20000
adult,gaussian_copula,fresh,0.05,14,1,2000,5.0203,39.45,False,0.0106596803064848,0.9786305112806774,0.0375288476980568,0.0233141238253178,0.1113127854088105,0.865979381443299,0.90625,0.9775552319108126,0.5882178888649509,0.898414674587994,0,,ok,,2026-07-20T22:35:19.433604+00:00,False,20000
adult,gaussian_copula,fresh,0.05,14,2,2000,4.8903,40.02,False,0.0318420592555739,1.0958992772427785,0.0451370068062509,0.0375699281370923,0.1358712574382221,0.8865979381443299,0.91625,0.9759285380653856,0.4986571228545731,0.898414674587994,0,,ok,,2026-07-20T22:35:19.433604+00:00,False,20000
adult,gaussian_copula,fresh,0.05,14,3,2000,5.0275,39.65,False,0.0369087816926347,1.0853765540683165,0.0571738695517778,0.0327820619126589,0.1325594624639948,0.8247422680412371,0.90125,0.9778281154905436,0.4545640120726504,0.898414674587994,0,,ok,,2026-07-20T22:35:19.433604+00:00,False,20000
adult,gaussian_copula,fresh,0.05,14,4,2000,4.7086,39.65,False,0.0259908262879656,1.09204751495033,0.0479822785811512,0.0343350608070757,0.1527202442426656,0.8247422680412371,0.90425,0.9771308725924372,0.4535136804707688,0.898414674587994,0,,ok,,2026-07-20T22:35:19.433604+00:00,False,20000
adult,gaussian_copula,fresh,0.05,14,5,2000,5.0137,39.65,False,0.0411557677004465,0.9464635928227948,0.0641242769753472,0.0336826630735212,0.1284179744444896,0.7938144329896907,0.896,0.9730014883693666,0.4039943809226212,0.898414674587994,0,,ok,,2026-07-20T22:35:19.433604+00:00,False,20000
adult,gaussian_copula,fresh,0.05,14,6,2000,4.8553,39.65,False,0.053118387115495,0.9385808677527058,0.0749165245789921,0.0356230997788833,0.143994556731461,0.8041237113402062,0.89575,0.9762054052731054,0.4744903498653254,0.898414674587994,0,,ok,,2026-07-20T22:35:19.433604+00:00,False,20000
adult,gaussian_copula,fresh,0.02,14,2,2000,5.1316,40.02,False,0.023831131437151,0.978588075808386,0.0513282289172551,0.0314762990602542,0.1429564128462816,0.8247422680412371,0.8925,0.972991098986572,0.536406840504196,0.898414674587994,0,,ok,,2026-07-20T22:35:19.433604+00:00,False,20000
adult,gaussian_copula,fresh,0.05,14,7,2000,5.1855,39.65,False,0.0485733015425064,0.8550578756968288,0.0730732778203722,0.038404090657822,0.1505857086262154,0.8350515463917526,0.88775,0.97891293580443,0.4965575414530216,0.898414674587994,0,,ok,,2026-07-20T22:35:19.433604+00:00,False,20000
adult,gaussian_copula,fresh,0.02,14,1,2000,5.0392,39.45,False,0.0371757472517686,1.2146736338184754,0.0491162838019829,0.0276377833056937,0.1371579256778436,0.8865979381443299,0.90125,0.9749573203367298,0.4933116430897162,0.898414674587994,0,,ok,,2026-07-20T22:35:19.433604+00:00,False,20000
adult,gaussian_copula,fresh,0.01,14,12,2000,5.0807,39.65,False,0.0742300905137783,0.8576040912386023,0.091110518571962,0.0594056108347153,0.1621963912114657,0.7422680412371134,0.879,0.9835630457931752,0.5072280450863691,0.898414674587994,0,,ok,,2026-07-20T22:35:19.433604+00:00,False,20000
adult,gaussian_copula,fresh,0.0,14,8,2000,5.1461,39.65,False,0.1077499429903612,1.2516547457665028,0.116323889204784,0.0450224571586511,0.1823962153294108,0.7628865979381443,0.88725,0.9862435650542348,0.4207617579115474,0.898414674587994,0,,ok,,2026-07-20T22:35:19.433604+00:00,False,20000
adult,gaussian_copula,fresh,0.0,14,9,2000,5.161,39.65,False,0.114070686345575,1.363807088048125,0.129675100620237,0.0509224364289662,0.2097131353757377,0.7525773195876289,0.88575,0.9843448066296911,0.3474769684309134,0.898414674587994,0,,ok,,2026-07-20T22:35:19.433604+00:00,False,20000
adult,gaussian_copula,fresh,0.0,14,10,2000,5.2373,39.65,False,0.1091517782651611,1.2167882753925927,0.1230152042892286,0.0604874239911553,0.2170595076366362,0.7319587628865979,0.87375,0.9856663653711908,0.3819140110170737,0.898414674587994,0,,ok,,2026-07-20T22:35:19.433604+00:00,False,20000
adult,gaussian_copula,fresh,0.0,14,11,2000,5.9088,39.65,False,0.1133430156584569,1.2516813002700211,0.1275236193787153,0.0527430210060807,0.1977166270795461,0.7422680412371134,0.87725,0.9856085988278512,0.3817843258792134,0.898414674587994,0,,ok,,2026-07-20T22:35:19.433604+00:00,False,20000
adult,gaussian_copula,fresh,0.0,14,12,2000,4.9686,39.65,False,0.1109052093251431,1.2932763014909092,0.1293946775019755,0.049638163349917,0.2200511759030151,0.7319587628865979,0.8775,0.985663975869398,0.3700352654408252,0.898414674587994,0,,ok,,2026-07-20T22:35:19.433604+00:00,False,20000
adult,gaussian_copula,fresh,0.01,14,0,2000,6.7689,39.26,True,0.0288333852681195,1.0548176575302362,0.0415494395292525,0.0296690160309563,0.1163796484521149,0.8969072164948454,0.90425,0.966527880262542,0.7099466992772118,0.898414674587994,0,,ok,,2026-07-20T22:35:19.433604+00:00,False,20000
adult,gaussian_copula,fresh,0.01,14,1,2000,4.9356,39.45,False,0.0316424014177777,0.9863536858059272,0.0468861143032919,0.0275032131011608,0.1140074878948208,0.8350515463917526,0.89725,0.972924916874419,0.4868459735256117,0.898414674587994,0,,ok,,2026-07-20T22:35:19.433604+00:00,False,20000
adult,gaussian_copula,fresh,0.01,14,2,2000,4.8296,40.02,False,0.0531339475842352,1.1467151456844935,0.0635868299426132,0.0416755458817026,0.136755447260889,0.8556701030927835,0.9075,0.9786245980881048,0.4290487562356062,0.898414674587994,0,,ok,,2026-07-20T22:35:19.433604+00:00,False,20000
adult,gaussian_copula,fresh,0.01,14,3,2000,4.8631,39.65,False,0.0291094104747243,1.0245106335009913,0.0540935315993308,0.0369796158098396,0.1515852214085725,0.7731958762886598,0.88825,0.9764282724403116,0.4159633422469464,0.898414674587994,0,,ok,,2026-07-20T22:35:19.433604+00:00,False,20000
adult,gaussian_copula,fresh,0.01,14,4,2000,4.7789,39.65,False,0.0390956337306387,1.0064428710299362,0.0575244625117871,0.0411249309010503,0.1934931164948946,0.7422680412371134,0.8925,0.979391354788364,0.4400620600425141,0.898414674587994,0,,ok,,2026-07-20T22:35:19.433604+00:00,False,20000
adult,gaussian_copula,fresh,0.01,14,5,2000,4.7973,39.65,False,0.0293312073392247,1.1777941907500125,0.0557170407905048,0.0424650704809286,0.189051016830834,0.7216494845360825,0.8845,0.9824228563127478,0.3632294510358616,0.898414674587994,0,,ok,,2026-07-20T22:35:19.433604+00:00,False,20000
adult,gaussian_copula,fresh,0.01,14,6,2000,5.1504,39.65,False,0.0418566599781498,0.9935554135337576,0.0623051935071145,0.0462179726368159,0.1764137566255008,0.7216494845360825,0.89075,0.979824330488204,0.3744681958673057,0.898414674587994,0,,ok,,2026-07-20T22:35:19.433604+00:00,False,20000
adult,gaussian_copula,fresh,0.01,14,7,2000,5.0684,39.65,False,0.0481484772458271,1.0468794842803129,0.0731513438915171,0.05349543946932,0.1513041430046352,0.7216494845360825,0.89175,0.9830380641493076,0.3349148188938526,0.898414674587994,0,,ok,,2026-07-20T22:35:19.433604+00:00,False,20000
adult,gaussian_copula,fresh,0.01,14,8,2000,5.0266,39.65,False,0.0530427009466173,0.9391850665708557,0.0768129926721738,0.0532997166943062,0.1679446114431083,0.7010309278350515,0.8855,0.9833903221635892,0.4424982458413228,0.898414674587994,0,,ok,,2026-07-20T22:35:19.433604+00:00,False,20000
adult,gaussian_copula,fresh,0.01,14,9,2000,5.0279,39.65,False,0.0468157155303235,0.8977616811521081,0.0759739740166803,0.0487306522940851,0.1843951217456469,0.711340206185567,0.881,0.985072485300632,0.4401856477497268,0.898414674587994,0,,ok,,2026-07-20T22:35:19.433604+00:00,False,20000
adult,gaussian_copula,fresh,0.01,14,10,2000,5.1434,39.65,False,0.0522674325728032,0.931247760708522,0.0763402129485369,0.0556093490878938,0.1544340677681076,0.7216494845360825,0.8915,0.9848553770127464,0.4974078052095136,0.898414674587994,0,,ok,,2026-07-20T22:35:19.433604+00:00,False,20000
adult,gaussian_copula,fresh,0.01,14,11,2000,4.9515,39.65,False,0.0654264217548836,0.8969653136716245,0.0865056011010678,0.057039075456053,0.1701652392793882,0.711340206185567,0.87725,0.9848614306422884,0.4895443816241536,0.898414674587994,0,,ok,,2026-07-20T22:35:19.433604+00:00,False,20000
adult,gaussian_copula,fresh,0.02,14,0,2000,6.7689,39.26,True,0.0288333852681195,1.0548176575302362,0.0415494395292525,0.0296690160309563,0.1163796484521149,0.8969072164948454,0.90425,0.966527880262542,0.7099466992772118,0.898414674587994,0,,ok,,2026-07-20T22:35:19.433604+00:00,False,20000
adult,gaussian_copula,fresh,0.05,14,8,2000,4.9668,39.65,False,0.0519148058160292,0.8589743054749363,0.0814081915801493,0.0455023493642896,0.1573867219901128,0.8041237113402062,0.895,0.9785850666834462,0.4088399369381431,0.898414674587994,0,,ok,,2026-07-20T22:35:19.433604+00:00,False,20000
adult,gaussian_copula,fresh,0.05,14,9,2000,4.927,39.65,False,0.058793648143597,0.9088544479311236,0.0885689007738527,0.0434520798783858,0.1595028994847342,0.8350515463917526,0.9025,0.97990279254707,0.42858184384467,0.898414674587994,0,,ok,,2026-07-20T22:35:19.433604+00:00,False,20000
adult,gaussian_copula,fresh,0.05,14,10,2000,5.1834,39.65,False,0.0466033329464903,0.9211120081279996,0.0770820760939973,0.0350307490326146,0.1530272886968356,0.7938144329896907,0.8935,0.9798094692270544,0.4501958914332148,0.898414674587994,0,,ok,,2026-07-20T22:35:19.433604+00:00,False,20000
adult,gaussian_copula,fresh,0.2,14,7,2000,5.0384,39.65,False,0.0420101446938219,1.1303719643395604,0.0592011151873122,0.0364455154781647,0.1123062560838608,0.8247422680412371,0.90325,0.9715863408076522,0.5144421906534125,0.898414674587994,0,,ok,,2026-07-20T22:35:19.433604+00:00,False,20000
adult,gaussian_copula,fresh,0.2,14,8,2000,4.886,39.65,False,0.0482471793605349,1.0579340393409402,0.0595135958566245,0.0381886401326699,0.1253027308360758,0.8350515463917526,0.90125,0.9761120628280752,0.5408605874277799,0.898414674587994,0,,ok,,2026-07-20T22:35:19.433604+00:00,False,20000
adult,gaussian_copula,fresh,0.2,14,9,2000,5.0328,39.65,False,0.0543536197545025,0.960061233944512,0.0630781258790514,0.0329550511332227,0.1192045934746354,0.8350515463917526,0.91,0.9753051402226814,0.5653725536682077,0.898414674587994,0,,ok,,2026-07-20T22:35:19.433604+00:00,False,20000
adult,gaussian_copula,fresh,0.2,14,10,2000,4.5157,39.65,False,0.0329998265615365,0.894299272839406,0.0495236141566295,0.0347124447208402,0.0917315278655582,0.865979381443299,0.8905,0.9756440557269528,0.5150119726001136,0.898414674587994,0,,ok,,2026-07-20T22:35:19.433604+00:00,False,20000
adult,gaussian_copula,fresh,0.2,14,11,2000,4.6052,39.65,False,0.0322413669276514,0.932601363691612,0.0486596948026082,0.0415359314538419,0.1236046889249846,0.8350515463917526,0.897,0.9757389118606188,0.5392605036110558,0.898414674587994,0,,ok,,2026-07-20T22:35:19.433604+00:00,False,20000
adult,gaussian_copula,fresh,0.2,14,12,2000,4.8067,39.65,False,0.02444524958956,0.9467698443427424,0.0511466240627116,0.0370903123272526,0.1250612101354615,0.845360824742268,0.88575,0.9758042367221288,0.5470816713463901,0.898414674587994,0,,ok,,2026-07-20T22:35:19.433604+00:00,False,20000
adult,gaussian_copula,fresh,0.35,14,0,2000,6.7689,39.26,True,0.0288333852681195,1.0548176575302362,0.0415494395292525,0.0296690160309563,0.1163796484521149,0.8969072164948454,0.90425,0.966527880262542,0.7099466992772118,0.898414674587994,0,,ok,,2026-07-20T22:35:19.433604+00:00,False,20000
adult,gaussian_copula,fresh,0.35,14,1,2000,4.8727,39.45,False,0.0310075731413508,1.0192158731206085,0.0395563112953386,0.0234830362078496,0.109514205655319,0.8556701030927835,0.897,0.9686080765732094,0.6226620451202001,0.898414674587994,0,,ok,,2026-07-20T22:35:19.433604+00:00,False,20000
adult,gaussian_copula,fresh,0.35,14,2,2000,4.7286,40.02,False,0.020050127789722,1.0507061613147812,0.0352190458199232,0.0274056453841901,0.1129642595710657,0.8969072164948454,0.9,0.9750353222702506,0.5132895795696997,0.898414674587994,0,,ok,,2026-07-20T22:35:19.433604+00:00,False,20000
adult,gaussian_copula,fresh,0.35,14,3,2000,4.5188,39.65,False,0.0328003344527866,1.1479271412571823,0.0494247058994627,0.0251592730790491,0.1070787502685583,0.845360824742268,0.89025,0.9738124891028198,0.5660046867605636,0.898414674587994,0,,ok,,2026-07-20T22:35:19.433604+00:00,False,20000
adult,gaussian_copula,fresh,0.35,14,4,2000,4.7089,39.65,False,0.032999103635086,0.9578137293607462,0.0479398562235402,0.0274423369264787,0.1158166250242197,0.8762886597938144,0.8875,0.9699922607366936,0.5914504122190937,0.898414674587994,0,,ok,,2026-07-20T22:35:19.433604+00:00,False,20000
adult,gaussian_copula,fresh,0.35,14,5,2000,4.8318,39.65,False,0.0368681715893828,1.0234037816053574,0.0471266140754808,0.0335281578220011,0.1211060496570135,0.865979381443299,0.91275,0.9734178511817428,0.5980159354055243,0.898414674587994,0,,ok,,2026-07-20T22:35:19.433604+00:00,False,20000
adult,gaussian_copula,fresh,0.35,14,6,2000,4.6982,39.65,False,0.0184752662101,0.96559729067936,0.0374737700934122,0.0340575248756218,0.1115339922875563,0.8865979381443299,0.90975,0.969273430197391,0.5519096890533286,0.898414674587994,0,,ok,,2026-07-20T22:35:19.433604+00:00,False,20000
adult,gaussian_copula,fresh,0.35,14,7,2000,4.969,39.65,False,0.0212058431613373,0.8457562794733993,0.0402369158137514,0.0320335820895522,0.1425809503961019,0.9072164948453608,0.8935,0.9729051984221252,0.5545762987232242,0.898414674587994,0,,ok,,2026-07-20T22:35:19.433604+00:00,False,20000
adult,gaussian_copula,fresh,0.35,14,8,2000,4.8667,39.65,False,0.0200646443009701,1.009309745582727,0.0443962605711968,0.0332691058595909,0.1432138567511339,0.8144329896907216,0.89375,0.9679679477179528,0.5822427018672431,0.898414674587994,0,,ok,,2026-07-20T22:35:19.433604+00:00,False,20000
adult,gaussian_copula,fresh,0.35,14,9,2000,4.7195,39.65,False,0.0130749346015663,0.9797820426449286,0.0287655524748037,0.0323242122719734,0.1408469937731847,0.8556701030927835,0.89225,0.9697749263236384,0.6089540375677782,0.898414674587994,0,,ok,,2026-07-20T22:35:19.433604+00:00,False,20000
adult,gaussian_copula,fresh,0.35,14,10,2000,4.7661,39.65,False,0.0274463568610155,1.0580402476764832,0.0415298056093597,0.0312828565505804,0.1358513506564669,0.845360824742268,0.901,0.9740556321602382,0.5722625191724855,0.898414674587994,0,,ok,,2026-07-20T22:35:19.433604+00:00,False,20000
adult,gaussian_copula,fresh,0.2,14,6,2000,4.9164,39.65,False,0.0424461442898903,1.188060294871377,0.0581148344931653,0.0372188363736871,0.1078404379798075,0.7938144329896907,0.896,0.97780643784928,0.5626631308562379,0.898414674587994,0,,ok,,2026-07-20T22:35:19.433604+00:00,False,20000
adult,gaussian_copula,fresh,0.2,14,5,2000,5.1005,39.65,False,0.0450786676222276,1.1231784062449404,0.0557896936600403,0.0334614773355444,0.1638031481016993,0.865979381443299,0.89925,0.9735159343803298,0.5333606821674282,0.898414674587994,0,,ok,,2026-07-20T22:35:19.433604+00:00,False,20000
adult,gaussian_copula,fresh,0.2,14,4,2000,4.8083,39.65,False,0.0405703101380686,0.9539800629905324,0.0482345654617724,0.029232725262576,0.1197743072175646,0.845360824742268,0.89625,0.9751951196401386,0.5579131012541956,0.898414674587994,0,,ok,,2026-07-20T22:35:19.433604+00:00,False,20000
adult,gaussian_copula,fresh,0.2,14,3,2000,5.0465,39.65,False,0.0256281269685468,1.0152382884785778,0.0463100481866147,0.0301961373687119,0.1343111000466159,0.8041237113402062,0.88975,0.9728165123555884,0.5869798481884009,0.898414674587994,0,,ok,,2026-07-20T22:35:19.433604+00:00,False,20000
adult,gaussian_copula,fresh,0.05,14,11,2000,4.9692,39.65,False,0.03591901918115,0.949852727184312,0.0596067941839895,0.0441987976782752,0.143552693016953,0.7938144329896907,0.89175,0.9823119526045424,0.4829822677537839,0.898414674587994,0,,ok,,2026-07-20T22:35:19.433604+00:00,False,20000
adult,gaussian_copula,fresh,0.05,14,12,2000,5.1291,39.65,False,0.0533853556986145,0.8936139730461176,0.0821824268571101,0.0424106896075179,0.1710573058251437,0.8041237113402062,0.87675,0.9798879009108976,0.511572398859033,0.898414674587994,0,,ok,,2026-07-20T22:35:19.433604+00:00,False,20000
adult,gaussian_copula,fresh,0.1,14,0,2000,6.7689,39.26,True,0.0288333852681195,1.0548176575302362,0.0415494395292525,0.0296690160309563,0.1163796484521149,0.8969072164948454,0.90425,0.966527880262542,0.7099466992772118,0.898414674587994,0,,ok,,2026-07-20T22:35:19.433604+00:00,False,20000
adult,gaussian_copula,fresh,0.1,14,1,2000,5.1515,39.45,False,0.0300571357454565,1.046196485266839,0.0487127043181404,0.0307775704809286,0.1448979131363779,0.865979381443299,0.90275,0.9665553977831872,0.6030018306715972,0.898414674587994,0,,ok,,2026-07-20T22:35:19.433604+00:00,False,20000
adult,gaussian_copula,fresh,0.1,14,2,2000,5.2333,40.02,False,0.0261654294847973,1.0414455663086482,0.0456302508162326,0.0316498756218905,0.119096014251338,0.845360824742268,0.90975,0.9777598099392972,0.5219085272633172,0.898414674587994,0,,ok,,2026-07-20T22:35:19.433604+00:00,False,20000
adult,gaussian_copula,fresh,0.1,14,3,2000,5.0317,39.65,False,0.0235324298188791,1.0161556559224478,0.0423327269794479,0.0349165630182421,0.1362479596931128,0.8144329896907216,0.8975,0.9756594491135016,0.4481841327021204,0.898414674587994,0,,ok,,2026-07-20T22:35:19.433604+00:00,False,20000
adult,gaussian_copula,fresh,0.1,14,4,2000,4.9018,39.65,False,0.0232217403118623,1.0812185342920375,0.0401414949676133,0.0372885226644555,0.1351933757078648,0.8865979381443299,0.89625,0.9788145730431334,0.5086745785528057,0.898414674587994,0,,ok,,2026-07-20T22:35:19.433604+00:00,False,20000
adult,gaussian_copula,fresh,0.1,14,5,2000,5.186,39.65,False,0.0375524935176547,1.1138857509715074,0.0543839533398648,0.0374850746268656,0.1524835364783289,0.8556701030927835,0.90625,0.9773624157661523,0.5099030797007617,0.898414674587994,0,,ok,,2026-07-20T22:35:19.433604+00:00,False,20000
adult,gaussian_copula,fresh,0.0,14,7,2000,5.0216,39.65,False,0.100891482847224,1.3282802016697322,0.1148722199361513,0.0467969872857932,0.1920388298899712,0.7835051546391752,0.897,0.9843775947792904,0.3842962050509542,0.898414674587994,0,,ok,,2026-07-20T22:35:19.433604+00:00,False,20000
adult,gaussian_copula,fresh,0.1,14,6,2000,4.9154,39.65,False,0.0522863594018864,1.0130151764378372,0.0635307303796515,0.0362733208955223,0.1380151746324446,0.8350515463917526,0.89275,0.9784874233601892,0.4938761799347849,0.898414674587994,0,,ok,,2026-07-20T22:35:19.433604+00:00,False,20000
adult,gaussian_copula,fresh,0.1,14,8,2000,5.1823,39.65,False,0.0447942633684894,0.9723789788158508,0.0645118667270751,0.0445386954118297,0.1681095489350856,0.8350515463917526,0.88575,0.9793042752230324,0.4592538869153465,0.898414674587994,0,,ok,,2026-07-20T22:35:19.433604+00:00,False,20000
adult,gaussian_copula,fresh,0.1,14,9,2000,4.7422,39.65,False,0.0528209683013993,1.0754098992838106,0.0729463257252138,0.0425118504698728,0.1779020191668241,0.8247422680412371,0.9005,0.9794444255781802,0.4654508761483331,0.898414674587994,0,,ok,,2026-07-20T22:35:19.433604+00:00,False,20000
adult,gaussian_copula,fresh,0.1,14,10,2000,5.0701,39.65,False,0.0563416021859978,1.059345768072244,0.0692640939560777,0.0349083056937534,0.1696324737905468,0.8144329896907216,0.884,0.9757007282069712,0.5082669030284299,0.898414674587994,0,,ok,,2026-07-20T22:35:19.433604+00:00,False,20000
adult,gaussian_copula,fresh,0.1,14,11,2000,5.0903,39.65,False,0.0568118465639652,1.0422116173780482,0.0796585102756641,0.0323161622443338,0.1974315190528458,0.8144329896907216,0.88775,0.9764767881017103,0.4994142204933202,0.898414674587994,0,,ok,,2026-07-20T22:35:19.433604+00:00,False,20000
adult,gaussian_copula,fresh,0.1,14,12,2000,5.287,39.65,False,0.0726018443787008,0.9522101085828308,0.0844843069426197,0.0389933665008291,0.1520115126266737,0.7938144329896907,0.88975,0.9759321065680632,0.521255610455743,0.898414674587994,0,,ok,,2026-07-20T22:35:19.433604+00:00,False,20000
adult,gaussian_copula,fresh,0.2,14,0,2000,6.7689,39.26,True,0.0288333852681195,1.0548176575302362,0.0415494395292525,0.0296690160309563,0.1163796484521149,0.8969072164948454,0.90425,0.966527880262542,0.7099466992772118,0.898414674587994,0,,ok,,2026-07-20T22:35:19.433604+00:00,False,20000
adult,gaussian_copula,fresh,0.2,14,1,2000,4.9914,39.45,False,0.0215894875945454,0.892485162747681,0.042238865143196,0.0296822484798231,0.1196371369700627,0.8556701030927835,0.8915,0.9730837484310824,0.6295954794042561,0.898414674587994,0,,ok,,2026-07-20T22:35:19.433604+00:00,False,20000
adult,gaussian_copula,fresh,0.2,14,2,2000,4.8801,40.02,False,0.008235322682554,0.8929400565472099,0.0394089741583971,0.0275797401879491,0.1401217799384943,0.8247422680412371,0.8965,0.9738208714841088,0.528162622540326,0.898414674587994,0,,ok,,2026-07-20T22:35:19.433604+00:00,False,20000
adult,gaussian_copula,fresh,0.1,14,7,2000,5.1326,39.65,False,0.0684683737678861,1.1958693225180588,0.0847606388843583,0.0418582435046987,0.165941804814882,0.8247422680412371,0.8765,0.9801602827402522,0.4795619041974319,0.898414674587994,0,,ok,,2026-07-20T22:35:19.433604+00:00,False,20000
adult,gaussian_copula,fresh,0.0,14,6,2000,5.325,39.65,False,0.0790766735443826,1.1364700142016353,0.093211441265605,0.0413425234936429,0.1733170616533946,0.7835051546391752,0.8995,0.9821667982456403,0.3753148536164254,0.898414674587994,0,,ok,,2026-07-20T22:35:19.433604+00:00,False,20000
adult,gaussian_copula,fresh,0.0,14,5,2000,5.0991,39.65,False,0.0730521508023119,1.0662656326007964,0.08189781850074,0.0449285516860143,0.1646438339394909,0.7731958762886598,0.89275,0.9804472502055496,0.385929464135503,0.898414674587994,0,,ok,,2026-07-20T22:35:19.433604+00:00,False,20000
adult,gaussian_copula,fresh,0.0,14,4,2000,4.9626,39.65,False,0.0635637460581446,1.192832089605174,0.0809879490735397,0.0379414386401326,0.1472791068714571,0.7835051546391752,0.87675,0.9772745633252412,0.4703498010729642,0.898414674587994,0,,ok,,2026-07-20T22:35:19.433604+00:00,False,20000
adult,gaussian_copula,fixed,0.02,14,9,2000,5.1325,39.65,False,0.0678634313631667,0.9009992295568768,0.087080591973639,0.059732483416252,0.1998648071915787,0.7938144329896907,0.87825,0.9812353177967972,0.4002863235417339,0.898414674587994,0,,ok,,2026-07-20T22:35:19.433604+00:00,False,20000
adult,gaussian_copula,fixed,0.02,14,10,2000,5.1339,39.65,False,0.0894956468483104,1.0292979492262957,0.1071679967625262,0.0654761954118297,0.1433106840199844,0.7731958762886598,0.887,0.983421190499248,0.4817659614671231,0.898414674587994,0,,ok,,2026-07-20T22:35:19.433604+00:00,False,20000
adult,gaussian_copula,fixed,0.02,14,11,2000,5.2837,39.65,False,0.0809778312201723,1.0190978455385369,0.1019027382942413,0.0680719665561083,0.1960801928226224,0.7422680412371134,0.87675,0.980462248716802,0.5086209473886147,0.898414674587994,0,,ok,,2026-07-20T22:35:19.433604+00:00,False,20000
adult,gaussian_copula,fixed,0.02,14,12,2000,5.1105,39.65,False,0.1021338307895701,0.9643915582937788,0.1188382716146896,0.0788984936428966,0.1594574012702856,0.7525773195876289,0.867,0.9846983876449654,0.4489814209321254,0.898414674587994,0,,ok,,2026-07-20T22:35:19.433604+00:00,False,20000
adult,gaussian_copula,fixed,0.05,14,0,2000,6.7689,39.26,True,0.0288333852681195,1.0548176575302362,0.0415494395292525,0.0296690160309563,0.1163796484521149,0.8969072164948454,0.90425,0.966527880262542,0.7099466992772118,0.898414674587994,0,,ok,,2026-07-20T22:35:19.433604+00:00,False,20000
adult,gaussian_copula,fixed,0.05,14,1,2000,4.8267,39.45,False,0.0259947249093829,0.8809686374187117,0.0392697191189903,0.0304809632393587,0.1014295684503377,0.8865979381443299,0.9055,0.9729189144324156,0.5470351210694028,0.898414674587994,0,,ok,,2026-07-20T22:35:19.433604+00:00,False,20000
adult,gaussian_copula,fixed,0.05,14,2,2000,4.8679,40.02,False,0.0464977185983093,0.9725718474061272,0.0586252794630447,0.0322443684355997,0.1681953529680364,0.8247422680412371,0.892,0.97492343868631,0.5224429047739997,0.898414674587994,0,,ok,,2026-07-20T22:35:19.433604+00:00,False,20000
adult,gaussian_copula,fixed,0.05,14,3,2000,5.0255,39.65,False,0.0410520718929997,0.9663239244850024,0.0599502783801325,0.0400113322277501,0.1515637448453617,0.7938144329896907,0.8975,0.9805875378108002,0.5542323511836817,0.898414674587994,0,,ok,,2026-07-20T22:35:19.433604+00:00,False,20000
adult,gaussian_copula,fixed,0.05,14,4,2000,4.8108,39.65,False,0.0479476693429494,0.9837649105486354,0.0784267004011766,0.0464961995577667,0.1640400308762829,0.7628865979381443,0.899,0.9732854633324188,0.5640540662453714,0.898414674587994,0,,ok,,2026-07-20T22:35:19.433604+00:00,False,20000
adult,gaussian_copula,fixed,0.05,14,5,2000,5.5422,39.65,False,0.0396936853714602,0.973243906616924,0.0629734644406543,0.0389780956329463,0.1742767778104742,0.7525773195876289,0.88525,0.9778088363510796,0.4711430899129746,0.898414674587994,0,,ok,,2026-07-20T22:35:19.433604+00:00,False,20000
adult,gaussian_copula,fixed,0.05,14,6,2000,5.6103,39.65,False,0.0736867987209297,0.963665914033208,0.1037442438531839,0.0384682490326147,0.1687189780530696,0.7319587628865979,0.87925,0.9781839836325338,0.4384168683517517,0.898414674587994,0,,ok,,2026-07-20T22:35:19.433604+00:00,False,20000
adult,gaussian_copula,fixed,0.05,14,7,2000,5.4362,39.65,False,0.0626342179291094,1.0728044643118486,0.1002434370471075,0.0428015478164731,0.1854725276160345,0.7319587628865979,0.8965,0.980291307088553,0.4972212435008273,0.898414674587994,0,,ok,,2026-07-20T22:35:19.433604+00:00,False,20000
adult,gaussian_copula,fixed,0.05,14,8,2000,4.9059,39.65,False,0.0758249717479702,1.2147499794460137,0.1144213125746579,0.0433405541735765,0.1692559427893437,0.7319587628865979,0.86225,0.9791459324792356,0.4439682511375642,0.898414674587994,0,,ok,,2026-07-20T22:35:19.433604+00:00,False,20000
adult,gaussian_copula,fixed,0.05,14,9,2000,4.8821,39.65,False,0.0730683429656848,1.1367985371593623,0.1083389175540339,0.0437943615257048,0.1917732784655269,0.7216494845360825,0.879,0.9796174732080092,0.5167407908800271,0.898414674587994,0,,ok,,2026-07-20T22:35:19.433604+00:00,False,20000
adult,gaussian_copula,fixed,0.05,14,10,2000,5.3125,39.65,False,0.0969895098628628,1.3195239785611188,0.1246932772809939,0.0544295881702598,0.1750980628554128,0.7216494845360825,0.877,0.9764545142099992,0.4163285980118704,0.898414674587994,0,,ok,,2026-07-20T22:35:19.433604+00:00,False,20000
adult,gaussian_copula,fixed,0.05,14,11,2000,5.5429,39.65,False,0.0787945581758401,1.207031626712613,0.121624000604778,0.0489506288004422,0.1878636186344605,0.7216494845360825,0.8715,0.9813644003936414,0.4808546578403845,0.898414674587994,0,,ok,,2026-07-20T22:35:19.433604+00:00,False,20000
adult,gaussian_copula,fixed,0.05,14,12,2000,5.0305,39.65,False,0.0642532129063079,1.082355659876299,0.1044251849832826,0.0513781094527363,0.1943220892065696,0.7216494845360825,0.8665,0.9819119675544536,0.4469286520626427,0.898414674587994,0,,ok,,2026-07-20T22:35:19.433604+00:00,False,20000
adult,gaussian_copula,fixed,0.02,14,8,2000,5.0758,39.65,False,0.0779310749184111,0.9210313573759183,0.0916185023335501,0.0534441680486456,0.170785219932526,0.7938144329896907,0.89775,0.9832543950616098,0.4551299257568977,0.898414674587994,0,,ok,,2026-07-20T22:35:19.433604+00:00,False,20000
adult,gaussian_copula,fixed,0.02,14,7,2000,5.3391,39.65,False,0.0769275238364052,0.8935336585901653,0.1000599085511926,0.0475849226091763,0.1706236217015088,0.8041237113402062,0.9,0.9841673883715832,0.4021226664051109,0.898414674587994,0,,ok,,2026-07-20T22:35:19.433604+00:00,False,20000
adult,gaussian_copula,fixed,0.02,14,6,2000,5.115,39.65,False,0.0601287944683094,0.947357262086764,0.0818695347139872,0.0448966279712548,0.174121242016544,0.8144329896907216,0.9055,0.9836771692537964,0.3915396904052536,0.898414674587994,0,,ok,,2026-07-20T22:35:19.433604+00:00,False,20000
adult,gaussian_copula,fixed,0.02,14,5,2000,5.754,39.65,False,0.0648334203891162,1.0087662353056988,0.0806247804177408,0.0488496406854615,0.1699157894181657,0.8041237113402062,0.8915,0.978783642832428,0.3507234896500376,0.898414674587994,0,,ok,,2026-07-20T22:35:19.433604+00:00,False,20000
adult,gaussian_copula,fixed,0.01,14,0,2000,6.7689,39.26,True,0.0288333852681195,1.0548176575302362,0.0415494395292525,0.0296690160309563,0.1163796484521149,0.8969072164948454,0.90425,0.966527880262542,0.7099466992772118,0.898414674587994,0,,ok,,2026-07-20T22:35:19.433604+00:00,False,20000
adult,gaussian_copula,fixed,0.01,14,1,2000,5.9608,39.45,False,0.0180675087086842,1.035664213347912,0.03621017728624,0.0334017758430071,0.1402973537138901,0.8556701030927835,0.89825,0.9737601068135202,0.5440421349504332,0.898414674587994,0,,ok,,2026-07-20T22:35:19.433604+00:00,False,20000
adult,gaussian_copula,fixed,0.01,14,2,2000,5.5379,40.02,False,0.03105281594841,0.9816818718236076,0.0446308980665788,0.0408324695964621,0.1453307331684724,0.865979381443299,0.888,0.9748501133812976,0.4706993870967615,0.898414674587994,0,,ok,,2026-07-20T22:35:19.433604+00:00,False,20000
adult,gaussian_copula,fixed,0.01,14,3,2000,5.5371,39.65,False,0.0471773188020689,0.9441136745126554,0.0520426327764194,0.0431452805417357,0.1700993491376904,0.8144329896907216,0.893,0.9780879085604536,0.3580389312423561,0.898414674587994,0,,ok,,2026-07-20T22:35:19.433604+00:00,False,20000
adult,gaussian_copula,fixed,0.01,14,4,2000,5.3042,39.65,False,0.0544671887366408,1.03887753168453,0.0645024176779458,0.0481696724709784,0.1693287542125264,0.7835051546391752,0.88425,0.979963734967792,0.4303621952481214,0.898414674587994,0,,ok,,2026-07-20T22:35:19.433604+00:00,False,20000
adult,gaussian_copula,fixed,0.01,14,5,2000,5.41,39.65,False,0.0770460217309407,1.0718951930039935,0.087208331945118,0.0480487147595356,0.1716920940188385,0.8144329896907216,0.897,0.9798968806676348,0.4575962708900924,0.898414674587994,0,,ok,,2026-07-20T22:35:19.433604+00:00,False,20000
adult,gaussian_copula,fixed,0.01,14,6,2000,5.0016,39.65,False,0.0522272620777578,0.98446992159233,0.0598718738715448,0.0460709300718629,0.1614355864074191,0.7938144329896907,0.88175,0.9821073115760104,0.442226680704307,0.898414674587994,0,,ok,,2026-07-20T22:35:19.433604+00:00,False,20000
adult,gaussian_copula,fixed,0.01,14,7,2000,4.9142,39.65,False,0.0645096313659411,1.065591429827521,0.0776216415885898,0.0532762576008844,0.1687668051803058,0.7319587628865979,0.8825,0.9827801880808362,0.3812041848567884,0.898414674587994,0,,ok,,2026-07-20T22:35:19.433604+00:00,False,20000
adult,gaussian_copula,fixed,0.1,14,0,2000,6.7689,39.26,True,0.0288333852681195,1.0548176575302362,0.0415494395292525,0.0296690160309563,0.1163796484521149,0.8969072164948454,0.90425,0.966527880262542,0.7099466992772118,0.898414674587994,0,,ok,,2026-07-20T22:35:19.433604+00:00,False,20000
adult,gaussian_copula,fixed,0.01,14,8,2000,5.3252,39.65,False,0.0578654582051822,0.9930380602497154,0.0774964450144243,0.0561746821448313,0.1689247270768178,0.7319587628865979,0.88425,0.9840920268150432,0.335939515061506,0.898414674587994,0,,ok,,2026-07-20T22:35:19.433604+00:00,False,20000
adult,gaussian_copula,fixed,0.01,14,10,2000,5.1077,39.65,False,0.063087507963522,0.9588201597199798,0.0829005436583022,0.067440678551686,0.1164581509209546,0.6907216494845361,0.88125,0.9847511839345758,0.4598130803131273,0.898414674587994,0,,ok,,2026-07-20T22:35:19.433604+00:00,False,20000
adult,gaussian_copula,fixed,0.01,14,11,2000,5.7023,39.65,False,0.0610476298501418,0.9375237188618232,0.0892965278517503,0.0675866846323935,0.1574919024713294,0.7010309278350515,0.87625,0.98420098652179,0.4029109723985705,0.898414674587994,0,,ok,,2026-07-20T22:35:19.433604+00:00,False,20000
adult,gaussian_copula,fixed,0.01,14,12,2000,5.3753,39.65,False,0.0851287662440793,0.8594381762560639,0.1096262006800263,0.0744844527363184,0.1517429594365854,0.6701030927835051,0.878,0.9834063343006024,0.4038948879010322,0.898414674587994,0,,ok,,2026-07-20T22:35:19.433604+00:00,False,20000
adult,gaussian_copula,fixed,0.02,14,0,2000,6.7689,39.26,True,0.0288333852681195,1.0548176575302362,0.0415494395292525,0.0296690160309563,0.1163796484521149,0.8969072164948454,0.90425,0.966527880262542,0.7099466992772118,0.898414674587994,0,,ok,,2026-07-20T22:35:19.433604+00:00,False,20000
adult,gaussian_copula,fixed,0.02,14,1,2000,5.0972,39.45,False,0.0277122354937843,0.9757782563284292,0.0432152131044195,0.0266050995024875,0.1457334320500946,0.8556701030927835,0.9035,0.9765000711191784,0.5693201810661535,0.898414674587994,0,,ok,,2026-07-20T22:35:19.433604+00:00,False,20000
adult,gaussian_copula,fixed,0.02,14,2,2000,5.152,40.02,False,0.0365051799057647,0.9005227091013707,0.0558707021559956,0.0357049129353233,0.1595989660594136,0.845360824742268,0.90175,0.9717614719390444,0.4908656555072321,0.898414674587994,0,,ok,,2026-07-20T22:35:19.433604+00:00,False,20000
adult,gaussian_copula,fixed,0.02,14,3,2000,4.8272,39.65,False,0.054478615790333,1.1572543107560065,0.0754185961672776,0.0425951492537313,0.1543704567734017,0.8350515463917526,0.888,0.9744125994280528,0.4776341654381109,0.898414674587994,0,,ok,,2026-07-20T22:35:19.433604+00:00,False,20000
adult,gaussian_copula,fixed,0.02,14,4,2000,4.9802,39.65,False,0.0450379857583868,0.9806327843584972,0.0604744143910171,0.0441875,0.1675150748636604,0.8247422680412371,0.89775,0.9769641182173296,0.4247200722040691,0.898414674587994,0,,ok,,2026-07-20T22:35:19.433604+00:00,False,20000
adult,gaussian_copula,fixed,0.01,14,9,2000,5.1035,39.65,False,0.0754213220421221,0.8798334506252248,0.0939408551736405,0.0601661138750691,0.1797133098998988,0.7010309278350515,0.88075,0.9816533388604176,0.3993554163476443,0.898414674587994,0,,ok,,2026-07-20T22:35:19.433604+00:00,False,20000
adult,gaussian_copula,fixed,0.01,13,11,2000,4.4799,39.65,False,0.0715524315849758,0.877955303908791,0.1013303054156764,0.0611907131011608,0.1941862244084227,0.7216494845360825,0.86725,0.987979729356792,0.34273405249796,0.8929911083725852,0,,ok,,2026-07-20T22:35:19.433604+00:00,False,20000
adult,gaussian_copula,fixed,0.1,14,1,2000,5.2525,39.45,False,0.0481741620277106,1.0465629839906403,0.0594591703043811,0.0263692647871752,0.1248171765660999,0.8762886597938144,0.89075,0.9757142389046076,0.5260094427564688,0.898414674587994,0,,ok,,2026-07-20T22:35:19.433604+00:00,False,20000
adult,gaussian_copula,fixed,0.1,14,3,2000,4.7559,39.65,False,0.0168174055747829,0.962359665430728,0.0510674556741278,0.0432964690436705,0.1441366475281875,0.845360824742268,0.882,0.9711397008475604,0.5189479296469273,0.898414674587994,0,,ok,,2026-07-20T22:35:19.433604+00:00,False,20000
adult,gaussian_copula,fixed,0.35,14,0,2000,6.7689,39.26,True,0.0288333852681195,1.0548176575302362,0.0415494395292525,0.0296690160309563,0.1163796484521149,0.8969072164948454,0.90425,0.966527880262542,0.7099466992772118,0.898414674587994,0,,ok,,2026-07-20T22:35:19.433604+00:00,False,20000
adult,gaussian_copula,fixed,0.35,14,1,2000,4.9082,39.45,False,0.015656585662951,1.014301683013241,0.0405520304132158,0.030842938087341,0.1172908866437916,0.865979381443299,0.89175,0.9698064387222806,0.6672073492266031,0.898414674587994,0,,ok,,2026-07-20T22:35:19.433604+00:00,False,20000
adult,gaussian_copula,fixed,0.35,14,2,2000,4.7641,40.02,False,0.0401871297199724,0.9410865341792264,0.0555380502926561,0.0329786829740187,0.1429401611849556,0.8144329896907216,0.8845,0.96871592140412,0.5539984196508783,0.898414674587994,0,,ok,,2026-07-20T22:35:19.433604+00:00,False,20000
adult,gaussian_copula,fixed,0.35,14,3,2000,4.9099,39.65,False,0.0207254501357242,0.9055888911227452,0.0427869741525444,0.0331204049198452,0.1030035000398445,0.9072164948453608,0.90475,0.9705553180341274,0.5706435529898849,0.898414674587994,0,,ok,,2026-07-20T22:35:19.433604+00:00,False,20000
adult,gaussian_copula,fixed,0.35,14,4,2000,4.7201,39.65,False,0.0669093057717091,0.9513613286450638,0.0736349536254475,0.0381145660585959,0.1216398231830015,0.845360824742268,0.89875,0.9744822189802848,0.6161344833568336,0.898414674587994,0,,ok,,2026-07-20T22:35:19.433604+00:00,False,20000
adult,gaussian_copula,fixed,0.35,14,5,2000,4.898,39.65,False,0.0471166408282099,1.0082925604216355,0.0681928944633204,0.0384005666113875,0.0926020298223535,0.8556701030927835,0.8965,0.974619308208136,0.5961234043909105,0.898414674587994,0,,ok,,2026-07-20T22:35:19.433604+00:00,False,20000
adult,gaussian_copula,fixed,0.35,14,6,2000,4.9332,39.65,False,0.0445435452356443,1.0144743375960397,0.0610790729910132,0.0418454947484798,0.1296321612357991,0.8350515463917526,0.888,0.974810221976369,0.5592958739539137,0.898414674587994,0,,ok,,2026-07-20T22:35:19.433604+00:00,False,20000
adult,gaussian_copula,fixed,0.35,14,7,2000,4.8349,39.65,False,0.0353967820532037,1.0242795006319498,0.0565791336209367,0.039725677169707,0.1316552845501637,0.7938144329896907,0.89825,0.9648448789998704,0.6268855648640083,0.898414674587994,0,,ok,,2026-07-20T22:35:19.433604+00:00,False,20000
adult,gaussian_copula,fixed,0.35,14,8,2000,5.4095,39.65,False,0.0270981967216685,1.032448656040152,0.0499287898742534,0.0434760572139303,0.1090064761707416,0.8144329896907216,0.89325,0.973038740522315,0.6124073797006437,0.898414674587994,0,,ok,,2026-07-20T22:35:19.433604+00:00,False,20000
adult,gaussian_copula,fixed,0.35,14,9,2000,4.9951,39.65,False,0.0391477612004626,1.0396718246362675,0.0600773900937671,0.0416675649530127,0.138835780859676,0.8144329896907216,0.8975,0.9686614117382244,0.6101563459894577,0.898414674587994,0,,ok,,2026-07-20T22:35:19.433604+00:00,False,20000
adult,gaussian_copula,fixed,0.35,14,10,2000,5.0706,39.65,False,0.0230071237336018,0.991741586848187,0.0404302884201078,0.0476841141514648,0.1357062311767733,0.8350515463917526,0.87975,0.9732223136600407,0.6097768628863558,0.898414674587994,0,,ok,,2026-07-20T22:35:19.433604+00:00,False,20000
adult,gaussian_copula,fixed,0.35,14,11,2000,4.9876,39.65,False,0.0325778726533432,1.0887571804138434,0.0559011339535434,0.0367740118850193,0.1175977196445281,0.8350515463917526,0.89375,0.9780280832655696,0.5837468658878652,0.898414674587994,0,,ok,,2026-07-20T22:35:19.433604+00:00,False,20000
adult,gaussian_copula,fixed,0.35,14,12,2000,5.0964,39.65,False,0.0258497511748764,0.9638250193644136,0.0487617682584717,0.039732483416252,0.1548030025817492,0.7835051546391752,0.88675,0.9724942569888164,0.5539137112595154,0.898414674587994,0,,ok,,2026-07-20T22:35:19.433604+00:00,False,20000
adult,gaussian_copula,fresh,0.0,14,0,2000,6.7689,39.26,True,0.0288333852681195,1.0548176575302362,0.0415494395292525,0.0296690160309563,0.1163796484521149,0.8969072164948454,0.90425,0.966527880262542,0.7099466992772118,0.898414674587994,0,,ok,,2026-07-20T22:35:19.433604+00:00,False,20000
adult,gaussian_copula,fresh,0.0,14,1,2000,5.1117,39.45,False,0.0351556368651466,1.1845611260418092,0.0513666089445666,0.0326331191265892,0.1267959269683223,0.8556701030927835,0.907,0.9735842669315964,0.5159055084450725,0.898414674587994,0,,ok,,2026-07-20T22:35:19.433604+00:00,False,20000
adult,gaussian_copula,fresh,0.0,14,2,2000,5.0337,40.02,False,0.0443211808357253,1.2170445039178994,0.0704984732608693,0.024952494472084,0.1753654951303674,0.8247422680412371,0.89725,0.974179772065874,0.4789350817704787,0.898414674587994,0,,ok,,2026-07-20T22:35:19.433604+00:00,False,20000
adult,gaussian_copula,fresh,0.0,14,3,2000,5.6647,39.65,False,0.0736404195186996,1.104362398145376,0.0965489936174639,0.0401932697622996,0.1470990991627083,0.8041237113402062,0.88575,0.9792672964452892,0.3685250695533258,0.898414674587994,0,,ok,,2026-07-20T22:35:19.433604+00:00,False,20000
adult,gaussian_copula,fixed,0.2,14,12,2000,5.0132,39.65,False,0.0228603550360479,0.91543564640702,0.0609551009999441,0.0470742122719734,0.1260053220467345,0.7938144329896907,0.88925,0.9795708891730596,0.5175705331763824,0.898414674587994,0,,ok,,2026-07-20T22:35:19.433604+00:00,False,20000
adult,gaussian_copula,fixed,0.2,14,11,2000,5.0063,39.65,False,0.0289822990848868,0.9045584020094284,0.0664726117572219,0.0553723396904367,0.111194199030157,0.7938144329896907,0.8925,0.9792782292034912,0.5563746473816518,0.898414674587994,0,,ok,,2026-07-20T22:35:19.433604+00:00,False,20000
adult,gaussian_copula,fixed,0.2,14,10,2000,4.67,39.65,False,0.0261335042124226,0.959183834921021,0.0506788671047402,0.0445104684908789,0.1108400522388593,0.7835051546391752,0.894,0.9804091149269384,0.5368849315179862,0.898414674587994,0,,ok,,2026-07-20T22:35:19.433604+00:00,False,20000
adult,gaussian_copula,fixed,0.2,14,9,2000,5.0774,39.65,False,0.0403528255822077,1.0710846806447625,0.0653109766456622,0.0489996890547263,0.156139180073894,0.7731958762886598,0.8985,0.9755743720496723,0.561194797436142,0.898414674587994,0,,ok,,2026-07-20T22:35:19.433604+00:00,False,20000
adult,gaussian_copula,fixed,0.1,14,4,2000,5.0158,39.65,False,0.0386509474619981,0.9122220959697024,0.0693180941510289,0.0387285102266445,0.1667935160374435,0.8144329896907216,0.86625,0.9757337745442644,0.4516440967757967,0.898414674587994,0,,ok,,2026-07-20T22:35:19.433604+00:00,False,20000
adult,gaussian_copula,fixed,0.1,14,5,2000,5.099,39.65,False,0.0547029921310958,0.885686449436946,0.0903940118895823,0.0434592316196793,0.1774669636732603,0.8247422680412371,0.877,0.977051797408111,0.5484280561535335,0.898414674587994,0,,ok,,2026-07-20T22:35:19.433604+00:00,False,20000
adult,gaussian_copula,fixed,0.1,14,6,2000,5.2496,39.65,False,0.0493773776895375,1.0060355354435522,0.0878173612023789,0.0571911622443338,0.1744324231827112,0.8041237113402062,0.865,0.9741289327152316,0.4885345028686116,0.898414674587994,0,,ok,,2026-07-20T22:35:19.433604+00:00,False,20000
adult,gaussian_copula,fixed,0.1,14,7,2000,5.0846,39.65,False,0.0507790602664852,0.8903927474753166,0.0787142011964823,0.0617303758982863,0.1770209355024946,0.7731958762886598,0.874,0.9775743974251916,0.4797913118300776,0.898414674587994,0,,ok,,2026-07-20T22:35:19.433604+00:00,False,20000
adult,gaussian_copula,fixed,0.1,14,8,2000,4.9566,39.65,False,0.0460194856265487,0.8616164228830977,0.0771821660139635,0.0545178966279712,0.1717501696847398,0.7835051546391752,0.8595,0.9726319312171064,0.425835279156766,0.898414674587994,0,,ok,,2026-07-20T22:35:19.433604+00:00,False,20000
adult,gaussian_copula,fixed,0.1,14,9,2000,5.1556,39.65,False,0.0444053876417098,0.8474960940345085,0.0906105061637962,0.0545101229961304,0.1720279138116809,0.7731958762886598,0.83075,0.9716103230131448,0.4644944318656708,0.898414674587994,0,,ok,,2026-07-20T22:35:19.433604+00:00,False,20000
adult,gaussian_copula,fixed,0.1,14,10,2000,5.4992,39.65,False,0.037093604969577,0.8960193559866375,0.0744940022515031,0.0564464137645107,0.1930650250494486,0.7835051546391752,0.8615,0.9810960753173305,0.4619503936645466,0.898414674587994,0,,ok,,2026-07-20T22:35:19.433604+00:00,False,20000
adult,gaussian_copula,fixed,0.1,14,11,2000,5.4107,39.65,False,0.055948770792901,0.9315320209558652,0.0823827312014047,0.0552089206744057,0.1608530537690584,0.7628865979381443,0.8645,0.9726940785137324,0.5756153520453209,0.898414674587994,0,,ok,,2026-07-20T22:35:19.433604+00:00,False,20000
adult,gaussian_copula,fixed,0.1,14,2,2000,4.8497,40.02,False,0.0208488735482271,1.074766847193283,0.0400232433353477,0.0311359176340519,0.1714958037103288,0.865979381443299,0.89825,0.9697517108062212,0.5341936698704184,0.898414674587994,0,,ok,,2026-07-20T22:35:19.433604+00:00,False,20000
adult,gaussian_copula,fixed,0.1,14,12,2000,5.3116,39.65,False,0.0468907650243562,1.167394267884361,0.0815123973627895,0.0673491569928137,0.1996544017754061,0.7731958762886598,0.86425,0.973757950186902,0.5152239730517169,0.898414674587994,0,,ok,,2026-07-20T22:35:19.433604+00:00,False,20000
adult,gaussian_copula,fixed,0.2,14,1,2000,4.76,39.45,False,0.0470812243677919,1.156110662850619,0.0566556876980178,0.0255850262576008,0.0776423500303268,0.8865979381443299,0.9025,0.9694531119571972,0.5137916669234581,0.898414674587994,0,,ok,,2026-07-20T22:35:19.433604+00:00,False,20000
adult,gaussian_copula,fixed,0.2,14,2,2000,5.0803,40.02,False,0.0352760301486829,1.1306474782417515,0.047095613370222,0.0306446241017136,0.123354765067788,0.845360824742268,0.892,0.972729229165104,0.5887415466991723,0.898414674587994,0,,ok,,2026-07-20T22:35:19.433604+00:00,False,20000
adult,gaussian_copula,fixed,0.2,14,3,2000,4.9176,39.65,False,0.0277032363250469,1.0314389353484537,0.0465220846779797,0.0284758153676064,0.1554637193192712,0.865979381443299,0.884,0.973419191057748,0.5691799401612581,0.898414674587994,0,,ok,,2026-07-20T22:35:19.433604+00:00,False,20000
adult,gaussian_copula,fixed,0.2,14,4,2000,4.862,39.65,False,0.0438648847759289,1.1614317392855686,0.0634523295085457,0.0291613805970149,0.1333245337139215,0.8247422680412371,0.9035,0.9751001178188634,0.5319736150407485,0.898414674587994,0,,ok,,2026-07-20T22:35:19.433604+00:00,False,20000
adult,gaussian_copula,fixed,0.2,14,5,2000,4.9134,39.65,False,0.0536324657590843,1.022167883289803,0.0635861028569321,0.0358648770038695,0.1065261287139682,0.8144329896907216,0.8945,0.9726241428362632,0.5701995551367052,0.898414674587994,0,,ok,,2026-07-20T22:35:19.433604+00:00,False,20000
adult,gaussian_copula,fixed,0.2,14,6,2000,5.0798,39.65,False,0.0479051667956039,0.9536741976200518,0.0679014549253167,0.0415062880044223,0.1268952025837235,0.7731958762886598,0.89775,0.9738524480077992,0.6066777618049863,0.898414674587994,0,,ok,,2026-07-20T22:35:19.433604+00:00,False,20000
adult,gaussian_copula,fixed,0.2,14,7,2000,5.2602,39.65,False,0.0457000290869157,1.0291968964589029,0.0640712103264083,0.0398327805417357,0.1340535852104555,0.7731958762886598,0.907,0.9773139934798236,0.5521603721294706,0.898414674587994,0,,ok,,2026-07-20T22:35:19.433604+00:00,False,20000
adult,gaussian_copula,fixed,0.2,14,8,2000,5.0002,39.65,False,0.047995866265685,0.9972260563834004,0.0798271665037591,0.0463392758430071,0.1222210922312036,0.8041237113402062,0.88925,0.9762575884372556,0.5480856493625956,0.898414674587994,0,,ok,,2026-07-20T22:35:19.433604+00:00,False,20000
adult,gaussian_copula,fixed,0.2,14,0,2000,6.7689,39.26,True,0.0288333852681195,1.0548176575302362,0.0415494395292525,0.0296690160309563,0.1163796484521149,0.8969072164948454,0.90425,0.966527880262542,0.7099466992772118,0.898414674587994,0,,ok,,2026-07-20T22:35:19.433604+00:00,False,20000
adult,gaussian_copula,fixed,0.01,13,10,2000,4.7629,39.65,False,0.0694302810531758,0.8512400492470368,0.0971297258985412,0.0667739773355445,0.1961200839318787,0.7422680412371134,0.88875,0.986748928933384,0.3362575649117387,0.8929911083725852,0,,ok,,2026-07-20T22:35:19.433604+00:00,False,20000
adult,gaussian_copula,fixed,0.01,13,9,2000,5.0068,39.65,False,0.0462835398498333,0.8576451997578971,0.0798023598994767,0.0602521075179657,0.1891434478376955,0.7525773195876289,0.8855,0.9857420768029932,0.4084612406002861,0.8929911083725852,0,,ok,,2026-07-20T22:35:19.433604+00:00,False,20000
adult,gaussian_copula,fixed,0.01,13,8,2000,5.0255,39.65,False,0.0695532090957594,0.8776712164967496,0.0944108775219749,0.0607355237700387,0.2052799495577986,0.7835051546391752,0.89725,0.9775714060479476,0.4460738644059929,0.8929911083725852,0,,ok,,2026-07-20T22:35:19.433604+00:00,False,20000
adult,gaussian_copula,fresh,0.1,11,11,2000,9.2401,39.65,False,0.0520394217556927,1.0374742579790246,0.0669403449975534,0.0376497374239911,0.1747345409038481,0.7731958762886598,0.88825,0.9755983356926512,0.5439957485828719,0.8984078559558718,0,,ok,,2026-07-20T22:35:19.433604+00:00,False,20000
adult,gaussian_copula,fresh,0.1,11,12,2000,9.3929,39.65,False,0.0526103515555747,1.1348928313318143,0.0783149044887784,0.046684528745163,0.1413769932032405,0.7938144329896907,0.89925,0.9785324554564748,0.5068184026488812,0.8984078559558718,0,,ok,,2026-07-20T22:35:19.433604+00:00,False,20000
adult,gaussian_copula,fresh,0.2,11,0,2000,9.9622,39.26,True,0.0215917280497571,0.9735796679630728,0.0358656179306719,0.0227945688225538,0.0959058642791739,0.8865979381443299,0.8995,0.9712140679033544,0.6965997841902933,0.8984078559558718,0,,ok,,2026-07-20T22:35:19.433604+00:00,False,20000
adult,gaussian_copula,fresh,0.2,11,1,2000,9.3763,39.45,False,0.0153580997640328,1.0132530717792296,0.0384934728139566,0.0281314953012714,0.1277678269938997,0.8041237113402062,0.88425,0.9701198819574414,0.6029931106901334,0.8984078559558718,0,,ok,,2026-07-20T22:35:19.433604+00:00,False,20000
adult,gaussian_copula,fresh,0.2,11,2,2000,8.762,40.02,False,0.0366670151283674,0.9414891658488304,0.0510704600453244,0.0280307835820895,0.1380863678858586,0.845360824742268,0.891,0.970548522466529,0.5356869503051535,0.8984078559558718,0,,ok,,2026-07-20T22:35:19.433604+00:00,False,20000
adult,gaussian_copula,fresh,0.2,11,3,2000,9.059,39.65,False,0.023999721582937,0.8880087238460845,0.0465778208028028,0.0282014925373134,0.1451848828494872,0.8144329896907216,0.87975,0.973751285681902,0.559146683594358,0.8984078559558718,0,,ok,,2026-07-20T22:35:19.433604+00:00,False,20000
adult,gaussian_copula,fresh,0.2,11,4,2000,8.9129,39.65,False,0.0145244515505252,0.9365890964847527,0.0544103686019966,0.0242797125483692,0.1483173085998608,0.8762886597938144,0.89175,0.972423203060508,0.4978662598740677,0.8984078559558718,0,,ok,,2026-07-20T22:35:19.433604+00:00,False,20000
adult,gaussian_copula,fresh,0.2,11,5,2000,9.1804,39.65,False,0.0244398601069446,0.8849295126999323,0.0516494648150225,0.027056592039801,0.1168091451288165,0.845360824742268,0.884,0.9741148645796772,0.5518032462720769,0.8984078559558718,0,,ok,,2026-07-20T22:35:19.433604+00:00,False,20000
adult,gaussian_copula,fresh,0.2,11,6,2000,8.9037,39.65,False,0.0306710298126345,0.8649797946834287,0.0515788158978629,0.0337663073521282,0.1365179648715128,0.8762886597938144,0.8955,0.9769172456196636,0.5392688302098971,0.8984078559558718,0,,ok,,2026-07-20T22:35:19.433604+00:00,False,20000
adult,gaussian_copula,fresh,0.2,11,7,2000,9.0033,39.65,False,0.0353355848165869,0.7920601758404686,0.0594405946546167,0.0339439953012714,0.1418926005579997,0.8762886597938144,0.8885,0.9690201891323968,0.4846345075498648,0.8984078559558718,0,,ok,,2026-07-20T22:35:19.433604+00:00,False,20000
adult,gaussian_copula,fresh,0.2,11,8,2000,9.3044,39.65,False,0.0342734880832553,0.9276344281083456,0.0520457273788871,0.0328264234383637,0.1614955872623513,0.8865979381443299,0.8745,0.9724318273169784,0.5810525883068589,0.8984078559558718,0,,ok,,2026-07-20T22:35:19.433604+00:00,False,20000
adult,gaussian_copula,fresh,0.2,11,9,2000,9.7198,39.65,False,0.0480668172471422,0.8000812401904046,0.0682381410028878,0.0310527915975677,0.1417189207788607,0.8762886597938144,0.90375,0.9750519992827624,0.4854493668703383,0.8984078559558718,0,,ok,,2026-07-20T22:35:19.433604+00:00,False,20000
adult,gaussian_copula,fresh,0.2,11,10,2000,9.1855,39.65,False,0.0421514452065914,0.9121936354272946,0.0587657208187114,0.040062258153676,0.1493112597601009,0.8350515463917526,0.894,0.9721004009433258,0.566345847839864,0.8984078559558718,0,,ok,,2026-07-20T22:35:19.433604+00:00,False,20000
adult,gaussian_copula,fresh,0.2,11,11,2000,8.9295,39.65,False,0.0617570687230452,0.9476676098825308,0.0675009846464889,0.0331696724709784,0.1390887517135449,0.8556701030927835,0.89075,0.971761561939112,0.6080987254009651,0.8984078559558718,0,,ok,,2026-07-20T22:35:19.433604+00:00,False,20000
adult,gaussian_copula,fresh,0.2,11,12,2000,8.9003,39.65,False,0.0364841450259159,0.871676779371967,0.0569399420345868,0.0367175925925925,0.1544799899273883,0.8865979381443299,0.8825,0.9773203339845804,0.4742270785452658,0.8984078559558718,0,,ok,,2026-07-20T22:35:19.433604+00:00,False,20000
adult,gaussian_copula,fresh,0.35,11,0,2000,9.9622,39.26,True,0.0215917280497571,0.9735796679630728,0.0358656179306719,0.0227945688225538,0.0959058642791739,0.8865979381443299,0.8995,0.9712140679033544,0.6965997841902933,0.8984078559558718,0,,ok,,2026-07-20T22:35:19.433604+00:00,False,20000
adult,gaussian_copula,fresh,0.35,11,1,2000,9.1943,39.45,False,0.0335186954544996,1.0216242338158767,0.0488849530134146,0.0294387437810945,0.1065993931932356,0.8556701030927835,0.90025,0.9714444843887244,0.6636138317526127,0.8984078559558718,0,,ok,,2026-07-20T22:35:19.433604+00:00,False,20000
adult,gaussian_copula,fresh,0.1,11,10,2000,8.9716,39.65,False,0.0716357620166068,1.060130794391928,0.090679585382539,0.0353691265892758,0.1479231267411791,0.7938144329896907,0.88625,0.9731595419879464,0.5109578040752604,0.8984078559558718,0,,ok,,2026-07-20T22:35:19.433604+00:00,False,20000
adult,gaussian_copula,fresh,0.35,11,2,2000,9.6589,40.02,False,0.0339383321573824,1.076742824605812,0.0430651565313063,0.0288831536760641,0.1319106230648222,0.8969072164948454,0.9045,0.9731652536172316,0.5984727837577035,0.8984078559558718,0,,ok,,2026-07-20T22:35:19.433604+00:00,False,20000
adult,gaussian_copula,fresh,0.1,11,9,2000,8.8249,39.65,False,0.0650216278526599,1.010088260749623,0.0760056533479902,0.0331021973466003,0.1827122869466044,0.7835051546391752,0.89525,0.9739751799748788,0.5273030815103217,0.8984078559558718,0,,ok,,2026-07-20T22:35:19.433604+00:00,False,20000
adult,gaussian_copula,fresh,0.1,11,7,2000,8.8998,39.65,False,0.0525453398050704,1.0443408618894678,0.070003486687165,0.0299084784411276,0.1551693235247965,0.7938144329896907,0.888,0.9764110880524188,0.4713420103923821,0.8984078559558718,0,,ok,,2026-07-20T22:35:19.433604+00:00,False,20000
adult,gaussian_copula,fresh,0.05,11,3,2000,9.5002,39.65,False,0.0511873524362929,0.9259780622391528,0.062296175713245,0.0334937119955776,0.1357984036291398,0.8350515463917526,0.892,0.9757139745294094,0.4782309924401039,0.8984078559558718,0,,ok,,2026-07-20T22:35:19.433604+00:00,False,20000
adult,gaussian_copula,fresh,0.05,11,4,2000,10.2149,39.65,False,0.0211599857922094,0.995196471595452,0.0464361396240986,0.0370196241017136,0.1527738397673647,0.7731958762886598,0.8735,0.9787579185631282,0.4419601967594975,0.8984078559558718,0,,ok,,2026-07-20T22:35:19.433604+00:00,False,20000
adult,gaussian_copula,fresh,0.05,11,5,2000,9.5171,39.65,False,0.0401097454542971,1.057919519241753,0.0628179559201426,0.0376853924820342,0.1657564748258529,0.7835051546391752,0.884,0.9756085765753348,0.4268861024869256,0.8984078559558718,0,,ok,,2026-07-20T22:35:19.433604+00:00,False,20000
adult,gaussian_copula,fresh,0.05,11,6,2000,9.1819,39.65,False,0.0310521539601094,1.004919800980105,0.0543037582134378,0.0412670328911,0.181111625187557,0.7938144329896907,0.8905,0.9811634369928686,0.4698557124991952,0.8984078559558718,0,,ok,,2026-07-20T22:35:19.433604+00:00,False,20000
adult,gaussian_copula,fresh,0.05,11,7,2000,9.2805,39.65,False,0.0289451746896058,0.9706331365928356,0.0551244398469804,0.0450772871752349,0.1676232276275013,0.7731958762886598,0.88975,0.980207796025899,0.4679580347286047,0.8984078559558718,0,,ok,,2026-07-20T22:35:19.433604+00:00,False,20000
adult,gaussian_copula,fresh,0.05,11,8,2000,8.9027,39.65,False,0.0330370844551316,0.9680542571609526,0.0573819831043993,0.0522437465450525,0.1529662267422395,0.7731958762886598,0.889,0.9740523269077582,0.4831573230207641,0.8984078559558718,0,,ok,,2026-07-20T22:35:19.433604+00:00,False,20000
adult,gaussian_copula,fresh,0.05,11,9,2000,9.4093,39.65,False,0.0472582293534531,1.041142391429427,0.0707365160775834,0.0431926824212272,0.1269562006935242,0.7835051546391752,0.88525,0.981070104672846,0.4764337583657732,0.8984078559558718,0,,ok,,2026-07-20T22:35:19.433604+00:00,False,20000
adult,gaussian_copula,fresh,0.05,11,10,2000,9.3204,39.65,False,0.0269674786692859,1.0032264572290233,0.0532745375273815,0.0490260848535102,0.164715995600035,0.7938144329896907,0.87525,0.982564448918978,0.4572083956243788,0.8984078559558718,0,,ok,,2026-07-20T22:35:19.433604+00:00,False,20000
adult,gaussian_copula,fresh,0.05,11,11,2000,9.2961,39.65,False,0.0301889254585598,1.0455279076270172,0.0557462482014611,0.0450617053620785,0.1588872071272853,0.7835051546391752,0.89,0.983713532656078,0.4326085739316088,0.8984078559558718,0,,ok,,2026-07-20T22:35:19.433604+00:00,False,20000
adult,gaussian_copula,fresh,0.05,11,12,2000,8.965,39.65,False,0.0371721243356309,0.9173187883868024,0.0611792001923469,0.0557009397457158,0.1513979761629522,0.7731958762886598,0.89075,0.9851803121315292,0.4735890119316883,0.8984078559558718,0,,ok,,2026-07-20T22:35:19.433604+00:00,False,20000
adult,gaussian_copula,fresh,0.1,11,0,2000,9.9622,39.26,True,0.0215917280497571,0.9735796679630728,0.0358656179306719,0.0227945688225538,0.0959058642791739,0.8865979381443299,0.8995,0.9712140679033544,0.6965997841902933,0.8984078559558718,0,,ok,,2026-07-20T22:35:19.433604+00:00,False,20000
adult,gaussian_copula,fresh,0.1,11,1,2000,9.0611,39.45,False,0.0576368818585136,1.1069930113354738,0.0716615732773993,0.0311150497512437,0.1160740691005024,0.8041237113402062,0.89975,0.970332250616771,0.6357313632032255,0.8984078559558718,0,,ok,,2026-07-20T22:35:19.433604+00:00,False,20000
adult,gaussian_copula,fresh,0.1,11,2,2000,9.6443,40.02,False,0.044840399674437,0.8735838786245558,0.0562826837833233,0.0342962962962962,0.128940268482352,0.845360824742268,0.8935,0.9735550506596766,0.5174172778630617,0.8984078559558718,0,,ok,,2026-07-20T22:35:19.433604+00:00,False,20000
adult,gaussian_copula,fresh,0.1,11,3,2000,8.6409,39.65,False,0.0510095947835609,1.1193349163617328,0.0677702170849898,0.0335647111663902,0.1331860987628739,0.8556701030927835,0.89725,0.9716996385176538,0.5039420872593465,0.8984078559558718,0,,ok,,2026-07-20T22:35:19.433604+00:00,False,20000
adult,gaussian_copula,fresh,0.1,11,4,2000,8.8861,39.65,False,0.0287861560213636,0.947105612160577,0.0615383195631917,0.0336234798231066,0.1448965037273354,0.8350515463917526,0.89225,0.9768391587485789,0.4521228106454058,0.8984078559558718,0,,ok,,2026-07-20T22:35:19.433604+00:00,False,20000
adult,gaussian_copula,fresh,0.1,11,5,2000,8.8256,39.65,False,0.0443442664793386,0.9284787601576742,0.0671356172759593,0.0307785033167495,0.1369488771735519,0.7938144329896907,0.88725,0.9770438830271732,0.4319010752851729,0.8984078559558718,0,,ok,,2026-07-20T22:35:19.433604+00:00,False,20000
adult,gaussian_copula,fresh,0.1,11,6,2000,9.5989,39.65,False,0.0432625863916269,0.966574881594738,0.0598658389595252,0.029551133222775,0.1319659370650655,0.7731958762886598,0.89325,0.9768204061095096,0.4530147729598751,0.8984078559558718,0,,ok,,2026-07-20T22:35:19.433604+00:00,False,20000
adult,gaussian_copula,fresh,0.1,11,8,2000,9.4429,39.65,False,0.063599776103775,1.0706756254311267,0.0776382366938368,0.0363697139303482,0.1880391248726019,0.7628865979381443,0.88175,0.9723965675405248,0.5372925086967063,0.8984078559558718,0,,ok,,2026-07-20T22:35:19.433604+00:00,False,20000
adult,gaussian_copula,fresh,0.35,11,3,2000,8.5804,39.65,False,0.0485353206918751,1.089908658881665,0.0553867929374571,0.0352770867882808,0.1242435822673761,0.8969072164948454,0.8935,0.9699548195836036,0.6062173730092053,0.8984078559558718,0,,ok,,2026-07-20T22:35:19.433604+00:00,False,20000
adult,gaussian_copula,fresh,0.35,11,4,2000,8.795,39.65,False,0.0452707612575217,1.111204270348882,0.0568964001770534,0.0316790008291874,0.1183358988466175,0.8350515463917526,0.89825,0.9700885934339673,0.5937043307361776,0.8984078559558718,0,,ok,,2026-07-20T22:35:19.433604+00:00,False,20000
adult,gaussian_copula,fresh,0.35,11,5,2000,8.8164,39.65,False,0.0157184038668,0.9608765198843202,0.0368013928374177,0.0275991224433388,0.1147040454041591,0.845360824742268,0.89925,0.9731074026988288,0.5874892786844447,0.8984078559558718,0,,ok,,2026-07-20T22:35:19.433604+00:00,False,20000
adult,gaussian_copula,fixed,0.01,12,2,2000,5.8739,40.02,False,0.0413642707998656,0.9369918184013444,0.0536441639586482,0.0447154850746268,0.1387577450954072,0.845360824742268,0.904,0.9767645948176372,0.4985032119035484,0.8953918569534902,0,,ok,,2026-07-20T22:35:19.433604+00:00,False,20000
adult,gaussian_copula,fixed,0.01,12,3,2000,5.5111,39.65,False,0.0528741421666305,0.9739346296969392,0.0653410446004941,0.0492646144278607,0.1473177761914479,0.8041237113402062,0.89775,0.9777384855482988,0.444026242292487,0.8953918569534902,0,,ok,,2026-07-20T22:35:19.433604+00:00,False,20000
adult,gaussian_copula,fixed,0.01,12,4,2000,5.1075,39.65,False,0.0339117388780229,1.0548827501342586,0.0687697300791427,0.0563418325041459,0.1741462528201712,0.7628865979381443,0.8945,0.980223607912762,0.3412237254829198,0.8953918569534902,0,,ok,,2026-07-20T22:35:19.433604+00:00,False,20000
adult,gaussian_copula,fixed,0.01,12,5,2000,5.721,39.65,False,0.0856202922549088,1.1477128241332093,0.1021789431576375,0.045257946379215,0.1652155004214366,0.7731958762886598,0.893,0.981649772607742,0.4189682281902445,0.8953918569534902,0,,ok,,2026-07-20T22:35:19.433604+00:00,False,20000
adult,gaussian_copula,fixed,0.01,12,6,2000,5.0341,39.65,False,0.0844163444448035,1.1571027241301102,0.0935814872670488,0.0501582020453289,0.1737951779983247,0.7422680412371134,0.89675,0.9799239065629108,0.3211675058610732,0.8953918569534902,0,,ok,,2026-07-20T22:35:19.433604+00:00,False,20000
adult,gaussian_copula,fixed,0.01,12,7,2000,5.1189,39.65,False,0.0627925929526328,1.1074780243618303,0.0785874787218729,0.0563144693200663,0.1702367175433956,0.7319587628865979,0.89075,0.9830809469314804,0.3267625868998604,0.8953918569534902,0,,ok,,2026-07-20T22:35:19.433604+00:00,False,20000
adult,gaussian_copula,fixed,0.01,12,8,2000,5.0274,39.65,False,0.0734534731144374,1.0598113307533057,0.0859569436856388,0.0655455016583747,0.181506361823841,0.711340206185567,0.887,0.9844265660660312,0.3740020702416142,0.8953918569534902,0,,ok,,2026-07-20T22:35:19.433604+00:00,False,20000
adult,gaussian_copula,fixed,0.01,12,9,2000,5.0648,39.65,False,0.0844177897696367,1.125403715422591,0.0983643800716893,0.063667495854063,0.1799281988868284,0.7010309278350515,0.8895,0.9838853562849884,0.3768512750120866,0.8953918569534902,0,,ok,,2026-07-20T22:35:19.433604+00:00,False,20000
adult,gaussian_copula,fixed,0.01,12,10,2000,5.0367,39.65,False,0.0952161664298792,1.0429748130814864,0.1033168094782432,0.0624128316749585,0.1935322123617331,0.6597938144329897,0.872,0.9840529836607508,0.4006914748609491,0.8953918569534902,0,,ok,,2026-07-20T22:35:19.433604+00:00,False,20000
adult,gaussian_copula,fixed,0.01,12,11,2000,5.7017,39.65,False,0.0952404191255968,1.10102941777157,0.1064606377422604,0.0635447415699281,0.1988506851970806,0.6494845360824743,0.87175,0.9853496495085746,0.3825357522518204,0.8953918569534902,0,,ok,,2026-07-20T22:35:19.433604+00:00,False,20000
adult,gaussian_copula,fixed,0.01,12,12,2000,5.2693,39.65,False,0.1077497234754962,1.0459192416244936,0.1151909382161852,0.0688263197899392,0.2002945561536673,0.6597938144329897,0.8775,0.9842537490613752,0.3685015321597506,0.8953918569534902,0,,ok,,2026-07-20T22:35:19.433604+00:00,False,20000
adult,gaussian_copula,fixed,0.02,12,0,2000,8.5247,39.26,True,0.0289660639847765,1.0008506429532034,0.0445997817024126,0.0278671918186843,0.0629493731922917,0.8865979381443299,0.90525,0.9755090680006784,0.693787852423296,0.8953918569534902,0,,ok,,2026-07-20T22:35:19.433604+00:00,False,20000
adult,gaussian_copula,fixed,0.02,12,1,2000,5.0574,39.45,False,0.0312769329096124,0.8850423653172296,0.0478356324590709,0.0381005735212824,0.1088201104193662,0.8350515463917526,0.89725,0.9731157007050544,0.5318491094407503,0.8953918569534902,0,,ok,,2026-07-20T22:35:19.433604+00:00,False,20000
adult,gaussian_copula,fixed,0.02,12,2,2000,5.2764,40.02,False,0.0163493021248642,0.9183878766101806,0.0492769509306332,0.0345351713653952,0.1403009330104441,0.8350515463917526,0.902,0.9806172254580736,0.537537651634249,0.8953918569534902,0,,ok,,2026-07-20T22:35:19.433604+00:00,False,20000
adult,gaussian_copula,fixed,0.02,12,3,2000,4.8562,39.65,False,0.0267523756254308,0.9831522030850928,0.0519520883089133,0.0380288142620232,0.1576937441102005,0.8041237113402062,0.89625,0.980151657358781,0.460042324036347,0.8953918569534902,0,,ok,,2026-07-20T22:35:19.433604+00:00,False,20000
adult,gaussian_copula,fixed,0.02,12,4,2000,5.0615,39.65,False,0.0211036798136688,0.9665976458640873,0.051532039909902,0.0447508637368712,0.1474722771621126,0.7835051546391752,0.90175,0.97808369205729,0.4490710138243833,0.8953918569534902,0,,ok,,2026-07-20T22:35:19.433604+00:00,False,20000
adult,gaussian_copula,fixed,0.02,12,5,2000,5.6705,39.65,False,0.04036306028121,0.9675800001070032,0.0681346781373061,0.0391826630735212,0.1399511264790681,0.7731958762886598,0.887,0.9773483217555784,0.400924652410393,0.8953918569534902,0,,ok,,2026-07-20T22:35:19.433604+00:00,False,20000
adult,gaussian_copula,fixed,0.01,12,1,2000,6.1865,39.45,False,0.0299774360820133,1.0826520281960008,0.0518884503793853,0.0415555901050304,0.1356808042962652,0.845360824742268,0.89975,0.9729688970949152,0.5657555444330261,0.8953918569534902,0,,ok,,2026-07-20T22:35:19.433604+00:00,False,20000
adult,gaussian_copula,fixed,0.01,12,0,2000,8.5247,39.26,True,0.0289660639847765,1.0008506429532034,0.0445997817024126,0.0278671918186843,0.0629493731922917,0.8865979381443299,0.90525,0.9755090680006784,0.693787852423296,0.8953918569534902,0,,ok,,2026-07-20T22:35:19.433604+00:00,False,20000
adult,gaussian_copula,fixed,0.0,12,12,2000,5.9713,39.65,False,0.074646664853491,1.0440807029461523,0.1131904895362046,0.0828501589275843,0.1647007763754801,0.7010309278350515,0.885,0.987691828140794,0.4149895563470123,0.8953918569534902,0,,ok,,2026-07-20T22:35:19.433604+00:00,False,20000
adult,gaussian_copula,fixed,0.0,12,11,2000,5.9559,39.65,False,0.0753588326711986,0.8928014280599275,0.1013303922153942,0.0791730583195135,0.1663673791029657,0.711340206185567,0.88675,0.988057939415469,0.3406992481015682,0.8953918569534902,0,,ok,,2026-07-20T22:35:19.433604+00:00,False,20000
adult,gaussian_copula,fresh,0.35,11,6,2000,9.1818,39.65,False,0.0148671815848191,0.979537896188194,0.0342728087145465,0.0253304311774461,0.1233207578013982,0.9175257731958762,0.8915,0.9711116984515518,0.6521515472459741,0.8984078559558718,0,,ok,,2026-07-20T22:35:19.433604+00:00,False,20000
adult,gaussian_copula,fresh,0.35,11,7,2000,8.6073,39.65,False,0.0299699089758685,0.8878408890379795,0.0489629056919305,0.0325666804864566,0.1205128241660501,0.8969072164948454,0.89225,0.9724429479503216,0.528559643952011,0.8984078559558718,0,,ok,,2026-07-20T22:35:19.433604+00:00,False,20000
adult,gaussian_copula,fresh,0.35,11,8,2000,9.0296,39.65,False,0.0278525217934545,0.8832755916965153,0.0415189751986563,0.0325538971807628,0.1252538787302533,0.8762886597938144,0.8975,0.9723463261278312,0.5705201291920984,0.8984078559558718,0,,ok,,2026-07-20T22:35:19.433604+00:00,False,20000
adult,gaussian_copula,fresh,0.35,11,9,2000,8.9457,39.65,False,0.0201214868352639,1.0328968462492332,0.0370313565688279,0.0347215657822001,0.1377022126049317,0.8865979381443299,0.898,0.967582892554065,0.6041181849902763,0.8984078559558718,0,,ok,,2026-07-20T22:35:19.433604+00:00,False,20000
adult,gaussian_copula,fresh,0.35,11,10,2000,8.8548,39.65,False,0.0237880006745575,0.8677766193030022,0.0472144563546848,0.0288849156992813,0.1192337650963046,0.865979381443299,0.8945,0.9728910065364778,0.6167951039074302,0.8984078559558718,0,,ok,,2026-07-20T22:35:19.433604+00:00,False,20000
adult,gaussian_copula,fresh,0.35,11,11,2000,8.8233,39.65,False,0.0125946629174752,0.9199181338312704,0.0455492984916141,0.0259739496959646,0.1369096917923799,0.865979381443299,0.8945,0.9702735908227615,0.6054005467756197,0.8984078559558718,0,,ok,,2026-07-20T22:35:19.433604+00:00,False,20000
adult,gaussian_copula,fresh,0.35,11,12,2000,8.4334,39.65,False,0.0274840103019002,1.001453512516206,0.0472536386452728,0.027892482034273,0.1333935945612224,0.9381443298969072,0.89925,0.9736084668247522,0.6115518708425194,0.8984078559558718,0,,ok,,2026-07-20T22:35:19.433604+00:00,False,20000
adult,gaussian_copula,fixed,0.0,12,0,2000,8.5247,39.26,True,0.0289660639847765,1.0008506429532034,0.0445997817024126,0.0278671918186843,0.0629493731922917,0.8865979381443299,0.90525,0.9755090680006784,0.693787852423296,0.8953918569534902,0,,ok,,2026-07-20T22:35:19.433604+00:00,False,20000
adult,gaussian_copula,fresh,0.05,11,2,2000,10.4508,40.02,False,0.0423258866527991,0.8688254702126373,0.0491893241292017,0.030654539800995,0.1371335478051439,0.8762886597938144,0.89675,0.9770381443978678,0.48844268080816,0.8984078559558718,0,,ok,,2026-07-20T22:35:19.433604+00:00,False,20000
adult,gaussian_copula,fixed,0.0,12,1,2000,5.1572,39.83,False,0.0218212698147677,0.9072036191373732,0.057059080021517,0.0331326699834162,0.1284602907767293,0.8762886597938144,0.88725,0.9692575665604892,0.5562674506170404,0.8953918569534902,0,,ok,,2026-07-20T22:35:19.433604+00:00,False,20000
adult,gaussian_copula,fixed,0.0,12,3,2000,5.0294,39.65,False,0.0219242246735257,0.9684209949059062,0.0435911927186884,0.0364160793255942,0.1263520787288943,0.8247422680412371,0.888,0.9820523912848068,0.3619922954702122,0.8953918569534902,0,,ok,,2026-07-20T22:35:19.433604+00:00,False,20000
adult,gaussian_copula,fixed,0.0,12,4,2000,5.3016,39.65,False,0.0479223627262641,1.1291990159076848,0.0759869098482165,0.0341792081260364,0.1486229252945358,0.8247422680412371,0.89525,0.9820194996351296,0.3803654603238876,0.8953918569534902,0,,ok,,2026-07-20T22:35:19.433604+00:00,False,20000
adult,gaussian_copula,fixed,0.0,12,5,2000,5.5762,39.65,False,0.074448236752233,1.0954904572351245,0.0920876905091468,0.041490671641791,0.1487274568533101,0.7835051546391752,0.8895,0.9808838832831334,0.3379817281639534,0.8953918569534902,0,,ok,,2026-07-20T22:35:19.433604+00:00,False,20000
adult,gaussian_copula,fixed,0.0,12,6,2000,4.9896,39.65,False,0.0619575737999854,1.165708627861146,0.096614739344917,0.0513292910447761,0.1791372919577462,0.7628865979381443,0.8825,0.9816549701116414,0.4039298006087727,0.8953918569534902,0,,ok,,2026-07-20T22:35:19.433604+00:00,False,20000
adult,gaussian_copula,fixed,0.0,12,7,2000,5.2364,39.65,False,0.0406102912079986,0.9140311264305522,0.0758389714899102,0.0515610143725815,0.1584853521357513,0.7628865979381443,0.88975,0.9848484312575356,0.3962107812277288,0.8953918569534902,0,,ok,,2026-07-20T22:35:19.433604+00:00,False,20000
adult,gaussian_copula,fixed,0.0,12,8,2000,5.3295,39.65,False,0.0697662921073372,0.9724498348321494,0.0999342709322113,0.0494831053067993,0.1910366836315034,0.7422680412371134,0.88275,0.983331811994692,0.3379367186355707,0.8953918569534902,0,,ok,,2026-07-20T22:35:19.433604+00:00,False,20000
adult,gaussian_copula,fixed,0.0,12,9,2000,5.9356,39.65,False,0.0643764753131155,1.0208756244118846,0.1000941302621934,0.0707172470978441,0.1701869508108822,0.7216494845360825,0.887,0.9849474459568214,0.3879203080238385,0.8953918569534902,0,,ok,,2026-07-20T22:35:19.433604+00:00,False,20000
adult,gaussian_copula,fixed,0.0,12,10,2000,5.5295,39.65,False,0.0698120236509426,1.1030404215712972,0.105441464229933,0.0770588723051409,0.1782580981750488,0.7216494845360825,0.87375,0.9859888254881164,0.3824053131306005,0.8953918569534902,0,,ok,,2026-07-20T22:35:19.433604+00:00,False,20000
adult,gaussian_copula,fixed,0.0,12,2,2000,5.2074,40.02,False,0.0388453658713696,1.0938572267902735,0.0609412868338948,0.0387096807628524,0.1350316648281774,0.8350515463917526,0.88525,0.9765416792753948,0.4781052083465826,0.8953918569534902,0,,ok,,2026-07-20T22:35:19.433604+00:00,False,20000
adult,gaussian_copula,fresh,0.05,11,1,2000,9.6496,39.45,False,0.0288328796447182,0.908850812520428,0.0398325718602817,0.0290400773908236,0.1312421399337595,0.865979381443299,0.9,0.9766600237391828,0.5643812622415755,0.8984078559558718,0,,ok,,2026-07-20T22:35:19.433604+00:00,False,20000
adult,gaussian_copula,fresh,0.05,11,0,2000,9.9622,39.26,True,0.0215917280497571,0.9735796679630728,0.0358656179306719,0.0227945688225538,0.0959058642791739,0.8865979381443299,0.8995,0.9712140679033544,0.6965997841902933,0.8984078559558718,0,,ok,,2026-07-20T22:35:19.433604+00:00,False,20000
adult,gaussian_copula,fresh,0.02,11,12,2000,9.9673,39.65,False,0.0978518470421545,0.7324818556904774,0.1165637259971827,0.0550766307352128,0.1752518701881753,0.7319587628865979,0.877,0.9838613645169888,0.3951682517145254,0.8984078559558718,0,,ok,,2026-07-20T22:35:19.433604+00:00,False,20000
adult,gaussian_copula,fixed,0.2,11,4,2000,9.3054,39.65,False,0.0505633699552226,0.8858670551755821,0.0638154754214561,0.0402958126036484,0.1339826320546427,0.8247422680412371,0.88025,0.9698737660852932,0.5740910271652993,0.8984078559558718,0,,ok,,2026-07-20T22:35:19.433604+00:00,False,20000
adult,gaussian_copula,fixed,0.2,11,5,2000,8.8412,39.65,False,0.0337941951941939,0.8867519419074491,0.0721666766048684,0.0359905334438916,0.1416266965532805,0.7938144329896907,0.875,0.9667199606566506,0.5577863664860035,0.8984078559558718,0,,ok,,2026-07-20T22:35:19.433604+00:00,False,20000
adult,gaussian_copula,fixed,0.2,11,6,2000,9.1206,39.65,False,0.0351593182879224,0.9644920677993846,0.0649382711257327,0.0372761539524599,0.1309092056771258,0.8247422680412371,0.87975,0.9708602247628836,0.6143869466204697,0.8984078559558718,0,,ok,,2026-07-20T22:35:19.433604+00:00,False,20000
adult,gaussian_copula,fixed,0.2,11,7,2000,9.2471,39.65,False,0.0362587631355371,1.025508244673944,0.0665726775546522,0.0404536000552791,0.164499668088656,0.8247422680412371,0.877,0.9762655545682324,0.5679182309635921,0.8984078559558718,0,,ok,,2026-07-20T22:35:19.433604+00:00,False,20000
adult,gaussian_copula,fixed,0.2,11,8,2000,8.9072,39.65,False,0.018024903880212,0.9988736171666394,0.0539090413307872,0.0428462893864013,0.1670172088753442,0.8144329896907216,0.86925,0.969048686528777,0.5716985396194653,0.8984078559558718,0,,ok,,2026-07-20T22:35:19.433604+00:00,False,20000
adult,gaussian_copula,fixed,0.2,11,9,2000,9.2256,39.65,False,0.0232489091365248,0.9153178620517246,0.0560653701292379,0.0425156854615809,0.1577789336165271,0.8247422680412371,0.85925,0.9683964177894124,0.5056708727573749,0.8984078559558718,0,,ok,,2026-07-20T22:35:19.433604+00:00,False,20000
adult,gaussian_copula,fixed,0.2,11,10,2000,8.9411,39.65,False,0.0373604595088096,0.883421321414409,0.0564318249495867,0.0434845218352681,0.1349088513717658,0.8144329896907216,0.8735,0.9732332587932524,0.5657892442110141,0.8984078559558718,0,,ok,,2026-07-20T22:35:19.433604+00:00,False,20000
adult,gaussian_copula,fixed,0.2,11,11,2000,9.0484,39.65,False,0.0371689414875684,0.8137327187101063,0.0637226919315248,0.0478131564400221,0.1492496030448981,0.8144329896907216,0.87125,0.9715941185009872,0.5795270177151997,0.8984078559558718,0,,ok,,2026-07-20T22:35:19.433604+00:00,False,20000
adult,gaussian_copula,fixed,0.2,11,12,2000,8.8582,39.65,False,0.0397425800591817,0.8291448739565772,0.0636138859585664,0.0501122857932559,0.1277954107227436,0.8247422680412371,0.8835,0.9698965299148716,0.6164443705176509,0.8984078559558718,0,,ok,,2026-07-20T22:35:19.433604+00:00,False,20000
adult,gaussian_copula,fixed,0.35,11,0,2000,9.9622,39.26,True,0.0215917280497571,0.9735796679630728,0.0358656179306719,0.0227945688225538,0.0959058642791739,0.8865979381443299,0.8995,0.9712140679033544,0.6965997841902933,0.8984078559558718,0,,ok,,2026-07-20T22:35:19.433604+00:00,False,20000
adult,gaussian_copula,fixed,0.35,11,1,2000,8.5932,39.45,False,0.0434206085686055,0.9964804762927548,0.0522437520766575,0.0256418946932006,0.1248500087662521,0.8247422680412371,0.898,0.973932816943096,0.6412181656751894,0.8984078559558718,0,,ok,,2026-07-20T22:35:19.433604+00:00,False,20000
adult,gaussian_copula,fixed,0.35,11,2,2000,9.2405,40.02,False,0.0263844501002974,0.9813284814564086,0.0453314459494036,0.0306741293532338,0.1236095324565511,0.8144329896907216,0.89475,0.9735703067961228,0.6106346992583296,0.8984078559558718,0,,ok,,2026-07-20T22:35:19.433604+00:00,False,20000
adult,gaussian_copula,fixed,0.35,11,3,2000,9.3536,39.65,False,0.0327745968950088,0.9487058004796736,0.0489007819450719,0.0363956951354339,0.1363122966186553,0.8041237113402062,0.895,0.9709675048433706,0.597433302959824,0.8984078559558718,0,,ok,,2026-07-20T22:35:19.433604+00:00,False,20000
adult,gaussian_copula,fixed,0.35,11,4,2000,9.3688,39.65,False,0.0426649989493722,1.0144541013895054,0.0550067603626955,0.0313943477059148,0.1435666956691858,0.7938144329896907,0.8985,0.971795122964291,0.5574283882995944,0.8984078559558718,0,,ok,,2026-07-20T22:35:19.433604+00:00,False,20000
adult,gaussian_copula,fixed,0.35,11,5,2000,9.1522,39.65,False,0.0118544276871176,0.9878670954190136,0.036508554734957,0.0334291735765616,0.1230851275306576,0.8041237113402062,0.89525,0.9702029497697632,0.5749610911804535,0.8984078559558718,0,,ok,,2026-07-20T22:35:19.433604+00:00,False,20000
adult,gaussian_copula,fixed,0.35,11,6,2000,9.1969,39.65,False,0.019892271388582,0.9193325174155812,0.0407827306530524,0.030252487562189,0.1484751085294367,0.7938144329896907,0.90075,0.9725725334225432,0.6800650602406478,0.8984078559558718,0,,ok,,2026-07-20T22:35:19.433604+00:00,False,20000
adult,gaussian_copula,fixed,0.35,11,7,2000,8.9673,39.65,False,0.0281101610397896,1.016851478188493,0.0485921768020402,0.0309788211719181,0.155298321102756,0.8144329896907216,0.8995,0.970668507744048,0.6069744050841819,0.8984078559558718,0,,ok,,2026-07-20T22:35:19.433604+00:00,False,20000
adult,gaussian_copula,fixed,0.2,11,3,2000,8.9465,39.65,False,0.0245403132355456,1.0028171410882851,0.0474469532928006,0.0346540215588723,0.1187484586361653,0.8247422680412371,0.896,0.9735839339313463,0.5325566736509566,0.8984078559558718,0,,ok,,2026-07-20T22:35:19.433604+00:00,False,20000
adult,gaussian_copula,fixed,0.2,11,2,2000,8.9176,40.02,False,0.027080358567366,1.0526182381882725,0.0403044716696675,0.0299460682697623,0.1083338407494773,0.8556701030927835,0.89175,0.9731849670070216,0.5817184211772028,0.8984078559558718,0,,ok,,2026-07-20T22:35:19.433604+00:00,False,20000
adult,gaussian_copula,fixed,0.2,11,1,2000,9.1619,39.45,False,0.0297563837384173,1.0831613831335691,0.0477988242319578,0.031010433941404,0.0988925831559716,0.845360824742268,0.901,0.971588326434142,0.6184965493131999,0.8984078559558718,0,,ok,,2026-07-20T22:35:19.433604+00:00,False,20000
adult,gaussian_copula,fixed,0.2,11,0,2000,9.9622,39.26,True,0.0215917280497571,0.9735796679630728,0.0358656179306719,0.0227945688225538,0.0959058642791739,0.8865979381443299,0.8995,0.9712140679033544,0.6965997841902933,0.8984078559558718,0,,ok,,2026-07-20T22:35:19.433604+00:00,False,20000
adult,gaussian_copula,fixed,0.05,11,8,2000,8.8741,39.65,False,0.0656712334587842,0.7384929166170512,0.0917629589862181,0.0450360005527916,0.1595617330859207,0.7422680412371134,0.8905,0.9750136108789615,0.4584511568923979,0.8984078559558718,0,,ok,,2026-07-20T22:35:19.433604+00:00,False,20000
adult,gaussian_copula,fixed,0.05,11,9,2000,9.218,39.65,False,0.065786956954012,0.7830338469396665,0.0965659204083502,0.0450444997236042,0.1776469925268888,0.7319587628865979,0.8795,0.9751106635767752,0.4874552576439817,0.8984078559558718,0,,ok,,2026-07-20T22:35:19.433604+00:00,False,20000
adult,gaussian_copula,fixed,0.05,11,10,2000,9.328,39.65,False,0.0682802830096234,0.7669981743471448,0.0962100341299619,0.0548230375898286,0.192032688314326,0.7319587628865979,0.876,0.973713583528616,0.4459913851828239,0.8984078559558718,0,,ok,,2026-07-20T22:35:19.433604+00:00,False,20000
adult,gaussian_copula,fixed,0.05,11,11,2000,9.1726,39.65,False,0.0621507189409773,0.766945884429188,0.0945241318219707,0.0488782822001105,0.1892048609828194,0.711340206185567,0.872,0.9779185531833944,0.4267013110000402,0.8984078559558718,0,,ok,,2026-07-20T22:35:19.433604+00:00,False,20000
adult,gaussian_copula,fixed,0.05,11,12,2000,8.9475,39.65,False,0.0602381836923328,0.7634334654416208,0.1004992568844312,0.0499710129906025,0.2009486383725584,0.7216494845360825,0.86825,0.97595160283269,0.4627501405359419,0.8984078559558718,0,,ok,,2026-07-20T22:35:19.433604+00:00,False,20000
adult,gaussian_copula,fixed,0.1,11,0,2000,9.9622,39.26,True,0.0215917280497571,0.9735796679630728,0.0358656179306719,0.0227945688225538,0.0959058642791739,0.8865979381443299,0.8995,0.9712140679033544,0.6965997841902933,0.8984078559558718,0,,ok,,2026-07-20T22:35:19.433604+00:00,False,20000
adult,gaussian_copula,fixed,0.1,11,1,2000,8.6755,39.45,False,0.0452609216887053,1.056279196907534,0.0548109968844809,0.0261427584300718,0.1383640235622079,0.8865979381443299,0.90125,0.9718837831558084,0.5705243580552894,0.8984078559558718,0,,ok,,2026-07-20T22:35:19.433604+00:00,False,20000
adult,gaussian_copula,fixed,0.1,11,2,2000,8.8572,40.02,False,0.0236425607250327,1.0008044997205958,0.0426952970394897,0.0361796227197346,0.1413714586861253,0.865979381443299,0.88375,0.974935304070212,0.5075537003339687,0.8984078559558718,0,,ok,,2026-07-20T22:35:19.433604+00:00,False,20000
adult,gaussian_copula,fixed,0.35,11,8,2000,9.0564,39.65,False,0.0372302211958822,0.8647502132246805,0.0543946799936957,0.0408838792150359,0.1656871187214631,0.7731958762886598,0.89175,0.9732687244448603,0.5726010249190845,0.8984078559558718,0,,ok,,2026-07-20T22:35:19.433604+00:00,False,20000
adult,gaussian_copula,fixed,0.1,11,3,2000,8.8366,39.65,False,0.0415810331233442,1.1285788058558046,0.0567174374691728,0.0409113805970149,0.172916132319143,0.8247422680412371,0.88775,0.978059572039194,0.4981133369428374,0.8984078559558718,0,,ok,,2026-07-20T22:35:19.433604+00:00,False,20000
adult,gaussian_copula,fixed,0.1,11,5,2000,8.9303,39.65,False,0.0305028706768393,1.0453329950546388,0.0639743368307492,0.0514626865671641,0.1791776535036844,0.8041237113402062,0.86875,0.9731578848617032,0.4898164384894474,0.8984078559558718,0,,ok,,2026-07-20T22:35:19.433604+00:00,False,20000
adult,gaussian_copula,fixed,0.1,11,6,2000,8.8689,39.65,False,0.0348862827444226,0.964825047833644,0.0592575396991322,0.0521623479823106,0.1752010296955459,0.8041237113402062,0.8775,0.9758153674804794,0.4848097595081563,0.8984078559558718,0,,ok,,2026-07-20T22:35:19.433604+00:00,False,20000
adult,gaussian_copula,fixed,0.1,11,7,2000,9.1083,39.65,False,0.0513466428738647,1.0865669379012848,0.0721647655350324,0.056741120784964,0.1815983301220896,0.7938144329896907,0.86725,0.9733485455047464,0.42483123557679,0.8984078559558718,0,,ok,,2026-07-20T22:35:19.433604+00:00,False,20000
adult,gaussian_copula,fixed,0.1,11,8,2000,9.1247,39.65,False,0.0485360525901532,1.015428934635975,0.0773281289524718,0.0522374585406301,0.211104177314937,0.7938144329896907,0.88025,0.9731796435030274,0.5129294705607526,0.8984078559558718,0,,ok,,2026-07-20T22:35:19.433604+00:00,False,20000
adult,gaussian_copula,fixed,0.1,11,9,2000,9.1647,39.65,False,0.066892831259154,1.1631878101997797,0.0949743104417294,0.058447726644555,0.1771994882108248,0.7835051546391752,0.87275,0.9783386262485544,0.5211824085060861,0.8984078559558718,0,,ok,,2026-07-20T22:35:19.433604+00:00,False,20000
adult,gaussian_copula,fixed,0.1,11,10,2000,8.1571,39.65,False,0.0403099863011436,1.0387026487835744,0.0723571962156492,0.0529662797125483,0.1772709400237353,0.7938144329896907,0.868,0.9756040180719148,0.4605421494400264,0.8984078559558718,0,,ok,,2026-07-20T22:35:19.433604+00:00,False,20000
adult,gaussian_copula,fixed,0.1,11,11,2000,9.0803,39.65,False,0.0469827847853221,0.9263523890176688,0.0851641226314888,0.0554765409065782,0.1808356457126569,0.7835051546391752,0.878,0.9782332226694752,0.5091168717479551,0.8984078559558718,0,,ok,,2026-07-20T22:35:19.433604+00:00,False,20000
adult,gaussian_copula,fixed,0.1,11,12,2000,9.5016,39.65,False,0.048874076225492,0.9597516945094564,0.0770473640789299,0.0583009950248756,0.1685608815587182,0.7731958762886598,0.86425,0.9759647360925432,0.5425538045803637,0.8984078559558718,0,,ok,,2026-07-20T22:35:19.433604+00:00,False,20000
adult,gaussian_copula,fixed,0.1,11,4,2000,8.912,39.65,False,0.0332772301483098,0.9044347203188092,0.0534846168746217,0.0401990395245992,0.1732004335928464,0.7938144329896907,0.8785,0.9767708453223266,0.4314423911474224,0.8984078559558718,0,,ok,,2026-07-20T22:35:19.433604+00:00,False,20000
adult,gaussian_copula,fixed,0.02,12,6,2000,5.022,39.65,False,0.0629228268730328,0.8645631332937583,0.0863837523508839,0.040923161967938,0.1717887669417477,0.7319587628865979,0.87225,0.9779564184618028,0.4457019539183728,0.8953918569534902,0,,ok,,2026-07-20T22:35:19.433604+00:00,False,20000
adult,gaussian_copula,fixed,0.35,11,9,2000,9.6746,39.65,False,0.0236899598210473,0.8768245711171478,0.0518996238330892,0.0337356965174129,0.1429762054412756,0.7938144329896907,0.8815,0.976567868170043,0.6241062510727873,0.8984078559558718,0,,ok,,2026-07-20T22:35:19.433604+00:00,False,20000
adult,gaussian_copula,fixed,0.35,11,11,2000,8.9454,39.65,False,0.0403764468571642,0.8997845420716667,0.0592472019478661,0.044219527363184,0.1163506368774321,0.7938144329896907,0.89125,0.9701069202602168,0.6046694451718381,0.8984078559558718,0,,ok,,2026-07-20T22:35:19.433604+00:00,False,20000
adult,gaussian_copula,fresh,0.01,11,8,2000,9.6306,39.65,False,0.0602846850337666,1.2301001658044124,0.0721455439764493,0.0509062672747374,0.1862119228344687,0.7216494845360825,0.89975,0.981878344654228,0.4487631591404485,0.8984078559558718,0,,ok,,2026-07-20T22:35:19.433604+00:00,False,20000
adult,gaussian_copula,fresh,0.01,11,9,2000,9.0609,39.65,False,0.088882313681362,1.4735962983577515,0.1014284054629813,0.0516590657822001,0.2138474613900183,0.7216494845360825,0.8815,0.9826253103396392,0.4308734943116217,0.8984078559558718,0,,ok,,2026-07-20T22:35:19.433604+00:00,False,20000
adult,gaussian_copula,fresh,0.01,11,10,2000,9.4923,39.65,False,0.1029315288298509,1.2930058518815384,0.1110303713630089,0.0512502763957987,0.2189440747253946,0.6804123711340206,0.8965,0.98438332553359,0.4051471886976452,0.8984078559558718,0,,ok,,2026-07-20T22:35:19.433604+00:00,False,20000
adult,gaussian_copula,fresh,0.01,11,11,2000,9.0402,39.65,False,0.1085423631066011,1.3711103293049476,0.1143029793018419,0.0518060737976782,0.2110189645142479,0.7628865979381443,0.891,0.9853750374026218,0.4204530508985973,0.8984078559558718,0,,ok,,2026-07-20T22:35:19.433604+00:00,False,20000
adult,gaussian_copula,fresh,0.01,11,12,2000,8.7719,39.65,False,0.0887482107008033,1.2585859748964854,0.1016618310718116,0.056914524599226,0.2343199901324271,0.711340206185567,0.89275,0.9856778021297712,0.4002943551036084,0.8984078559558718,0,,ok,,2026-07-20T22:35:19.433604+00:00,False,20000
adult,gaussian_copula,fresh,0.02,11,0,2000,9.9622,39.26,True,0.0215917280497571,0.9735796679630728,0.0358656179306719,0.0227945688225538,0.0959058642791739,0.8865979381443299,0.8995,0.9712140679033544,0.6965997841902933,0.8984078559558718,0,,ok,,2026-07-20T22:35:19.433604+00:00,False,20000
adult,gaussian_copula,fresh,0.02,11,1,2000,9.1627,39.45,False,0.0374321999982252,0.9752121132267392,0.0519665470822792,0.0231471462133775,0.1277952030792009,0.8969072164948454,0.8945,0.9724736345983443,0.5808365556833758,0.8984078559558718,0,,ok,,2026-07-20T22:35:19.433604+00:00,False,20000
adult,gaussian_copula,fresh,0.02,11,2,2000,9.9342,40.02,False,0.0436281139025303,0.970594358620076,0.0614792509766319,0.0281371614151464,0.1379916101331261,0.8865979381443299,0.89675,0.9729394012602858,0.5090771401030899,0.8984078559558718,0,,ok,,2026-07-20T22:35:19.433604+00:00,False,20000
adult,gaussian_copula,fresh,0.02,11,3,2000,9.111,39.65,False,0.050537025469489,0.9661207124810938,0.0636498668849372,0.0367169707020453,0.1529776509724804,0.865979381443299,0.904,0.9771035204469162,0.4327913657234968,0.8984078559558718,0,,ok,,2026-07-20T22:35:19.433604+00:00,False,20000
adult,gaussian_copula,fresh,0.02,11,4,2000,8.9169,39.65,False,0.0578778846673455,0.9545301772340816,0.0702427279456877,0.0363474640685461,0.1676390672733226,0.8144329896907216,0.9,0.97862288583682,0.4591083353450483,0.8984078559558718,0,,ok,,2026-07-20T22:35:19.433604+00:00,False,20000
adult,gaussian_copula,fresh,0.02,11,5,2000,9.079,39.65,False,0.0712993385054343,0.9818124678639862,0.0857325079967576,0.0387756011608623,0.1335189899027415,0.8041237113402062,0.91025,0.9807516360589148,0.4444040863013287,0.8984078559558718,0,,ok,,2026-07-20T22:35:19.433604+00:00,False,20000
adult,gaussian_copula,fresh,0.02,11,6,2000,9.3686,39.65,False,0.083612268869302,0.9354567097247553,0.0897804387526058,0.0356291113875069,0.1713059822076406,0.7835051546391752,0.90925,0.9847756740779496,0.4540292083974601,0.8984078559558718,0,,ok,,2026-07-20T22:35:19.433604+00:00,False,20000
adult,gaussian_copula,fresh,0.02,11,7,2000,9.1277,39.65,False,0.0903417617287622,0.8937449198613395,0.1056506442788624,0.044841348811498,0.1645428566298793,0.7628865979381443,0.89,0.9834100333033776,0.4343659780154187,0.8984078559558718,0,,ok,,2026-07-20T22:35:19.433604+00:00,False,20000
adult,gaussian_copula,fresh,0.02,11,8,2000,9.0992,39.65,False,0.0816822016812226,0.942483305115732,0.0973249271537919,0.0548564814814814,0.1871059626470038,0.7422680412371134,0.90425,0.9819347960715809,0.4423154212675496,0.8984078559558718,0,,ok,,2026-07-20T22:35:19.433604+00:00,False,20000
adult,gaussian_copula,fresh,0.02,11,9,2000,9.0948,39.65,False,0.0954792339163978,0.8884792395228024,0.1056133800676948,0.0510903468767274,0.1944076623253666,0.7525773195876289,0.88675,0.980530441767964,0.3441605234506527,0.8984078559558718,0,,ok,,2026-07-20T22:35:19.433604+00:00,False,20000
adult,gaussian_copula,fresh,0.02,11,10,2000,9.3033,39.65,False,0.0966355747164827,0.797616583399629,0.1208118890366394,0.0484906025428413,0.1778041286778102,0.7319587628865979,0.879,0.9850460669058118,0.4158484417393124,0.8984078559558718,0,,ok,,2026-07-20T22:35:19.433604+00:00,False,20000
adult,gaussian_copula,fresh,0.02,11,11,2000,9.0734,39.65,False,0.0936535171339353,0.771903541046422,0.1118555267063575,0.0590999516307352,0.1855804544971444,0.7010309278350515,0.87325,0.980145828729408,0.4726151932498689,0.8984078559558718,0,,ok,,2026-07-20T22:35:19.433604+00:00,False,20000
adult,gaussian_copula,fresh,0.01,11,7,2000,9.5245,39.65,False,0.0482551854041708,1.1031888954088056,0.0595692236076917,0.0443793532338308,0.1850636655753888,0.7319587628865979,0.88575,0.9809030139224862,0.4039586814496359,0.8984078559558718,0,,ok,,2026-07-20T22:35:19.433604+00:00,False,20000
adult,gaussian_copula,fresh,0.01,11,6,2000,8.5107,39.65,False,0.0835044842951369,1.273084776109868,0.0969230828286964,0.0447071932006633,0.1673027802987149,0.7216494845360825,0.88875,0.9818198468603402,0.4102024504328061,0.8984078559558718,0,,ok,,2026-07-20T22:35:19.433604+00:00,False,20000
adult,gaussian_copula,fresh,0.01,11,5,2000,9.1686,39.65,False,0.0730312395824133,1.321474426769098,0.0857255840214556,0.0375320964621337,0.1718114612103423,0.7628865979381443,0.886,0.979700785145514,0.4904171993176647,0.8984078559558718,0,,ok,,2026-07-20T22:35:19.433604+00:00,False,20000
adult,gaussian_copula,fresh,0.01,11,4,2000,8.9582,39.65,False,0.0617148999749516,1.2208791072564504,0.0809007419671768,0.0375101575456053,0.167215080637545,0.7938144329896907,0.8785,0.9782101264021472,0.3649026056747017,0.8984078559558718,0,,ok,,2026-07-20T22:35:19.433604+00:00,False,20000
adult,gaussian_copula,fixed,0.35,11,12,2000,9.107,39.65,False,0.0333537443980676,0.8793413019798163,0.0548456058862417,0.0342253662244333,0.1221037291099831,0.7835051546391752,0.88575,0.9714967153654106,0.5750828431020948,0.8984078559558718,0,,ok,,2026-07-20T22:35:19.433604+00:00,False,20000
adult,gaussian_copula,fresh,0.0,11,0,2000,9.9622,39.26,True,0.0215917280497571,0.9735796679630728,0.0358656179306719,0.0227945688225538,0.0959058642791739,0.8865979381443299,0.8995,0.9712140679033544,0.6965997841902933,0.8984078559558718,0,,ok,,2026-07-20T22:35:19.433604+00:00,False,20000
adult,gaussian_copula,fresh,0.0,11,1,2000,8.8928,39.45,False,0.0310243510027801,1.0328334729761763,0.0529210902378257,0.0284644485903814,0.111960597240815,0.8556701030927835,0.904,0.9700456296517336,0.5388718087982122,0.8984078559558718,0,,ok,,2026-07-20T22:35:19.433604+00:00,False,20000
adult,gaussian_copula,fresh,0.0,11,2,2000,8.5184,40.02,False,0.041607476461781,1.1611757197308368,0.0614586520062326,0.0280170328911,0.1110620108227024,0.8144329896907216,0.89775,0.9729981729918794,0.4600884481488265,0.8984078559558718,0,,ok,,2026-07-20T22:35:19.433604+00:00,False,20000
adult,gaussian_copula,fresh,0.0,11,3,2000,9.4279,39.65,False,0.0452519830254741,1.0550081446114412,0.0640599330175438,0.0353235558319513,0.1436613947122356,0.8247422680412371,0.89425,0.9798065059748312,0.4158742410829666,0.8984078559558718,0,,ok,,2026-07-20T22:35:19.433604+00:00,False,20000
adult,gaussian_copula,fresh,0.0,11,4,2000,9.4112,39.65,False,0.0462114499333517,1.126442761379987,0.075758124317645,0.0348022042564953,0.1668887364525113,0.7835051546391752,0.896,0.9774440075773668,0.4116280034927132,0.8984078559558718,0,,ok,,2026-07-20T22:35:19.433604+00:00,False,20000
adult,gaussian_copula,fresh,0.0,11,5,2000,9.3914,39.65,False,0.0608958541715949,1.2722131662384089,0.0880564546643709,0.0449469320066334,0.1800685557187075,0.7628865979381443,0.884,0.9806312564686004,0.3913043820332715,0.8984078559558718,0,,ok,,2026-07-20T22:35:19.433604+00:00,False,20000
adult,gaussian_copula,fresh,0.0,11,6,2000,9.2336,39.65,False,0.0546485865783933,1.294477539815567,0.0844781295399024,0.0472271282476506,0.1812702237920128,0.7525773195876289,0.876,0.9799310649432816,0.3854393421698434,0.8984078559558718,0,,ok,,2026-07-20T22:35:19.433604+00:00,False,20000
adult,gaussian_copula,fixed,0.35,11,10,2000,9.0809,39.65,False,0.028596345346585,0.8732834674402703,0.0532377775256603,0.0381055486456605,0.1452622562496738,0.7938144329896907,0.88875,0.97339276253792,0.5720396351349952,0.8984078559558718,0,,ok,,2026-07-20T22:35:19.433604+00:00,False,20000
adult,gaussian_copula,fresh,0.0,11,7,2000,8.978,39.65,False,0.0829458220477318,1.3112537778795208,0.1053133860752701,0.0456092108899944,0.1676662903017917,0.7525773195876289,0.88725,0.9834739412263244,0.3598829450668704,0.8984078559558718,0,,ok,,2026-07-20T22:35:19.433604+00:00,False,20000
adult,gaussian_copula,fresh,0.0,11,9,2000,9.0824,39.65,False,0.054085140685784,1.145787599210992,0.0700539452321843,0.0547496890547263,0.1839391909258454,0.7010309278350515,0.8835,0.9806595142398006,0.3385702941308756,0.8984078559558718,0,,ok,,2026-07-20T22:35:19.433604+00:00,False,20000
adult,gaussian_copula,fresh,0.0,11,10,2000,9.6553,39.65,False,0.0789680320594029,1.418211190351286,0.0937892918885737,0.0510450525152017,0.1503153727099424,0.6907216494845361,0.882,0.9894791822317563,0.4672209668217162,0.8984078559558718,0,,ok,,2026-07-20T22:35:19.433604+00:00,False,20000
adult,gaussian_copula,fresh,0.0,11,11,2000,9.3844,39.65,False,0.063517103894139,1.4133482169474512,0.0887572051264728,0.0561271420674405,0.1728248342161219,0.6907216494845361,0.87,0.9912046905263192,0.4145247747786141,0.8984078559558718,0,,ok,,2026-07-20T22:35:19.433604+00:00,False,20000
adult,gaussian_copula,fresh,0.0,11,12,2000,9.0938,39.65,False,0.0736440439930259,1.456731419174469,0.0948300729619306,0.0613459438916528,0.1212263003270616,0.6701030927835051,0.88075,0.9881561789891732,0.3916874055799751,0.8984078559558718,0,,ok,,2026-07-20T22:35:19.433604+00:00,False,20000
adult,gaussian_copula,fresh,0.01,11,0,2000,9.9622,39.26,True,0.0215917280497571,0.9735796679630728,0.0358656179306719,0.0227945688225538,0.0959058642791739,0.8865979381443299,0.8995,0.9712140679033544,0.6965997841902933,0.8984078559558718,0,,ok,,2026-07-20T22:35:19.433604+00:00,False,20000
adult,gaussian_copula,fresh,0.01,11,1,2000,8.9001,39.45,False,0.0263670990409651,0.9756728999613792,0.0400852602771399,0.032459991708126,0.1441836363478004,0.845360824742268,0.889,0.9727185686571062,0.5045404877918293,0.8984078559558718,0,,ok,,2026-07-20T22:35:19.433604+00:00,False,20000
adult,gaussian_copula,fresh,0.01,11,2,2000,9.0127,40.02,False,0.0516883727833322,1.1638839734171134,0.072414459548452,0.0301165008291873,0.1449732958462005,0.8762886597938144,0.8885,0.9773910065376028,0.4971992140739714,0.8984078559558718,0,,ok,,2026-07-20T22:35:19.433604+00:00,False,20000
adult,gaussian_copula,fresh,0.01,11,3,2000,9.3522,39.65,False,0.0623710626510644,1.2284893009818048,0.0746889714748552,0.0417117537313432,0.1621774568896746,0.8144329896907216,0.898,0.977323770862159,0.4316694712662187,0.8984078559558718,0,,ok,,2026-07-20T22:35:19.433604+00:00,False,20000
adult,gaussian_copula,fresh,0.0,11,8,2000,9.6443,39.65,False,0.0795467889009251,1.4368998985245611,0.1019369632933119,0.0485429104477612,0.1371276870834312,0.711340206185567,0.90075,0.981090251187961,0.3410824355576979,0.8984078559558718,0,,ok,,2026-07-20T22:35:19.433604+00:00,False,20000
adult,gaussian_copula,fresh,0.0,7,1,2000,9.3703,39.45,False,0.0364333895665738,1.0223653509043018,0.0437461393849805,0.0294224018794914,0.1373243915895015,0.865979381443299,0.88975,0.973535053769674,0.5526641641412595,0.8946581327988924,0,,ok,,2026-07-20T22:35:19.433604+00:00,False,20000
adult,gaussian_copula,fixed,0.02,12,7,2000,5.3187,39.65,False,0.0450981711382723,0.8794212064175676,0.0756396290149229,0.0510366224433388,0.1692673613967901,0.7525773195876289,0.89425,0.9795517776587211,0.434672783679027,0.8953918569534902,0,,ok,,2026-07-20T22:35:19.433604+00:00,False,20000
adult,gaussian_copula,fixed,0.02,12,9,2000,5.0598,39.65,False,0.0472676026761472,0.8103984400386038,0.0814544285955813,0.0500836788280818,0.1787268507931566,0.7010309278350515,0.887,0.9824574005886648,0.4425423046950347,0.8953918569534902,0,,ok,,2026-07-20T22:35:19.433604+00:00,False,20000
adult,gaussian_copula,fresh,0.1,12,0,2000,8.5247,39.26,True,0.0289660639847765,1.0008506429532034,0.0445997817024126,0.0278671918186843,0.0629493731922917,0.8865979381443299,0.90525,0.9755090680006784,0.693787852423296,0.8953918569534902,0,,ok,,2026-07-20T22:35:19.433604+00:00,False,20000
adult,gaussian_copula,fresh,0.1,12,1,2000,5.0579,39.45,False,0.0417197254901915,0.9806908084130572,0.055036033981814,0.0313739980652294,0.0900191487328209,0.8762886597938144,0.9035,0.9746468516038004,0.5337548843369858,0.8953918569534902,0,,ok,,2026-07-20T22:35:19.433604+00:00,False,20000
adult,gaussian_copula,fresh,0.1,12,2,2000,4.9992,40.02,False,0.0357038423925432,0.9998141188724168,0.046746601661648,0.0292875207296848,0.0969080706674168,0.865979381443299,0.89475,0.9780104736273576,0.5091406058328415,0.8953918569534902,0,,ok,,2026-07-20T22:35:19.433604+00:00,False,20000
adult,gaussian_copula,fresh,0.1,12,3,2000,4.953,39.65,False,0.0585305431552467,1.2128268174368184,0.0726255825350003,0.0384018449419568,0.1289842389871525,0.8247422680412371,0.898,0.9725703599209125,0.5263070367103352,0.8953918569534902,0,,ok,,2026-07-20T22:35:19.433604+00:00,False,20000
adult,gaussian_copula,fresh,0.1,12,4,2000,5.2034,39.65,False,0.0630064310496662,1.3269816601121869,0.0756789155025823,0.0387750483692647,0.1259260453459758,0.8144329896907216,0.90875,0.9779934354895752,0.4849585237032043,0.8953918569534902,0,,ok,,2026-07-20T22:35:19.433604+00:00,False,20000
adult,gaussian_copula,fresh,0.1,12,5,2000,4.9926,39.65,False,0.0444772041200346,1.203919324449437,0.0650321990622669,0.0435755942509673,0.1304802304110763,0.8350515463917526,0.9035,0.9767621051907694,0.5562978394246229,0.8953918569534902,0,,ok,,2026-07-20T22:35:19.433604+00:00,False,20000
adult,gaussian_copula,fresh,0.1,12,6,2000,4.7586,39.65,False,0.0285425905824674,1.0601830872476012,0.0499218747117858,0.0393557213930348,0.1453366860572759,0.845360824742268,0.8925,0.9816958965173463,0.4779240228670696,0.8953918569534902,0,,ok,,2026-07-20T22:35:19.433604+00:00,False,20000
adult,gaussian_copula,fresh,0.1,12,7,2000,5.2186,39.65,False,0.0196352386786504,0.9917015285114658,0.0442825661550151,0.0350964966832504,0.1560601888289718,0.8247422680412371,0.89525,0.9752989819680612,0.595054255986923,0.8953918569534902,0,,ok,,2026-07-20T22:35:19.433604+00:00,False,20000
adult,gaussian_copula,fresh,0.1,12,8,2000,5.069,39.65,False,0.0218072650050429,0.891542015673398,0.0540307698498003,0.0458211719181868,0.1522981451119583,0.8041237113402062,0.9025,0.9770698480466536,0.4820598510679617,0.8953918569534902,0,,ok,,2026-07-20T22:35:19.433604+00:00,False,20000
adult,gaussian_copula,fresh,0.1,12,9,2000,5.8605,39.65,False,0.0267271661310693,0.9759336216394005,0.045141857134216,0.0497784342177998,0.1515855160830799,0.8350515463917526,0.88825,0.9736966286408956,0.4789364586096573,0.8953918569534902,0,,ok,,2026-07-20T22:35:19.433604+00:00,False,20000
adult,gaussian_copula,fresh,0.1,12,10,2000,5.0649,39.65,False,0.0349356170749432,0.8463724835331612,0.054906652486943,0.0410654712548369,0.1420599741845026,0.8350515463917526,0.89325,0.9743261161131688,0.4965987810646061,0.8953918569534902,0,,ok,,2026-07-20T22:35:19.433604+00:00,False,20000
adult,gaussian_copula,fresh,0.1,12,11,2000,5.1952,39.65,False,0.03024679803139,0.8137458596636048,0.0574783700385469,0.0397748410724157,0.159964755287611,0.8350515463917526,0.9,0.9729851736071264,0.5300018829914861,0.8953918569534902,0,,ok,,2026-07-20T22:35:19.433604+00:00,False,20000
adult,gaussian_copula,fresh,0.1,12,12,2000,5.0981,39.65,False,0.0340477361753918,0.7710085618673516,0.0619600544048678,0.0435372097844112,0.1886481961558057,0.845360824742268,0.88275,0.9770648946679372,0.4937765557856552,0.8953918569534902,0,,ok,,2026-07-20T22:35:19.433604+00:00,False,20000
adult,gaussian_copula,fresh,0.2,12,0,2000,8.5247,39.26,True,0.0289660639847765,1.0008506429532034,0.0445997817024126,0.0278671918186843,0.0629493731922917,0.8865979381443299,0.90525,0.9755090680006784,0.693787852423296,0.8953918569534902,0,,ok,,2026-07-20T22:35:19.433604+00:00,False,20000
adult,gaussian_copula,fresh,0.2,12,1,2000,4.6935,39.45,False,0.0263661398194899,0.8897984223784822,0.0478736533860904,0.025471807628524,0.1121329314288343,0.8762886597938144,0.8985,0.9719980258665188,0.6473545739843221,0.8953918569534902,0,,ok,,2026-07-20T22:35:19.433604+00:00,False,20000
adult,gaussian_copula,fresh,0.2,12,2,2000,5.0087,40.02,False,0.0370785095926145,0.903663042217964,0.051051628398854,0.0351484590934217,0.1356280994397408,0.8350515463917526,0.88975,0.9742445029269384,0.5734765962909527,0.8953918569534902,0,,ok,,2026-07-20T22:35:19.433604+00:00,False,20000
adult,gaussian_copula,fresh,0.2,12,3,2000,4.9771,39.65,False,0.0451761348160288,0.962367468718751,0.0551706060031481,0.0300267758430071,0.0942288321689356,0.8556701030927835,0.88975,0.9698385518713736,0.564301471132993,0.8953918569534902,0,,ok,,2026-07-20T22:35:19.433604+00:00,False,20000
adult,gaussian_copula,fresh,0.05,12,12,2000,4.8817,39.65,False,0.0662179336660356,1.3030008761676408,0.0964037259311754,0.0547810945273631,0.1587713013088556,0.8041237113402062,0.88225,0.9780800481795562,0.5182193850301915,0.8953918569534902,0,,ok,,2026-07-20T22:35:19.433604+00:00,False,20000
adult,gaussian_copula,fresh,0.2,12,4,2000,4.9129,39.65,False,0.0411952164313641,0.9361643324253944,0.0565994916795849,0.0345361733001658,0.1086064323421885,0.8969072164948454,0.9135,0.9749257730630612,0.5835224411017703,0.8953918569534902,0,,ok,,2026-07-20T22:35:19.433604+00:00,False,20000
adult,gaussian_copula,fresh,0.05,12,11,2000,4.9245,39.65,False,0.062587009860855,1.1866275534347752,0.0933908481443626,0.05151931315644,0.1734232071375771,0.7731958762886598,0.883,0.9776155904560966,0.4016620153542483,0.8953918569534902,0,,ok,,2026-07-20T22:35:19.433604+00:00,False,20000
adult,gaussian_copula,fresh,0.05,12,9,2000,4.8956,39.65,False,0.0461461733499889,1.0599628766863158,0.0663081412652246,0.0428949350469872,0.1843676410673425,0.7835051546391752,0.887,0.9807308156682945,0.4962157575179025,0.8953918569534902,0,,ok,,2026-07-20T22:35:19.433604+00:00,False,20000
adult,gaussian_copula,fresh,0.02,12,5,2000,4.9528,39.65,False,0.0312725846992371,0.942138111270841,0.061072505673412,0.038477715588723,0.1577464700091638,0.7835051546391752,0.878,0.979557304787868,0.4633615882587351,0.8953918569534902,0,,ok,,2026-07-20T22:35:19.433604+00:00,False,20000
adult,gaussian_copula,fresh,0.02,12,6,2000,4.9843,39.65,False,0.058686686345928,1.0518983410431952,0.0866282986836441,0.046643622166943,0.1621948753777319,0.7628865979381443,0.8885,0.9800672181704304,0.4017850785512977,0.8953918569534902,0,,ok,,2026-07-20T22:35:19.433604+00:00,False,20000
adult,gaussian_copula,fresh,0.02,12,7,2000,4.7842,39.65,False,0.0588121980097106,1.0915518560354291,0.0931433955177162,0.0480048714759535,0.1577858631453516,0.7422680412371134,0.888,0.9753869412840528,0.4820855848478454,0.8953918569534902,0,,ok,,2026-07-20T22:35:19.433604+00:00,False,20000
adult,gaussian_copula,fresh,0.02,12,8,2000,5.2874,39.65,False,0.0554489602081664,1.096034043470851,0.0936513233321162,0.0480571793808734,0.1831462123040855,0.7319587628865979,0.864,0.9817945838413864,0.4913995740715219,0.8953918569534902,0,,ok,,2026-07-20T22:35:19.433604+00:00,False,20000
adult,gaussian_copula,fresh,0.02,12,9,2000,5.2485,39.65,False,0.0833099073257401,1.168846592085594,0.1162684079947416,0.0533669499723604,0.1982881059439512,0.7319587628865979,0.882,0.980987696111019,0.4195485003402104,0.8953918569534902,0,,ok,,2026-07-20T22:35:19.433604+00:00,False,20000
adult,gaussian_copula,fresh,0.02,12,10,2000,4.9862,39.65,False,0.0588414255470549,1.21231731529706,0.0967070740654528,0.0546939953012714,0.1956834404469505,0.7319587628865979,0.86975,0.980836006622214,0.3618052420332479,0.8953918569534902,0,,ok,,2026-07-20T22:35:19.433604+00:00,False,20000
adult,gaussian_copula,fresh,0.02,12,11,2000,5.1406,39.65,False,0.0857519368995725,1.3525358137785213,0.1155125473632026,0.0600720702045328,0.182141712457092,0.7319587628865979,0.87475,0.98412773096683,0.4006043406100814,0.8953918569534902,0,,ok,,2026-07-20T22:35:19.433604+00:00,False,20000
adult,gaussian_copula,fresh,0.02,12,12,2000,5.3316,39.65,False,0.0909656145183337,1.1229241014273013,0.1159892051985023,0.0618568960751796,0.1602704270244398,0.711340206185567,0.8585,0.9833869314110452,0.4050621524874305,0.8953918569534902,0,,ok,,2026-07-20T22:35:19.433604+00:00,False,20000
adult,gaussian_copula,fresh,0.05,12,0,2000,8.5247,39.26,True,0.0289660639847765,1.0008506429532034,0.0445997817024126,0.0278671918186843,0.0629493731922917,0.8865979381443299,0.90525,0.9755090680006784,0.693787852423296,0.8953918569534902,0,,ok,,2026-07-20T22:35:19.433604+00:00,False,20000
adult,gaussian_copula,fresh,0.05,12,1,2000,5.1155,39.45,False,0.023081756302613,0.9930118962126409,0.0426856731042224,0.0357028399668325,0.1052584672104447,0.8865979381443299,0.89525,0.9712692874447828,0.5992465673760186,0.8953918569534902,0,,ok,,2026-07-20T22:35:19.433604+00:00,False,20000
adult,gaussian_copula,fresh,0.05,12,2,2000,5.013,40.02,False,0.0309078707022568,1.117232795313423,0.0503555512062185,0.0337441611387506,0.132121295237445,0.865979381443299,0.90025,0.9729690973450652,0.4962165770650325,0.8953918569534902,0,,ok,,2026-07-20T22:35:19.433604+00:00,False,20000
adult,gaussian_copula,fresh,0.05,12,3,2000,4.9638,39.65,False,0.0394403602249887,1.131483030054179,0.0549170332102428,0.0351156370923162,0.1256403854965767,0.8041237113402062,0.89775,0.9777191344087806,0.4563074838552493,0.8953918569534902,0,,ok,,2026-07-20T22:35:19.433604+00:00,False,20000
adult,gaussian_copula,fresh,0.05,12,4,2000,4.7947,39.65,False,0.0361092356976881,0.9179713281134284,0.0502392345195244,0.0401495646766169,0.1539104546710749,0.8041237113402062,0.90425,0.9774914646129712,0.4518065310169741,0.8953918569534902,0,,ok,,2026-07-20T22:35:19.433604+00:00,False,20000
adult,gaussian_copula,fresh,0.05,12,5,2000,4.9718,39.65,False,0.0327407045664905,1.0609925047059705,0.0487637998028396,0.0382101990049751,0.1582958283925223,0.7628865979381443,0.88575,0.9775081528754916,0.4328052980247078,0.8953918569534902,0,,ok,,2026-07-20T22:35:19.433604+00:00,False,20000
adult,gaussian_copula,fresh,0.05,12,6,2000,4.5017,39.65,False,0.0376047696337562,1.0733512838615968,0.0534354483992169,0.042334991708126,0.1605235395047212,0.7938144329896907,0.905,0.9722813067040504,0.4708615918647424,0.8953918569534902,0,,ok,,2026-07-20T22:35:19.433604+00:00,False,20000
adult,gaussian_copula,fresh,0.05,12,7,2000,4.6336,39.65,False,0.0202066897383469,0.9034465653057282,0.0539931368275519,0.0452250898286346,0.1583900946105694,0.8247422680412371,0.898,0.974521087759446,0.4226356032515959,0.8953918569534902,0,,ok,,2026-07-20T22:35:19.433604+00:00,False,20000
adult,gaussian_copula,fresh,0.05,12,8,2000,4.9059,39.65,False,0.0278708479270331,0.919743955776096,0.0551999618276865,0.0450650912106136,0.1592162511159734,0.7731958762886598,0.90125,0.9836094509529906,0.4196860859124044,0.8953918569534902,0,,ok,,2026-07-20T22:35:19.433604+00:00,False,20000
adult,gaussian_copula,fresh,0.05,12,10,2000,5.27,39.65,False,0.0409947621433434,1.1079437160060108,0.0671031581478311,0.0419824488667772,0.1500085094405142,0.8041237113402062,0.88075,0.9822792679550209,0.4097551743911059,0.8953918569534902,0,,ok,,2026-07-20T22:35:19.433604+00:00,False,20000
adult,gaussian_copula,fresh,0.2,12,5,2000,5.105,39.65,False,0.026089519785296,1.036819200920115,0.04217402673393,0.033522491708126,0.1147377604137415,0.8865979381443299,0.9,0.9708593427622216,0.511612261631439,0.8953918569534902,0,,ok,,2026-07-20T22:35:19.433604+00:00,False,20000
adult,gaussian_copula,fresh,0.2,12,6,2000,4.8359,39.65,False,0.0280261554982199,0.9968883331648564,0.0488336060355526,0.0308291182974018,0.1045341959662932,0.8762886597938144,0.88925,0.9747609053143694,0.5994218521161954,0.8953918569534902,0,,ok,,2026-07-20T22:35:19.433604+00:00,False,20000
adult,gaussian_copula,fresh,0.2,12,7,2000,5.346,39.65,False,0.0171343569538856,0.9803601614870272,0.0362843007589033,0.0367972291321171,0.119827502663278,0.8144329896907216,0.8715,0.9747775452018532,0.5983555885181054,0.8953918569534902,0,,ok,,2026-07-20T22:35:19.433604+00:00,False,20000
adult,gaussian_copula,fixed,0.0,13,4,2000,5.0802,39.65,False,0.0513801501973887,0.8470917229193549,0.0615049021004932,0.0430638128800442,0.1350331832621935,0.7731958762886598,0.90525,0.9833653831448786,0.4152622032862397,0.8929911083725852,0,,ok,,2026-07-20T22:35:19.433604+00:00,False,20000
adult,gaussian_copula,fixed,0.0,13,5,2000,5.0489,39.65,False,0.0476536059429311,0.9230178317398904,0.0671023135871107,0.0498164731896075,0.1566597554677619,0.7319587628865979,0.90725,0.9814376806986198,0.4555866757634212,0.8929911083725852,0,,ok,,2026-07-20T22:35:19.433604+00:00,False,20000
adult,gaussian_copula,fixed,0.0,13,6,2000,5.0736,39.65,False,0.0660998232567595,0.8106515861257555,0.0833621823746935,0.0468944168048645,0.1630903049897254,0.7216494845360825,0.8935,0.9878512385103918,0.3902821445070082,0.8929911083725852,0,,ok,,2026-07-20T22:35:19.433604+00:00,False,20000
adult,gaussian_copula,fixed,0.0,13,7,2000,5.38,39.65,False,0.0638325764300371,0.8662250437311899,0.0763085805275189,0.058134535655058,0.1686345302720943,0.7216494845360825,0.888,0.9853599050162688,0.3252014479627566,0.8929911083725852,0,,ok,,2026-07-20T22:35:19.433604+00:00,False,20000
adult,gaussian_copula,fixed,0.0,13,8,2000,5.0607,39.65,False,0.0744674684623414,0.8440805387295778,0.0879750945411736,0.0576585820895522,0.1798760610269863,0.7010309278350515,0.8885,0.9845840290591678,0.3420654987311443,0.8929911083725852,0,,ok,,2026-07-20T22:35:19.433604+00:00,False,20000
adult,gaussian_copula,fixed,0.0,13,9,2000,5.7961,39.65,False,0.0775202249540774,0.903574462557446,0.1001039531545812,0.0598261124930901,0.1877425844821039,0.6907216494845361,0.89325,0.9827682315718658,0.3039278402520377,0.8929911083725852,0,,ok,,2026-07-20T22:35:19.433604+00:00,False,20000
adult,gaussian_copula,fixed,0.0,13,10,2000,5.4823,39.65,False,0.1129659020398171,0.8414084941440452,0.1223564307253588,0.0715780472636815,0.1655861757640043,0.6907216494845361,0.889,0.988000437247328,0.367588458311211,0.8929911083725852,0,,ok,,2026-07-20T22:35:19.433604+00:00,False,20000
adult,gaussian_copula,fixed,0.0,13,11,2000,6.0863,39.65,False,0.1052919453998874,0.8536423897093322,0.1175831531687514,0.063140443615257,0.1782281819199349,0.6597938144329897,0.89075,0.9871476348575132,0.3017569582501711,0.8929911083725852,0,,ok,,2026-07-20T22:35:19.433604+00:00,False,20000
adult,gaussian_copula,fixed,0.0,13,12,2000,5.8167,39.65,False,0.1078806083054062,0.8591442844041749,0.1250061605847371,0.0627112354892205,0.1946536949629787,0.6701030927835051,0.886,0.9875823126836302,0.3429844405371351,0.8929911083725852,0,,ok,,2026-07-20T22:35:19.433604+00:00,False,20000
adult,gaussian_copula,fixed,0.01,13,0,2000,8.0156,39.26,True,0.0326146276499446,1.181436795377732,0.0410430941747861,0.0254267551133222,0.0778516292826968,0.8865979381443299,0.91825,0.9658273928620016,0.7506439345710286,0.8929911083725852,0,,ok,,2026-07-20T22:35:19.433604+00:00,False,20000
adult,gaussian_copula,fixed,0.01,13,1,2000,5.6584,39.45,False,0.030336210771285,1.0889598473823232,0.050015608078421,0.0362028399668325,0.105565851679446,0.8556701030927835,0.89575,0.9707233976602292,0.5548595997751425,0.8929911083725852,0,,ok,,2026-07-20T22:35:19.433604+00:00,False,20000
adult,gaussian_copula,fixed,0.01,13,2,2000,5.8478,40.02,False,0.0407815861983196,0.9774888202929186,0.0591240879582129,0.0345730375898286,0.1313189938487318,0.8350515463917526,0.90275,0.977878328778216,0.4942287491101358,0.8929911083725852,0,,ok,,2026-07-20T22:35:19.433604+00:00,False,20000
adult,gaussian_copula,fixed,0.01,13,3,2000,5.0811,39.65,False,0.0247560248064535,0.9430248266440092,0.0444665645148442,0.0371550580431177,0.1547879085965075,0.8762886597938144,0.90075,0.9805538699105408,0.4230706188682304,0.8929911083725852,0,,ok,,2026-07-20T22:35:19.433604+00:00,False,20000
adult,gaussian_copula,fixed,0.01,13,4,2000,4.9911,39.65,False,0.0380611687672047,0.9506032683898528,0.0575033273665434,0.04439659342178,0.1660285463869531,0.845360824742268,0.90025,0.9794093694268794,0.4483882982831602,0.8929911083725852,0,,ok,,2026-07-20T22:35:19.433604+00:00,False,20000
adult,gaussian_copula,fixed,0.01,13,5,2000,4.8639,39.65,False,0.0509885485555462,0.839947486380364,0.0683815832513132,0.0538251105583195,0.1454362687993699,0.8350515463917526,0.88275,0.9827638215685572,0.3496511286213001,0.8929911083725852,0,,ok,,2026-07-20T22:35:19.433604+00:00,False,20000
adult,gaussian_copula,fixed,0.01,13,6,2000,4.9392,39.65,False,0.0665840245107326,0.816414396011492,0.0833742162542153,0.0518776603095633,0.1800285688709663,0.8041237113402062,0.88275,0.9840512804094732,0.325589618265437,0.8929911083725852,0,,ok,,2026-07-20T22:35:19.433604+00:00,False,20000
adult,gaussian_copula,fixed,0.01,13,7,2000,4.735,39.65,False,0.0430685931521921,0.947250591402352,0.0725197423079055,0.0563224502487562,0.1858681468274476,0.8041237113402062,0.87125,0.9831364139730946,0.3605325509040391,0.8929911083725852,0,,ok,,2026-07-20T22:35:19.433604+00:00,False,20000
adult,gaussian_copula,fixed,0.0,13,3,2000,4.9704,39.65,False,0.0402954840287838,0.8666765099458137,0.0576184142777094,0.0448601782752902,0.1684776889417044,0.7731958762886598,0.90325,0.980852791634807,0.4087455251087604,0.8929911083725852,0,,ok,,2026-07-20T22:35:19.433604+00:00,False,20000
adult,gaussian_copula,fixed,0.0,13,2,2000,4.8727,40.02,False,0.0524429994949877,1.0002136732340914,0.0643354679538237,0.0377963308457711,0.1384641150359773,0.7835051546391752,0.88925,0.9749171026815562,0.445589839870981,0.8929911083725852,0,,ok,,2026-07-20T22:35:19.433604+00:00,False,20000
adult,gaussian_copula,fixed,0.0,13,1,2000,5.1711,39.83,False,0.0273582416578382,1.0617562107069054,0.0433799179838854,0.0398976644555002,0.1352239633612199,0.8247422680412371,0.896,0.9749624008405412,0.5655600332696796,0.8929911083725852,0,,ok,,2026-07-20T22:35:19.433604+00:00,False,20000
adult,gaussian_copula,fixed,0.0,13,0,2000,8.0156,39.26,True,0.0326146276499446,1.181436795377732,0.0410430941747861,0.0254267551133222,0.0778516292826968,0.8865979381443299,0.91825,0.9658273928620016,0.7506439345710286,0.8929911083725852,0,,ok,,2026-07-20T22:35:19.433604+00:00,False,20000
adult,gaussian_copula,fresh,0.2,12,8,2000,5.3877,39.65,False,0.0188565516987052,0.9207568088903472,0.0459291496887227,0.0309618573797678,0.1289959338382498,0.865979381443299,0.88575,0.977407645300086,0.530966555527334,0.8953918569534902,0,,ok,,2026-07-20T22:35:19.433604+00:00,False,20000
adult,gaussian_copula,fresh,0.2,12,9,2000,4.874,39.65,False,0.017066727445376,0.9780787037262568,0.0428986242691945,0.0341937880044223,0.1337158201106992,0.8762886597938144,0.902,0.9731226948353018,0.5993345539559015,0.8953918569534902,0,,ok,,2026-07-20T22:35:19.433604+00:00,False,20000
adult,gaussian_copula,fresh,0.2,12,10,2000,4.2687,39.65,False,0.0341892102579146,0.8433012500508883,0.0565500896183619,0.0304604063018242,0.1348571055075259,0.8865979381443299,0.89825,0.976597255442091,0.4950558360737896,0.8953918569534902,0,,ok,,2026-07-20T22:35:19.433604+00:00,False,20000
adult,gaussian_copula,fresh,0.2,12,11,2000,4.9571,39.65,False,0.013199288197635,1.019064529450554,0.0489139632227342,0.0259228510226644,0.1649663338844799,0.8556701030927835,0.894,0.9752767002013444,0.5762234560158235,0.8953918569534902,0,,ok,,2026-07-20T22:35:19.433604+00:00,False,20000
adult,gaussian_copula,fresh,0.2,12,12,2000,5.1394,39.65,False,0.0148002048922731,0.9689711566741044,0.0489085612205972,0.0287066749585406,0.1430131089310723,0.8556701030927835,0.8865,0.9759317229427752,0.5467223818845729,0.8953918569534902,0,,ok,,2026-07-20T22:35:19.433604+00:00,False,20000
adult,gaussian_copula,fresh,0.35,12,0,2000,8.5247,39.26,True,0.0289660639847765,1.0008506429532034,0.0445997817024126,0.0278671918186843,0.0629493731922917,0.8865979381443299,0.90525,0.9755090680006784,0.693787852423296,0.8953918569534902,0,,ok,,2026-07-20T22:35:19.433604+00:00,False,20000
adult,gaussian_copula,fresh,0.35,12,1,2000,5.0631,39.45,False,0.0384590243167962,1.0382458025921344,0.0455257294312695,0.0243562396351575,0.1229274363705788,0.8969072164948454,0.90825,0.9706231555850224,0.605259781360561,0.8953918569534902,0,,ok,,2026-07-20T22:35:19.433604+00:00,False,20000
adult,gaussian_copula,fresh,0.35,12,2,2000,5.0721,40.02,False,0.0224237751210413,0.931132718688113,0.0370887970934077,0.0347648908236594,0.1034754842439898,0.9278350515463918,0.89875,0.9714582515865532,0.5702716752841501,0.8953918569534902,0,,ok,,2026-07-20T22:35:19.433604+00:00,False,20000
adult,gaussian_copula,fresh,0.02,12,4,2000,4.8621,39.65,False,0.0369742763810202,0.9466563116033444,0.065916873688048,0.044814987562189,0.1569886447962761,0.8247422680412371,0.89575,0.9774699185968064,0.4379097325876722,0.8953918569534902,0,,ok,,2026-07-20T22:35:19.433604+00:00,False,20000
adult,gaussian_copula,fresh,0.35,12,3,2000,5.1149,39.65,False,0.0276656001895246,0.9217385694303832,0.0461778699023612,0.0334802377003869,0.1212974677927411,0.9072164948453608,0.8955,0.9668632120766248,0.5856532308580344,0.8953918569534902,0,,ok,,2026-07-20T22:35:19.433604+00:00,False,20000
adult,gaussian_copula,fresh,0.35,12,5,2000,5.0147,39.65,False,0.0258387143926433,0.9267337715008518,0.0510198995684754,0.0387089552238805,0.1450959140564579,0.8865979381443299,0.88325,0.9721590866123548,0.6142647029705501,0.8953918569534902,0,,ok,,2026-07-20T22:35:19.433604+00:00,False,20000
adult,gaussian_copula,fresh,0.35,12,6,2000,5.2711,39.65,False,0.0401343829744126,1.1379269270957195,0.0453763616277163,0.0294504906025428,0.1289824269557616,0.8865979381443299,0.89775,0.9724941197387134,0.6031143053197263,0.8953918569534902,0,,ok,,2026-07-20T22:35:19.433604+00:00,False,20000
adult,gaussian_copula,fresh,0.35,12,7,2000,5.0874,39.65,False,0.0253162921953275,1.095774318058891,0.0415138743851004,0.026888854339414,0.1257451069673751,0.845360824742268,0.89875,0.9676357557812256,0.605117671888209,0.8953918569534902,0,,ok,,2026-07-20T22:35:19.433604+00:00,False,20000
adult,gaussian_copula,fresh,0.35,12,8,2000,4.6412,39.65,False,0.0347294816885536,1.1050448186219606,0.0505887952558216,0.0308367882808181,0.1366612090336532,0.8969072164948454,0.8935,0.9709806246032135,0.6230806697942334,0.8953918569534902,0,,ok,,2026-07-20T22:35:19.433604+00:00,False,20000
adult,gaussian_copula,fresh,0.35,12,9,2000,4.5419,39.65,False,0.0368907920312839,1.1890118829478056,0.053847302003613,0.0271636954118297,0.0996480742249755,0.865979381443299,0.9075,0.9694361593194786,0.6437334213811061,0.8953918569534902,0,,ok,,2026-07-20T22:35:19.433604+00:00,False,20000
adult,gaussian_copula,fresh,0.35,12,10,2000,4.4867,39.65,False,0.0275484588395302,1.1407626216134512,0.041439770448085,0.0312872443338861,0.1438037562500458,0.865979381443299,0.906,0.9697177785307632,0.5788614143180522,0.8953918569534902,0,,ok,,2026-07-20T22:35:19.433604+00:00,False,20000
adult,gaussian_copula,fresh,0.35,12,11,2000,4.0968,39.65,False,0.0313235569024219,0.9076528408709792,0.0488827644418283,0.0237946033720287,0.1449087745095104,0.845360824742268,0.8955,0.9738917397872776,0.614221070281346,0.8953918569534902,0,,ok,,2026-07-20T22:35:19.433604+00:00,False,20000
adult,gaussian_copula,fresh,0.35,12,12,2000,2.6175,39.65,False,0.0211801229581475,0.9637234683669936,0.0512486789993826,0.0277474433388612,0.0998547133754005,0.845360824742268,0.89325,0.9745483037798648,0.6183237232144134,0.8953918569534902,0,,ok,,2026-07-20T22:35:19.433604+00:00,False,20000
adult,gaussian_copula,fresh,0.35,12,4,2000,5.0862,39.65,False,0.0234422143302068,0.9941731818603912,0.0414439801957497,0.0299463792150359,0.1297696963013842,0.845360824742268,0.88875,0.9766801365042724,0.5599575435248368,0.8953918569534902,0,,ok,,2026-07-20T22:35:19.433604+00:00,False,20000
adult,gaussian_copula,fresh,0.02,12,3,2000,4.8583,39.65,False,0.0379991298371421,0.9218864434934582,0.0581106452814011,0.0388108070757324,0.1486902465056722,0.8247422680412371,0.89175,0.9777002141445856,0.4425817085210479,0.8953918569534902,0,,ok,,2026-07-20T22:35:19.433604+00:00,False,20000
adult,gaussian_copula,fresh,0.02,12,2,2000,4.8626,40.02,False,0.0339170339934459,0.9231190566603694,0.0515421259450501,0.0348200317855168,0.1065154742893967,0.8865979381443299,0.9,0.9784612670905656,0.5717027029188859,0.8953918569534902,0,,ok,,2026-07-20T22:35:19.433604+00:00,False,20000
adult,gaussian_copula,fresh,0.02,12,1,2000,4.793,39.45,False,0.0296677256433322,1.0129401425207292,0.0455631847538044,0.0402479961304588,0.1166937166048802,0.8762886597938144,0.899,0.9755316343926088,0.5961552028195568,0.8953918569534902,0,,ok,,2026-07-20T22:35:19.433604+00:00,False,20000
adult,gaussian_copula,fixed,0.1,12,6,2000,5.0189,39.65,False,0.0549611969760752,0.8784744995981143,0.0820968593719917,0.0478524391929242,0.1643233602443033,0.7628865979381443,0.89125,0.9735963055656284,0.5266422314865287,0.8953918569534902,0,,ok,,2026-07-20T22:35:19.433604+00:00,False,20000
adult,gaussian_copula,fixed,0.1,12,7,2000,5.0813,39.65,False,0.0617077230392714,0.8315893344769002,0.0899921199931487,0.0432400152017689,0.174516531644292,0.7628865979381443,0.9025,0.9805370286479058,0.4581480883637027,0.8953918569534902,0,,ok,,2026-07-20T22:35:19.433604+00:00,False,20000
adult,gaussian_copula,fixed,0.1,12,8,2000,4.9984,39.65,False,0.0788689544770437,0.8714659190875391,0.1008047904805726,0.0395231481481481,0.1842989364713479,0.7525773195876289,0.89175,0.9784748964757912,0.460411644755036,0.8953918569534902,0,,ok,,2026-07-20T22:35:19.433604+00:00,False,20000
adult,gaussian_copula,fixed,0.1,12,9,2000,5.1826,39.65,False,0.0516557934387178,0.9230976164969285,0.10257249272453,0.0468624585406301,0.1898647434887868,0.7319587628865979,0.88275,0.975212370403081,0.4979397568606912,0.8953918569534902,0,,ok,,2026-07-20T22:35:19.433604+00:00,False,20000
adult,gaussian_copula,fixed,0.1,12,10,2000,5.3535,39.65,False,0.0466183339378132,0.919621564976624,0.0944097763288522,0.0491142551133222,0.1680762291957857,0.7216494845360825,0.8815,0.9771471716046656,0.5259203415924889,0.8953918569534902,0,,ok,,2026-07-20T22:35:19.433604+00:00,False,20000
adult,gaussian_copula,fixed,0.1,12,11,2000,5.0413,39.65,False,0.0448306700869653,0.871553050043525,0.096000357822363,0.0541839414040906,0.171322793490585,0.711340206185567,0.88675,0.9796664478697524,0.5036998619095867,0.8953918569534902,0,,ok,,2026-07-20T22:35:19.433604+00:00,False,20000
adult,gaussian_copula,fixed,0.1,12,12,2000,5.2951,39.65,False,0.0598974266958501,0.8833184496181392,0.0972176421359203,0.0598423852957435,0.1923879069454151,0.6804123711340206,0.887,0.9780865709344496,0.4725554974369155,0.8953918569534902,0,,ok,,2026-07-20T22:35:19.433604+00:00,False,20000
adult,gaussian_copula,fixed,0.2,12,0,2000,8.5247,39.26,True,0.0289660639847765,1.0008506429532034,0.0445997817024126,0.0278671918186843,0.0629493731922917,0.8865979381443299,0.90525,0.9755090680006784,0.693787852423296,0.8953918569534902,0,,ok,,2026-07-20T22:35:19.433604+00:00,False,20000
adult,gaussian_copula,fixed,0.2,12,1,2000,4.7941,39.45,False,0.0348584642737671,0.9638679974791132,0.0478280371254623,0.0274060945273631,0.0964170964160333,0.865979381443299,0.9015,0.970003150744864,0.6320550059053287,0.8953918569534902,0,,ok,,2026-07-20T22:35:19.433604+00:00,False,20000
adult,gaussian_copula,fixed,0.2,12,2,2000,5.1053,40.02,False,0.054501388998852,0.964263778871004,0.0676129982309463,0.0407143449419568,0.142891705683578,0.865979381443299,0.89825,0.971067928043713,0.6059793109588663,0.8953918569534902,0,,ok,,2026-07-20T22:35:19.433604+00:00,False,20000
adult,gaussian_copula,fixed,0.2,12,3,2000,5.0889,39.65,False,0.0629392176804753,1.1021318943301497,0.0745773746580159,0.0367640270867882,0.1383515532573502,0.7835051546391752,0.89975,0.975858577637898,0.4900473868706976,0.8953918569534902,0,,ok,,2026-07-20T22:35:19.433604+00:00,False,20000
adult,gaussian_copula,fixed,0.2,12,4,2000,4.5197,39.65,False,0.0579120499378242,0.90401284543177,0.0701175033107327,0.038682041182974,0.1594471924614582,0.7938144329896907,0.887,0.9691447042258142,0.5737124619549832,0.8953918569534902,0,,ok,,2026-07-20T22:35:19.433604+00:00,False,20000
adult,gaussian_copula,fixed,0.2,12,5,2000,4.9168,39.65,False,0.0651863535926178,1.156643722453548,0.0794642373326585,0.0338105652294085,0.1560256700042264,0.8041237113402062,0.89425,0.974653612858873,0.5939725521209027,0.8953918569534902,0,,ok,,2026-07-20T22:35:19.433604+00:00,False,20000
adult,gaussian_copula,fixed,0.2,12,6,2000,4.9717,39.65,False,0.0777963902658498,1.035388009491102,0.0846581963135923,0.0417436428966279,0.1478998928938878,0.7731958762886598,0.88425,0.9712519084317442,0.5752362295429563,0.8953918569534902,0,,ok,,2026-07-20T22:35:19.433604+00:00,False,20000
adult,gaussian_copula,fixed,0.2,12,7,2000,5.0518,39.65,False,0.0754631163052237,1.0980025490400462,0.0883862847041413,0.0392900082918739,0.154582266300701,0.7938144329896907,0.89025,0.9690687599188372,0.4997860326352845,0.8953918569534902,0,,ok,,2026-07-20T22:35:19.433604+00:00,False,20000
adult,gaussian_copula,fixed,0.2,12,8,2000,5.0553,39.65,False,0.0749777520821579,0.9655669957409866,0.0914664693184037,0.0376411000552791,0.1621772929021359,0.7835051546391752,0.88675,0.9725570297859116,0.5191271482133282,0.8953918569534902,0,,ok,,2026-07-20T22:35:19.433604+00:00,False,20000
adult,gaussian_copula,fixed,0.2,12,9,2000,4.9947,39.65,False,0.0498317537520372,0.939282366837305,0.0723492189589777,0.0382996475953565,0.162663126367045,0.7731958762886598,0.89525,0.9731381478468956,0.579569535820307,0.8953918569534902,0,,ok,,2026-07-20T22:35:19.433604+00:00,False,20000
adult,gaussian_copula,fixed,0.1,12,5,2000,4.8788,39.65,False,0.0344026056037649,0.9440259042248452,0.0737784379542395,0.0400865464344942,0.1566935540597187,0.7731958762886598,0.89975,0.9748541971343614,0.517596561993233,0.8953918569534902,0,,ok,,2026-07-20T22:35:19.433604+00:00,False,20000
adult,gaussian_copula,fixed,0.1,12,4,2000,5.1836,39.65,False,0.0552327686540265,0.8698698289145712,0.0767137842765244,0.0353648424543946,0.1407268404602693,0.8144329896907216,0.90325,0.9784925117390068,0.536146290080608,0.8953918569534902,0,,ok,,2026-07-20T22:35:19.433604+00:00,False,20000
adult,gaussian_copula,fixed,0.1,12,3,2000,4.7744,39.65,False,0.0383919122835919,0.8741189788326323,0.0725523603246381,0.0296693269762299,0.1431140766520343,0.8350515463917526,0.8895,0.97404014652362,0.5157272405533425,0.8953918569534902,0,,ok,,2026-07-20T22:35:19.433604+00:00,False,20000
adult,gaussian_copula,fixed,0.1,12,2,2000,5.0402,40.02,False,0.0391072927860863,0.8354434342291522,0.0555171090842991,0.0341488045881702,0.1225998005986956,0.845360824742268,0.90225,0.9767240531622208,0.6174313347354364,0.8953918569534902,0,,ok,,2026-07-20T22:35:19.433604+00:00,False,20000
adult,gaussian_copula,fixed,0.02,12,10,2000,4.8022,39.65,False,0.0374700455588988,0.8238595463833077,0.0743276016584704,0.0542074695964621,0.1717951698261072,0.6907216494845361,0.89625,0.9822649781943,0.4219178766569767,0.8953918569534902,0,,ok,,2026-07-20T22:35:19.433604+00:00,False,20000
adult,gaussian_copula,fixed,0.02,12,11,2000,5.2724,39.65,False,0.0498644796150759,0.8362262151835193,0.0817922481846305,0.0539444098949696,0.1713793162813617,0.6907216494845361,0.8865,0.9846875606368424,0.4044422798201402,0.8953918569534902,0,,ok,,2026-07-20T22:35:19.433604+00:00,False,20000
adult,gaussian_copula,fixed,0.02,12,12,2000,5.0399,39.65,False,0.0348281153158692,0.806173599698251,0.0795753510678634,0.0512931177446102,0.1749733260125897,0.6701030927835051,0.88825,0.9831296572180254,0.4208741014321356,0.8953918569534902,0,,ok,,2026-07-20T22:35:19.433604+00:00,False,20000
adult,gaussian_copula,fixed,0.05,12,0,2000,8.5247,39.26,True,0.0289660639847765,1.0008506429532034,0.0445997817024126,0.0278671918186843,0.0629493731922917,0.8865979381443299,0.90525,0.9755090680006784,0.693787852423296,0.8953918569534902,0,,ok,,2026-07-20T22:35:19.433604+00:00,False,20000
adult,gaussian_copula,fixed,0.05,12,1,2000,4.7369,39.45,False,0.0256783065583364,0.8503655934936001,0.0497133003889671,0.0348122236042012,0.1242714021545148,0.8865979381443299,0.894,0.9734903878611636,0.5304836127945338,0.8953918569534902,0,,ok,,2026-07-20T22:35:19.433604+00:00,False,20000
adult,gaussian_copula,fixed,0.05,12,2,2000,4.8684,40.02,False,0.0142826726474574,0.8951313099587161,0.0440610013764043,0.0364224364289662,0.176470465225763,0.8350515463917526,0.892,0.9788031261595456,0.4882077986006856,0.8953918569534902,0,,ok,,2026-07-20T22:35:19.433604+00:00,False,20000
adult,gaussian_copula,fixed,0.05,12,3,2000,4.9105,39.65,False,0.0455063386250925,0.9130501311998892,0.0583705089924403,0.0444760572139303,0.1207887027122233,0.8041237113402062,0.8885,0.9743761325256934,0.5514851308580737,0.8953918569534902,0,,ok,,2026-07-20T22:35:19.433604+00:00,False,20000
adult,gaussian_copula,fixed,0.05,12,4,2000,4.6132,39.65,False,0.0324074279386563,0.922239942711491,0.0624981357512548,0.0462097153123272,0.1637282803877955,0.7731958762886598,0.87975,0.9784413905756532,0.4874291632633606,0.8953918569534902,0,,ok,,2026-07-20T22:35:19.433604+00:00,False,20000
adult,gaussian_copula,fixed,0.2,12,10,2000,4.896,39.65,False,0.0798996499731899,0.7658885716408733,0.0904579003099196,0.0382830292979546,0.1934624835930988,0.7525773195876289,0.88875,0.9703901937852428,0.5807110994087066,0.8953918569534902,0,,ok,,2026-07-20T22:35:19.433604+00:00,False,20000
adult,gaussian_copula,fixed,0.05,12,5,2000,5.6237,39.65,False,0.0517856517367596,1.0178545668024377,0.0769518686772379,0.0495366569928137,0.1506929322528223,0.7216494845360825,0.88475,0.9764167040566322,0.4328838434216525,0.8953918569534902,0,,ok,,2026-07-20T22:35:19.433604+00:00,False,20000
adult,gaussian_copula,fixed,0.05,12,7,2000,5.6665,39.65,False,0.060933489495994,1.1469662879211655,0.0874147650645029,0.0488983554449972,0.1616067479117133,0.711340206185567,0.8655,0.9798755484016302,0.4675648160156031,0.8953918569534902,0,,ok,,2026-07-20T22:35:19.433604+00:00,False,20000
adult,gaussian_copula,fixed,0.05,12,8,2000,4.9816,39.65,False,0.0465013551776107,1.1193362192236171,0.0861586205020485,0.0547927722498618,0.176095189347199,0.7010309278350515,0.871,0.9866374559747512,0.482719291470691,0.8953918569534902,0,,ok,,2026-07-20T22:35:19.433604+00:00,False,20000
adult,gaussian_copula,fixed,0.05,12,9,2000,5.1279,39.65,False,0.0742309800397383,1.0937035810619424,0.0931940917038496,0.0542219803758982,0.1808712354230257,0.7010309278350515,0.86825,0.9798790932792896,0.458485840126942,0.8953918569534902,0,,ok,,2026-07-20T22:35:19.433604+00:00,False,20000
adult,gaussian_copula,fixed,0.05,12,10,2000,5.3787,39.65,False,0.0523868648590718,1.006946013047408,0.0918107125227997,0.0527688294637921,0.1581334588617937,0.7010309278350515,0.87725,0.979946381829773,0.4202769793931759,0.8953918569534902,0,,ok,,2026-07-20T22:35:19.433604+00:00,False,20000
adult,gaussian_copula,fixed,0.05,12,11,2000,5.522,39.65,False,0.0701121062445482,1.2781361308115098,0.1090261805747381,0.0583855030403537,0.1810874595489261,0.7010309278350515,0.87675,0.9799584710888428,0.3904661164467635,0.8953918569534902,0,,ok,,2026-07-20T22:35:19.433604+00:00,False,20000
adult,gaussian_copula,fixed,0.05,12,12,2000,5.2096,39.65,False,0.0788810152753101,1.4833602160034436,0.1079835296596273,0.0559753662244333,0.1828727082749682,0.7010309278350515,0.86575,0.9794136770551112,0.3644992245772874,0.8953918569534902,0,,ok,,2026-07-20T22:35:19.433604+00:00,False,20000
adult,gaussian_copula,fixed,0.1,12,0,2000,8.5247,39.26,True,0.0289660639847765,1.0008506429532034,0.0445997817024126,0.0278671918186843,0.0629493731922917,0.8865979381443299,0.90525,0.9755090680006784,0.693787852423296,0.8953918569534902,0,,ok,,2026-07-20T22:35:19.433604+00:00,False,20000
adult,gaussian_copula,fixed,0.1,12,1,2000,5.3058,39.45,False,0.0246732976964011,0.950498164046753,0.0396820604129302,0.0322161415146489,0.1158379483888782,0.8762886597938144,0.89425,0.97071877390676,0.5706838091449133,0.8953918569534902,0,,ok,,2026-07-20T22:35:19.433604+00:00,False,20000
adult,gaussian_copula,fixed,0.05,12,6,2000,5.5893,39.65,False,0.0298510302317698,1.0077110979459472,0.0682079286883164,0.0485028676064123,0.1813453967995972,0.711340206185567,0.87175,0.976056149161126,0.5169601672558009,0.8953918569534902,0,,ok,,2026-07-20T22:35:19.433604+00:00,False,20000
adult,gaussian_copula,fixed,0.02,12,8,2000,5.098,39.65,False,0.052391448381768,0.8916863479543288,0.0822864541587978,0.0459154228855721,0.1810758320985366,0.7319587628865979,0.89275,0.9863315356202346,0.4106737228144743,0.8953918569534902,0,,ok,,2026-07-20T22:35:19.433604+00:00,False,20000
adult,gaussian_copula,fixed,0.2,12,11,2000,4.8815,39.65,False,0.0726976852244616,0.8616171241726739,0.0816117975030661,0.0460979823106688,0.1823103373207329,0.7731958762886598,0.87475,0.97272089290885,0.5407214283250962,0.8953918569534902,0,,ok,,2026-07-20T22:35:19.433604+00:00,False,20000
adult,gaussian_copula,fixed,0.35,12,0,2000,8.5247,39.26,True,0.0289660639847765,1.0008506429532034,0.0445997817024126,0.0278671918186843,0.0629493731922917,0.8865979381443299,0.90525,0.9755090680006784,0.693787852423296,0.8953918569534902,0,,ok,,2026-07-20T22:35:19.433604+00:00,False,20000
adult,gaussian_copula,fresh,0.0,12,10,2000,5.3856,39.65,False,0.0470617903763871,0.8281868646098282,0.0706114793064602,0.0617901464897733,0.1891310289681418,0.711340206185567,0.875,0.9793683698961196,0.4117122201557979,0.8953918569534902,0,,ok,,2026-07-20T22:35:19.433604+00:00,False,20000
adult,gaussian_copula,fresh,0.0,12,11,2000,5.896,39.65,False,0.0469227583868167,0.8181288843834639,0.0765606418331164,0.0710540353786622,0.1765604280474348,0.7010309278350515,0.877,0.9845584892900066,0.4102387727616102,0.8953918569534902,0,,ok,,2026-07-20T22:35:19.433604+00:00,False,20000
adult,gaussian_copula,fresh,0.0,12,12,2000,4.9686,39.65,False,0.0557446238636402,0.893086914000472,0.0822293983030195,0.0671589275843007,0.1968629241633802,0.7010309278350515,0.872,0.9834126894303702,0.372604840730522,0.8953918569534902,0,,ok,,2026-07-20T22:35:19.433604+00:00,False,20000
adult,gaussian_copula,fresh,0.01,12,0,2000,8.5247,39.26,True,0.0289660639847765,1.0008506429532034,0.0445997817024126,0.0278671918186843,0.0629493731922917,0.8865979381443299,0.90525,0.9755090680006784,0.693787852423296,0.8953918569534902,0,,ok,,2026-07-20T22:35:19.433604+00:00,False,20000
adult,gaussian_copula,fresh,0.01,12,1,2000,4.9659,39.45,False,0.0409876541391784,0.9373568960293014,0.0515967774103301,0.0258804242675511,0.0812584357766712,0.865979381443299,0.89875,0.9719970617407956,0.5983490977048352,0.8953918569534902,0,,ok,,2026-07-20T22:35:19.433604+00:00,False,20000
adult,gaussian_copula,fresh,0.01,12,2,2000,5.1947,40.02,False,0.0450183633202801,0.8999576830344473,0.0598406716037509,0.0358320895522388,0.1294459554203074,0.8144329896907216,0.90125,0.977039329586257,0.5091476211562749,0.8953918569534902,0,,ok,,2026-07-20T22:35:19.433604+00:00,False,20000
adult,gaussian_copula,fresh,0.01,12,3,2000,5.0948,39.65,False,0.0431075275104707,0.7718734998885556,0.0605203632897916,0.0409906025428413,0.1283818694963256,0.8144329896907216,0.8885,0.979284377333104,0.4450493321477655,0.8953918569534902,0,,ok,,2026-07-20T22:35:19.433604+00:00,False,20000
adult,gaussian_copula,fresh,0.01,12,4,2000,4.9593,39.65,False,0.0514067799412428,0.8049898788074111,0.0699251194833829,0.0357200110558319,0.1724032262193519,0.7938144329896907,0.882,0.976434954945325,0.4369491250055893,0.8953918569534902,0,,ok,,2026-07-20T22:35:19.433604+00:00,False,20000
adult,gaussian_copula,fresh,0.01,12,5,2000,5.0437,39.65,False,0.0485919541683284,0.8614898869897664,0.0734067072525789,0.0483810461580984,0.1831384281850431,0.7938144329896907,0.87925,0.9799430855773,0.3878295677655984,0.8953918569534902,0,,ok,,2026-07-20T22:35:19.433604+00:00,False,20000
adult,gaussian_copula,fresh,0.01,12,6,2000,4.9725,39.65,False,0.0361706892329301,0.9152917079526994,0.056921697858225,0.0501278330569375,0.1775706900504622,0.7628865979381443,0.872,0.9804383896989018,0.4275520009210398,0.8953918569534902,0,,ok,,2026-07-20T22:35:19.433604+00:00,False,20000
adult,gaussian_copula,fresh,0.01,12,7,2000,4.9365,39.65,False,0.0300666479358128,0.9308041017870016,0.0582269481852339,0.0564684908789386,0.1759640844051208,0.7319587628865979,0.886,0.9801863242597898,0.3848504156021842,0.8953918569534902,0,,ok,,2026-07-20T22:35:19.433604+00:00,False,20000
adult,gaussian_copula,fresh,0.01,12,8,2000,5.2843,39.65,False,0.0317961129108499,0.8863468803885969,0.0621687647527454,0.0545373479823106,0.1500782774377192,0.7216494845360825,0.871,0.9801894438871304,0.3805907046571126,0.8953918569534902,0,,ok,,2026-07-20T22:35:19.433604+00:00,False,20000
adult,gaussian_copula,fresh,0.01,12,9,2000,5.0241,39.65,False,0.0528961563174087,0.9598160139475018,0.0797494472780514,0.0621625552791597,0.1567274770662063,0.711340206185567,0.87725,0.981122363212053,0.3743986982706769,0.8953918569534902,0,,ok,,2026-07-20T22:35:19.433604+00:00,False,20000
adult,gaussian_copula,fresh,0.01,12,10,2000,5.1882,39.65,False,0.0395804635032448,0.8481764370383117,0.0769606135029034,0.0676482172470978,0.1693282730312083,0.7010309278350515,0.87975,0.983445554080027,0.431029273830103,0.8953918569534902,0,,ok,,2026-07-20T22:35:19.433604+00:00,False,20000
adult,gaussian_copula,fresh,0.01,12,11,2000,4.979,39.65,False,0.0505548188920888,0.8284318217440697,0.0914094898224055,0.0636170536207849,0.1679076518442784,0.711340206185567,0.85575,0.9844343398218636,0.378831399223961,0.8953918569534902,0,,ok,,2026-07-20T22:35:19.433604+00:00,False,20000
adult,gaussian_copula,fresh,0.01,12,12,2000,4.688,39.65,False,0.057253783153478,0.772258864906085,0.0943271278248589,0.070469078220011,0.1774264663875827,0.6907216494845361,0.8605,0.9863627690186676,0.3838364063291067,0.8953918569534902,0,,ok,,2026-07-20T22:35:19.433604+00:00,False,20000
adult,gaussian_copula,fresh,0.02,12,0,2000,8.5247,39.26,True,0.0289660639847765,1.0008506429532034,0.0445997817024126,0.0278671918186843,0.0629493731922917,0.8865979381443299,0.90525,0.9755090680006784,0.693787852423296,0.8953918569534902,0,,ok,,2026-07-20T22:35:19.433604+00:00,False,20000
adult,gaussian_copula,fresh,0.0,12,9,2000,5.5231,39.65,False,0.0344045883331018,0.8194271453249349,0.0719065716571914,0.0649117951907131,0.1602925464245397,0.7010309278350515,0.88725,0.9823419698770628,0.4734041220991474,0.8953918569534902,0,,ok,,2026-07-20T22:35:19.433604+00:00,False,20000
adult,gaussian_copula,fresh,0.0,12,8,2000,5.1298,39.65,False,0.0359559676045472,0.7889903899924647,0.0777825376171452,0.0652324143173024,0.1514420290715894,0.7216494845360825,0.88325,0.9856644056197204,0.4319945364398846,0.8953918569534902,0,,ok,,2026-07-20T22:35:19.433604+00:00,False,20000
adult,gaussian_copula,fresh,0.0,12,7,2000,5.2523,39.65,False,0.0350585770840141,0.7734141025773766,0.0781883746303236,0.0638796641791044,0.1395260487492957,0.7216494845360825,0.887,0.9808099932276976,0.3597123481362777,0.8953918569534902,0,,ok,,2026-07-20T22:35:19.433604+00:00,False,20000
adult,gaussian_copula,fresh,0.0,12,6,2000,5.2265,39.65,False,0.0371684046959894,0.8145367033377345,0.0640890718630975,0.057283858485351,0.1535429549825805,0.7422680412371134,0.8855,0.983069755423084,0.3412174313609609,0.8953918569534902,0,,ok,,2026-07-20T22:35:19.433604+00:00,False,20000
adult,gaussian_copula,fixed,0.35,12,1,2000,4.9023,39.45,False,0.0311997115695089,0.8529160956539328,0.0426866441509605,0.0302146904367053,0.1162574604283809,0.9278350515463918,0.90025,0.9714454018269127,0.6015030756620334,0.8953918569534902,0,,ok,,2026-07-20T22:35:19.433604+00:00,False,20000
adult,gaussian_copula,fixed,0.35,12,2,2000,4.9233,40.02,False,0.0192802088713627,0.907115227584982,0.0344539934050094,0.0298415561083471,0.0989335761206312,0.845360824742268,0.90275,0.9672479145527478,0.6100477068218972,0.8953918569534902,0,,ok,,2026-07-20T22:35:19.433604+00:00,False,20000
adult,gaussian_copula,fixed,0.35,12,3,2000,4.8523,39.65,False,0.0225089328968705,0.9526838751964368,0.0459607774328827,0.0340532752902155,0.11251917020709,0.865979381443299,0.906,0.9726040739462064,0.555561361591668,0.8953918569534902,0,,ok,,2026-07-20T22:35:19.433604+00:00,False,20000
adult,gaussian_copula,fixed,0.35,12,4,2000,5.4798,39.65,False,0.0265670680654416,0.9529889030949692,0.044923571345784,0.0319969941956882,0.105993008980947,0.845360824742268,0.90425,0.9718866530329616,0.5745843945375938,0.8953918569534902,0,,ok,,2026-07-20T22:35:19.433604+00:00,False,20000
adult,gaussian_copula,fixed,0.35,12,5,2000,4.6385,39.65,False,0.025625946222282,0.8663087355847895,0.0525961606474886,0.0336632808181315,0.1352510367701734,0.8247422680412371,0.899,0.9724474333286868,0.5771684266386647,0.8953918569534902,0,,ok,,2026-07-20T22:35:19.433604+00:00,False,20000
adult,gaussian_copula,fixed,0.35,12,6,2000,5.0565,39.65,False,0.0339572371358412,0.940174916464891,0.0507800933911796,0.0339324212271973,0.1226264528986889,0.8350515463917526,0.89675,0.971430613690818,0.5318353410489653,0.8953918569534902,0,,ok,,2026-07-20T22:35:19.433604+00:00,False,20000
adult,gaussian_copula,fixed,0.35,12,7,2000,4.993,39.65,False,0.0263337977901663,1.037205714765016,0.0481844202980158,0.0377953289110005,0.1430134105162567,0.845360824742268,0.88125,0.9725481299042346,0.6052554869335995,0.8953918569534902,0,,ok,,2026-07-20T22:35:19.433604+00:00,False,20000
adult,gaussian_copula,fixed,0.35,12,8,2000,4.9543,39.65,False,0.0322531713062315,0.8996533385231181,0.0486391634964357,0.0343969389165284,0.11494684834713,0.8350515463917526,0.88625,0.9715087978744756,0.5448660092893373,0.8953918569534902,0,,ok,,2026-07-20T22:35:19.433604+00:00,False,20000
adult,gaussian_copula,fixed,0.2,12,12,2000,5.0991,39.65,False,0.0684463766774368,0.8494765058307608,0.0795500177989581,0.0426341901603095,0.1829396502142902,0.7835051546391752,0.87075,0.9762163082187852,0.5853005305551429,0.8953918569534902,0,,ok,,2026-07-20T22:35:19.433604+00:00,False,20000
adult,gaussian_copula,fixed,0.35,12,9,2000,5.3019,39.65,False,0.0417346325557698,0.8911898819236194,0.0571045259513838,0.031250898286346,0.1188815425440647,0.8144329896907216,0.89375,0.9707662208173572,0.616430766035292,0.8953918569534902,0,,ok,,2026-07-20T22:35:19.433604+00:00,False,20000
adult,gaussian_copula,fixed,0.35,12,11,2000,4.9103,39.65,False,0.032234186254584,1.032883542309807,0.0473580579823608,0.0365425649530127,0.1126585024437774,0.8350515463917526,0.88,0.9725409940238808,0.5379678483137589,0.8953918569534902,0,,ok,,2026-07-20T22:35:19.433604+00:00,False,20000
adult,gaussian_copula,fixed,0.35,12,12,2000,5.0343,39.65,False,0.0370872807782304,0.9180645883088684,0.0507145926303847,0.0353304657269209,0.1183198738845877,0.845360824742268,0.90525,0.9741275849642208,0.5826217915877224,0.8953918569534902,0,,ok,,2026-07-20T22:35:19.433604+00:00,False,20000
adult,gaussian_copula,fresh,0.0,12,0,2000,8.5247,39.26,True,0.0289660639847765,1.0008506429532034,0.0445997817024126,0.0278671918186843,0.0629493731922917,0.8865979381443299,0.90525,0.9755090680006784,0.693787852423296,0.8953918569534902,0,,ok,,2026-07-20T22:35:19.433604+00:00,False,20000
adult,gaussian_copula,fresh,0.0,12,1,2000,5.3893,39.45,False,0.0239797603638357,0.8924778110120243,0.0467797442599916,0.0321078980099502,0.1135904364681347,0.8556701030927835,0.89325,0.969435297568832,0.5672319749787672,0.8953918569534902,0,,ok,,2026-07-20T22:35:19.433604+00:00,False,20000
adult,gaussian_copula,fresh,0.0,12,2,2000,5.2343,40.02,False,0.0272325536484687,0.8469260998678796,0.0520581077765851,0.0398820826423438,0.1569662194386689,0.8144329896907216,0.887,0.9760082466251871,0.476847105156289,0.8953918569534902,0,,ok,,2026-07-20T22:35:19.433604+00:00,False,20000
adult,gaussian_copula,fresh,0.0,12,3,2000,5.3353,39.65,False,0.0283890897845867,0.930586492030132,0.0450940780888687,0.0505471600331674,0.1391373322022406,0.845360824742268,0.89725,0.9824745208515092,0.4389962553908171,0.8953918569534902,0,,ok,,2026-07-20T22:35:19.433604+00:00,False,20000
adult,gaussian_copula,fresh,0.0,12,4,2000,5.084,39.65,False,0.0330765778159765,0.8504003035776365,0.0613217773386457,0.0476907822001105,0.147178166330153,0.7628865979381443,0.88675,0.9812319742942888,0.4196117365967656,0.8953918569534902,0,,ok,,2026-07-20T22:35:19.433604+00:00,False,20000
adult,gaussian_copula,fresh,0.0,12,5,2000,5.1881,39.65,False,0.0381065792023433,0.8363673753116857,0.0677742147948167,0.0564817578772802,0.1605260081872273,0.7731958762886598,0.868,0.9831304582186264,0.426658006129688,0.8953918569534902,0,,ok,,2026-07-20T22:35:19.433604+00:00,False,20000
adult,gaussian_copula,fixed,0.35,12,10,2000,4.9716,39.65,False,0.0440268239057433,0.9617970366795222,0.0597587515923816,0.0296583402432282,0.1446585953112558,0.8350515463917526,0.893,0.9731457039150644,0.590950554033529,0.8953918569534902,0,,ok,,2026-07-20T22:35:19.433604+00:00,False,20000
adult,gaussian_copula,fresh,0.0,7,0,2000,10.1831,39.26,True,0.0279677576100319,1.004395859020297,0.0366396307155591,0.0263370992260917,0.0823961117294955,0.9278350515463918,0.897,0.9710826599297656,0.6695634816617478,0.8946581327988924,0,,ok,,2026-07-20T22:35:19.433604+00:00,False,20000
adult,gaussian_copula,fixed,0.35,7,12,2000,8.8584,39.65,False,0.0429069111945679,0.8316249440861231,0.073972281740746,0.0394269969596462,0.1384068060435924,0.8247422680412371,0.88875,0.9678642293901382,0.6205440075172797,0.8946581327988924,0,,ok,,2026-07-20T22:35:19.433604+00:00,False,20000
adult,gaussian_copula,fixed,0.35,7,11,2000,8.998,39.65,False,0.0384312506714347,0.9124117322430342,0.0623245774066209,0.0521376105583195,0.1457804569440434,0.8144329896907216,0.884,0.9690060377467796,0.5947480403972483,0.8946581327988924,0,,ok,,2026-07-20T22:35:19.433604+00:00,False,20000
adult,gaussian_copula,fixed,0.35,2,7,2000,8.5766,39.65,False,0.0282389738163325,1.0701109932934971,0.0484725379273872,0.0406385779436152,0.1384005541127263,0.7525773195876289,0.89975,0.9698759075243996,0.6059171892864079,0.8963856398033977,0,,ok,,2026-07-20T22:35:19.433604+00:00,False,20000
adult,gaussian_copula,fixed,0.35,2,8,2000,8.4896,39.65,False,0.0301925691937659,1.0324818583696047,0.0481790628609381,0.0432310668877832,0.1287265980508906,0.7731958762886598,0.906,0.9773816364055726,0.6118008492606308,0.8963856398033977,0,,ok,,2026-07-20T22:35:19.433604+00:00,False,20000
adult,gaussian_copula,fixed,0.35,2,9,2000,8.8087,39.65,False,0.0371330312827822,1.002160993733629,0.0550393829231885,0.0322282338308457,0.1559345985656528,0.7731958762886598,0.8985,0.9737637135662262,0.58756631611467,0.8963856398033977,0,,ok,,2026-07-20T22:35:19.433604+00:00,False,20000
adult,gaussian_copula,fixed,0.35,2,10,2000,9.0186,39.65,False,0.0216091457823411,0.9408611127926968,0.0419481716466973,0.0361238944168048,0.1313365533276122,0.7525773195876289,0.897,0.970139590847228,0.6236722844764793,0.8963856398033977,0,,ok,,2026-07-20T22:35:19.433604+00:00,False,20000
adult,gaussian_copula,fixed,0.35,2,11,2000,9.3329,39.65,False,0.0227314118462888,1.0022933141291377,0.0466041398996549,0.0347459231619679,0.142813058871136,0.7525773195876289,0.8915,0.975692634388399,0.6521633815065322,0.8963856398033977,0,,ok,,2026-07-20T22:35:19.433604+00:00,False,20000
adult,gaussian_copula,fixed,0.35,2,12,2000,8.8955,39.65,False,0.0328390406711165,1.0790847412685158,0.049354520279397,0.0395782891100055,0.1449994768153795,0.7422680412371134,0.9005,0.9732654765674238,0.5694992685050136,0.8963856398033977,0,,ok,,2026-07-20T22:35:19.433604+00:00,False,20000
adult,gaussian_copula,fresh,0.0,2,0,2000,37.952,39.26,True,0.0346927483584357,1.2088185168821772,0.0527387800925328,0.0257745646766169,0.0798717127594514,0.8556701030927835,0.893,0.9673003694046022,0.7084978710788112,0.8963856398033977,0,,ok,,2026-07-20T22:35:19.433604+00:00,False,20000
adult,gaussian_copula,fresh,0.0,2,1,2000,9.4398,39.45,False,0.0302961922695975,1.1428119335995917,0.0484883073197816,0.0334730859590934,0.1352457300735797,0.8144329896907216,0.90075,0.9722497324303616,0.6306144059601139,0.8963856398033977,0,,ok,,2026-07-20T22:35:19.433604+00:00,False,20000
adult,gaussian_copula,fresh,0.0,2,2,2000,9.1897,40.02,False,0.0340667207315253,1.2210398810577925,0.0494315389121501,0.0421215105030403,0.1277599867844051,0.8041237113402062,0.89925,0.9750067393738062,0.4177460539461325,0.8963856398033977,0,,ok,,2026-07-20T22:35:19.433604+00:00,False,20000
adult,gaussian_copula,fresh,0.0,2,3,2000,9.3401,39.65,False,0.0315891598218984,1.122013023865141,0.0565246609354688,0.050856585129906,0.1514439645689561,0.7835051546391752,0.89325,0.9734263933131516,0.4403829291348742,0.8963856398033977,0,,ok,,2026-07-20T22:35:19.433604+00:00,False,20000
adult,gaussian_copula,fresh,0.0,2,4,2000,9.0042,39.65,False,0.0230451621760735,1.089759131652967,0.0492991883417557,0.0596862562189054,0.1557160614413247,0.7835051546391752,0.90425,0.9821631633679132,0.3895023945855865,0.8963856398033977,0,,ok,,2026-07-20T22:35:19.433604+00:00,False,20000
adult,gaussian_copula,fresh,0.0,2,5,2000,8.3333,39.65,False,0.0152550141304395,0.9312963060866756,0.0466510684714194,0.0725770798783858,0.1752583264791483,0.7628865979381443,0.8925,0.981874716526506,0.378457226786262,0.8963856398033977,0,,ok,,2026-07-20T22:35:19.433604+00:00,False,20000
adult,gaussian_copula,fresh,0.0,2,6,2000,9.1187,39.65,False,0.0312332431307517,0.8103068691981173,0.061143007115973,0.0789643449419569,0.1698413878712088,0.7835051546391752,0.896,0.9802258894144736,0.4153448136369496,0.8963856398033977,0,,ok,,2026-07-20T22:35:19.433604+00:00,False,20000
adult,gaussian_copula,fresh,0.0,2,7,2000,8.8895,39.65,False,0.0224584165994,0.8787408038408692,0.0551381519348471,0.0724565367606412,0.1686037170862995,0.7216494845360825,0.89675,0.979795651966688,0.4155184592828661,0.8963856398033977,0,,ok,,2026-07-20T22:35:19.433604+00:00,False,20000
adult,gaussian_copula,fresh,0.0,2,8,2000,9.0825,39.65,False,0.0318550565039197,0.9215854109002732,0.0572382824308176,0.0947035309563294,0.1746060601663169,0.711340206185567,0.90175,0.9846436226038778,0.3245429254528129,0.8963856398033977,0,,ok,,2026-07-20T22:35:19.433604+00:00,False,20000
adult,gaussian_copula,fresh,0.0,2,9,2000,9.0731,39.65,False,0.0338234271901993,0.9228566862321604,0.0568471842115326,0.0913039662797125,0.1981457417656833,0.6701030927835051,0.896,0.9836132095808104,0.3780740721120175,0.8963856398033977,0,,ok,,2026-07-20T22:35:19.433604+00:00,False,20000
adult,gaussian_copula,fresh,0.0,2,10,2000,10.2285,39.65,False,0.0209225219342786,0.9202603068813154,0.0597131391780154,0.0844029850746268,0.1940474490752832,0.6701030927835051,0.887,0.9836139802063888,0.322574864974693,0.8963856398033977,0,,ok,,2026-07-20T22:35:19.433604+00:00,False,20000
adult,gaussian_copula,fixed,0.35,2,6,2000,8.8366,39.65,False,0.0304032446809277,0.9189304504409036,0.0474893238410143,0.0404535655058043,0.1427615923784055,0.7628865979381443,0.90025,0.971701837894304,0.6026409676792904,0.8963856398033977,0,,ok,,2026-07-20T22:35:19.433604+00:00,False,20000
adult,gaussian_copula,fresh,0.0,2,11,2000,9.0191,39.65,False,0.0224631853174362,0.9161254127028357,0.0609082614190192,0.1015489911553344,0.1850989205965824,0.6701030927835051,0.8775,0.9858929056661524,0.3821698408491925,0.8963856398033977,0,,ok,,2026-07-20T22:35:19.433604+00:00,False,20000
adult,gaussian_copula,fixed,0.35,2,5,2000,8.8163,39.65,False,0.0316497214095221,1.0012520920001375,0.0489127903613632,0.0368003385848535,0.1332596681882484,0.7731958762886598,0.905,0.96718701769456,0.5878345374993952,0.8963856398033977,0,,ok,,2026-07-20T22:35:19.433604+00:00,False,20000
adult,gaussian_copula,fixed,0.35,2,3,2000,8.8699,39.65,False,0.0225497819528259,0.9726861421433391,0.037258355721294,0.0328419707020453,0.1417415681644721,0.7938144329896907,0.8945,0.9702127687771296,0.5667766345933073,0.8963856398033977,0,,ok,,2026-07-20T22:35:19.433604+00:00,False,20000
adult,gaussian_copula,fixed,0.1,2,12,2000,9.5572,39.65,False,0.1085273036514103,1.1104125569987655,0.1220962056180842,0.0622059494195688,0.158732428654537,0.711340206185567,0.882,0.980775922577136,0.4837219582114885,0.8963856398033977,0,,ok,,2026-07-20T22:35:19.433604+00:00,False,20000
adult,gaussian_copula,fixed,0.2,2,0,2000,37.952,39.26,True,0.0346927483584357,1.2088185168821772,0.0527387800925328,0.0257745646766169,0.0798717127594514,0.8556701030927835,0.893,0.9673003694046022,0.7084978710788112,0.8963856398033977,0,,ok,,2026-07-20T22:35:19.433604+00:00,False,20000
adult,gaussian_copula,fixed,0.2,2,1,2000,8.8495,39.45,False,0.0332897000811975,1.1533127636290164,0.046164045138062,0.0366230997788833,0.1068167534869556,0.8144329896907216,0.8995,0.9703026765945832,0.5422077917820535,0.8963856398033977,0,,ok,,2026-07-20T22:35:19.433604+00:00,False,20000
adult,gaussian_copula,fixed,0.2,2,2,2000,8.8104,40.02,False,0.0419308125273452,1.0953115046517374,0.0495716717365592,0.0416748548922056,0.1251546606130834,0.7835051546391752,0.9065,0.9711042498209634,0.594396192423372,0.8963856398033977,0,,ok,,2026-07-20T22:35:19.433604+00:00,False,20000
adult,gaussian_copula,fixed,0.2,2,3,2000,8.9083,39.65,False,0.0421810059004927,0.9731407049230364,0.0636869871275898,0.0425000690989497,0.1435103007921485,0.7835051546391752,0.89,0.9720165186303932,0.5814837028791543,0.8963856398033977,0,,ok,,2026-07-20T22:35:19.433604+00:00,False,20000
adult,gaussian_copula,fixed,0.2,2,4,2000,9.2944,39.65,False,0.0299136800785945,0.9676331624338944,0.0545035548874918,0.046856585129906,0.1536029968771295,0.7938144329896907,0.9005,0.9764416520753496,0.5382223996523546,0.8963856398033977,0,,ok,,2026-07-20T22:35:19.433604+00:00,False,20000
adult,gaussian_copula,fixed,0.2,2,5,2000,8.7179,39.65,False,0.0386914425032587,0.9571191355297688,0.0623018691430229,0.0392089897733554,0.1555134873288648,0.7835051546391752,0.88675,0.9726483269794074,0.5584741632194329,0.8963856398033977,0,,ok,,2026-07-20T22:35:19.433604+00:00,False,20000
adult,gaussian_copula,fixed,0.2,2,6,2000,8.1365,39.65,False,0.0451305097937252,0.9788558789281686,0.0575699203800639,0.0411613114980652,0.1410684390221981,0.7731958762886598,0.89175,0.9686513609806836,0.4764895859162726,0.8963856398033977,0,,ok,,2026-07-20T22:35:19.433604+00:00,False,20000
adult,gaussian_copula,fixed,0.2,2,7,2000,9.0875,39.65,False,0.037065471472463,1.0260219765631782,0.057803712944617,0.0489070619126589,0.1622225736088108,0.7525773195876289,0.889,0.9755791341782456,0.5022375931382532,0.8963856398033977,0,,ok,,2026-07-20T22:35:19.433604+00:00,False,20000
adult,gaussian_copula,fixed,0.2,2,8,2000,9.495,39.65,False,0.0415093624809005,0.9835969166421916,0.060304165518322,0.046524080983969,0.1368540777254013,0.7628865979381443,0.897,0.9753080820998886,0.5263063810726312,0.8963856398033977,0,,ok,,2026-07-20T22:35:19.433604+00:00,False,20000
adult,gaussian_copula,fixed,0.2,2,9,2000,8.8567,39.65,False,0.0556238942269113,1.0300007281468844,0.0725107886692601,0.0468080776672194,0.145498162454946,0.7628865979381443,0.88325,0.977152634608764,0.5689912476300336,0.8963856398033977,0,,ok,,2026-07-20T22:35:19.433604+00:00,False,20000
adult,gaussian_copula,fixed,0.2,2,10,2000,9.4007,39.65,False,0.0486338799988667,0.9927266282491436,0.0584353071155349,0.0564028468767274,0.1549328140846338,0.7731958762886598,0.891,0.9758705915219114,0.4877331169029563,0.8963856398033977,0,,ok,,2026-07-20T22:35:19.433604+00:00,False,20000
adult,gaussian_copula,fixed,0.2,2,11,2000,9.0943,39.65,False,0.0412548058251013,1.047339108663888,0.0649902788509698,0.0533769347705914,0.1656488606509475,0.7731958762886598,0.88675,0.9711210348335564,0.5765204598957562,0.8963856398033977,0,,ok,,2026-07-20T22:35:19.433604+00:00,False,20000
adult,gaussian_copula,fixed,0.2,2,12,2000,8.9865,39.65,False,0.0584700877757281,1.0161801867212656,0.0735390378471716,0.0518886124930901,0.1498519715119538,0.7525773195876289,0.887,0.9741257028378086,0.6101345788176833,0.8963856398033977,0,,ok,,2026-07-20T22:35:19.433604+00:00,False,20000
adult,gaussian_copula,fixed,0.35,2,0,2000,37.952,39.26,True,0.0346927483584357,1.2088185168821772,0.0527387800925328,0.0257745646766169,0.0798717127594514,0.8556701030927835,0.893,0.9673003694046022,0.7084978710788112,0.8963856398033977,0,,ok,,2026-07-20T22:35:19.433604+00:00,False,20000
adult,gaussian_copula,fixed,0.35,2,1,2000,8.7492,39.45,False,0.0223017161833767,1.0394587141277556,0.0310690554884521,0.0237673783858485,0.0795520187626616,0.845360824742268,0.90725,0.9715128366275056,0.6309796617250378,0.8963856398033977,0,,ok,,2026-07-20T22:35:19.433604+00:00,False,20000
adult,gaussian_copula,fixed,0.35,2,2,2000,9.4962,40.02,False,0.0205705331597041,0.9337562533277688,0.0344555352116055,0.034365222498618,0.1332911410090269,0.8041237113402062,0.887,0.9770524330335878,0.617970891783981,0.8963856398033977,0,,ok,,2026-07-20T22:35:19.433604+00:00,False,20000
adult,gaussian_copula,fixed,0.35,2,4,2000,8.6949,39.65,False,0.0186871276787863,0.9415835554330972,0.0347713633497054,0.0336985903814262,0.1422066656433089,0.7628865979381443,0.90175,0.9725959154400856,0.6306374516254111,0.8963856398033977,0,,ok,,2026-07-20T22:35:19.433604+00:00,False,20000
adult,gaussian_copula,fresh,0.0,2,12,2000,9.8446,39.65,False,0.0338244389689727,0.8990662840678806,0.0557905845984663,0.0911430002763958,0.1697237836176268,0.6597938144329897,0.88375,0.9853856416605776,0.3972862237536753,0.8963856398033977,0,,ok,,2026-07-20T22:35:19.433604+00:00,False,20000
adult,gaussian_copula,fresh,0.01,2,0,2000,37.952,39.26,True,0.0346927483584357,1.2088185168821772,0.0527387800925328,0.0257745646766169,0.0798717127594514,0.8556701030927835,0.893,0.9673003694046022,0.7084978710788112,0.8963856398033977,0,,ok,,2026-07-20T22:35:19.433604+00:00,False,20000
adult,gaussian_copula,fresh,0.01,2,1,2000,9.3281,39.45,False,0.0229293509679424,1.0294868592743929,0.0447894522191985,0.0344911553344389,0.1133453784266461,0.8247422680412371,0.895,0.9756241184619948,0.5552043012980447,0.8963856398033977,0,,ok,,2026-07-20T22:35:19.433604+00:00,False,20000
adult,gaussian_copula,fresh,0.02,2,11,2000,9.1143,39.65,False,0.0463287188212567,0.8608347301526827,0.0771767908497724,0.0536405127142067,0.1767550712519912,0.7216494845360825,0.8695,0.9817047075239568,0.4236383027742785,0.8963856398033977,0,,ok,,2026-07-20T22:35:19.433604+00:00,False,20000
adult,gaussian_copula,fresh,0.02,2,12,2000,9.254,39.65,False,0.0502282923303963,0.8927225564306439,0.076393826124003,0.0603263888888888,0.2059945559952231,0.6907216494845361,0.8665,0.9833764272781644,0.3852417001839588,0.8963856398033977,0,,ok,,2026-07-20T22:35:19.433604+00:00,False,20000
adult,gaussian_copula,fresh,0.05,2,0,2000,37.952,39.26,True,0.0346927483584357,1.2088185168821772,0.0527387800925328,0.0257745646766169,0.0798717127594514,0.8556701030927835,0.893,0.9673003694046022,0.7084978710788112,0.8963856398033977,0,,ok,,2026-07-20T22:35:19.433604+00:00,False,20000
adult,gaussian_copula,fresh,0.05,2,1,2000,9.0269,39.45,False,0.0284801961717614,1.093872579223091,0.0482166727266956,0.0295810185185185,0.1078610940685411,0.8556701030927835,0.89275,0.9731764074380996,0.5871949629190985,0.8963856398033977,0,,ok,,2026-07-20T22:35:19.433604+00:00,False,20000
adult,gaussian_copula,fresh,0.05,2,2,2000,8.8879,40.02,False,0.024861621048196,0.8885485583082021,0.0451836994641606,0.0363158858485351,0.1348349660208318,0.845360824742268,0.90625,0.9743453215650774,0.5085437132670781,0.8963856398033977,0,,ok,,2026-07-20T22:35:19.433604+00:00,False,20000
adult,gaussian_copula,fresh,0.05,2,3,2000,8.2191,39.65,False,0.0273438260571551,0.8921940970577283,0.0564925747062068,0.0382055693753454,0.1404101467162576,0.8556701030927835,0.88125,0.9748883656599964,0.5279638331884593,0.8963856398033977,0,,ok,,2026-07-20T22:35:19.433604+00:00,False,20000
adult,gaussian_copula,fresh,0.05,2,4,2000,8.285,39.65,False,0.052894889191855,0.8613223419268565,0.0672330452431634,0.0445030749032614,0.1459185152855714,0.865979381443299,0.90825,0.9726499424806192,0.4728994121945727,0.8963856398033977,0,,ok,,2026-07-20T22:35:19.433604+00:00,False,20000
adult,gaussian_copula,fresh,0.05,2,5,2000,8.735,39.65,False,0.0522256165283721,0.903610864907346,0.0632422656593613,0.0513122927031509,0.1639161472606378,0.8041237113402062,0.89325,0.976722110848264,0.4544901544852897,0.8963856398033977,0,,ok,,2026-07-20T22:35:19.433604+00:00,False,20000
adult,gaussian_copula,fresh,0.05,2,6,2000,9.1377,39.65,False,0.0477194638855857,0.9736604877884604,0.065223654396424,0.0432702459922609,0.165695994097573,0.7835051546391752,0.8975,0.9731604442386232,0.416390424647362,0.8963856398033977,0,,ok,,2026-07-20T22:35:19.433604+00:00,False,20000
adult,gaussian_copula,fresh,0.05,2,7,2000,8.9473,39.65,False,0.0417347660531894,0.8619158533570651,0.0658661904845032,0.0496369195688225,0.152420649136362,0.7938144329896907,0.88525,0.9781985355184512,0.4707117130855975,0.8963856398033977,0,,ok,,2026-07-20T22:35:19.433604+00:00,False,20000
adult,gaussian_copula,fresh,0.05,2,8,2000,9.2508,39.65,False,0.0561578057195247,0.9287149470272222,0.0684519054771931,0.0502999585406301,0.1944228451168585,0.7835051546391752,0.892,0.9817011626462974,0.4194979834551137,0.8963856398033977,0,,ok,,2026-07-20T22:35:19.433604+00:00,False,20000
adult,gaussian_copula,fresh,0.05,2,9,2000,9.8205,39.65,False,0.0600728271329788,0.8466346865783705,0.074417089520839,0.0523005804311774,0.1622942032106139,0.7835051546391752,0.89425,0.9752619368152682,0.4020789025883658,0.8963856398033977,0,,ok,,2026-07-20T22:35:19.433604+00:00,False,20000
adult,gaussian_copula,fresh,0.05,2,10,2000,8.9242,39.65,False,0.0733231749570263,0.928026825813595,0.0875200088013222,0.0465259121061359,0.1550457966133882,0.7835051546391752,0.88475,0.9772527203088536,0.4568496306727249,0.8963856398033977,0,,ok,,2026-07-20T22:35:19.433604+00:00,False,20000
adult,gaussian_copula,fresh,0.05,2,11,2000,9.2569,39.65,False,0.0617356899137111,1.0412191345918735,0.0776021445488181,0.0471294914317302,0.1770798153598089,0.7731958762886598,0.88725,0.9839268620661282,0.496381437165715,0.8963856398033977,0,,ok,,2026-07-20T22:35:19.433604+00:00,False,20000
adult,gaussian_copula,fresh,0.05,2,12,2000,9.0633,39.65,False,0.0478298567416908,1.015556448842695,0.0707566372172359,0.0491873618021006,0.1584490672943039,0.7628865979381443,0.8885,0.979245667179062,0.5180714731641587,0.8963856398033977,0,,ok,,2026-07-20T22:35:19.433604+00:00,False,20000
adult,gaussian_copula,fresh,0.1,2,0,2000,37.952,39.26,True,0.0346927483584357,1.2088185168821772,0.0527387800925328,0.0257745646766169,0.0798717127594514,0.8556701030927835,0.893,0.9673003694046022,0.7084978710788112,0.8963856398033977,0,,ok,,2026-07-20T22:35:19.433604+00:00,False,20000
adult,gaussian_copula,fresh,0.1,2,1,2000,8.7039,39.45,False,0.0256707669061345,1.0019182694346336,0.038571985723786,0.0276614496959646,0.1170554832030567,0.845360824742268,0.89025,0.9778651347683172,0.5231366022467656,0.8963856398033977,0,,ok,,2026-07-20T22:35:19.433604+00:00,False,20000
adult,gaussian_copula,fresh,0.02,2,10,2000,9.3068,39.65,False,0.0338287732991645,0.8826752330961928,0.0755404515217045,0.0607834784411276,0.1803331114026314,0.7010309278350515,0.89075,0.9828678295840892,0.407507877814833,0.8963856398033977,0,,ok,,2026-07-20T22:35:19.433604+00:00,False,20000
adult,gaussian_copula,fresh,0.02,2,9,2000,9.3631,39.65,False,0.0309888940947185,0.8718304961555448,0.0587340171156889,0.0588283582089552,0.1939307959751217,0.7010309278350515,0.88025,0.98245076983369,0.4290076477515626,0.8963856398033977,0,,ok,,2026-07-20T22:35:19.433604+00:00,False,20000
adult,gaussian_copula,fresh,0.02,2,8,2000,9.0779,39.65,False,0.0275776615756965,0.9063662225160106,0.0624517885456182,0.0572756011608623,0.2068131359729381,0.7319587628865979,0.88025,0.9821162800827392,0.3935177821402453,0.8963856398033977,0,,ok,,2026-07-20T22:35:19.433604+00:00,False,20000
adult,gaussian_copula,fresh,0.02,2,7,2000,9.5279,39.65,False,0.0241358801948775,0.9925530569175974,0.0531592261813222,0.0469398839137645,0.1927108089332433,0.7216494845360825,0.87625,0.9819474050810406,0.4058822896914215,0.8963856398033977,0,,ok,,2026-07-20T22:35:19.433604+00:00,False,20000
adult,gaussian_copula,fresh,0.01,2,2,2000,8.9328,40.02,False,0.0302637039842019,1.1582322457007557,0.0579303925817278,0.0326159134881149,0.1297919987837269,0.7938144329896907,0.88075,0.9679037591072952,0.4501717311838207,0.8963856398033977,0,,ok,,2026-07-20T22:35:19.433604+00:00,False,20000
adult,gaussian_copula,fresh,0.01,2,3,2000,9.6967,39.65,False,0.0347149922931458,1.08041582724812,0.05493895109014,0.0305664040906578,0.1552072649169792,0.7835051546391752,0.87775,0.98160154607156,0.4146802592601286,0.8963856398033977,0,,ok,,2026-07-20T22:35:19.433604+00:00,False,20000
adult,gaussian_copula,fresh,0.01,2,4,2000,9.0926,39.65,False,0.0233692713534857,0.9421005622342496,0.043463349665253,0.0456829740187949,0.1699617662196857,0.7628865979381443,0.89475,0.9814481409564676,0.4578805881804519,0.8963856398033977,0,,ok,,2026-07-20T22:35:19.433604+00:00,False,20000
adult,gaussian_copula,fresh,0.01,2,5,2000,9.132,39.65,False,0.0304601622625657,0.9272222674632206,0.0536813002713547,0.0444902915975677,0.1592221192074532,0.7731958762886598,0.8845,0.9788468307548348,0.418062464702105,0.8963856398033977,0,,ok,,2026-07-20T22:35:19.433604+00:00,False,20000
adult,gaussian_copula,fresh,0.01,2,6,2000,9.1506,39.65,False,0.0336319049536022,0.8664720387219246,0.0601988836431706,0.0411462824765063,0.1586071399174623,0.7938144329896907,0.88425,0.9821416066642404,0.4097543548439759,0.8963856398033977,0,,ok,,2026-07-20T22:35:19.433604+00:00,False,20000
adult,gaussian_copula,fresh,0.01,2,7,2000,9.1888,39.65,False,0.034615966277574,1.0609090184251757,0.0575808193900928,0.0464737423991155,0.1396375741026709,0.7628865979381443,0.88325,0.9837607725665196,0.4581431710809224,0.8963856398033977,0,,ok,,2026-07-20T22:35:19.433604+00:00,False,20000
adult,gaussian_copula,fresh,0.01,2,8,2000,9.4426,39.65,False,0.0431741034385405,1.1084986241180843,0.0682134732108055,0.0508724778883361,0.1318204959407912,0.7319587628865979,0.89325,0.9847178524095688,0.4252431727462421,0.8963856398033977,0,,ok,,2026-07-20T22:35:19.433604+00:00,False,20000
adult,gaussian_copula,fresh,0.01,2,9,2000,9.2462,39.65,False,0.0379772294767532,0.95041983739388,0.0616607852073795,0.0523329187396351,0.1539148943109909,0.7216494845360825,0.88325,0.986389684663861,0.3610858763443687,0.8963856398033977,0,,ok,,2026-07-20T22:35:19.433604+00:00,False,20000
adult,gaussian_copula,fixed,0.1,2,11,2000,9.0051,39.65,False,0.1231473454110199,1.195032316191324,0.1312983916745302,0.0629698383084577,0.158756322638427,0.7216494845360825,0.89,0.9785291845165208,0.5093683088074566,0.8963856398033977,0,,ok,,2026-07-20T22:35:19.433604+00:00,False,20000
adult,gaussian_copula,fresh,0.01,2,10,2000,9.2857,39.65,False,0.0480983327986489,0.9666775755401846,0.0751564955107699,0.0621597913211719,0.1518565760794038,0.711340206185567,0.88175,0.984581200807046,0.405801187307431,0.8963856398033977,0,,ok,,2026-07-20T22:35:19.433604+00:00,False,20000
adult,gaussian_copula,fresh,0.01,2,12,2000,9.3608,39.65,False,0.076789984782616,0.9798619395629014,0.0920282696998573,0.0557058803206191,0.193006826119347,0.7010309278350515,0.87175,0.9863028615987218,0.4252723814059573,0.8963856398033977,0,,ok,,2026-07-20T22:35:19.433604+00:00,False,20000
adult,gaussian_copula,fresh,0.02,2,0,2000,37.952,39.26,True,0.0346927483584357,1.2088185168821772,0.0527387800925328,0.0257745646766169,0.0798717127594514,0.8556701030927835,0.893,0.9673003694046022,0.7084978710788112,0.8963856398033977,0,,ok,,2026-07-20T22:35:19.433604+00:00,False,20000
adult,gaussian_copula,fresh,0.02,2,1,2000,9.0437,39.45,False,0.0232013706514969,1.0876862430709464,0.0387190356094518,0.0346930279159756,0.1182263580570978,0.8350515463917526,0.8985,0.9727176349064056,0.562240015063932,0.8963856398033977,0,,ok,,2026-07-20T22:35:19.433604+00:00,False,20000
adult,gaussian_copula,fresh,0.02,2,2,2000,8.8188,40.02,False,0.0281531163166914,1.0888304879083737,0.0471251813718502,0.0362841348811498,0.1375385826399794,0.8041237113402062,0.90275,0.9768943040399516,0.532389027090032,0.8963856398033977,0,,ok,,2026-07-20T22:35:19.433604+00:00,False,20000
adult,gaussian_copula,fresh,0.02,2,3,2000,8.3212,39.65,False,0.0207578837728867,1.0533619663287697,0.0523337896042867,0.0389417495854063,0.1814311468535848,0.7628865979381443,0.89525,0.9775415496505476,0.4280790025075519,0.8963856398033977,0,,ok,,2026-07-20T22:35:19.433604+00:00,False,20000
adult,gaussian_copula,fresh,0.02,2,4,2000,9.2204,39.65,False,0.0372251789015859,0.9914051828631149,0.0639130237336776,0.0367151741293532,0.2006335644562624,0.7628865979381443,0.895,0.9763177692324064,0.410804129153809,0.8963856398033977,0,,ok,,2026-07-20T22:35:19.433604+00:00,False,20000
adult,gaussian_copula,fresh,0.02,2,5,2000,8.7783,39.65,False,0.035677286350715,1.0554741523348243,0.0576760942992728,0.0478187534549474,0.1892806069717203,0.7525773195876289,0.885,0.9774800807294306,0.4097779250194364,0.8963856398033977,0,,ok,,2026-07-20T22:35:19.433604+00:00,False,20000
adult,gaussian_copula,fresh,0.02,2,6,2000,9.4143,39.65,False,0.0329123521541838,0.964639505113692,0.0585809181930936,0.0484979961304588,0.1924593955369697,0.7422680412371134,0.88925,0.9842248432896888,0.4444772882509855,0.8963856398033977,0,,ok,,2026-07-20T22:35:19.433604+00:00,False,20000
adult,gaussian_copula,fresh,0.01,2,11,2000,9.0147,39.65,False,0.0583276452292046,0.9274976918405412,0.0835104609487659,0.0595183457711442,0.1605960699646462,0.7216494845360825,0.87125,0.9848050602249964,0.3470659163723618,0.8963856398033977,0,,ok,,2026-07-20T22:35:19.433604+00:00,False,20000
adult,gaussian_copula,fresh,0.1,2,2,2000,9.1541,40.02,False,0.0257581935153801,1.0578631805701428,0.043788663189293,0.0322363875069098,0.1318727623521877,0.7938144329896907,0.891,0.9792310579181012,0.4651534133220073,0.8963856398033977,0,,ok,,2026-07-20T22:35:19.433604+00:00,False,20000
adult,gaussian_copula,fixed,0.1,2,10,2000,9.1017,39.65,False,0.0884649576183084,1.1525979998492957,0.1046619347269514,0.0673685737976782,0.1474823603350334,0.7422680412371134,0.873,0.97966075311548,0.4625133241972405,0.8963856398033977,0,,ok,,2026-07-20T22:35:19.433604+00:00,False,20000
adult,gaussian_copula,fixed,0.1,2,8,2000,9.1397,39.65,False,0.0758908507816756,0.97411441110528,0.0847395379115995,0.0600850608070757,0.1470221865889792,0.7525773195876289,0.888,0.9790865256846658,0.4944996258275623,0.8963856398033977,0,,ok,,2026-07-20T22:35:19.433604+00:00,False,20000
adult,gaussian_copula,fixed,0.0,2,0,2000,37.952,39.26,True,0.0346927483584357,1.2088185168821772,0.0527387800925328,0.0257745646766169,0.0798717127594514,0.8556701030927835,0.893,0.9673003694046022,0.7084978710788112,0.8963856398033977,0,,ok,,2026-07-20T22:35:19.433604+00:00,False,20000
adult,gaussian_copula,fixed,0.0,2,1,2000,19.6292,39.83,False,0.0326233181478136,1.026059687731108,0.047009496534988,0.0272278192371475,0.1373812788991227,0.8247422680412371,0.90075,0.9751240443368144,0.5262390798623109,0.8963856398033977,0,,ok,,2026-07-20T22:35:19.433604+00:00,False,20000
adult,gaussian_copula,fixed,0.0,2,2,2000,9.0478,40.02,False,0.0414328911064279,1.0036511951182043,0.0553678465382336,0.0374481066887783,0.1116205237235153,0.8350515463917526,0.89625,0.9756818040052734,0.5482762104612765,0.8963856398033977,0,,ok,,2026-07-20T22:35:19.433604+00:00,False,20000
adult,gaussian_copula,fixed,0.0,2,3,2000,8.7692,39.65,False,0.0381868839473136,1.1863791603274167,0.0575643258716235,0.0445167219458264,0.140414523348495,0.8041237113402062,0.88925,0.9769572883372056,0.3843608509285731,0.8963856398033977,0,,ok,,2026-07-20T22:35:19.433604+00:00,False,20000
adult,gaussian_copula,fixed,0.0,2,4,2000,9.2519,39.65,False,0.0364413763749274,1.061131513917732,0.0620928802182848,0.043599087893864,0.1462178241892377,0.8041237113402062,0.88725,0.98338653766075,0.384899326174906,0.8963856398033977,0,,ok,,2026-07-20T22:35:19.433604+00:00,False,20000
adult,gaussian_copula,fixed,0.0,2,5,2000,8.7357,39.65,False,0.0368404177031976,1.3062948613919645,0.0631211628890044,0.0506926478717523,0.1601549818095715,0.7835051546391752,0.894,0.980810789728295,0.3740133144282387,0.8963856398033977,0,,ok,,2026-07-20T22:35:19.433604+00:00,False,20000
adult,gaussian_copula,fixed,0.0,2,6,2000,9.5136,39.65,False,0.0162442767012952,1.0671678346553444,0.0446207457822499,0.047190678551686,0.1443218000593555,0.7731958762886598,0.889,0.9823465666305116,0.3988114993083678,0.8963856398033977,0,,ok,,2026-07-20T22:35:19.433604+00:00,False,20000
adult,gaussian_copula,fixed,0.0,2,7,2000,9.3076,39.65,False,0.0311353587995957,1.1389026118544223,0.0553067973562777,0.0529194651741293,0.185866051054476,0.7731958762886598,0.87925,0.983800514346336,0.3866570252956828,0.8963856398033977,0,,ok,,2026-07-20T22:35:19.433604+00:00,False,20000
adult,gaussian_copula,fixed,0.0,2,8,2000,9.4716,39.65,False,0.0203416403530619,0.9706801824415866,0.0556219321800765,0.0576816611387506,0.1848802993760036,0.7216494845360825,0.8835,0.9857311024197596,0.349995797362317,0.8963856398033977,0,,ok,,2026-07-20T22:35:19.433604+00:00,False,20000
adult,gaussian_copula,fixed,0.0,2,9,2000,9.4164,39.65,False,0.0294025108368992,0.974455923104221,0.0523308932116996,0.0575851990049751,0.1670677073728758,0.711340206185567,0.8875,0.982407160300972,0.3457479534596887,0.8963856398033977,0,,ok,,2026-07-20T22:35:19.433604+00:00,False,20000
adult,gaussian_copula,fixed,0.0,2,10,2000,9.2772,39.65,False,0.0220335499713605,1.011691686053701,0.0618320606603537,0.0568894762299613,0.1447329457013965,0.6907216494845361,0.8795,0.9853363789986184,0.324736273011736,0.8963856398033977,0,,ok,,2026-07-20T22:35:19.433604+00:00,False,20000
adult,gaussian_copula,fixed,0.0,2,11,2000,9.3896,39.65,False,0.0268845891232865,1.0889559540233418,0.0672395878369054,0.06239089275843,0.1718941132115043,0.6701030927835051,0.88225,0.986133160846404,0.3955710755198912,0.8963856398033977,0,,ok,,2026-07-20T22:35:19.433604+00:00,False,20000
adult,gaussian_copula,fixed,0.0,2,12,2000,9.091,39.65,False,0.0279504272330267,1.0760813915344911,0.0710611610316344,0.0669424405749032,0.1684651920267012,0.6701030927835051,0.8815,0.9851427607283562,0.3971037269987542,0.8963856398033977,0,,ok,,2026-07-20T22:35:19.433604+00:00,False,20000
adult,gaussian_copula,fixed,0.01,2,0,2000,37.952,39.26,True,0.0346927483584357,1.2088185168821772,0.0527387800925328,0.0257745646766169,0.0798717127594514,0.8556701030927835,0.893,0.9673003694046022,0.7084978710788112,0.8963856398033977,0,,ok,,2026-07-20T22:35:19.433604+00:00,False,20000
adult,gaussian_copula,fixed,0.01,2,1,2000,8.3293,39.45,False,0.034182466632227,1.1064432822271946,0.050230416916832,0.029533167495854,0.0876040707150724,0.8762886597938144,0.8905,0.972314271478782,0.5549107067341729,0.8963856398033977,0,,ok,,2026-07-20T22:35:19.433604+00:00,False,20000
adult,gaussian_copula,fixed,0.01,2,2,2000,9.1916,40.02,False,0.0386948090840971,0.9761016439830716,0.0512245734375467,0.0294380873410724,0.1313118312898903,0.8350515463917526,0.89175,0.9804625727170452,0.5171844281324698,0.8963856398033977,0,,ok,,2026-07-20T22:35:19.433604+00:00,False,20000
adult,gaussian_copula,fixed,0.01,2,3,2000,8.7682,39.65,False,0.0457794364381766,1.2197000888879768,0.0655582138662933,0.0398630113322277,0.1349373390028125,0.8247422680412371,0.89475,0.9766251239629992,0.4083176231612149,0.8963856398033977,0,,ok,,2026-07-20T22:35:19.433604+00:00,False,20000
adult,gaussian_copula,fresh,0.35,1,12,2000,9.6437,39.65,False,0.0224153304654178,1.0419961018508557,0.0396497123246025,0.0233748963515754,0.1105702818975497,0.8350515463917526,0.89525,0.9767299037291104,0.6312500794960716,0.8996095743036177,0,,ok,,2026-07-20T22:35:19.433604+00:00,False,20000
adult,gaussian_copula,fixed,0.01,2,4,2000,9.564,39.65,False,0.0363761340366809,0.993231275177962,0.0573305302442772,0.0323017551133223,0.1586037665892979,0.8144329896907216,0.89125,0.9761043959473232,0.4039452408767029,0.8963856398033977,0,,ok,,2026-07-20T22:35:19.433604+00:00,False,20000
adult,gaussian_copula,fresh,0.35,1,11,2000,9.2035,39.65,False,0.0345464146663766,1.1406240973989143,0.0429769003550601,0.0255057352128247,0.1171099740874773,0.8762886597938144,0.8965,0.973560495663762,0.5747865604236363,0.8996095743036177,0,,ok,,2026-07-20T22:35:19.433604+00:00,False,20000
adult,gaussian_copula,fresh,0.35,1,9,2000,9.3509,39.65,False,0.0524946002352098,1.0666608229932195,0.0588633062333015,0.0313114289662797,0.1400206197786054,0.8556701030927835,0.89025,0.9691678123056512,0.5834314058065635,0.8996095743036177,0,,ok,,2026-07-20T22:35:19.433604+00:00,False,20000
adult,gaussian_copula,fresh,0.2,1,5,2000,10.5973,39.65,False,0.019193921522814,0.8353324067949802,0.0421138333143885,0.0267073659480375,0.1220893911330459,0.8762886597938144,0.898,0.9749734663488432,0.5223481651257651,0.8996095743036177,0,,ok,,2026-07-20T22:35:19.433604+00:00,False,20000
adult,gaussian_copula,fresh,0.2,1,6,2000,9.8981,39.65,False,0.0248816998409702,0.8777785131086318,0.0485964324099937,0.0387434701492537,0.1538508809861018,0.8556701030927835,0.9085,0.9766868966343442,0.6118445147317202,0.8996095743036177,0,,ok,,2026-07-20T22:35:19.433604+00:00,False,20000
adult,gaussian_copula,fresh,0.2,1,7,2000,9.4404,39.65,False,0.0192522015946189,0.8801518709850269,0.0390898125137246,0.0293062810945273,0.138021866277149,0.8762886597938144,0.914,0.9760407512745736,0.583768862532836,0.8996095743036177,0,,ok,,2026-07-20T22:35:19.433604+00:00,False,20000
adult,gaussian_copula,fresh,0.2,1,8,2000,9.5385,39.65,False,0.0096530122924857,0.9392853933635044,0.0356140359260065,0.0334340105030403,0.1498683537322226,0.8350515463917526,0.9115,0.9746152559550958,0.4813813316080446,0.8996095743036177,0,,ok,,2026-07-20T22:35:19.433604+00:00,False,20000
adult,gaussian_copula,fresh,0.2,1,9,2000,9.3919,39.65,False,0.0241004190163352,0.8583754299127992,0.0501940063844211,0.0306710199004975,0.1502367665523442,0.8556701030927835,0.9025,0.9679847867305864,0.5465375903976876,0.8996095743036177,0,,ok,,2026-07-20T22:35:19.433604+00:00,False,20000
adult,gaussian_copula,fresh,0.2,1,10,2000,9.3288,39.65,False,0.0218924914089133,0.9767218109061904,0.0504344125337591,0.0350293325041459,0.1497216061524816,0.845360824742268,0.89575,0.9704736733478736,0.6231951441373598,0.8996095743036177,0,,ok,,2026-07-20T22:35:19.433604+00:00,False,20000
adult,gaussian_copula,fresh,0.2,1,11,2000,8.9753,39.65,False,0.0270768864858655,0.9136509713871216,0.0459966951595161,0.0396104201216141,0.1544518994022888,0.845360824742268,0.89575,0.9737265390383358,0.5597676052819747,0.8996095743036177,0,,ok,,2026-07-20T22:35:19.433604+00:00,False,20000
adult,gaussian_copula,fresh,0.2,1,12,2000,10.1358,39.65,False,0.0261579941219346,0.952762005620968,0.0436613445017684,0.0364306937534549,0.1449723611519149,0.8144329896907216,0.88475,0.9672266025367584,0.521777563631934,0.8996095743036177,0,,ok,,2026-07-20T22:35:19.433604+00:00,False,20000
adult,gaussian_copula,fresh,0.35,1,0,2000,21.0155,39.26,True,0.0341175946043228,0.8699755057774593,0.0410394651506613,0.024287037037037,0.1036852781701227,0.9278350515463918,0.906,0.9704054926717208,0.626660910604717,0.8996095743036177,0,,ok,,2026-07-20T22:35:19.433604+00:00,False,20000
adult,gaussian_copula,fresh,0.35,1,1,2000,8.7311,39.45,False,0.0249921155160423,0.9350486170496198,0.0343314446427106,0.0193568269762299,0.1151661965006609,0.9072164948453608,0.90125,0.9744445483270224,0.5972072718613541,0.8996095743036177,0,,ok,,2026-07-20T22:35:19.433604+00:00,False,20000
adult,gaussian_copula,fresh,0.35,1,2,2000,9.3153,40.02,False,0.0308228542097265,0.9829414138615624,0.0408740991109515,0.0252856896075179,0.1083735339440163,0.865979381443299,0.902,0.970893365037747,0.5664016426084783,0.8996095743036177,0,,ok,,2026-07-20T22:35:19.433604+00:00,False,20000
adult,gaussian_copula,fresh,0.35,1,3,2000,10.5296,39.65,False,0.03937882385636,0.9960564391981094,0.0499094750368285,0.0260407683803206,0.128026972412193,0.865979381443299,0.894,0.9702425874870012,0.6239729599275546,0.8996095743036177,0,,ok,,2026-07-20T22:35:19.433604+00:00,False,20000
adult,gaussian_copula,fresh,0.35,1,4,2000,9.3386,39.65,False,0.0334748072797662,1.064932047169371,0.0526744845653639,0.0299059563294637,0.124883662780736,0.865979381443299,0.89575,0.9740826636805184,0.5426944060859964,0.8996095743036177,0,,ok,,2026-07-20T22:35:19.433604+00:00,False,20000
adult,gaussian_copula,fresh,0.35,1,5,2000,8.4436,39.65,False,0.0363477325330596,1.1039620866215214,0.0586500331909872,0.0340341003316749,0.1321545031899181,0.8865979381443299,0.8865,0.9696084115737108,0.4567697740003721,0.8996095743036177,0,,ok,,2026-07-20T22:35:19.433604+00:00,False,20000
adult,gaussian_copula,fresh,0.35,1,6,2000,8.7707,39.65,False,0.0265093421811072,0.9808785710339074,0.0461229122822779,0.0262967799889441,0.1303385778404377,0.845360824742268,0.90525,0.9707862795824064,0.5547176214303313,0.8996095743036177,0,,ok,,2026-07-20T22:35:19.433604+00:00,False,20000
adult,gaussian_copula,fresh,0.35,1,7,2000,9.1429,39.65,False,0.010618437040245,0.9459410390946776,0.0448889516535701,0.0255828841901603,0.1199553509620352,0.865979381443299,0.9015,0.9722749729492984,0.591010184282712,0.8996095743036177,0,,ok,,2026-07-20T22:35:19.433604+00:00,False,20000
adult,gaussian_copula,fresh,0.35,1,8,2000,8.744,39.65,False,0.0125783887910675,0.9730116058874172,0.035322302382416,0.0281045812603648,0.1315350741774356,0.865979381443299,0.90475,0.968615256328596,0.5591722206829306,0.8996095743036177,0,,ok,,2026-07-20T22:35:19.433604+00:00,False,20000
adult,gaussian_copula,fresh,0.35,1,10,2000,9.3373,39.65,False,0.0292078267162265,1.2034185198186378,0.0454352054485805,0.0301061705362078,0.1363649311931254,0.865979381443299,0.899,0.9733734496484304,0.5981745669480183,0.8996095743036177,0,,ok,,2026-07-20T22:35:19.433604+00:00,False,20000
adult,gaussian_copula,fixed,0.01,2,5,2000,9.6202,39.65,False,0.0252612733148826,0.9262482321532752,0.0503600750310297,0.0358376865671641,0.1289702037396884,0.7835051546391752,0.8955,0.9804582892763316,0.4819696681017701,0.8963856398033977,0,,ok,,2026-07-20T22:35:19.433604+00:00,False,20000
adult,gaussian_copula,fixed,0.01,2,6,2000,9.4325,39.65,False,0.043002508643759,1.0849183913735572,0.0716113004083807,0.0423153676064123,0.1538230448589843,0.7835051546391752,0.86875,0.9819691254723364,0.404724040123454,0.8963856398033977,0,,ok,,2026-07-20T22:35:19.433604+00:00,False,20000
adult,gaussian_copula,fixed,0.01,2,7,2000,9.1594,39.65,False,0.0399593847151111,0.747266955032314,0.0674674625440261,0.0419710129906025,0.1785533024898981,0.7835051546391752,0.868,0.9783319904310758,0.3622340946554643,0.8963856398033977,0,,ok,,2026-07-20T22:35:19.433604+00:00,False,20000
adult,gaussian_copula,fixed,0.05,2,4,2000,9.1877,39.65,False,0.054950567568313,0.9561084304298734,0.0730477251573574,0.0463163004422332,0.1371720260755621,0.7835051546391752,0.88575,0.976511101752454,0.4535098777720854,0.8963856398033977,0,,ok,,2026-07-20T22:35:19.433604+00:00,False,20000
adult,gaussian_copula,fixed,0.05,2,5,2000,9.1247,39.65,False,0.0514171993066437,1.0135727171251987,0.0651501721733616,0.0531142896627971,0.1579326596693507,0.7731958762886598,0.8765,0.9766562864863788,0.4529580930803604,0.8963856398033977,0,,ok,,2026-07-20T22:35:19.433604+00:00,False,20000
adult,gaussian_copula,fixed,0.05,2,6,2000,9.5123,39.65,False,0.0553682330135538,1.0443429855386366,0.0718633232693877,0.0525242882808181,0.1643425641094244,0.7525773195876289,0.8765,0.9797457930542812,0.5166973548821341,0.8963856398033977,0,,ok,,2026-07-20T22:35:19.433604+00:00,False,20000
adult,gaussian_copula,fixed,0.05,2,7,2000,9.1542,39.65,False,0.0627634516898846,0.8628770610816378,0.0831345224959488,0.0548550304035378,0.1495716248700345,0.7422680412371134,0.88725,0.9773824621561924,0.4724772142950524,0.8963856398033977,0,,ok,,2026-07-20T22:35:19.433604+00:00,False,20000
adult,gaussian_copula,fixed,0.05,2,8,2000,8.7092,39.65,False,0.0673786441243088,0.9144987480596392,0.0817413221381773,0.0618399322830292,0.171791985699068,0.7319587628865979,0.88825,0.9778896204116876,0.3979244214947936,0.8963856398033977,0,,ok,,2026-07-20T22:35:19.433604+00:00,False,20000
adult,gaussian_copula,fixed,0.05,2,9,2000,9.3943,39.65,False,0.0705614341520048,0.8005519114912633,0.0846096128232459,0.0542665146489773,0.1634521390152403,0.7216494845360825,0.885,0.9813116603540732,0.4207372370614161,0.8963856398033977,0,,ok,,2026-07-20T22:35:19.433604+00:00,False,20000
adult,gaussian_copula,fixed,0.05,2,10,2000,9.115,39.65,False,0.0706069373705024,0.8609729232352507,0.0857656450454563,0.0484478302929795,0.1612996390328905,0.7216494845360825,0.8615,0.9853383961251316,0.4174336753620399,0.8963856398033977,0,,ok,,2026-07-20T22:35:19.433604+00:00,False,20000
adult,gaussian_copula,fixed,0.05,2,11,2000,8.9986,39.65,False,0.0563907122096483,1.0441076784220276,0.0868585673634003,0.0480929035378662,0.1507275043857708,0.7216494845360825,0.85575,0.981474589726311,0.474903172145678,0.8963856398033977,0,,ok,,2026-07-20T22:35:19.433604+00:00,False,20000
adult,gaussian_copula,fixed,0.05,2,12,2000,9.1531,39.65,False,0.0517161522929506,1.1408706368773605,0.0941105326899558,0.0468820826423438,0.1389615632081113,0.7216494845360825,0.855,0.98167314900028,0.4287806659784219,0.8963856398033977,0,,ok,,2026-07-20T22:35:19.433604+00:00,False,20000
adult,gaussian_copula,fixed,0.1,2,0,2000,37.952,39.26,True,0.0346927483584357,1.2088185168821772,0.0527387800925328,0.0257745646766169,0.0798717127594514,0.8556701030927835,0.893,0.9673003694046022,0.7084978710788112,0.8963856398033977,0,,ok,,2026-07-20T22:35:19.433604+00:00,False,20000
adult,gaussian_copula,fixed,0.1,2,1,2000,9.3124,39.45,False,0.033236481460186,1.1797964490979214,0.0471502196847285,0.0290387990602542,0.1061259258789145,0.8556701030927835,0.90075,0.9685949691883756,0.6330305292451788,0.8963856398033977,0,,ok,,2026-07-20T22:35:19.433604+00:00,False,20000
adult,gaussian_copula,fixed,0.1,2,2,2000,9.1433,40.02,False,0.0407381828058656,1.1153431265250366,0.0587709144758933,0.0308584508015478,0.1170097701971042,0.8247422680412371,0.88125,0.9756725778733516,0.5558165685679679,0.8963856398033977,0,,ok,,2026-07-20T22:35:19.433604+00:00,False,20000
adult,gaussian_copula,fixed,0.1,2,3,2000,9.2204,39.65,False,0.0327533530519269,1.0100686148806846,0.0530851386862776,0.0467250207296849,0.1209376454966233,0.7938144329896907,0.89075,0.9753052425977584,0.5512979790754537,0.8963856398033977,0,,ok,,2026-07-20T22:35:19.433604+00:00,False,20000
adult,gaussian_copula,fixed,0.1,2,4,2000,8.7674,39.65,False,0.0465458140663511,1.0262329430194217,0.0611232666327362,0.0476628316749585,0.1545486805997609,0.7938144329896907,0.896,0.9798595036395924,0.4623080768139888,0.8963856398033977,0,,ok,,2026-07-20T22:35:19.433604+00:00,False,20000
adult,gaussian_copula,fixed,0.1,2,5,2000,8.9798,39.65,False,0.0543607571226603,0.96622665623284,0.0689639379649143,0.0552992330016583,0.1458631107190222,0.7731958762886598,0.89775,0.9786856350088976,0.4963200039128458,0.8963856398033977,0,,ok,,2026-07-20T22:35:19.433604+00:00,False,20000
adult,gaussian_copula,fixed,0.1,2,6,2000,9.1428,39.65,False,0.0285464958438322,0.9391394398620552,0.054556993896579,0.0558438363736871,0.1441368891247987,0.7525773195876289,0.89475,0.9805647666687162,0.5096280724657997,0.8963856398033977,0,,ok,,2026-07-20T22:35:19.433604+00:00,False,20000
adult,gaussian_copula,fixed,0.1,2,7,2000,8.9168,39.65,False,0.048838362929428,0.976263613582442,0.07059770612782,0.0570393518518518,0.1393547521741416,0.7731958762886598,0.89175,0.9779507180825264,0.5344326498135432,0.8963856398033977,0,,ok,,2026-07-20T22:35:19.433604+00:00,False,20000
adult,gaussian_copula,fixed,0.05,2,3,2000,8.9913,39.65,False,0.0499748208041,0.9128978980642524,0.0637646254060058,0.0400212824765063,0.1652994289435697,0.8144329896907216,0.87725,0.9766760606262146,0.4870235857796378,0.8963856398033977,0,,ok,,2026-07-20T22:35:19.433604+00:00,False,20000
adult,gaussian_copula,fixed,0.05,2,2,2000,8.7944,40.02,False,0.033971486750524,0.9858005082478142,0.051796997242559,0.0358149530127142,0.1433880286530157,0.8556701030927835,0.88825,0.9752301172913956,0.5188954786306037,0.8963856398033977,0,,ok,,2026-07-20T22:35:19.433604+00:00,False,20000
adult,gaussian_copula,fixed,0.05,2,1,2000,8.0462,39.45,False,0.0331774204646867,1.0997213953817997,0.052704204195148,0.0353173714759535,0.1203547156184234,0.845360824742268,0.89375,0.9723035603457464,0.6211197229852023,0.8963856398033977,0,,ok,,2026-07-20T22:35:19.433604+00:00,False,20000
adult,gaussian_copula,fixed,0.05,2,0,2000,37.952,39.26,True,0.0346927483584357,1.2088185168821772,0.0527387800925328,0.0257745646766169,0.0798717127594514,0.8556701030927835,0.893,0.9673003694046022,0.7084978710788112,0.8963856398033977,0,,ok,,2026-07-20T22:35:19.433604+00:00,False,20000
adult,gaussian_copula,fixed,0.01,2,8,2000,9.3188,39.65,False,0.0348982762847013,0.7554868451969394,0.0732828716103529,0.0461838377556661,0.1599069661009506,0.7525773195876289,0.86625,0.98098016648037,0.3976262702488787,0.8963856398033977,0,,ok,,2026-07-20T22:35:19.433604+00:00,False,20000
adult,gaussian_copula,fixed,0.01,2,9,2000,9.2212,39.65,False,0.040458162047601,0.7253265942328023,0.069933619741842,0.0436173991155334,0.165162395107655,0.7216494845360825,0.871,0.9814682582215608,0.3927627497602661,0.8963856398033977,0,,ok,,2026-07-20T22:35:19.433604+00:00,False,20000
adult,gaussian_copula,fixed,0.01,2,10,2000,9.3147,39.65,False,0.046791479210007,0.7849873111678388,0.0679459064781542,0.0467091625207296,0.1522148641761927,0.7216494845360825,0.86325,0.9850441105293438,0.3454001048758071,0.8963856398033977,0,,ok,,2026-07-20T22:35:19.433604+00:00,False,20000
adult,gaussian_copula,fixed,0.01,2,11,2000,9.1749,39.65,False,0.0560634235459291,0.746975555516982,0.0774269082071464,0.0542008706467661,0.1311575945075479,0.7216494845360825,0.86675,0.9823047829741636,0.4047544944948069,0.8963856398033977,0,,ok,,2026-07-20T22:35:19.433604+00:00,False,20000
adult,gaussian_copula,fixed,0.01,2,12,2000,9.1623,39.65,False,0.0459941616828684,0.7556205467264155,0.0714130079122614,0.0554484867330016,0.1871983746378798,0.7010309278350515,0.87625,0.9851913180147864,0.3994285855154158,0.8963856398033977,0,,ok,,2026-07-20T22:35:19.433604+00:00,False,20000
adult,gaussian_copula,fixed,0.02,2,0,2000,37.952,39.26,True,0.0346927483584357,1.2088185168821772,0.0527387800925328,0.0257745646766169,0.0798717127594514,0.8556701030927835,0.893,0.9673003694046022,0.7084978710788112,0.8963856398033977,0,,ok,,2026-07-20T22:35:19.433604+00:00,False,20000
adult,gaussian_copula,fixed,0.02,2,1,2000,8.7749,39.45,False,0.0267284439496075,0.950878168434476,0.0396816555582381,0.0316234452736318,0.1142504157444345,0.8556701030927835,0.88225,0.9732469849285504,0.5257564649483626,0.8963856398033977,0,,ok,,2026-07-20T22:35:19.433604+00:00,False,20000
adult,gaussian_copula,fixed,0.02,2,2,2000,8.9274,40.02,False,0.0407004778020611,1.031318776996432,0.0620601348651416,0.0303843974571586,0.1640509103238565,0.7628865979381443,0.89975,0.971176989000536,0.5185099636606246,0.8963856398033977,0,,ok,,2026-07-20T22:35:19.433604+00:00,False,20000
adult,gaussian_copula,fixed,0.1,2,9,2000,8.9297,39.65,False,0.0868942273950094,1.0506510707718044,0.0949120690537346,0.0526311843559978,0.1482343358091184,0.7422680412371134,0.87775,0.9782387779236432,0.4821131544133006,0.8963856398033977,0,,ok,,2026-07-20T22:35:19.433604+00:00,False,20000
adult,gaussian_copula,fixed,0.02,2,3,2000,9.3356,39.65,False,0.063903725158219,1.1936621776094778,0.0724387118025751,0.0374358416252073,0.1673660538177735,0.7835051546391752,0.8805,0.9746567527362288,0.4971694809040929,0.8963856398033977,0,,ok,,2026-07-20T22:35:19.433604+00:00,False,20000
adult,gaussian_copula,fixed,0.02,2,5,2000,9.0676,39.65,False,0.0441869393865658,0.858209673204361,0.060263262740007,0.0420516860143725,0.1243662719626536,0.7422680412371134,0.88725,0.9817232115378394,0.4438670206760595,0.8963856398033977,0,,ok,,2026-07-20T22:35:19.433604+00:00,False,20000
adult,gaussian_copula,fixed,0.02,2,6,2000,9.3336,39.65,False,0.0322685570998563,0.9125705956622716,0.0633813697791295,0.0472673092868988,0.1322032925818182,0.7319587628865979,0.89075,0.981169471497396,0.4321126495722684,0.8963856398033977,0,,ok,,2026-07-20T22:35:19.433604+00:00,False,20000
adult,gaussian_copula,fixed,0.02,2,7,2000,9.1644,39.65,False,0.0608543203713363,1.067227860426427,0.0887385195208845,0.0499118297401879,0.1855469707445169,0.7216494845360825,0.879,0.9808778521536086,0.4338793637114759,0.8963856398033977,0,,ok,,2026-07-20T22:35:19.433604+00:00,False,20000
adult,gaussian_copula,fixed,0.02,2,8,2000,9.1832,39.65,False,0.0673455045287844,1.029983917410591,0.0943445354064673,0.0565487147595356,0.1682317337573908,0.711340206185567,0.8735,0.9795225737618112,0.4714850705394049,0.8963856398033977,0,,ok,,2026-07-20T22:35:19.433604+00:00,False,20000
adult,gaussian_copula,fixed,0.02,2,9,2000,9.661,39.65,False,0.07525902804016,0.9418318637304258,0.1029288385501141,0.0577635088446655,0.1722350667396408,0.7010309278350515,0.8765,0.9812705798232524,0.4487661095101166,0.8963856398033977,0,,ok,,2026-07-20T22:35:19.433604+00:00,False,20000
adult,gaussian_copula,fixed,0.02,2,10,2000,8.9452,39.65,False,0.0935785566042076,0.9443466775216578,0.1126007729209342,0.049385675787728,0.1595153336382706,0.7010309278350515,0.874,0.9806426572271536,0.4408972441318131,0.8963856398033977,0,,ok,,2026-07-20T22:35:19.433604+00:00,False,20000
adult,gaussian_copula,fixed,0.02,2,11,2000,9.1553,39.65,False,0.1007234455127932,0.7278567252998149,0.1243139751705477,0.0570903123272526,0.1564144386166602,0.6907216494845361,0.85,0.982109419827592,0.4280541538385686,0.8963856398033977,0,,ok,,2026-07-20T22:35:19.433604+00:00,False,20000
adult,gaussian_copula,fixed,0.02,2,12,2000,9.2501,39.65,False,0.0923807572469278,0.7269603503107857,0.1219832806169794,0.0568823935876174,0.1726017785060273,0.6804123711340206,0.84925,0.9847524248105068,0.3915793892682336,0.8963856398033977,0,,ok,,2026-07-20T22:35:19.433604+00:00,False,20000
adult,gaussian_copula,fixed,0.02,2,4,2000,9.017,39.65,False,0.043871088945571,0.8980134774512326,0.0580620202234201,0.0417126520176893,0.1471853636760402,0.7525773195876289,0.88875,0.9799079675509528,0.4218518867220645,0.8963856398033977,0,,ok,,2026-07-20T22:35:19.433604+00:00,False,20000
adult,gaussian_copula,fresh,0.1,2,3,2000,8.4557,39.65,False,0.0381086973448382,1.0419136045009465,0.0515441906945198,0.0443275635710337,0.1442370879538829,0.8350515463917526,0.89275,0.97576266569094,0.4919743060828885,0.8963856398033977,0,,ok,,2026-07-20T22:35:19.433604+00:00,False,20000
adult,gaussian_copula,fresh,0.1,2,4,2000,8.8309,39.65,False,0.0322917246544972,0.9184712295093564,0.0511093957568179,0.0434968214483139,0.1292482500960408,0.7938144329896907,0.90875,0.9772783039530474,0.5811954189806853,0.8963856398033977,0,,ok,,2026-07-20T22:35:19.433604+00:00,False,20000
adult,gaussian_copula,fresh,0.1,2,5,2000,8.8613,39.65,False,0.0437200580749713,0.9617614045467654,0.0606581867361043,0.0355744886677722,0.1365884735080489,0.8041237113402062,0.88475,0.9780242965127284,0.4735341350558597,0.8963856398033977,0,,ok,,2026-07-20T22:35:19.433604+00:00,False,20000
adult,gaussian_copula,fixed,0.2,3,9,2000,9.0922,39.65,False,0.0367520412622997,1.043371577293767,0.060074576340053,0.0385000345494748,0.1673723077106026,0.8247422680412371,0.8745,0.97571672121897,0.5849601234592022,0.8911309658605514,0,,ok,,2026-07-20T22:35:19.433604+00:00,False,20000
adult,gaussian_copula,fixed,0.2,3,10,2000,8.9191,39.65,False,0.0373995999779579,0.8723181575143588,0.057740274517936,0.0408845011055831,0.1500476673458326,0.7938144329896907,0.88675,0.9761191604584,0.5430395665552913,0.8911309658605514,0,,ok,,2026-07-20T22:35:19.433604+00:00,False,20000
adult,gaussian_copula,fixed,0.2,3,11,2000,8.8858,39.65,False,0.0562245674473446,0.8685835324023836,0.0705209720343172,0.0390628454947484,0.1419319281454125,0.7835051546391752,0.88525,0.9762917805879084,0.5622992847123777,0.8911309658605514,0,,ok,,2026-07-20T22:35:19.433604+00:00,False,20000
adult,gaussian_copula,fixed,0.2,3,12,2000,9.3564,39.65,False,0.0501978505976986,0.8225136605852242,0.0789518063817032,0.0384193269762299,0.1430993303635921,0.8144329896907216,0.88125,0.9738167607310249,0.5752596358089908,0.8911309658605514,0,,ok,,2026-07-20T22:35:19.433604+00:00,False,20000
adult,gaussian_copula,fixed,0.35,3,0,2000,21.1555,39.26,True,0.0217421263635895,1.008352646047079,0.0394176027818432,0.0274582642343836,0.0878708717186062,0.8969072164948454,0.90875,0.9683479651280608,0.6217219589982538,0.8911309658605514,0,,ok,,2026-07-20T22:35:19.433604+00:00,False,20000
adult,gaussian_copula,fixed,0.35,3,1,2000,8.5831,39.45,False,0.0219291626981824,0.9110655817845088,0.0501095278390064,0.027792944997236,0.1117499185277576,0.8762886597938144,0.8915,0.969282475204177,0.5676190962611211,0.8911309658605514,0,,ok,,2026-07-20T22:35:19.433604+00:00,False,20000
adult,gaussian_copula,fixed,0.35,3,2,2000,9.9871,40.02,False,0.0296584536499702,0.942113694190526,0.0441027220506352,0.0288644624101713,0.1134627385681155,0.8350515463917526,0.88875,0.9726595646128384,0.5781855829727217,0.8911309658605514,0,,ok,,2026-07-20T22:35:19.433604+00:00,False,20000
adult,gaussian_copula,fixed,0.35,3,3,2000,9.0935,39.65,False,0.0437099454280026,0.8318007660676607,0.0617659797336087,0.0262159342177998,0.1435306489473436,0.845360824742268,0.902,0.9728365261206036,0.582281745092519,0.8911309658605514,0,,ok,,2026-07-20T22:35:19.433604+00:00,False,20000
adult,gaussian_copula,fixed,0.35,3,4,2000,8.8694,39.65,False,0.02696547242791,0.8153096511764689,0.0546362546235584,0.0335722429519071,0.1273724667095964,0.8144329896907216,0.89725,0.9702579004359898,0.5786255486540217,0.8911309658605514,0,,ok,,2026-07-20T22:35:19.433604+00:00,False,20000
adult,gaussian_copula,fixed,0.35,3,5,2000,8.8695,39.65,False,0.0266026476831687,0.9899262665320506,0.0503642015873478,0.035396351575456,0.1351407306031473,0.8041237113402062,0.90725,0.9692024167691132,0.5696931405740999,0.8911309658605514,0,,ok,,2026-07-20T22:35:19.433604+00:00,False,20000
adult,gaussian_copula,fixed,0.35,3,6,2000,8.4921,39.65,False,0.0261796565226274,0.8710180703978198,0.0556995924280415,0.0359923300165837,0.1189010067571348,0.8144329896907216,0.89975,0.9716682014940682,0.5146726473063846,0.8911309658605514,0,,ok,,2026-07-20T22:35:19.433604+00:00,False,20000
adult,gaussian_copula,fixed,0.35,3,7,2000,9.3735,39.65,False,0.0434941113135291,0.881985982151911,0.0660431362465907,0.0351675304035378,0.1403157190772451,0.8041237113402062,0.8945,0.9720080709990552,0.663964368451081,0.8911309658605514,0,,ok,,2026-07-20T22:35:19.433604+00:00,False,20000
adult,gaussian_copula,fixed,0.35,3,8,2000,8.9234,39.65,False,0.0475180152121814,0.8199108588443994,0.0585241178520121,0.0303579671088999,0.1194312725660562,0.8144329896907216,0.8975,0.9733479886293284,0.6166362101098547,0.8911309658605514,0,,ok,,2026-07-20T22:35:19.433604+00:00,False,20000
adult,gaussian_copula,fixed,0.35,3,9,2000,9.1075,39.65,False,0.0354874311131835,0.8916174292334142,0.0598552054499525,0.0361524322830293,0.1307562303535913,0.8041237113402062,0.90525,0.9738336042436616,0.6047422209569872,0.8911309658605514,0,,ok,,2026-07-20T22:35:19.433604+00:00,False,20000
adult,gaussian_copula,fixed,0.35,3,10,2000,8.8684,39.65,False,0.0342417979554923,0.9387007974233936,0.0543712352829809,0.0371774461028192,0.1239558261169252,0.8247422680412371,0.9005,0.9692204235326228,0.6011718147120642,0.8911309658605514,0,,ok,,2026-07-20T22:35:19.433604+00:00,False,20000
adult,gaussian_copula,fixed,0.35,3,11,2000,8.8,39.65,False,0.0535619876962271,1.2216575552703468,0.0743508705953942,0.0375434977888336,0.1229234320255778,0.7938144329896907,0.88825,0.9745008096192324,0.539808256130901,0.8911309658605514,0,,ok,,2026-07-20T22:35:19.433604+00:00,False,20000
adult,gaussian_copula,fixed,0.35,3,12,2000,9.3973,39.65,False,0.0381987907061191,1.0365293478766084,0.0578248397921546,0.038041804864566,0.1386926142178028,0.8041237113402062,0.88275,0.9719410760737924,0.6049722842273368,0.8911309658605514,0,,ok,,2026-07-20T22:35:19.433604+00:00,False,20000
adult,gaussian_copula,fixed,0.2,3,8,2000,8.9106,39.65,False,0.0683430640695403,1.256664480727778,0.0860369095123892,0.0375373134328358,0.1715969643976513,0.8144329896907216,0.896,0.9725943798139336,0.5171420411549033,0.8911309658605514,0,,ok,,2026-07-20T22:35:19.433604+00:00,False,20000
adult,gaussian_copula,fresh,0.0,3,0,2000,21.1555,39.26,True,0.0217421263635895,1.008352646047079,0.0394176027818432,0.0274582642343836,0.0878708717186062,0.8969072164948454,0.90875,0.9683479651280608,0.6217219589982538,0.8911309658605514,0,,ok,,2026-07-20T22:35:19.433604+00:00,False,20000
adult,gaussian_copula,fixed,0.2,3,7,2000,8.9441,39.65,False,0.0269405420313196,0.9566954467924256,0.0557598116994613,0.0428040353786622,0.1642124840268729,0.7731958762886598,0.89825,0.9743465675035125,0.5572815910176585,0.8911309658605514,0,,ok,,2026-07-20T22:35:19.433604+00:00,False,20000
adult,gaussian_copula,fixed,0.2,3,5,2000,9.2577,39.65,False,0.039276540351272,0.9543330234703316,0.0610843947904541,0.0375722775013819,0.1597378414796855,0.7938144329896907,0.88425,0.9714670907181848,0.5744765421352782,0.8911309658605514,0,,ok,,2026-07-20T22:35:19.433604+00:00,False,20000
adult,gaussian_copula,fixed,0.1,3,1,2000,8.1383,39.45,False,0.0297275489790674,0.8490549219719096,0.0437257977207372,0.0320467108899944,0.1181594897467729,0.8556701030927835,0.89875,0.9725422697748378,0.588289058337725,0.8911309658605514,0,,ok,,2026-07-20T22:35:19.433604+00:00,False,20000
adult,gaussian_copula,fixed,0.1,3,2,2000,9.2428,40.02,False,0.026244447863282,1.024819757904671,0.0416849358078844,0.0407817509673852,0.1417217930964521,0.845360824742268,0.90275,0.973122508085162,0.5765129200621597,0.8911309658605514,0,,ok,,2026-07-20T22:35:19.433604+00:00,False,20000
adult,gaussian_copula,fixed,0.1,3,3,2000,8.989,39.65,False,0.0365050028884723,0.868657149403934,0.0581946475670952,0.0418713032061912,0.1559150930281301,0.7731958762886598,0.88275,0.9718554567595564,0.5475566152992009,0.8911309658605514,0,,ok,,2026-07-20T22:35:19.433604+00:00,False,20000
adult,gaussian_copula,fixed,0.1,3,4,2000,9.1829,39.65,False,0.0350798206725311,0.9376230012292572,0.0579451455016579,0.0421351920950801,0.1496655240816229,0.7938144329896907,0.8945,0.9777395599241048,0.5330199472526355,0.8911309658605514,0,,ok,,2026-07-20T22:35:19.433604+00:00,False,20000
adult,gaussian_copula,fixed,0.1,3,5,2000,9.0476,39.65,False,0.0382318179473509,0.961422817630886,0.0583820955941001,0.0384003247650635,0.1168745176892431,0.7731958762886598,0.8965,0.9773356362460612,0.5876407965578496,0.8911309658605514,0,,ok,,2026-07-20T22:35:19.433604+00:00,False,20000
adult,gaussian_copula,fixed,0.1,3,6,2000,8.8166,39.65,False,0.0214657692019567,0.9866930118080254,0.0492895869063564,0.0494500069098949,0.1766620469895257,0.7422680412371134,0.88975,0.9761821773806788,0.5564005122890765,0.8911309658605514,0,,ok,,2026-07-20T22:35:19.433604+00:00,False,20000
adult,gaussian_copula,fixed,0.1,3,7,2000,9.7303,39.65,False,0.0496712854748384,1.097077782110419,0.0795364346487453,0.0408458747927031,0.1618188620925026,0.7525773195876289,0.8795,0.9737635358160928,0.5209139576481646,0.8911309658605514,0,,ok,,2026-07-20T22:35:19.433604+00:00,False,20000
adult,gaussian_copula,fixed,0.1,3,8,2000,8.6213,39.65,False,0.0404311860001307,1.1182942086284973,0.0749449531875775,0.0581269002211166,0.1387608259001992,0.7216494845360825,0.88025,0.9724893081101036,0.5166434286809762,0.8911309658605514,0,,ok,,2026-07-20T22:35:19.433604+00:00,False,20000
adult,gaussian_copula,fixed,0.1,3,9,2000,9.0896,39.65,False,0.0535418901511123,1.2178405692269652,0.0803850664017303,0.0583669499723604,0.1568754177252492,0.7010309278350515,0.89675,0.9729295771904152,0.4420511009271635,0.8911309658605514,0,,ok,,2026-07-20T22:35:19.433604+00:00,False,20000
adult,gaussian_copula,fixed,0.1,3,10,2000,9.008,39.65,False,0.046988497042437,1.154234134720146,0.0809216242610999,0.0529716348811498,0.1290125077138853,0.6804123711340206,0.88575,0.9747129015283544,0.4756885933332398,0.8911309658605514,0,,ok,,2026-07-20T22:35:19.433604+00:00,False,20000
adult,gaussian_copula,fixed,0.1,3,11,2000,9.3793,39.65,False,0.06984642523193,1.3085179981530468,0.097214045188235,0.0576337064676616,0.1547609174109323,0.711340206185567,0.8985,0.9714983826166615,0.5628835890342234,0.8911309658605514,0,,ok,,2026-07-20T22:35:19.433604+00:00,False,20000
adult,gaussian_copula,fixed,0.1,3,12,2000,9.328,39.65,False,0.0839180128650747,1.2604765612465096,0.0951244183036312,0.0519766791044776,0.1446170294271981,0.6597938144329897,0.8795,0.981678465754269,0.4844065423201681,0.8911309658605514,0,,ok,,2026-07-20T22:35:19.433604+00:00,False,20000
adult,gaussian_copula,fixed,0.2,3,0,2000,21.1555,39.26,True,0.0217421263635895,1.008352646047079,0.0394176027818432,0.0274582642343836,0.0878708717186062,0.8969072164948454,0.90875,0.9683479651280608,0.6217219589982538,0.8911309658605514,0,,ok,,2026-07-20T22:35:19.433604+00:00,False,20000
adult,gaussian_copula,fixed,0.2,3,1,2000,9.2169,39.45,False,0.0278144308481827,0.8791422712529537,0.0460934719691335,0.0309773700939745,0.1271752084343538,0.8865979381443299,0.89025,0.971455116209201,0.5896840914625087,0.8911309658605514,0,,ok,,2026-07-20T22:35:19.433604+00:00,False,20000
adult,gaussian_copula,fixed,0.2,3,2,2000,9.1072,40.02,False,0.0392094689735558,0.8718248715263859,0.0518165812182363,0.0309110351022664,0.1285253711385227,0.8762886597938144,0.90375,0.9741023292577724,0.5744872618117394,0.8911309658605514,0,,ok,,2026-07-20T22:35:19.433604+00:00,False,20000
adult,gaussian_copula,fixed,0.2,3,3,2000,8.9396,39.65,False,0.0483434845140718,0.817219771487042,0.0671618830435245,0.0338325041459369,0.127819865949057,0.8350515463917526,0.88025,0.9743211042344084,0.4627555495470002,0.8911309658605514,0,,ok,,2026-07-20T22:35:19.433604+00:00,False,20000
adult,gaussian_copula,fixed,0.2,3,4,2000,8.9598,39.65,False,0.0244125882777507,0.9786051425563096,0.0486194603154677,0.0378445619126589,0.1374730214749957,0.8144329896907216,0.9045,0.969699396016972,0.5746596945279034,0.8911309658605514,0,,ok,,2026-07-20T22:35:19.433604+00:00,False,20000
adult,gaussian_copula,fixed,0.2,3,6,2000,9.1065,39.65,False,0.0477987289952864,0.9989281418853944,0.0726245076471397,0.0393020660585959,0.1449717204422627,0.8247422680412371,0.89425,0.973864149141578,0.5493393925621575,0.8911309658605514,0,,ok,,2026-07-20T22:35:19.433604+00:00,False,20000
adult,gaussian_copula,fresh,0.0,3,1,2000,8.698,39.45,False,0.0124909338603695,0.9143761251507082,0.0384354766932571,0.0321255182421227,0.1199128550913478,0.8350515463917526,0.88675,0.97708157280545,0.5041441547997335,0.8911309658605514,0,,ok,,2026-07-20T22:35:19.433604+00:00,False,20000
adult,gaussian_copula,fresh,0.0,3,2,2000,9.0705,40.02,False,0.036087297615502,0.9228211250423652,0.0548184555551846,0.0426150843007186,0.1297628545065892,0.8144329896907216,0.883,0.979664453243256,0.4545849924791799,0.8911309658605514,0,,ok,,2026-07-20T22:35:19.433604+00:00,False,20000
adult,gaussian_copula,fresh,0.0,3,3,2000,9.5599,39.65,False,0.0577317877419765,0.9702626905414614,0.070728896419522,0.0429060254284134,0.1835510297542794,0.7938144329896907,0.87525,0.980569306047122,0.4011180983149717,0.8911309658605514,0,,ok,,2026-07-20T22:35:19.433604+00:00,False,20000
adult,gaussian_copula,fresh,0.02,3,0,2000,21.1555,39.26,True,0.0217421263635895,1.008352646047079,0.0394176027818432,0.0274582642343836,0.0878708717186062,0.8969072164948454,0.90875,0.9683479651280608,0.6217219589982538,0.8911309658605514,0,,ok,,2026-07-20T22:35:19.433604+00:00,False,20000
adult,gaussian_copula,fresh,0.02,3,1,2000,8.9899,39.45,False,0.0385732227416106,1.024432490113383,0.0489546647093208,0.0272010433941404,0.1218717422966619,0.8556701030927835,0.8895,0.973720847659066,0.5346064265870005,0.8911309658605514,0,,ok,,2026-07-20T22:35:19.433604+00:00,False,20000
adult,gaussian_copula,fresh,0.02,3,2,2000,9.1659,40.02,False,0.0358496492570621,0.9968491695353996,0.0537093127640287,0.0317219458264234,0.1412369307695754,0.845360824742268,0.91025,0.9728494940053328,0.4168418312065976,0.8911309658605514,0,,ok,,2026-07-20T22:35:19.433604+00:00,False,20000
adult,gaussian_copula,fresh,0.02,3,3,2000,9.3512,39.65,False,0.0413733387816392,0.8597350335937154,0.068626522006248,0.0359921918186843,0.1466086001883446,0.8144329896907216,0.90225,0.9723961085401804,0.4226556985472248,0.8911309658605514,0,,ok,,2026-07-20T22:35:19.433604+00:00,False,20000
adult,gaussian_copula,fresh,0.02,3,4,2000,9.1458,39.65,False,0.0375035951653992,0.9330632776090264,0.0591936326427799,0.0377115118850193,0.1797495096148847,0.8144329896907216,0.8925,0.9731813827543324,0.433167668983734,0.8911309658605514,0,,ok,,2026-07-20T22:35:19.433604+00:00,False,20000
adult,gaussian_copula,fresh,0.02,3,5,2000,8.993,39.65,False,0.0423092367802453,0.8120711544366482,0.0639143176849046,0.0409545328911,0.1644167431869053,0.7731958762886598,0.8925,0.9741757282503402,0.3505171276826892,0.8911309658605514,0,,ok,,2026-07-20T22:35:19.433604+00:00,False,20000
adult,gaussian_copula,fresh,0.02,3,6,2000,9.0234,39.65,False,0.0525210148366273,0.9150275330799412,0.0796063903536983,0.0406708817025981,0.2294285576053133,0.7731958762886598,0.88725,0.97881818035834,0.4389498690232559,0.8911309658605514,0,,ok,,2026-07-20T22:35:19.433604+00:00,False,20000
adult,gaussian_copula,fresh,0.02,3,7,2000,9.0651,39.65,False,0.0625457393254674,0.7986513080330772,0.092349291884608,0.0437618504698728,0.2045295728786121,0.7731958762886598,0.884,0.9810860324347958,0.4448639505869465,0.8911309658605514,0,,ok,,2026-07-20T22:35:19.433604+00:00,False,20000
adult,gaussian_copula,fresh,0.02,3,8,2000,8.9918,39.65,False,0.0607548744267272,0.7572410323440523,0.0933619707145314,0.0554116569928137,0.2104860501328768,0.7422680412371134,0.88125,0.9812403285505564,0.36064774644864,0.8911309658605514,0,,ok,,2026-07-20T22:35:19.433604+00:00,False,20000
adult,gaussian_copula,fresh,0.02,3,9,2000,9.1348,39.65,False,0.0543611894927381,0.7082952301186413,0.0873322222467725,0.0567048438363736,0.197937858460289,0.7628865979381443,0.88425,0.981503773373206,0.4533514101390175,0.8911309658605514,0,,ok,,2026-07-20T22:35:19.433604+00:00,False,20000
adult,gaussian_copula,fresh,0.02,3,10,2000,9.2723,39.65,False,0.048131783830237,0.8100726207208435,0.0911558621619762,0.0580730375898286,0.1940457505389425,0.7525773195876289,0.88,0.9818862095351288,0.4264141744675533,0.8911309658605514,0,,ok,,2026-07-20T22:35:19.433604+00:00,False,20000
adult,gaussian_copula,fresh,0.02,3,11,2000,9.2904,39.65,False,0.046335236756811,0.791450066149252,0.0815495772259108,0.0705599778883361,0.1859216351504637,0.7216494845360825,0.8705,0.9835565894133312,0.4212518798772069,0.8911309658605514,0,,ok,,2026-07-20T22:35:19.433604+00:00,False,20000
adult,gaussian_copula,fresh,0.02,3,12,2000,8.9624,39.65,False,0.0462095746051732,0.8017486637151615,0.0865548645843842,0.0622547332780541,0.2078509543091113,0.711340206185567,0.86525,0.9820611651663892,0.3380224104834895,0.8911309658605514,0,,ok,,2026-07-20T22:35:19.433604+00:00,False,20000
adult,gaussian_copula,fresh,0.05,3,0,2000,21.1555,39.26,True,0.0217421263635895,1.008352646047079,0.0394176027818432,0.0274582642343836,0.0878708717186062,0.8969072164948454,0.90875,0.9683479651280608,0.6217219589982538,0.8911309658605514,0,,ok,,2026-07-20T22:35:19.433604+00:00,False,20000
adult,gaussian_copula,fresh,0.05,3,1,2000,8.9698,39.45,False,0.0316819582821534,0.9081452523979632,0.0451938143731248,0.0309255458817026,0.1343538266719065,0.8556701030927835,0.90325,0.9692573820603508,0.5665472597425467,0.8911309658605514,0,,ok,,2026-07-20T22:35:19.433604+00:00,False,20000
adult,gaussian_copula,fresh,0.05,3,2,2000,9.0995,40.02,False,0.033718427118297,0.904399789011021,0.0496694824413127,0.0338458056937534,0.1245897814825021,0.845360824742268,0.9005,0.9749694754083488,0.5553238240514922,0.8911309658605514,0,,ok,,2026-07-20T22:35:19.433604+00:00,False,20000
adult,gaussian_copula,fresh,0.05,3,3,2000,8.9344,39.65,False,0.0479540284863019,1.0199419420032318,0.0661792217595498,0.0366571655610834,0.1499966551958569,0.8350515463917526,0.908,0.9790009513704636,0.4395612839641639,0.8911309658605514,0,,ok,,2026-07-20T22:35:19.433604+00:00,False,20000
adult,gaussian_copula,fresh,0.01,3,12,2000,9.1203,39.65,False,0.0745838241395548,0.8221597421355661,0.0936411512670796,0.0573896144278607,0.2262595553661817,0.6907216494845361,0.87375,0.9849007786718093,0.3870969254132124,0.8911309658605514,0,,ok,,2026-07-20T22:35:19.433604+00:00,False,20000
adult,gaussian_copula,fresh,0.01,3,11,2000,9.035,39.65,False,0.085801296146367,0.8099264327384058,0.1053268720268898,0.0569610972913211,0.188720542246586,0.6907216494845361,0.87825,0.982836162497831,0.4210797749798949,0.8911309658605514,0,,ok,,2026-07-20T22:35:19.433604+00:00,False,20000
adult,gaussian_copula,fresh,0.01,3,10,2000,10.1555,39.65,False,0.0727143180997097,0.8954112754837809,0.0938085827935626,0.0568775221116638,0.1605841463254872,0.7216494845360825,0.88625,0.984206823026169,0.4534926672823542,0.8911309658605514,0,,ok,,2026-07-20T22:35:19.433604+00:00,False,20000
adult,gaussian_copula,fresh,0.01,3,9,2000,9.6004,39.65,False,0.0715691660846779,0.873193925176706,0.098888740580662,0.0509245439469319,0.1757591419294181,0.7319587628865979,0.889,0.983679528380566,0.3624849744229175,0.8911309658605514,0,,ok,,2026-07-20T22:35:19.433604+00:00,False,20000
adult,gaussian_copula,fresh,0.0,3,4,2000,9.5193,39.65,False,0.0358942604128425,0.898809250004669,0.0728769804055146,0.046022491708126,0.2029612458376844,0.7525773195876289,0.876,0.9807079646511504,0.3875927186450119,0.8911309658605514,0,,ok,,2026-07-20T22:35:19.433604+00:00,False,20000
adult,gaussian_copula,fresh,0.0,3,5,2000,9.1711,39.65,False,0.0446088586987477,0.8310170667292108,0.0701410038168926,0.0430380735212824,0.1861602515184262,0.7422680412371134,0.892,0.9801508901082052,0.3655303132125552,0.8911309658605514,0,,ok,,2026-07-20T22:35:19.433604+00:00,False,20000
adult,gaussian_copula,fresh,0.0,3,6,2000,9.6354,39.65,False,0.0460371280393406,0.8614840888543555,0.079737934726916,0.055791355721393,0.2191411935391794,0.7319587628865979,0.87475,0.9821426827275478,0.3589078806734133,0.8911309658605514,0,,ok,,2026-07-20T22:35:19.433604+00:00,False,20000
adult,gaussian_copula,fresh,0.0,3,7,2000,9.2017,39.65,False,0.0478347696384377,0.8234459762458622,0.0809353131760682,0.0650699281370923,0.2200984220226256,0.711340206185567,0.88,0.9840710354242944,0.3882005931423181,0.8911309658605514,0,,ok,,2026-07-20T22:35:19.433604+00:00,False,20000
adult,gaussian_copula,fresh,0.0,3,8,2000,9.9761,39.65,False,0.0443041974408133,0.8064202489710589,0.071168780623633,0.0588249032614704,0.2473948600388647,0.7010309278350515,0.86825,0.9864561710887424,0.3950965905134732,0.8911309658605514,0,,ok,,2026-07-20T22:35:19.433604+00:00,False,20000
adult,gaussian_copula,fresh,0.0,3,9,2000,9.5993,39.65,False,0.0636810655302368,0.7525976317382462,0.0925311372158613,0.0646952736318407,0.2386856730751503,0.6907216494845361,0.85475,0.9855889461881068,0.3583939262772117,0.8911309658605514,0,,ok,,2026-07-20T22:35:19.433604+00:00,False,20000
adult,gaussian_copula,fresh,0.0,3,10,2000,9.8435,39.65,False,0.0592049391073371,0.8111281305180246,0.0845532490731885,0.0690760088446655,0.2100150423465074,0.6907216494845361,0.87775,0.9849350889475504,0.3714626870681888,0.8911309658605514,0,,ok,,2026-07-20T22:35:19.433604+00:00,False,20000
adult,gaussian_copula,fresh,0.0,3,11,2000,9.766,39.65,False,0.0557356349712731,0.7712375793739402,0.0807054884306314,0.0729104823106688,0.2437793476183995,0.6907216494845361,0.86775,0.9871337202845736,0.3458888500022882,0.8911309658605514,0,,ok,,2026-07-20T22:35:19.433604+00:00,False,20000
adult,gaussian_copula,fixed,0.1,3,0,2000,21.1555,39.26,True,0.0217421263635895,1.008352646047079,0.0394176027818432,0.0274582642343836,0.0878708717186062,0.8969072164948454,0.90875,0.9683479651280608,0.6217219589982538,0.8911309658605514,0,,ok,,2026-07-20T22:35:19.433604+00:00,False,20000
adult,gaussian_copula,fresh,0.0,3,12,2000,10.1562,39.65,False,0.0444779957782834,0.7837723072363025,0.0767126003894633,0.0691222014925373,0.2466708851548246,0.6701030927835051,0.8655,0.985675328252915,0.3657846350779546,0.8911309658605514,0,,ok,,2026-07-20T22:35:19.433604+00:00,False,20000
adult,gaussian_copula,fresh,0.01,3,1,2000,8.9216,39.45,False,0.0166232644462608,0.8905492117491364,0.0387970163444564,0.0280256011608623,0.1479292258860738,0.8762886597938144,0.89725,0.9713129959775753,0.5781523749230117,0.8911309658605514,0,,ok,,2026-07-20T22:35:19.433604+00:00,False,20000
adult,gaussian_copula,fresh,0.01,3,2,2000,9.0678,40.02,False,0.0283913560177007,0.8872214057895191,0.0416608928295852,0.0301370923161967,0.1462687504923528,0.8556701030927835,0.89625,0.9791963336420494,0.535180306269352,0.8911309658605514,0,,ok,,2026-07-20T22:35:19.433604+00:00,False,20000
adult,gaussian_copula,fresh,0.01,3,3,2000,9.3261,39.65,False,0.0471563429191006,0.8079899030510479,0.0669382187657214,0.0360665422885572,0.1566305374212204,0.8556701030927835,0.88975,0.9800625775419488,0.5516505482508045,0.8911309658605514,0,,ok,,2026-07-20T22:35:19.433604+00:00,False,20000
adult,gaussian_copula,fresh,0.01,3,4,2000,8.9776,39.65,False,0.042196467174797,0.8062952277054843,0.0725482936362205,0.0298625276395798,0.1565909448877009,0.8041237113402062,0.88675,0.9824432368280384,0.4525955254300229,0.8911309658605514,0,,ok,,2026-07-20T22:35:19.433604+00:00,False,20000
adult,gaussian_copula,fresh,0.01,3,5,2000,9.1837,39.65,False,0.0466657242274674,0.8728984946802975,0.0686279295881936,0.0367305831951354,0.1775241736810767,0.7731958762886598,0.902,0.9792047475233616,0.3807198980666949,0.8911309658605514,0,,ok,,2026-07-20T22:35:19.433604+00:00,False,20000
adult,gaussian_copula,fresh,0.01,3,6,2000,8.8655,39.65,False,0.0746281983520469,0.844305560565361,0.0913825386432131,0.0409769900497512,0.1753652776348086,0.7628865979381443,0.88175,0.983273450325906,0.3904499877592441,0.8911309658605514,0,,ok,,2026-07-20T22:35:19.433604+00:00,False,20000
adult,gaussian_copula,fresh,0.01,3,7,2000,8.7056,39.65,False,0.0693864235480499,0.9187114313813416,0.0909016832460844,0.045093629076838,0.1857483962128613,0.7731958762886598,0.88625,0.9808888715368758,0.3778720373535158,0.8911309658605514,0,,ok,,2026-07-20T22:35:19.433604+00:00,False,20000
adult,gaussian_copula,fresh,0.01,3,8,2000,9.2555,39.65,False,0.0831399767175568,1.0423917453310982,0.0944195611210334,0.0444819651741293,0.1729711601772322,0.7628865979381443,0.885,0.981883618658185,0.4616295901359569,0.8911309658605514,0,,ok,,2026-07-20T22:35:19.433604+00:00,False,20000
adult,gaussian_copula,fresh,0.01,3,0,2000,21.1555,39.26,True,0.0217421263635895,1.008352646047079,0.0394176027818432,0.0274582642343836,0.0878708717186062,0.8969072164948454,0.90875,0.9683479651280608,0.6217219589982538,0.8911309658605514,0,,ok,,2026-07-20T22:35:19.433604+00:00,False,20000
adult,gaussian_copula,fixed,0.05,3,12,2000,8.9808,39.65,False,0.0495820548005013,0.9000767358621502,0.0752145683847412,0.0444650359314538,0.1704902142629664,0.711340206185567,0.887,0.9818699825229544,0.463228690496125,0.8911309658605514,0,,ok,,2026-07-20T22:35:19.433604+00:00,False,20000
adult,gaussian_copula,fixed,0.05,3,11,2000,9.1886,39.65,False,0.0482979539144301,0.8241568589664432,0.0710256756512096,0.0409449626865671,0.1600439278192982,0.711340206185567,0.8725,0.9825730203004084,0.4857216532088285,0.8911309658605514,0,,ok,,2026-07-20T22:35:19.433604+00:00,False,20000
adult,gaussian_copula,fixed,0.05,3,10,2000,9.1483,39.65,False,0.0311121501451329,0.8111190608211144,0.0587171831089771,0.0443517136539524,0.1765327861844427,0.7216494845360825,0.88925,0.980061495291137,0.4435585759181911,0.8911309658605514,0,,ok,,2026-07-20T22:35:19.433604+00:00,False,20000
adult,gaussian_copula,fresh,0.35,2,2,2000,9.1908,40.02,False,0.0416307584498494,1.0516121160298164,0.0560708811442173,0.0282460268103924,0.11869155999718,0.8865979381443299,0.9,0.971723794535777,0.5915911120703818,0.8963856398033977,0,,ok,,2026-07-20T22:35:19.433604+00:00,False,20000
adult,gaussian_copula,fresh,0.35,2,3,2000,9.4385,39.65,False,0.0352492097355868,0.9217175569926632,0.0519218368381569,0.0288026188501934,0.0814974362016975,0.8556701030927835,0.8915,0.9751102315764512,0.5460256684783684,0.8963856398033977,0,,ok,,2026-07-20T22:35:19.433604+00:00,False,20000
adult,gaussian_copula,fresh,0.35,2,4,2000,10.2223,39.65,False,0.0374328072907358,0.956935137826168,0.0542481806397584,0.0284630666113875,0.100181609416076,0.8762886597938144,0.90475,0.9723799355280468,0.5556075184860328,0.8963856398033977,0,,ok,,2026-07-20T22:35:19.433604+00:00,False,20000
adult,gaussian_copula,fresh,0.35,2,5,2000,9.4411,39.65,False,0.0314531034024681,1.0222553355701038,0.0508792929094169,0.0264498341625207,0.1294707974978267,0.8350515463917526,0.90525,0.9717230554102224,0.5496165306196577,0.8963856398033977,0,,ok,,2026-07-20T22:35:19.433604+00:00,False,20000
adult,gaussian_copula,fresh,0.35,2,6,2000,8.9012,39.65,False,0.0363854861137971,0.9764507133363552,0.0487994527034325,0.0250381080707573,0.1130265707674028,0.865979381443299,0.9055,0.9760251148878424,0.6044103043693139,0.8963856398033977,0,,ok,,2026-07-20T22:35:19.433604+00:00,False,20000
adult,gaussian_copula,fresh,0.35,2,7,2000,9.6217,39.65,False,0.0239950275724905,1.05999463548661,0.0375893748460547,0.0269711511885019,0.1463669749591881,0.8556701030927835,0.89925,0.970571340296148,0.6037568630515765,0.8963856398033977,0,,ok,,2026-07-20T22:35:19.433604+00:00,False,20000
adult,gaussian_copula,fresh,0.35,2,8,2000,9.0859,39.65,False,0.0372242422136659,1.1527750780006454,0.0478485166906344,0.0329091348811498,0.1216705920592869,0.865979381443299,0.91175,0.9711935917629922,0.6122516657459328,0.8963856398033977,0,,ok,,2026-07-20T22:35:19.433604+00:00,False,20000
adult,gaussian_copula,fresh,0.35,2,9,2000,8.8884,39.65,False,0.0267886340751896,0.99731075696341,0.0389707411144139,0.026170225262576,0.127064562318437,0.9175257731958762,0.89425,0.9718781401515748,0.5919005402848063,0.8963856398033977,0,,ok,,2026-07-20T22:35:19.433604+00:00,False,20000
adult,gaussian_copula,fresh,0.35,2,10,2000,9.0274,39.65,False,0.0294584407032077,1.1215545198915635,0.0537539131991929,0.0330087410171365,0.088135905378974,0.865979381443299,0.8935,0.9708258109870648,0.6069714547145137,0.8963856398033977,0,,ok,,2026-07-20T22:35:19.433604+00:00,False,20000
adult,gaussian_copula,fresh,0.35,2,11,2000,10.0699,39.65,False,0.0465087769001917,1.1879005627508967,0.067029609219897,0.0340581122166943,0.1205501970973075,0.8762886597938144,0.894,0.9684755312237672,0.6543262975102945,0.8963856398033977,0,,ok,,2026-07-20T22:35:19.433604+00:00,False,20000
adult,gaussian_copula,fresh,0.35,2,12,2000,9.2107,39.65,False,0.0317671453909011,1.171717149728569,0.0503407037509273,0.032993401050304,0.1217288305321817,0.865979381443299,0.88825,0.9740524056578174,0.6136888563750866,0.8963856398033977,0,,ok,,2026-07-20T22:35:19.433604+00:00,False,20000
adult,gaussian_copula,fixed,0.0,3,0,2000,21.1555,39.26,True,0.0217421263635895,1.008352646047079,0.0394176027818432,0.0274582642343836,0.0878708717186062,0.8969072164948454,0.90875,0.9683479651280608,0.6217219589982538,0.8911309658605514,0,,ok,,2026-07-20T22:35:19.433604+00:00,False,20000
adult,gaussian_copula,fixed,0.0,3,1,2000,37.4891,39.83,False,0.0304778085223938,0.915706172769977,0.0488733042076486,0.0289758844665561,0.14378185634376,0.845360824742268,0.899,0.977623314711892,0.4987548456543612,0.8911309658605514,0,,ok,,2026-07-20T22:35:19.433604+00:00,False,20000
adult,gaussian_copula,fixed,0.0,3,2,2000,9.2405,40.02,False,0.0508444531072631,0.8804081161995222,0.0642099015183688,0.0354111042012161,0.1454126786888732,0.8041237113402062,0.875,0.9779945492404106,0.4590781104468918,0.8911309658605514,0,,ok,,2026-07-20T22:35:19.433604+00:00,False,20000
adult,gaussian_copula,fixed,0.0,3,3,2000,8.7383,39.65,False,0.0385659552732235,0.8690354900424038,0.0560229737704006,0.0375232172470978,0.1442743527725328,0.7525773195876289,0.8945,0.9795647646684648,0.4476466081304582,0.8911309658605514,0,,ok,,2026-07-20T22:35:19.433604+00:00,False,20000
adult,gaussian_copula,fixed,0.0,3,4,2000,9.4121,39.65,False,0.0389256749658821,0.9136460581921108,0.061531431773559,0.0337382877280265,0.1554533887501172,0.7628865979381443,0.8775,0.9773949732905788,0.3494710905077691,0.8911309658605514,0,,ok,,2026-07-20T22:35:19.433604+00:00,False,20000
adult,gaussian_copula,fixed,0.0,3,5,2000,8.7818,39.65,False,0.0573701454191174,1.0450528243419972,0.0786735101256883,0.0421869126589275,0.1428971920733674,0.7525773195876289,0.86925,0.97979061646291,0.3419425010978653,0.8911309658605514,0,,ok,,2026-07-20T22:35:19.433604+00:00,False,20000
adult,gaussian_copula,fresh,0.35,2,1,2000,9.2352,39.45,False,0.0401949943988809,1.1167710021975112,0.0495103431189045,0.0244324557766721,0.115872617972969,0.8969072164948454,0.89575,0.9745294723907368,0.5969852729347642,0.8963856398033977,0,,ok,,2026-07-20T22:35:19.433604+00:00,False,20000
adult,gaussian_copula,fresh,0.35,2,0,2000,37.952,39.26,True,0.0346927483584357,1.2088185168821772,0.0527387800925328,0.0257745646766169,0.0798717127594514,0.8556701030927835,0.893,0.9673003694046022,0.7084978710788112,0.8963856398033977,0,,ok,,2026-07-20T22:35:19.433604+00:00,False,20000
adult,gaussian_copula,fresh,0.2,2,12,2000,9.6225,39.65,False,0.029494163244147,0.8913486010369391,0.0535633096594514,0.0312134121061359,0.1500680056229527,0.7938144329896907,0.8865,0.973584066681446,0.5573795105087578,0.8963856398033977,0,,ok,,2026-07-20T22:35:19.433604+00:00,False,20000
adult,gaussian_copula,fresh,0.2,2,11,2000,8.7641,39.65,False,0.0285902660685698,0.9761625402823444,0.0518666737590135,0.0295716210613598,0.1340012715935009,0.845360824742268,0.89325,0.9748268101138144,0.5798871267241468,0.8963856398033977,0,,ok,,2026-07-20T22:35:19.433604+00:00,False,20000
adult,gaussian_copula,fresh,0.1,2,6,2000,9.6227,39.65,False,0.0459402137770139,0.9799742342691106,0.0672398482216066,0.0366794845218352,0.1519888306068757,0.8144329896907216,0.8935,0.9789313205682232,0.4233630332842348,0.8963856398033977,0,,ok,,2026-07-20T22:35:19.433604+00:00,False,20000
adult,gaussian_copula,fresh,0.1,2,7,2000,10.0305,39.65,False,0.0317973504320079,0.9412946359440324,0.0488767999736098,0.0416332918739635,0.1399400724737292,0.7525773195876289,0.894,0.9796085632013244,0.5006278386653944,0.8963856398033977,0,,ok,,2026-07-20T22:35:19.433604+00:00,False,20000
adult,gaussian_copula,fresh,0.1,2,8,2000,8.9922,39.65,False,0.0325477327878804,1.0486177329656805,0.0577917116896518,0.0361794499723604,0.1579568966047859,0.8247422680412371,0.881,0.9766716866229328,0.5471008815311186,0.8963856398033977,0,,ok,,2026-07-20T22:35:19.433604+00:00,False,20000
adult,gaussian_copula,fresh,0.1,2,9,2000,8.1414,39.65,False,0.0303011696243739,0.9189520405341765,0.0478365639910375,0.0386140478164731,0.1573327931421164,0.7835051546391752,0.8855,0.9795027321219246,0.4806315771115828,0.8963856398033977,0,,ok,,2026-07-20T22:35:19.433604+00:00,False,20000
adult,gaussian_copula,fresh,0.1,2,10,2000,9.1682,39.65,False,0.0346338774828184,0.8413836580234696,0.0513084147902177,0.0374150773908236,0.1724821493526191,0.8350515463917526,0.88725,0.973814059041498,0.4913142100424551,0.8963856398033977,0,,ok,,2026-07-20T22:35:19.433604+00:00,False,20000
adult,gaussian_copula,fresh,0.1,2,11,2000,9.4709,39.65,False,0.0287812830324763,0.924684869285424,0.0478246751274402,0.0385610834715312,0.1619059831387374,0.8144329896907216,0.876,0.9783116892283448,0.3838214905713397,0.8963856398033977,0,,ok,,2026-07-20T22:35:19.433604+00:00,False,20000
adult,gaussian_copula,fresh,0.1,2,12,2000,8.9937,39.65,False,0.0318016567163517,0.9473279380483464,0.0498837520175289,0.0337976437258153,0.1607298821298954,0.8144329896907216,0.887,0.9757435058015652,0.4741111945810756,0.8963856398033977,0,,ok,,2026-07-20T22:35:19.433604+00:00,False,20000
adult,gaussian_copula,fresh,0.2,2,0,2000,37.952,39.26,True,0.0346927483584357,1.2088185168821772,0.0527387800925328,0.0257745646766169,0.0798717127594514,0.8556701030927835,0.893,0.9673003694046022,0.7084978710788112,0.8963856398033977,0,,ok,,2026-07-20T22:35:19.433604+00:00,False,20000
adult,gaussian_copula,fixed,0.0,3,6,2000,9.0433,39.65,False,0.0317746600360579,0.9698685726835008,0.0548414445554292,0.0430326492537313,0.1765960339145748,0.7525773195876289,0.88525,0.9838612362668924,0.2820132483399581,0.8911309658605514,0,,ok,,2026-07-20T22:35:19.433604+00:00,False,20000
adult,gaussian_copula,fresh,0.2,2,1,2000,9.1975,39.45,False,0.0266324326396748,1.0279438019542912,0.0423506816880541,0.0283480168601437,0.1061340003229554,0.8556701030927835,0.899,0.9757395277985808,0.5769306596252926,0.8963856398033977,0,,ok,,2026-07-20T22:35:19.433604+00:00,False,20000
adult,gaussian_copula,fresh,0.2,2,3,2000,9.0781,39.65,False,0.031823009467642,1.0966460970074583,0.0567250642751508,0.0318054864566058,0.1394200611743994,0.845360824742268,0.90775,0.9756298840913208,0.5889971470580947,0.8963856398033977,0,,ok,,2026-07-20T22:35:19.433604+00:00,False,20000
adult,gaussian_copula,fresh,0.2,2,4,2000,8.0499,39.65,False,0.0385671190188461,0.9944381372315054,0.0447951482694706,0.0294675580431177,0.1313477799105258,0.8350515463917526,0.90775,0.9739091480503383,0.5210908487007162,0.8963856398033977,0,,ok,,2026-07-20T22:35:19.433604+00:00,False,20000
adult,gaussian_copula,fresh,0.2,2,5,2000,9.0617,39.65,False,0.0325325747925122,0.9427376485422668,0.0437701888377744,0.036415215588723,0.1362096735021625,0.845360824742268,0.896,0.9750016239949684,0.5851653708424538,0.8963856398033977,0,,ok,,2026-07-20T22:35:19.433604+00:00,False,20000
adult,gaussian_copula,fresh,0.2,2,6,2000,10.8587,39.65,False,0.0416352810896144,0.968332004140402,0.0613171963818748,0.0290257393587617,0.1593841343688829,0.8556701030927835,0.893,0.9756534224839802,0.5763835955250367,0.8963856398033977,0,,ok,,2026-07-20T22:35:19.433604+00:00,False,20000
adult,gaussian_copula,fresh,0.2,2,7,2000,9.6471,39.65,False,0.0216191478698995,0.9578573132205828,0.0337437804863265,0.0307891445550027,0.139528452407109,0.8144329896907216,0.88325,0.9783699395220472,0.5472132250517069,0.8963856398033977,0,,ok,,2026-07-20T22:35:19.433604+00:00,False,20000
adult,gaussian_copula,fresh,0.2,2,8,2000,9.1357,39.65,False,0.0295804399638181,0.9468905514134226,0.035232990696466,0.0254264096185738,0.1626894241972517,0.865979381443299,0.8875,0.974139448098121,0.5634443231806087,0.8963856398033977,0,,ok,,2026-07-20T22:35:19.433604+00:00,False,20000
adult,gaussian_copula,fresh,0.2,2,9,2000,9.7866,39.65,False,0.0298264281912925,0.8615155029533508,0.0506754084532364,0.0359715312327252,0.1730669280637087,0.865979381443299,0.87125,0.9720146556289956,0.5740112032748317,0.8963856398033977,0,,ok,,2026-07-20T22:35:19.433604+00:00,False,20000
adult,gaussian_copula,fresh,0.2,2,10,2000,9.2594,39.65,False,0.0354197053005713,0.8342192800932628,0.0522605006494951,0.0372714552238806,0.1346308439713471,0.845360824742268,0.88525,0.9775253091383632,0.5694289841431399,0.8963856398033977,0,,ok,,2026-07-20T22:35:19.433604+00:00,False,20000
adult,gaussian_copula,fresh,0.2,2,2,2000,8.7789,40.02,False,0.0365814082942953,0.9553692185143978,0.0488498802934091,0.0301077943615257,0.1232780263092947,0.865979381443299,0.90575,0.9738383967472573,0.5765890395995994,0.8963856398033977,0,,ok,,2026-07-20T22:35:19.433604+00:00,False,20000
adult,gaussian_copula,fresh,0.2,1,4,2000,8.6509,39.65,False,0.0293854802139416,0.9358839842363186,0.048786094978806,0.0361226506357103,0.1365215505792799,0.8144329896907216,0.8915,0.9719447750765676,0.5052453311055638,0.8996095743036177,0,,ok,,2026-07-20T22:35:19.433604+00:00,False,20000
adult,gaussian_copula,fixed,0.0,3,7,2000,9.3051,39.65,False,0.0384818130561799,1.03279626007463,0.0618266352116524,0.0493469112769485,0.1452831584646264,0.7216494845360825,0.88625,0.98269280926528,0.3482925161709762,0.8911309658605514,0,,ok,,2026-07-20T22:35:19.433604+00:00,False,20000
adult,gaussian_copula,fixed,0.0,3,9,2000,9.7189,39.65,False,0.0679308474965921,0.8475344991378533,0.0850552490735363,0.0529703220011055,0.1473553955657291,0.711340206185567,0.881,0.9826765012530452,0.3710748773662456,0.8911309658605514,0,,ok,,2026-07-20T22:35:19.433604+00:00,False,20000
adult,gaussian_copula,fixed,0.02,3,6,2000,9.1258,39.65,False,0.0682908747027519,1.1944938746933516,0.0886213736965136,0.04174543946932,0.1733794041697063,0.7731958762886598,0.8845,0.9816007371959532,0.3949554644976772,0.8911309658605514,0,,ok,,2026-07-20T22:35:19.433604+00:00,False,20000
adult,gaussian_copula,fixed,0.02,3,7,2000,9.3498,39.65,False,0.0684687579168501,1.161691270580114,0.0852224217280351,0.0472362838584853,0.1336519420043786,0.7731958762886598,0.88825,0.9855710091746496,0.4529253439770432,0.8911309658605514,0,,ok,,2026-07-20T22:35:19.433604+00:00,False,20000
adult,gaussian_copula,fixed,0.02,3,8,2000,9.2094,39.65,False,0.0678999013742725,1.2155716090299995,0.088974311292645,0.052142931177446,0.1781800356592536,0.7319587628865979,0.873,0.9845704255489616,0.4361943220988064,0.8911309658605514,0,,ok,,2026-07-20T22:35:19.433604+00:00,False,20000
adult,gaussian_copula,fixed,0.02,3,9,2000,8.689,39.65,False,0.0720686787510396,1.2411784086173736,0.0868860185705218,0.0539688018242122,0.1917608024803632,0.7525773195876289,0.87175,0.983684075633978,0.3603276313396396,0.8911309658605514,0,,ok,,2026-07-20T22:35:19.433604+00:00,False,20000
adult,gaussian_copula,fixed,0.02,3,10,2000,9.6632,39.65,False,0.0852690948504758,1.135673376568837,0.1018078413622107,0.0560708264234383,0.1770981663808386,0.7216494845360825,0.881,0.9850389917755036,0.4218560172396001,0.8911309658605514,0,,ok,,2026-07-20T22:35:19.433604+00:00,False,20000
adult,gaussian_copula,fixed,0.02,3,11,2000,9.03,39.65,False,0.0778900377264089,1.0945750176161817,0.0922846356528471,0.0592061567164179,0.1615943548150689,0.7010309278350515,0.89425,0.9860898505639104,0.3706137345871049,0.8911309658605514,0,,ok,,2026-07-20T22:35:19.433604+00:00,False,20000
adult,gaussian_copula,fixed,0.02,3,12,2000,9.0203,39.65,False,0.0701470455926447,1.1769861677735969,0.0934174473543726,0.0669994126589275,0.1754491910517615,0.7010309278350515,0.8845,0.9830065753756831,0.3546223376028024,0.8911309658605514,0,,ok,,2026-07-20T22:35:19.433604+00:00,False,20000
adult,gaussian_copula,fixed,0.05,3,0,2000,21.1555,39.26,True,0.0217421263635895,1.008352646047079,0.0394176027818432,0.0274582642343836,0.0878708717186062,0.8969072164948454,0.90875,0.9683479651280608,0.6217219589982538,0.8911309658605514,0,,ok,,2026-07-20T22:35:19.433604+00:00,False,20000
adult,gaussian_copula,fixed,0.05,3,1,2000,9.0075,39.45,False,0.051453544389706,0.8519846032132835,0.0582737095356066,0.0335556592039801,0.1169092791518594,0.845360824742268,0.89825,0.9746076042618552,0.5992316844001367,0.8911309658605514,0,,ok,,2026-07-20T22:35:19.433604+00:00,False,20000
adult,gaussian_copula,fixed,0.05,3,2,2000,9.0801,40.02,False,0.0315436553834577,0.8633862447945151,0.0592131734224571,0.0265345149253731,0.1543825062245126,0.8556701030927835,0.87775,0.9707436645504344,0.4706561150082945,0.8911309658605514,0,,ok,,2026-07-20T22:35:19.433604+00:00,False,20000
adult,gaussian_copula,fixed,0.05,3,3,2000,8.8198,39.65,False,0.0369919754004569,0.8030849479862802,0.0634232610433571,0.0318393449419568,0.1349201205977019,0.8144329896907216,0.889,0.9721808148786564,0.5202067868205806,0.8911309658605514,0,,ok,,2026-07-20T22:35:19.433604+00:00,False,20000
adult,gaussian_copula,fixed,0.05,3,4,2000,9.1873,39.65,False,0.0535837807499225,0.8886168274010663,0.0661905827223604,0.0368773148148148,0.1813772497091865,0.7731958762886598,0.88375,0.9794834192324352,0.4396100634093449,0.8911309658605514,0,,ok,,2026-07-20T22:35:19.433604+00:00,False,20000
adult,gaussian_copula,fixed,0.05,3,5,2000,8.8354,39.65,False,0.0589792087652537,0.799170135777847,0.070376775090432,0.0354771627971254,0.1907286648788146,0.8041237113402062,0.8775,0.9826114222042196,0.4828115069137652,0.8911309658605514,0,,ok,,2026-07-20T22:35:19.433604+00:00,False,20000
adult,gaussian_copula,fixed,0.05,3,6,2000,8.4999,39.65,False,0.0571344871330839,0.8317329334263602,0.0698792156976429,0.0379595080154781,0.2050689413391878,0.7835051546391752,0.8905,0.9785896893119144,0.4855887226643333,0.8911309658605514,0,,ok,,2026-07-20T22:35:19.433604+00:00,False,20000
adult,gaussian_copula,fixed,0.05,3,7,2000,9.6186,39.65,False,0.0736797035939468,0.8361668282600752,0.0863110718218317,0.0406610005527915,0.1720807951333833,0.7422680412371134,0.901,0.9781596926143094,0.4630473411071859,0.8911309658605514,0,,ok,,2026-07-20T22:35:19.433604+00:00,False,20000
adult,gaussian_copula,fixed,0.05,3,8,2000,8.9547,39.65,False,0.0704866600153977,0.8307859077326601,0.0814143548903152,0.0429126589275843,0.1933785782536591,0.7422680412371134,0.87675,0.982026016765019,0.4061398241815707,0.8911309658605514,0,,ok,,2026-07-20T22:35:19.433604+00:00,False,20000
adult,gaussian_copula,fixed,0.05,3,9,2000,9.273,39.65,False,0.0543421942666243,0.8115459229270542,0.0753220209379933,0.0480887230514096,0.1610971008554136,0.7319587628865979,0.88825,0.9780211678853812,0.4830145579107082,0.8911309658605514,0,,ok,,2026-07-20T22:35:19.433604+00:00,False,20000
adult,gaussian_copula,fixed,0.02,3,5,2000,8.774,39.65,False,0.0508359174321838,1.0161477320308794,0.0732452977103943,0.047472256771697,0.1432945600342108,0.7525773195876289,0.87975,0.979691408263479,0.3904233360865745,0.8911309658605514,0,,ok,,2026-07-20T22:35:19.433604+00:00,False,20000
adult,gaussian_copula,fixed,0.02,3,4,2000,8.9111,39.65,False,0.0512662213547874,1.1888599701289086,0.0705912910372799,0.0408562396351575,0.1578233765398606,0.7628865979381443,0.89,0.9776298577168008,0.410512435939279,0.8911309658605514,0,,ok,,2026-07-20T22:35:19.433604+00:00,False,20000
adult,gaussian_copula,fixed,0.02,3,3,2000,9.2118,39.65,False,0.046500559334198,1.0538201176729405,0.0580070910822323,0.0358112562189054,0.1850017439551539,0.8041237113402062,0.8845,0.9791717298735904,0.3675521359824069,0.8911309658605514,0,,ok,,2026-07-20T22:35:19.433604+00:00,False,20000
adult,gaussian_copula,fixed,0.02,3,2,2000,8.7648,40.02,False,0.033020889692047,1.0884417196877254,0.0525550175407799,0.0303053828081813,0.1552978045766749,0.8247422680412371,0.8835,0.9746270212139226,0.4755489752841632,0.8911309658605514,0,,ok,,2026-07-20T22:35:19.433604+00:00,False,20000
adult,gaussian_copula,fixed,0.0,3,10,2000,8.8706,39.65,False,0.0568913749001048,1.0524238384161133,0.0761271882157803,0.0630603924820342,0.1697644377566974,0.7216494845360825,0.89275,0.9879546170879516,0.4159387886149299,0.8911309658605514,0,,ok,,2026-07-20T22:35:19.433604+00:00,False,20000
adult,gaussian_copula,fixed,0.0,3,11,2000,9.1363,39.65,False,0.050549335816706,1.0052874485433403,0.0714091392729024,0.0579051616915422,0.1351158051346205,0.7010309278350515,0.8875,0.9851870351365732,0.3004708921117999,0.8911309658605514,0,,ok,,2026-07-20T22:35:19.433604+00:00,False,20000
adult,gaussian_copula,fixed,0.0,3,12,2000,9.1322,39.65,False,0.0657382347596356,1.1455691027610002,0.0898295835671265,0.0590166873963515,0.1482990572708331,0.711340206185567,0.88075,0.9852104835291652,0.3720002116398508,0.8911309658605514,0,,ok,,2026-07-20T22:35:19.433604+00:00,False,20000
adult,gaussian_copula,fixed,0.01,3,0,2000,21.1555,39.26,True,0.0217421263635895,1.008352646047079,0.0394176027818432,0.0274582642343836,0.0878708717186062,0.8969072164948454,0.90875,0.9683479651280608,0.6217219589982538,0.8911309658605514,0,,ok,,2026-07-20T22:35:19.433604+00:00,False,20000
adult,gaussian_copula,fixed,0.01,3,1,2000,9.0157,39.45,False,0.0326320519750161,1.0395980073101003,0.051165363098166,0.0268592108899944,0.125398595846925,0.865979381443299,0.89025,0.9724157825549408,0.5523570962225697,0.8911309658605514,0,,ok,,2026-07-20T22:35:19.433604+00:00,False,20000
adult,gaussian_copula,fixed,0.01,3,2,2000,9.1867,40.02,False,0.0165570602827159,0.993457751433421,0.0481842470161012,0.0308195826423438,0.1555541375164842,0.865979381443299,0.88225,0.9762157260308484,0.4397048358394647,0.8911309658605514,0,,ok,,2026-07-20T22:35:19.433604+00:00,False,20000
adult,gaussian_copula,fixed,0.01,3,3,2000,9.1109,39.65,False,0.0236830823274117,1.0377406398943108,0.0541999586402526,0.0393696448313985,0.1422321590323365,0.8556701030927835,0.87825,0.9754965759913062,0.3853806298134461,0.8911309658605514,0,,ok,,2026-07-20T22:35:19.433604+00:00,False,20000
adult,gaussian_copula,fixed,0.01,3,4,2000,9.0061,39.65,False,0.0349050140943994,0.9480666411778552,0.0636181828239304,0.0350464344941956,0.1826167751856079,0.8144329896907216,0.87375,0.980254933561264,0.3353390492702555,0.8911309658605514,0,,ok,,2026-07-20T22:35:19.433604+00:00,False,20000
adult,gaussian_copula,fixed,0.0,3,8,2000,10.1653,39.65,False,0.0503160046174248,0.9898440299520358,0.0713383338357221,0.0467227750138198,0.1783703899030183,0.7010309278350515,0.8905,0.983759630690663,0.3418557274477348,0.8911309658605514,0,,ok,,2026-07-20T22:35:19.433604+00:00,False,20000
adult,gaussian_copula,fixed,0.01,3,5,2000,9.4095,39.65,False,0.0365110018483695,1.0045854316822662,0.061288482403194,0.0373953841901603,0.1944060757104957,0.8041237113402062,0.87925,0.9837144596567734,0.3780200147833189,0.8911309658605514,0,,ok,,2026-07-20T22:35:19.433604+00:00,False,20000
adult,gaussian_copula,fixed,0.01,3,7,2000,9.309,39.65,False,0.0542584166782429,1.247979028303101,0.0756829512459755,0.0384569168048645,0.1814797110354843,0.7731958762886598,0.89425,0.9846835623838428,0.3695015763497318,0.8911309658605514,0,,ok,,2026-07-20T22:35:19.433604+00:00,False,20000
adult,gaussian_copula,fixed,0.01,3,8,2000,9.2295,39.65,False,0.0813761000867169,1.4710288785435983,0.0960175024728664,0.0393444237147595,0.1912299514582669,0.7835051546391752,0.88675,0.9855598390412692,0.4021482362755687,0.8911309658605514,0,,ok,,2026-07-20T22:35:19.433604+00:00,False,20000
adult,gaussian_copula,fixed,0.01,3,9,2000,9.5032,39.65,False,0.078603715513658,1.2366318195860864,0.0964563962581355,0.0477047056384743,0.1800498886627319,0.7525773195876289,0.884,0.9823185372344824,0.3947399563843573,0.8911309658605514,0,,ok,,2026-07-20T22:35:19.433604+00:00,False,20000
adult,gaussian_copula,fixed,0.01,3,10,2000,9.7198,39.65,False,0.0609482880968281,1.3083026332538357,0.0882319874491224,0.0426882600884466,0.1779406761980969,0.7525773195876289,0.862,0.98266500486942,0.4281722997528377,0.8911309658605514,0,,ok,,2026-07-20T22:35:19.433604+00:00,False,20000
adult,gaussian_copula,fixed,0.01,3,11,2000,9.4007,39.65,False,0.0665416764239786,1.1317688683309746,0.0989045071356811,0.0415578703703703,0.1801239455550389,0.7216494845360825,0.85325,0.9821807932561404,0.358683554232974,0.8911309658605514,0,,ok,,2026-07-20T22:35:19.433604+00:00,False,20000
adult,gaussian_copula,fixed,0.01,3,12,2000,9.46,39.65,False,0.0417928209074076,1.063523329057836,0.0840356808285056,0.042468629076838,0.1903235665095152,0.711340206185567,0.87375,0.9817088745270832,0.4737066988995645,0.8911309658605514,0,,ok,,2026-07-20T22:35:19.433604+00:00,False,20000
adult,gaussian_copula,fixed,0.02,3,0,2000,21.1555,39.26,True,0.0217421263635895,1.008352646047079,0.0394176027818432,0.0274582642343836,0.0878708717186062,0.8969072164948454,0.90875,0.9683479651280608,0.6217219589982538,0.8911309658605514,0,,ok,,2026-07-20T22:35:19.433604+00:00,False,20000
adult,gaussian_copula,fixed,0.02,3,1,2000,8.9258,39.45,False,0.0198721575901155,0.8855508863515166,0.0409342205277388,0.0310126796572692,0.1550594117550345,0.8350515463917526,0.883,0.9727537890585304,0.5617924112033797,0.8911309658605514,0,,ok,,2026-07-20T22:35:19.433604+00:00,False,20000
adult,gaussian_copula,fixed,0.01,3,6,2000,9.1534,39.65,False,0.0448596628159091,1.363181572053252,0.0781360283038506,0.0446360558319513,0.1944745637339876,0.7938144329896907,0.87775,0.9802369965478068,0.4043097426582673,0.8911309658605514,0,,ok,,2026-07-20T22:35:19.433604+00:00,False,20000
adult,gaussian_copula,fresh,0.2,1,3,2000,8.7093,39.65,False,0.0328916665844008,0.8013767721230814,0.053744067131403,0.0304322139303482,0.1303952448720011,0.8556701030927835,0.895,0.9735580037868924,0.5735248840078557,0.8996095743036177,0,,ok,,2026-07-20T22:35:19.433604+00:00,False,20000
adult,gaussian_copula,fresh,0.2,1,2,2000,8.8191,40.02,False,0.0437353869849959,1.0195210069237914,0.0520463594028485,0.0292186636263128,0.1225754530937231,0.845360824742268,0.89625,0.975222634910782,0.541528911721399,0.8996095743036177,0,,ok,,2026-07-20T22:35:19.433604+00:00,False,20000
adult,gaussian_copula,fresh,0.2,1,1,2000,9.3736,39.45,False,0.0332229601435456,0.9644924923702312,0.0383989370499943,0.0239255458817026,0.1109444194083659,0.8969072164948454,0.903,0.9731077548240932,0.5848038194305577,0.8996095743036177,0,,ok,,2026-07-20T22:35:19.433604+00:00,False,20000
adult,gaussian_copula,fresh,0.01,0,4,2000,9.0601,39.65,False,0.0403877354363599,1.2097971783667354,0.062361170953686,0.042837479270315,0.1281305165665079,0.7938144329896907,0.901,0.9798723230242103,0.4149380560053594,0.8976610190471932,0,,ok,,2026-07-20T22:35:19.433604+00:00,False,20000
adult,gaussian_copula,fresh,0.01,0,5,2000,9.6275,39.65,False,0.0468688599832017,1.060709775195438,0.0590461840955882,0.0476899530127142,0.1829660669622373,0.7525773195876289,0.8875,0.9816395002250352,0.393448841835665,0.8976610190471932,0,,ok,,2026-07-20T22:35:19.433604+00:00,False,20000
adult,gaussian_copula,fresh,0.01,0,6,2000,9.0605,39.65,False,0.0456390818996369,1.0383735248755446,0.0637269839530359,0.0482857587064676,0.1731019911408437,0.7422680412371134,0.885,0.9836135290810502,0.4321005858385141,0.8976610190471932,0,,ok,,2026-07-20T22:35:19.433604+00:00,False,20000
adult,gaussian_copula,fresh,0.01,0,7,2000,9.0996,39.65,False,0.0391657260214324,0.9646852169557196,0.0710152779383429,0.0529247166943062,0.1777890396491412,0.7216494845360825,0.882,0.9821801835056826,0.3505951485694706,0.8976610190471932,0,,ok,,2026-07-20T22:35:19.433604+00:00,False,20000
adult,gaussian_copula,fresh,0.01,0,8,2000,9.516,39.65,False,0.0444797008474503,0.9410498320515124,0.0680195066371603,0.0577352819237147,0.1652774399122728,0.7010309278350515,0.88375,0.9856135375815566,0.3593417161421805,0.8976610190471932,0,,ok,,2026-07-20T22:35:19.433604+00:00,False,20000
adult,gaussian_copula,fresh,0.01,0,9,2000,9.3474,39.65,False,0.0357045444060033,0.9813785728449056,0.0587623534269349,0.0648197208402432,0.1915466404892489,0.7010309278350515,0.87925,0.9896452796063708,0.3695774664139751,0.8976610190471932,0,,ok,,2026-07-20T22:35:19.433604+00:00,False,20000
adult,gaussian_copula,fresh,0.01,0,10,2000,9.5745,39.65,False,0.0469388049418818,1.0811914127031357,0.0734753943086858,0.0561348811498065,0.2008870840383929,0.6804123711340206,0.877,0.9895313845209212,0.3405896910412221,0.8976610190471932,0,,ok,,2026-07-20T22:35:19.433604+00:00,False,20000
adult,gaussian_copula,fresh,0.01,0,11,2000,9.1487,39.65,False,0.0373994108203855,1.0334382697513924,0.0669112475906952,0.058622270591487,0.190679946692887,0.6804123711340206,0.88675,0.98556034641665,0.4051532205645224,0.8976610190471932,0,,ok,,2026-07-20T22:35:19.433604+00:00,False,20000
adult,gaussian_copula,fresh,0.01,0,12,2000,9.041,39.65,False,0.059965010842209,1.068542414945065,0.0719178633745526,0.0650178966279712,0.1513278012561784,0.6288659793814433,0.8835,0.9881675324976912,0.3870227400069995,0.8976610190471932,0,,ok,,2026-07-20T22:35:19.433604+00:00,False,20000
adult,gaussian_copula,fresh,0.02,0,0,2000,20.9348,39.26,True,0.0302932455157596,1.0383456578531487,0.0379386417997787,0.0219233347153123,0.1019382978637386,0.8762886597938144,0.908,0.9740810526793098,0.686186323318817,0.8976610190471932,0,,ok,,2026-07-20T22:35:19.433604+00:00,False,20000
adult,gaussian_copula,fresh,0.02,0,1,2000,8.8065,39.45,False,0.0414212822889333,0.830870724725767,0.0503608354487912,0.035189538419016,0.1333414606850615,0.8556701030927835,0.9025,0.975893710289256,0.5744637899819346,0.8976610190471932,0,,ok,,2026-07-20T22:35:19.433604+00:00,False,20000
adult,gaussian_copula,fresh,0.02,0,2,2000,9.1995,40.02,False,0.0405464802016831,0.7826473560120805,0.0587151268104358,0.0317829256495301,0.1474594154569669,0.8144329896907216,0.889,0.9774011776702336,0.5665788942617671,0.8976610190471932,0,,ok,,2026-07-20T22:35:19.433604+00:00,False,20000
adult,gaussian_copula,fresh,0.02,0,3,2000,8.7728,39.65,False,0.0582605466315495,0.7948087020353413,0.068292862218033,0.0431193684355997,0.1604283827938762,0.8144329896907216,0.89425,0.9769306021921844,0.4932748290326341,0.8976610190471932,0,,ok,,2026-07-20T22:35:19.433604+00:00,False,20000
adult,gaussian_copula,fresh,0.02,0,4,2000,8.9593,39.65,False,0.0681409127701937,0.774192192730172,0.0769672358166114,0.0405346876727473,0.1765973065396114,0.8144329896907216,0.8905,0.9799436705777388,0.4736033376155217,0.8976610190471932,0,,ok,,2026-07-20T22:35:19.433604+00:00,False,20000
adult,gaussian_copula,fresh,0.02,0,5,2000,9.4869,39.65,False,0.0718211441461992,0.8050171621293293,0.0825942599212353,0.039974537037037,0.1620212894982625,0.8144329896907216,0.88725,0.9820927338150736,0.5032056094263918,0.8976610190471932,0,,ok,,2026-07-20T22:35:19.433604+00:00,False,20000
adult,gaussian_copula,fresh,0.02,0,6,2000,9.1523,39.65,False,0.0844829721905373,0.8051382726243892,0.090991708614152,0.0504093421779988,0.2200463515116905,0.7731958762886598,0.875,0.9863842284097674,0.3746900636663549,0.8976610190471932,0,,ok,,2026-07-20T22:35:19.433604+00:00,False,20000
adult,gaussian_copula,fresh,0.02,0,7,2000,9.3072,39.65,False,0.0719578400784474,0.7939795915542507,0.084018153662427,0.0499266169154228,0.1647308725747294,0.7628865979381443,0.88475,0.9804613318411144,0.3855342129456189,0.8976610190471932,0,,ok,,2026-07-20T22:35:19.433604+00:00,False,20000
adult,gaussian_copula,fresh,0.01,0,3,2000,9.5034,39.65,False,0.0424878219236607,0.944614828448862,0.0549078871695128,0.0413296710889994,0.1526268054766086,0.7835051546391752,0.90375,0.977057532662414,0.440915536423756,0.8976610190471932,0,,ok,,2026-07-20T22:35:19.433604+00:00,False,20000
adult,gaussian_copula,fresh,0.02,0,8,2000,9.4095,39.65,False,0.093361973509591,0.8021718254182777,0.102314446261786,0.0514662451630735,0.2076037324169332,0.7422680412371134,0.8825,0.9797536039351414,0.386740192938441,0.8976610190471932,0,,ok,,2026-07-20T22:35:19.433604+00:00,False,20000
adult,gaussian_copula,fresh,0.01,0,2,2000,8.7339,40.02,False,0.0387354053427752,1.0647944630631203,0.0474621857676183,0.0363246268656716,0.1636202738511356,0.8350515463917526,0.884,0.9748366516211978,0.5439831931208394,0.8976610190471932,0,,ok,,2026-07-20T22:35:19.433604+00:00,False,20000
adult,gaussian_copula,fresh,0.01,0,0,2000,20.9348,39.26,True,0.0302932455157596,1.0383456578531487,0.0379386417997787,0.0219233347153123,0.1019382978637386,0.8762886597938144,0.908,0.9740810526793098,0.686186323318817,0.8976610190471932,0,,ok,,2026-07-20T22:35:19.433604+00:00,False,20000
adult,gaussian_copula,fixed,0.35,0,9,2000,9.048,39.65,False,0.0239583652226598,0.9235730312078338,0.0450013568176155,0.0395792564953012,0.1608106262290305,0.8247422680412371,0.8965,0.9757437071767164,0.5791880858040931,0.8976610190471932,0,,ok,,2026-07-20T22:35:19.433604+00:00,False,20000
adult,gaussian_copula,fixed,0.35,0,10,2000,8.9032,39.65,False,0.0308485696207529,0.9950656124172702,0.0457011423374396,0.0422254007739082,0.133620420700166,0.8041237113402062,0.9005,0.9680672481674528,0.6426761400195615,0.8976610190471932,0,,ok,,2026-07-20T22:35:19.433604+00:00,False,20000
adult,gaussian_copula,fixed,0.35,0,11,2000,9.7451,39.65,False,0.0396466209512558,0.8562902765400872,0.0561456000993605,0.0431110074626865,0.1473173461333261,0.8041237113402062,0.8895,0.971734539418838,0.6051370459823636,0.8976610190471932,0,,ok,,2026-07-20T22:35:19.433604+00:00,False,20000
adult,gaussian_copula,fixed,0.35,0,12,2000,8.9155,39.65,False,0.0276708213183692,0.9760685960211156,0.0479857701545511,0.0364241639027086,0.1402642271161724,0.7938144329896907,0.8965,0.9733638927662605,0.5754063347452709,0.8976610190471932,0,,ok,,2026-07-20T22:35:19.433604+00:00,False,20000
adult,gaussian_copula,fresh,0.0,0,0,2000,20.9348,39.26,True,0.0302932455157596,1.0383456578531487,0.0379386417997787,0.0219233347153123,0.1019382978637386,0.8762886597938144,0.908,0.9740810526793098,0.686186323318817,0.8976610190471932,0,,ok,,2026-07-20T22:35:19.433604+00:00,False,20000
adult,gaussian_copula,fresh,0.0,0,1,2000,8.9803,39.45,False,0.0285069946657758,0.91304859137779,0.0422474468455327,0.0257501381978994,0.1549763155995251,0.9072164948453608,0.90125,0.9739877788593312,0.5506485699295962,0.8976610190471932,0,,ok,,2026-07-20T22:35:19.433604+00:00,False,20000
adult,gaussian_copula,fresh,0.0,0,2,2000,9.2427,40.02,False,0.0271238670798044,1.1246952650008355,0.0402917436807472,0.035680002763958,0.1630390007480099,0.8350515463917526,0.89625,0.9747322774178911,0.4537934410790852,0.8976610190471932,0,,ok,,2026-07-20T22:35:19.433604+00:00,False,20000
adult,gaussian_copula,fresh,0.0,0,3,2000,9.505,39.65,False,0.0289186868211789,1.163376111788902,0.0577266972972005,0.0320177929795467,0.1587841537204886,0.8041237113402062,0.892,0.9837314741695384,0.4895698531489557,0.8976610190471932,0,,ok,,2026-07-20T22:35:19.433604+00:00,False,20000
adult,gaussian_copula,fresh,0.0,0,4,2000,9.2819,39.65,False,0.039171054535032,1.1566833961305554,0.0619646793314264,0.0374588861249308,0.1702185320597759,0.7525773195876289,0.8845,0.9820557370373167,0.4119125830381543,0.8976610190471932,0,,ok,,2026-07-20T22:35:19.433604+00:00,False,20000
adult,gaussian_copula,fresh,0.0,0,5,2000,9.6992,39.65,False,0.0407611136842308,1.2075537739158588,0.0720434356882601,0.0493300856826976,0.1734657323810655,0.7319587628865979,0.89075,0.983984330484244,0.4535772117642909,0.8976610190471932,0,,ok,,2026-07-20T22:35:19.433604+00:00,False,20000
adult,gaussian_copula,fresh,0.0,0,6,2000,9.0565,39.65,False,0.0630856242221141,1.2098208273796944,0.0801541679508159,0.0485564192924267,0.1781340799575092,0.7216494845360825,0.899,0.9826842457588556,0.4068621074582329,0.8976610190471932,0,,ok,,2026-07-20T22:35:19.433604+00:00,False,20000
adult,gaussian_copula,fresh,0.0,0,7,2000,9.0604,39.65,False,0.0788121641003437,1.2918170346252078,0.0986582703508547,0.0544397457158651,0.1886018139567948,0.7422680412371134,0.9025,0.984967693722012,0.3490274204734412,0.8976610190471932,0,,ok,,2026-07-20T22:35:19.433604+00:00,False,20000
adult,gaussian_copula,fresh,0.0,0,8,2000,8.997,39.65,False,0.0856076087783935,1.172964124692545,0.1051914473418884,0.053580223880597,0.1889217526011047,0.7422680412371134,0.87575,0.9840885966874696,0.3725833030319441,0.8976610190471932,0,,ok,,2026-07-20T22:35:19.433604+00:00,False,20000
adult,gaussian_copula,fresh,0.0,0,9,2000,9.1956,39.65,False,0.0849531602832704,1.1487761468541888,0.1116751060625391,0.0599897733554449,0.1603551805825566,0.7216494845360825,0.88475,0.9857967507190124,0.3505937717302921,0.8976610190471932,0,,ok,,2026-07-20T22:35:19.433604+00:00,False,20000
adult,gaussian_copula,fresh,0.0,0,10,2000,9.9406,39.65,False,0.084287072474564,1.1803210651967535,0.1018541912947462,0.0620797056384743,0.1716074069789496,0.7010309278350515,0.86675,0.9872897899641648,0.3259172404261488,0.8976610190471932,0,,ok,,2026-07-20T22:35:19.433604+00:00,False,20000
adult,gaussian_copula,fresh,0.0,0,11,2000,9.0552,39.65,False,0.0723075047664359,1.1216582476582704,0.1065275042083121,0.068213861249309,0.1826974369136853,0.711340206185567,0.87925,0.98784115962783,0.4109440422398524,0.8976610190471932,0,,ok,,2026-07-20T22:35:19.433604+00:00,False,20000
adult,gaussian_copula,fresh,0.0,0,12,2000,10.9424,39.65,False,0.0587666774813395,1.0752645701035166,0.0905430178778238,0.0701672194582642,0.1575509338797564,0.711340206185567,0.87075,0.9856055753880828,0.3699539008017531,0.8976610190471932,0,,ok,,2026-07-20T22:35:19.433604+00:00,False,20000
adult,gaussian_copula,fresh,0.01,0,1,2000,9.653,39.45,False,0.0251314914331352,1.0482432546829308,0.0456904536016429,0.0290090519624101,0.1600610162515219,0.9072164948453608,0.88775,0.9737405722988642,0.5859130272982626,0.8976610190471932,0,,ok,,2026-07-20T22:35:19.433604+00:00,False,20000
adult,gaussian_copula,fresh,0.02,0,9,2000,9.1114,39.65,False,0.094729353599962,0.792996455191624,0.1045170688598097,0.052885433941404,0.185794534247618,0.7422680412371134,0.8795,0.9813619613918116,0.4716135099656275,0.8976610190471932,0,,ok,,2026-07-20T22:35:19.433604+00:00,False,20000
adult,gaussian_copula,fresh,0.02,0,10,2000,9.4012,39.65,False,0.1041161445537499,0.8207618647415981,0.11256701288808,0.0568951423438363,0.1808248303152441,0.7422680412371134,0.87925,0.984462271342819,0.3916229891755526,0.8976610190471932,0,,ok,,2026-07-20T22:35:19.433604+00:00,False,20000
adult,gaussian_copula,fresh,0.02,0,11,2000,9.3681,39.65,False,0.0678741894362763,0.8210093341990761,0.0899494250875633,0.054272940851299,0.1893946534736294,0.7422680412371134,0.8675,0.9827853259596908,0.357977825808339,0.8976610190471932,0,,ok,,2026-07-20T22:35:19.433604+00:00,False,20000
adult,gaussian_copula,fresh,0.1,0,8,2000,8.746,39.65,False,0.0365203319912276,0.974340383801384,0.0520750901240995,0.0389825525152017,0.153913954190696,0.8144329896907216,0.912,0.976785795458543,0.4492125004409164,0.8976610190471932,0,,ok,,2026-07-20T22:35:19.433604+00:00,False,20000
adult,gaussian_copula,fresh,0.1,0,9,2000,8.9866,39.65,False,0.0196563942677976,0.9806764746042934,0.0449982354983305,0.0389845563847429,0.1460408209557677,0.8247422680412371,0.894,0.9786779456281286,0.4940451705530028,0.8976610190471932,0,,ok,,2026-07-20T22:35:19.433604+00:00,False,20000
adult,gaussian_copula,fresh,0.1,0,10,2000,8.8481,39.65,False,0.0284235863816422,0.9691112949808628,0.0572140568276444,0.0349666252072968,0.1604509755408568,0.7835051546391752,0.8945,0.9767779935776896,0.4773230653475411,0.8976610190471932,0,,ok,,2026-07-20T22:35:19.433604+00:00,False,20000
adult,gaussian_copula,fresh,0.1,0,11,2000,9.0323,39.65,False,0.0259628983056696,0.9509264854151877,0.0725819691714643,0.0369521835268104,0.1530368482664849,0.8247422680412371,0.8785,0.9811196918975488,0.5129511721687565,0.8976610190471932,0,,ok,,2026-07-20T22:35:19.433604+00:00,False,20000
adult,gaussian_copula,fresh,0.1,0,12,2000,9.0922,39.65,False,0.0298391132378861,1.011755803899122,0.062148745128193,0.0358942440574903,0.1774634993220966,0.8556701030927835,0.8925,0.9768759744011998,0.5384763609170169,0.8976610190471932,0,,ok,,2026-07-20T22:35:19.433604+00:00,False,20000
adult,gaussian_copula,fresh,0.2,0,0,2000,20.9348,39.26,True,0.0302932455157596,1.0383456578531487,0.0379386417997787,0.0219233347153123,0.1019382978637386,0.8762886597938144,0.908,0.9740810526793098,0.686186323318817,0.8976610190471932,0,,ok,,2026-07-20T22:35:19.433604+00:00,False,20000
adult,gaussian_copula,fresh,0.2,0,1,2000,9.0538,39.45,False,0.0330506844396546,1.136445574892076,0.0555105810459979,0.0251414455500276,0.1240494904648047,0.8969072164948454,0.9035,0.9723960275401196,0.6107113433059326,0.8976610190471932,0,,ok,,2026-07-20T22:35:19.433604+00:00,False,20000
adult,gaussian_copula,fresh,0.2,0,2,2000,8.7635,40.02,False,0.0229598986784893,1.074498687272393,0.0370253610027428,0.0285168946932006,0.1331093744367965,0.8969072164948454,0.9055,0.9718203561707224,0.6452330287196852,0.8976610190471932,0,,ok,,2026-07-20T22:35:19.433604+00:00,False,20000
adult,gaussian_copula,fresh,0.2,0,3,2000,8.654,39.65,False,0.0450946029747016,1.129369806777505,0.0535825752610579,0.0263210337202874,0.1812982044995676,0.8865979381443299,0.90725,0.9699693962195396,0.5761897562378354,0.8976610190471932,0,,ok,,2026-07-20T22:35:19.433604+00:00,False,20000
adult,gaussian_copula,fresh,0.2,0,4,2000,8.9667,39.65,False,0.0363038067201731,1.1474970292182702,0.0591199499935178,0.0378080776672194,0.1434787238198448,0.8969072164948454,0.88875,0.97350841712469,0.5868743232999347,0.8976610190471932,0,,ok,,2026-07-20T22:35:19.433604+00:00,False,20000
adult,gaussian_copula,fresh,0.2,0,5,2000,10.5047,39.65,False,0.0333279000074459,1.0775773878021455,0.0442461629720629,0.0406668394140409,0.1475116774274215,0.8865979381443299,0.88825,0.9719394133225449,0.5359289133998316,0.8976610190471932,0,,ok,,2026-07-20T22:35:19.433604+00:00,False,20000
adult,gaussian_copula,fresh,0.2,0,6,2000,9.7385,39.65,False,0.0623889772552576,1.2477160401896874,0.0770405208955383,0.0412095080154781,0.1438049065034146,0.8865979381443299,0.89525,0.9739238776863892,0.5341544299538313,0.8976610190471932,0,,ok,,2026-07-20T22:35:19.433604+00:00,False,20000
adult,gaussian_copula,fresh,0.2,0,7,2000,9.1674,39.65,False,0.0180334071374049,1.1109332187493026,0.0425904654809594,0.0444257877280265,0.128319057032205,0.9072164948453608,0.8925,0.9752558629357112,0.5383925376365546,0.8976610190471932,0,,ok,,2026-07-20T22:35:19.433604+00:00,False,20000
adult,gaussian_copula,fresh,0.2,0,8,2000,9.1507,39.65,False,0.0413758452063046,1.224847000028636,0.066087559118819,0.0422634742951907,0.1205101145770578,0.8762886597938144,0.90725,0.9712913273363184,0.5197706566198493,0.8976610190471932,0,,ok,,2026-07-20T22:35:19.433604+00:00,False,20000
adult,gaussian_copula,fresh,0.2,0,9,2000,9.7407,39.65,False,0.02678215613074,1.066099070728423,0.0509493184451655,0.0348533374792703,0.1526137608166759,0.8762886597938144,0.88225,0.9719145209913694,0.5238218092112639,0.8976610190471932,0,,ok,,2026-07-20T22:35:19.433604+00:00,False,20000
adult,gaussian_copula,fresh,0.2,0,10,2000,8.6809,39.65,False,0.02724687667185,0.9694615134004146,0.0440327309410315,0.0404271006080707,0.1450675438934736,0.8247422680412371,0.89,0.9688169296049014,0.5815419235072736,0.8976610190471932,0,,ok,,2026-07-20T22:35:19.433604+00:00,False,20000
adult,gaussian_copula,fresh,0.2,0,11,2000,8.9448,39.65,False,0.0218269487041218,0.9252074651791564,0.0457362123622123,0.0315324419568822,0.1423366285647151,0.8350515463917526,0.9005,0.9719831612303668,0.5764980370862778,0.8976610190471932,0,,ok,,2026-07-20T22:35:19.433604+00:00,False,20000
adult,gaussian_copula,fresh,0.1,0,7,2000,8.6817,39.65,False,0.0381799484509794,1.187654788026589,0.0551551907068144,0.0384736733001658,0.145858583944557,0.8041237113402062,0.89275,0.9784848324832456,0.5376807773450424,0.8976610190471932,0,,ok,,2026-07-20T22:35:19.433604+00:00,False,20000
adult,gaussian_copula,fresh,0.1,0,6,2000,9.0616,39.65,False,0.0386151197220159,1.1929151878561013,0.0582663957192305,0.03141134604754,0.1457145466242431,0.845360824742268,0.8895,0.979814672355958,0.4338142916693492,0.8976610190471932,0,,ok,,2026-07-20T22:35:19.433604+00:00,False,20000
adult,gaussian_copula,fresh,0.1,0,5,2000,9.0417,39.65,False,0.021286045307493,0.8755586681189934,0.0504367342759985,0.0350987423991155,0.1516817545001036,0.8762886597938144,0.889,0.9725701529207572,0.5400372048171538,0.8976610190471932,0,,ok,,2026-07-20T22:35:19.433604+00:00,False,20000
adult,gaussian_copula,fresh,0.1,0,4,2000,9.1263,39.65,False,0.0288880073975684,0.9640627010856898,0.0473512760623742,0.0286319444444444,0.1725946917978431,0.8762886597938144,0.8985,0.9716101840755406,0.463050619295706,0.8976610190471932,0,,ok,,2026-07-20T22:35:19.433604+00:00,False,20000
adult,gaussian_copula,fresh,0.02,0,12,2000,9.2613,39.65,False,0.078069437243566,0.8114454743897842,0.0937661306874852,0.0607969527363184,0.1589508845898885,0.7216494845360825,0.8865,0.9842744142018792,0.3875371205677088,0.8976610190471932,0,,ok,,2026-07-20T22:35:19.433604+00:00,False,20000
adult,gaussian_copula,fresh,0.05,0,0,2000,20.9348,39.26,True,0.0302932455157596,1.0383456578531487,0.0379386417997787,0.0219233347153123,0.1019382978637386,0.8762886597938144,0.908,0.9740810526793098,0.686186323318817,0.8976610190471932,0,,ok,,2026-07-20T22:35:19.433604+00:00,False,20000
adult,gaussian_copula,fresh,0.05,0,1,2000,9.166,39.45,False,0.0275833757652248,0.9913221163864718,0.0463738248346581,0.0385942164179104,0.145162974023154,0.8865979381443299,0.8875,0.9773445428777432,0.5774831655184921,0.8976610190471932,0,,ok,,2026-07-20T22:35:19.433604+00:00,False,20000
adult,gaussian_copula,fresh,0.05,0,2,2000,8.8126,40.02,False,0.0297411443928349,0.9539219549192732,0.049695114878725,0.0307473396904366,0.1143760715318654,0.8350515463917526,0.89975,0.97837138289813,0.5312483158306477,0.8976610190471932,0,,ok,,2026-07-20T22:35:19.433604+00:00,False,20000
adult,gaussian_copula,fresh,0.05,0,3,2000,9.0884,39.65,False,0.0309590192228713,1.0166070834067649,0.0468874812862459,0.0370441196793808,0.1248130885141589,0.8556701030927835,0.88425,0.9782914538381634,0.4810068313514936,0.8976610190471932,0,,ok,,2026-07-20T22:35:19.433604+00:00,False,20000
adult,gaussian_copula,fresh,0.05,0,4,2000,9.2779,39.65,False,0.0375241678392942,1.0569763686104208,0.0602968855473786,0.0323425925925925,0.112497044200034,0.8350515463917526,0.8935,0.9796375780980928,0.4348908487793927,0.8976610190471932,0,,ok,,2026-07-20T22:35:19.433604+00:00,False,20000
adult,gaussian_copula,fresh,0.05,0,5,2000,8.9974,39.65,False,0.0354360633787847,0.973207876407006,0.049563758509202,0.0342568407960199,0.2093055010544594,0.8041237113402062,0.883,0.977830861617604,0.5080964700072632,0.8976610190471932,0,,ok,,2026-07-20T22:35:19.433604+00:00,False,20000
adult,gaussian_copula,fresh,0.05,0,6,2000,9.1022,39.65,False,0.0675577259130964,0.992480636646198,0.0882666490211433,0.041421814538419,0.1718684347668679,0.8041237113402062,0.874,0.9782302222922242,0.4645178709135905,0.8976610190471932,0,,ok,,2026-07-20T22:35:19.433604+00:00,False,20000
adult,gaussian_copula,fixed,0.35,0,8,2000,8.8893,39.65,False,0.0331805236014776,0.8825409007236235,0.0468316531067946,0.0385444651741293,0.1535798912201693,0.8144329896907216,0.8895,0.971352338382092,0.5718511065131968,0.8976610190471932,0,,ok,,2026-07-20T22:35:19.433604+00:00,False,20000
adult,gaussian_copula,fresh,0.05,0,7,2000,8.6143,39.65,False,0.0496443420809158,0.8917518809887958,0.0677581606610272,0.0442366639027086,0.1910660663230637,0.7628865979381443,0.88275,0.978192701264074,0.4450702142086394,0.8976610190471932,0,,ok,,2026-07-20T22:35:19.433604+00:00,False,20000
adult,gaussian_copula,fresh,0.05,0,9,2000,10.0548,39.65,False,0.0557675966749674,0.8524736116517447,0.0745585901792327,0.0431292495854063,0.1907684559822774,0.8041237113402062,0.881,0.9783842472827816,0.4970201266351113,0.8976610190471932,0,,ok,,2026-07-20T22:35:19.433604+00:00,False,20000
adult,gaussian_copula,fresh,0.05,0,10,2000,9.0099,39.65,False,0.0501423428231453,0.9284284064029574,0.0655201002511749,0.0402664110005527,0.1721337277114171,0.7938144329896907,0.884,0.980006285874716,0.4504185459975088,0.8976610190471932,0,,ok,,2026-07-20T22:35:19.433604+00:00,False,20000
adult,gaussian_copula,fresh,0.05,0,11,2000,8.999,39.65,False,0.0513068423059372,0.8622057535788641,0.0730982815385093,0.0457103717523493,0.1832588063311885,0.7628865979381443,0.87925,0.9804765081025004,0.4496890179242169,0.8976610190471932,0,,ok,,2026-07-20T22:35:19.433604+00:00,False,20000
adult,gaussian_copula,fresh,0.05,0,12,2000,9.0374,39.65,False,0.0565242783754285,0.9793034667754084,0.0680424542680906,0.0517757393587617,0.1972007772235356,0.7628865979381443,0.8835,0.9827402449258686,0.3667218036121179,0.8976610190471932,0,,ok,,2026-07-20T22:35:19.433604+00:00,False,20000
adult,gaussian_copula,fresh,0.1,0,0,2000,20.9348,39.26,True,0.0302932455157596,1.0383456578531487,0.0379386417997787,0.0219233347153123,0.1019382978637386,0.8762886597938144,0.908,0.9740810526793098,0.686186323318817,0.8976610190471932,0,,ok,,2026-07-20T22:35:19.433604+00:00,False,20000
adult,gaussian_copula,fresh,0.1,0,1,2000,8.9821,39.45,False,0.0244720175971541,1.0796323457832275,0.0364870389665684,0.0225367606412382,0.1188384467088682,0.9278350515463918,0.902,0.9701799255024892,0.5347581411517167,0.8976610190471932,0,,ok,,2026-07-20T22:35:19.433604+00:00,False,20000
adult,gaussian_copula,fresh,0.1,0,2,2000,9.1241,40.02,False,0.0513785171796351,1.2205841399601371,0.0640811414003135,0.0306709853510226,0.144669461919255,0.9175257731958762,0.89725,0.9731072418237082,0.5686336628262469,0.8976610190471932,0,,ok,,2026-07-20T22:35:19.433604+00:00,False,20000
adult,gaussian_copula,fresh,0.1,0,3,2000,8.9493,39.65,False,0.032030392477694,1.148840353428116,0.0499160895509378,0.0266584093421779,0.1782152888627763,0.865979381443299,0.8985,0.9783647510181545,0.5659481380085896,0.8976610190471932,0,,ok,,2026-07-20T22:35:19.433604+00:00,False,20000
adult,gaussian_copula,fresh,0.05,0,8,2000,9.1191,39.65,False,0.0434712609724713,0.875066513030697,0.0646276845666955,0.0392326907131011,0.1819502326373742,0.7731958762886598,0.89,0.9809569948379852,0.4408104376997974,0.8976610190471932,0,,ok,,2026-07-20T22:35:19.433604+00:00,False,20000
adult,gaussian_copula,fixed,0.35,0,7,2000,8.859,39.65,False,0.0337985790385627,0.8648773957477008,0.0514484339454637,0.0403008568269762,0.1389940215452675,0.8144329896907216,0.9035,0.972053335408015,0.5543023732904739,0.8976610190471932,0,,ok,,2026-07-20T22:35:19.433604+00:00,False,20000
adult,gaussian_copula,fixed,0.35,0,6,2000,8.8779,39.65,False,0.0453159395882713,0.8456531323399593,0.0575147803351607,0.0328350608070757,0.1538854643289301,0.8247422680412371,0.9005,0.9692253319113052,0.5657994065954268,0.8976610190471932,0,,ok,,2026-07-20T22:35:19.433604+00:00,False,20000
adult,gaussian_copula,fixed,0.35,0,5,2000,8.859,39.65,False,0.041500842819092,0.7798349326419475,0.0522911257672275,0.0311526395798784,0.1635278657199268,0.8247422680412371,0.89925,0.973698884267588,0.6133838537151645,0.8976610190471932,0,,ok,,2026-07-20T22:35:19.433604+00:00,False,20000
adult,gaussian_copula,fixed,0.01,0,10,2000,9.1026,39.65,False,0.0392364629604056,1.0275370622624038,0.0719865342121517,0.0737334508015478,0.1931095870789883,0.7525773195876289,0.88475,0.9858369762491912,0.3758807673006727,0.8976610190471932,0,,ok,,2026-07-20T22:35:19.433604+00:00,False,20000
adult,gaussian_copula,fixed,0.01,0,11,2000,9.2361,39.65,False,0.048853282996984,1.0134602832835498,0.0784729052122914,0.0781377833056937,0.1772509789143243,0.7628865979381443,0.89425,0.986434967072834,0.3960888981785467,0.8976610190471932,0,,ok,,2026-07-20T22:35:19.433604+00:00,False,20000
adult,gaussian_copula,fixed,0.01,0,12,2000,9.2045,39.65,False,0.0486504906596054,1.061365814804471,0.0784634355215037,0.0745245992260917,0.2007363968207494,0.7319587628865979,0.8815,0.986212287780769,0.4147386765795591,0.8976610190471932,0,,ok,,2026-07-20T22:35:19.433604+00:00,False,20000
adult,gaussian_copula,fixed,0.02,0,0,2000,20.9348,39.26,True,0.0302932455157596,1.0383456578531487,0.0379386417997787,0.0219233347153123,0.1019382978637386,0.8762886597938144,0.908,0.9740810526793098,0.686186323318817,0.8976610190471932,0,,ok,,2026-07-20T22:35:19.433604+00:00,False,20000
adult,gaussian_copula,fixed,0.02,0,1,2000,8.8809,39.45,False,0.0289508419975454,0.8861775536007382,0.044697002415861,0.0278104961304588,0.1121260217276926,0.8556701030927835,0.90725,0.9743856725328508,0.532262456231266,0.8976610190471932,0,,ok,,2026-07-20T22:35:19.433604+00:00,False,20000
adult,gaussian_copula,fixed,0.02,0,2,2000,8.7093,40.02,False,0.0371213667457724,1.0562484172649953,0.0491489137735764,0.0364753316749585,0.1567801822724566,0.8762886597938144,0.8985,0.976124658337525,0.4889560123485428,0.8976610190471932,0,,ok,,2026-07-20T22:35:19.433604+00:00,False,20000
adult,gaussian_copula,fixed,0.02,0,3,2000,8.8805,39.65,False,0.0298292053462894,0.876428957468253,0.0642042612412612,0.0368744817578772,0.1922299902205215,0.7835051546391752,0.8765,0.9761245649624548,0.4080843144842301,0.8976610190471932,0,,ok,,2026-07-20T22:35:19.433604+00:00,False,20000
adult,gaussian_copula,fixed,0.02,0,4,2000,9.0237,39.65,False,0.051561296818132,0.9309673535341276,0.0671407436192021,0.033287935323383,0.1724650400699505,0.8041237113402062,0.8715,0.9827830635829936,0.3882006914879737,0.8976610190471932,0,,ok,,2026-07-20T22:35:19.433604+00:00,False,20000
adult,gaussian_copula,fixed,0.02,0,5,2000,9.2513,39.65,False,0.0504978749037969,0.8510073638091109,0.0726165852547479,0.0355163764510779,0.158115376777552,0.7835051546391752,0.866,0.9744172333065292,0.4255499784098503,0.8976610190471932,0,,ok,,2026-07-20T22:35:19.433604+00:00,False,20000
adult,gaussian_copula,fixed,0.02,0,6,2000,9.5241,39.65,False,0.0590045186242502,0.8358836041068173,0.0741997126727913,0.0453014096185738,0.1413032700164974,0.7422680412371134,0.887,0.9789479745182178,0.4421239094941978,0.8976610190471932,0,,ok,,2026-07-20T22:35:19.433604+00:00,False,20000
adult,gaussian_copula,fixed,0.02,0,7,2000,8.8042,39.65,False,0.0644010921536942,0.7709252355305202,0.0819407727276744,0.0493142620232172,0.1807605898393888,0.6907216494845361,0.88475,0.9800077888758436,0.444039518955994,0.8976610190471932,0,,ok,,2026-07-20T22:35:19.433604+00:00,False,20000
adult,gaussian_copula,fixed,0.02,0,8,2000,8.9131,39.65,False,0.0558451285323966,0.8602628854031201,0.0748271973094198,0.0393909964068546,0.1875446030697851,0.7010309278350515,0.8825,0.9819291901923748,0.4688005619601889,0.8976610190471932,0,,ok,,2026-07-20T22:35:19.433604+00:00,False,20000
adult,gaussian_copula,fixed,0.02,0,9,2000,9.0594,39.65,False,0.0440846268522484,0.8185816118483222,0.0690365653867313,0.0480481965174129,0.1692533443596424,0.7010309278350515,0.87575,0.9835667267959368,0.4955389427160158,0.8976610190471932,0,,ok,,2026-07-20T22:35:19.433604+00:00,False,20000
adult,gaussian_copula,fixed,0.02,0,10,2000,9.1449,39.65,False,0.0560765634916506,0.8300251692540797,0.0813933559372373,0.0564658651188501,0.1580188109626068,0.6804123711340206,0.8765,0.980279211079478,0.437159256889736,0.8976610190471932,0,,ok,,2026-07-20T22:35:19.433604+00:00,False,20000
adult,gaussian_copula,fixed,0.02,0,11,2000,9.0419,39.65,False,0.055113319810711,0.8628579325035863,0.0846199456220156,0.0609753662244333,0.1755483910837163,0.6804123711340206,0.86775,0.984927894567153,0.3617278767841705,0.8976610190471932,0,,ok,,2026-07-20T22:35:19.433604+00:00,False,20000
adult,gaussian_copula,fixed,0.02,0,12,2000,9.5199,39.65,False,0.0433494168034297,0.9071471249933474,0.0894806721274792,0.0598021697070204,0.1839178729517027,0.6701030927835051,0.86775,0.9864048913002696,0.4087289046929628,0.8976610190471932,0,,ok,,2026-07-20T22:35:19.433604+00:00,False,20000
adult,gaussian_copula,fixed,0.05,0,0,2000,20.9348,39.26,True,0.0302932455157596,1.0383456578531487,0.0379386417997787,0.0219233347153123,0.1019382978637386,0.8762886597938144,0.908,0.9740810526793098,0.686186323318817,0.8976610190471932,0,,ok,,2026-07-20T22:35:19.433604+00:00,False,20000
adult,gaussian_copula,fixed,0.01,0,9,2000,9.0411,39.65,False,0.0428760665656566,1.1141479341527794,0.0724845404075526,0.0751904021558872,0.1971193968601171,0.7731958762886598,0.875,0.9881234662146308,0.436550595627185,0.8976610190471932,0,,ok,,2026-07-20T22:35:19.433604+00:00,False,20000
adult,gaussian_copula,fixed,0.01,0,8,2000,9.1261,39.65,False,0.0372211683933157,0.9656637480445838,0.0676032072715771,0.0657256080707573,0.1837675243191716,0.7731958762886598,0.8765,0.9848453465052212,0.4016415266759968,0.8976610190471932,0,,ok,,2026-07-20T22:35:19.433604+00:00,False,20000
adult,gaussian_copula,fixed,0.01,0,7,2000,9.4345,39.65,False,0.0347235417437154,0.930253921030315,0.074601705643573,0.0550572139303482,0.1669351493493204,0.8041237113402062,0.87425,0.9859395808261704,0.4456630090387525,0.8976610190471932,0,,ok,,2026-07-20T22:35:19.433604+00:00,False,20000
adult,gaussian_copula,fixed,0.01,0,6,2000,9.42,39.65,False,0.0302205290272773,1.0109659556479715,0.0609007404550233,0.0539167357656163,0.1730885566625333,0.7835051546391752,0.894,0.9863946661675984,0.4092746247359255,0.8976610190471932,0,,ok,,2026-07-20T22:35:19.433604+00:00,False,20000
adult,gaussian_copula,fixed,0.0,0,1,2000,38.6866,39.83,False,0.0137387174264826,0.9209503705923598,0.0375033198643188,0.0383566887783305,0.1291997468825283,0.845360824742268,0.90075,0.9718442090011178,0.5370276310642716,0.8976610190471932,0,,ok,,2026-07-20T22:35:19.433604+00:00,False,20000
adult,gaussian_copula,fixed,0.0,0,2,2000,9.3026,40.02,False,0.0235208990669826,0.8888009592988007,0.047023679821908,0.0348293946932006,0.1565895074881907,0.8144329896907216,0.899,0.9834419844523488,0.412526850003075,0.8976610190471932,0,,ok,,2026-07-20T22:35:19.433604+00:00,False,20000
adult,gaussian_copula,fixed,0.0,0,3,2000,9.094,39.65,False,0.0327608340255512,0.8342860616799328,0.0515743572962339,0.0422449212271973,0.1789350303009332,0.7835051546391752,0.89975,0.9802550123113232,0.4113887612945068,0.8976610190471932,0,,ok,,2026-07-20T22:35:19.433604+00:00,False,20000
adult,gaussian_copula,fixed,0.0,0,4,2000,8.5971,39.65,False,0.0438405987127197,0.9196007972201448,0.0612453646588952,0.0673562050856827,0.1640807576765293,0.7835051546391752,0.913,0.9818383227492016,0.4250554964534589,0.8976610190471932,0,,ok,,2026-07-20T22:35:19.433604+00:00,False,20000
adult,gaussian_copula,fixed,0.0,0,5,2000,8.9508,39.65,False,0.060606462820496,0.796636436683504,0.0807353612226792,0.0558187189054726,0.1733308165937154,0.7731958762886598,0.898,0.9840310950818292,0.3260829200739611,0.8976610190471932,0,,ok,,2026-07-20T22:35:19.433604+00:00,False,20000
adult,gaussian_copula,fixed,0.0,0,6,2000,9.0782,39.65,False,0.0513543771725901,0.8342214148348316,0.081497883333688,0.0499079256495301,0.1566869273311456,0.7835051546391752,0.90175,0.9834346303218314,0.3361798718438092,0.8976610190471932,0,,ok,,2026-07-20T22:35:19.433604+00:00,False,20000
adult,gaussian_copula,fixed,0.0,0,7,2000,9.1783,39.65,False,0.0551818136386333,0.9278611456391882,0.0837612045870747,0.0633648424543947,0.1374748474915438,0.7628865979381443,0.90125,0.9864682805978277,0.358411792404647,0.8976610190471932,0,,ok,,2026-07-20T22:35:19.433604+00:00,False,20000
adult,gaussian_copula,fixed,0.0,0,8,2000,9.472,39.65,False,0.0479119029045356,0.8483730941707083,0.0846875167747204,0.0612802998894416,0.1463799346995881,0.7422680412371134,0.91075,0.9875297110191658,0.3888546573158743,0.8976610190471932,0,,ok,,2026-07-20T22:35:19.433604+00:00,False,20000
adult,gaussian_copula,fixed,0.05,0,1,2000,8.5399,39.45,False,0.0226166797514033,1.060963177661778,0.0386714419050815,0.0295535862354892,0.1189346777287458,0.865979381443299,0.907,0.9713560047598424,0.54744060020747,0.8976610190471932,0,,ok,,2026-07-20T22:35:19.433604+00:00,False,20000
adult,gaussian_copula,fixed,0.0,0,9,2000,8.9177,39.65,False,0.0510834437405239,0.9629931767481112,0.0771458190373312,0.0550919016030956,0.1690697088316471,0.7319587628865979,0.905,0.9869658279711124,0.3476541217385466,0.8976610190471932,0,,ok,,2026-07-20T22:35:19.433604+00:00,False,20000
adult,gaussian_copula,fixed,0.0,0,11,2000,9.5965,39.65,False,0.0540737421890392,0.8871972060547536,0.0808567014300738,0.0634741569928137,0.1795551354351551,0.711340206185567,0.90225,0.9877724367012708,0.346232207467897,0.8976610190471932,0,,ok,,2026-07-20T22:35:19.433604+00:00,False,20000
adult,gaussian_copula,fixed,0.0,0,12,2000,8.7414,39.65,False,0.0887034149676801,1.020696324485614,0.1074232387613112,0.0621655956329463,0.1488256570528114,0.7010309278350515,0.90375,0.9848639765191984,0.3785653414436591,0.8976610190471932,0,,ok,,2026-07-20T22:35:19.433604+00:00,False,20000
adult,gaussian_copula,fixed,0.01,0,0,2000,20.9348,39.26,True,0.0302932455157596,1.0383456578531487,0.0379386417997787,0.0219233347153123,0.1019382978637386,0.8762886597938144,0.908,0.9740810526793098,0.686186323318817,0.8976610190471932,0,,ok,,2026-07-20T22:35:19.433604+00:00,False,20000
adult,gaussian_copula,fixed,0.01,0,1,2000,9.7988,39.45,False,0.0285548379750404,0.9755782112149116,0.0399347703153656,0.0298210682697623,0.1307988267676329,0.9072164948453608,0.8965,0.9720948794391834,0.5465821409796775,0.8976610190471932,0,,ok,,2026-07-20T22:35:19.433604+00:00,False,20000
adult,gaussian_copula,fixed,0.01,0,2,2000,8.6664,40.02,False,0.0298101474867521,0.9224720297543154,0.0500889005880206,0.0375684425096738,0.1537806171978231,0.9072164948453608,0.90025,0.977989995236994,0.5192569972606145,0.8976610190471932,0,,ok,,2026-07-20T22:35:19.433604+00:00,False,20000
adult,gaussian_copula,fixed,0.01,0,3,2000,9.0765,39.65,False,0.0457394449951758,1.0343915093847582,0.0587399396953672,0.0410174474847982,0.1692708128575682,0.8556701030927835,0.90025,0.9803470936304072,0.4434019768525797,0.8976610190471932,0,,ok,,2026-07-20T22:35:19.433604+00:00,False,20000
adult,gaussian_copula,fixed,0.01,0,4,2000,8.5118,39.65,False,0.0184305521927219,0.9352441015670172,0.0460736425054115,0.0417601575456053,0.1611680313036329,0.8247422680412371,0.885,0.9819823914822892,0.4276082874179322,0.8976610190471932,0,,ok,,2026-07-20T22:35:19.433604+00:00,False,20000
adult,gaussian_copula,fixed,0.01,0,5,2000,9.4706,39.65,False,0.0330221658427196,1.0049300149247595,0.0558516351333787,0.056847498618021,0.1508730982218429,0.7938144329896907,0.896,0.9874557782136976,0.4321945715033891,0.8976610190471932,0,,ok,,2026-07-20T22:35:19.433604+00:00,False,20000
adult,gaussian_copula,fixed,0.0,0,10,2000,9.2121,39.65,False,0.0690654265126549,1.00758484868205,0.0868712794645528,0.0638738253178551,0.1326926781039067,0.7319587628865979,0.90025,0.986809632853927,0.3142428899041366,0.8976610190471932,0,,ok,,2026-07-20T22:35:19.433604+00:00,False,20000
adult,gaussian_copula,fresh,0.2,0,12,2000,9.3936,39.65,False,0.0407291218619052,0.9411583970787744,0.0511396303243775,0.0251052722498618,0.1178220745575938,0.8865979381443299,0.90325,0.9691222120839396,0.5898502956204843,0.8976610190471932,0,,ok,,2026-07-20T22:35:19.433604+00:00,False,20000
adult,gaussian_copula,fixed,0.05,0,2,2000,8.9158,40.02,False,0.0235479154063429,0.8444175537226748,0.0430383994716465,0.0340611871199557,0.1437186084143402,0.8556701030927835,0.90675,0.974676478501028,0.4495120940897801,0.8976610190471932,0,,ok,,2026-07-20T22:35:19.433604+00:00,False,20000
adult,gaussian_copula,fixed,0.05,0,4,2000,9.0837,39.65,False,0.0476304822362418,1.0839666607915688,0.0666340906134769,0.0353977681039248,0.1567131912402155,0.8144329896907216,0.8965,0.9770362487714456,0.5333680580915986,0.8976610190471932,0,,ok,,2026-07-20T22:35:19.433604+00:00,False,20000
adult,gaussian_copula,fixed,0.2,0,1,2000,9.0469,39.45,False,0.029452278059462,0.9165417948776016,0.0443595002144832,0.0306491155334438,0.1475149782070488,0.865979381443299,0.9015,0.9765677837949798,0.6249756594502374,0.8976610190471932,0,,ok,,2026-07-20T22:35:19.433604+00:00,False,20000
adult,gaussian_copula,fixed,0.2,0,2,2000,8.8534,40.02,False,0.0194253877661431,0.9081634476411056,0.0403463244124092,0.0283076976229961,0.1280053470135554,0.865979381443299,0.882,0.9760893704360504,0.6193863480232458,0.8976610190471932,0,,ok,,2026-07-20T22:35:19.433604+00:00,False,20000
adult,gaussian_copula,fixed,0.2,0,3,2000,9.3049,39.65,False,0.0232477831363502,0.9695387456820505,0.0411532691428138,0.0371471462133775,0.1682051621575069,0.7938144329896907,0.89,0.9718613360139672,0.5482095976705454,0.8976610190471932,0,,ok,,2026-07-20T22:35:19.433604+00:00,False,20000
adult,gaussian_copula,fixed,0.2,0,4,2000,9.1293,39.65,False,0.0294626573961936,0.9561235112949544,0.0425418195930046,0.0459530127142067,0.1452483394806991,0.8041237113402062,0.915,0.9710900826853344,0.5694223294204438,0.8976610190471932,0,,ok,,2026-07-20T22:35:19.433604+00:00,False,20000
adult,gaussian_copula,fixed,0.2,0,5,2000,9.4996,39.65,False,0.0297342499435236,0.9578082989260812,0.0536240155951375,0.0405521351575456,0.1502598563942341,0.7938144329896907,0.8995,0.9705572777855976,0.5904376814395391,0.8976610190471932,0,,ok,,2026-07-20T22:35:19.433604+00:00,False,20000
adult,gaussian_copula,fixed,0.2,0,6,2000,8.9539,39.65,False,0.0237741341275923,0.8795658219934964,0.0530167209800534,0.0420098811498065,0.1403687737632335,0.7938144329896907,0.883,0.9733067337233772,0.5629641996899358,0.8976610190471932,0,,ok,,2026-07-20T22:35:19.433604+00:00,False,20000
adult,gaussian_copula,fixed,0.2,0,7,2000,8.8473,39.65,False,0.021837481389633,0.977468134626431,0.0598792665754972,0.0430903123272526,0.1620489744487234,0.8041237113402062,0.8955,0.9710402046479136,0.5756050913152525,0.8976610190471932,0,,ok,,2026-07-20T22:35:19.433604+00:00,False,20000
adult,gaussian_copula,fixed,0.2,0,8,2000,8.9679,39.65,False,0.0333366559773131,0.9751736039548624,0.0621599771113376,0.0391737493090105,0.1423673565871717,0.8041237113402062,0.88375,0.9770198687591564,0.5335777638112378,0.8976610190471932,0,,ok,,2026-07-20T22:35:19.433604+00:00,False,20000
adult,gaussian_copula,fixed,0.2,0,9,2000,8.9803,39.65,False,0.0288287389496675,0.9080469346652746,0.0721587946766632,0.0472974364289662,0.149377901608859,0.8144329896907216,0.873,0.9723598700129924,0.5833476480898717,0.8976610190471932,0,,ok,,2026-07-20T22:35:19.433604+00:00,False,20000
adult,gaussian_copula,fixed,0.2,0,10,2000,9.0329,39.65,False,0.0326603920065047,0.9637254322852864,0.0693604739779666,0.0446142205638474,0.1239546391297396,0.8041237113402062,0.8775,0.9729176741189848,0.6118362536966493,0.8976610190471932,0,,ok,,2026-07-20T22:35:19.433604+00:00,False,20000
adult,gaussian_copula,fixed,0.2,0,11,2000,9.2758,39.65,False,0.0379873104142185,0.9489456527479196,0.0697615446013959,0.0444673161967938,0.1410451286010872,0.8041237113402062,0.8905,0.9734608262139848,0.6175189279326969,0.8976610190471932,0,,ok,,2026-07-20T22:35:19.433604+00:00,False,20000
adult,gaussian_copula,fixed,0.2,0,12,2000,9.4282,39.65,False,0.0228623342224549,0.8406267557427514,0.0585207371247713,0.0466626589275843,0.1289339830735646,0.8041237113402062,0.8805,0.9730115526269176,0.5494491790956999,0.8976610190471932,0,,ok,,2026-07-20T22:35:19.433604+00:00,False,20000
adult,gaussian_copula,fixed,0.35,0,0,2000,20.9348,39.26,True,0.0302932455157596,1.0383456578531487,0.0379386417997787,0.0219233347153123,0.1019382978637386,0.8762886597938144,0.908,0.9740810526793098,0.686186323318817,0.8976610190471932,0,,ok,,2026-07-20T22:35:19.433604+00:00,False,20000
adult,gaussian_copula,fixed,0.35,0,1,2000,9.2666,39.45,False,0.020435657214685,0.911623696626916,0.0372694738516948,0.0309887023217247,0.1296283477113916,0.8865979381443299,0.8885,0.9728717701470454,0.6087165000276024,0.8976610190471932,0,,ok,,2026-07-20T22:35:19.433604+00:00,False,20000
adult,gaussian_copula,fixed,0.35,0,2,2000,9.7527,40.02,False,0.0293974236869395,0.8963182855261914,0.0474238687430169,0.029680002763958,0.1356500725900325,0.8350515463917526,0.889,0.9715315870165732,0.6259847186586491,0.8976610190471932,0,,ok,,2026-07-20T22:35:19.433604+00:00,False,20000
adult,gaussian_copula,fixed,0.35,0,3,2000,8.9217,39.65,False,0.0163075748802302,0.8869587053208144,0.0331453456031113,0.0331787935323383,0.1762458725864265,0.865979381443299,0.8985,0.9705269218878232,0.646203995377492,0.8976610190471932,0,,ok,,2026-07-20T22:35:19.433604+00:00,False,20000
adult,gaussian_copula,fixed,0.35,0,4,2000,9.525,39.65,False,0.0472068255913166,0.8530817138944721,0.0555732668351695,0.0356031301824212,0.167804512777125,0.8350515463917526,0.89425,0.97294653770314,0.6326703874543463,0.8976610190471932,0,,ok,,2026-07-20T22:35:19.433604+00:00,False,20000
adult,gaussian_copula,fixed,0.2,0,0,2000,20.9348,39.26,True,0.0302932455157596,1.0383456578531487,0.0379386417997787,0.0219233347153123,0.1019382978637386,0.8762886597938144,0.908,0.9740810526793098,0.686186323318817,0.8976610190471932,0,,ok,,2026-07-20T22:35:19.433604+00:00,False,20000
adult,gaussian_copula,fixed,0.1,0,12,2000,9.3212,39.65,False,0.0541553458283149,1.141539730168568,0.0894085537025757,0.0496357794361525,0.1410018865642581,0.7010309278350515,0.87625,0.9831551092371208,0.5452164148602645,0.8976610190471932,0,,ok,,2026-07-20T22:35:19.433604+00:00,False,20000
adult,gaussian_copula,fixed,0.1,0,11,2000,9.2576,39.65,False,0.0807637589364041,1.0498448206297537,0.0973042320627291,0.0489255113322277,0.1472594939433124,0.711340206185567,0.86375,0.981687828011293,0.5506207708909447,0.8976610190471932,0,,ok,,2026-07-20T22:35:19.433604+00:00,False,20000
adult,gaussian_copula,fixed,0.1,0,10,2000,9.0168,39.65,False,0.0662331461062724,1.0622873500733017,0.0856700057007556,0.0567401188501934,0.1357323462680129,0.7319587628865979,0.86875,0.9766678638700648,0.4641039340491411,0.8976610190471932,0,,ok,,2026-07-20T22:35:19.433604+00:00,False,20000
adult,gaussian_copula,fixed,0.05,0,5,2000,8.9679,39.65,False,0.0313178638921847,0.9345888535237514,0.04890801423621,0.0473218629076838,0.1606364992316698,0.7938144329896907,0.8855,0.9774249039380342,0.4950193826174447,0.8976610190471932,0,,ok,,2026-07-20T22:35:19.433604+00:00,False,20000
adult,gaussian_copula,fixed,0.05,0,6,2000,9.0283,39.65,False,0.0498690533533871,0.9350247909199269,0.0733208548346371,0.0401416873963515,0.1765445421980683,0.7938144329896907,0.88,0.9767016442704084,0.4826643162492068,0.8976610190471932,0,,ok,,2026-07-20T22:35:19.433604+00:00,False,20000
adult,gaussian_copula,fixed,0.05,0,7,2000,8.9233,39.65,False,0.0728664828683162,0.9457680057864752,0.087589700433952,0.051580223880597,0.1455509493714246,0.7938144329896907,0.87725,0.9785321995187828,0.5087585001789234,0.8976610190471932,0,,ok,,2026-07-20T22:35:19.433604+00:00,False,20000
adult,gaussian_copula,fixed,0.05,0,8,2000,9.087,39.65,False,0.0519685419070402,0.8753205289215762,0.0788043760387987,0.053988633222775,0.1509953250486362,0.7525773195876289,0.866,0.9783665296444888,0.4297337992906787,0.8976610190471932,0,,ok,,2026-07-20T22:35:19.433604+00:00,False,20000
adult,gaussian_copula,fixed,0.05,0,9,2000,9.0795,39.65,False,0.0578424967016288,0.913238348300936,0.0784688824472945,0.049354304864566,0.1556992667591372,0.711340206185567,0.879,0.9811140055807828,0.4537235828817191,0.8976610190471932,0,,ok,,2026-07-20T22:35:19.433604+00:00,False,20000
adult,gaussian_copula,fixed,0.05,0,10,2000,8.7786,39.65,False,0.072884877908423,0.9301532423429064,0.0977366765802056,0.0545400773908236,0.1317185418405521,0.711340206185567,0.878,0.9825494414077184,0.4551978498230368,0.8976610190471932,0,,ok,,2026-07-20T22:35:19.433604+00:00,False,20000
adult,gaussian_copula,fixed,0.05,0,11,2000,8.9815,39.65,False,0.0594038668687285,0.9415952044356832,0.0898913826512168,0.0616169845218352,0.1430014139526383,0.7010309278350515,0.8785,0.985065353920282,0.4546751426634862,0.8976610190471932,0,,ok,,2026-07-20T22:35:19.433604+00:00,False,20000
adult,gaussian_copula,fixed,0.05,0,12,2000,9.473,39.65,False,0.0978043987304712,0.8504031140098967,0.115812980881145,0.0550643656716418,0.1441409960209707,0.7010309278350515,0.8635,0.9840911763144052,0.4800291444072203,0.8976610190471932,0,,ok,,2026-07-20T22:35:19.433604+00:00,False,20000
adult,gaussian_copula,fixed,0.05,0,3,2000,8.8765,39.65,False,0.0350695606357789,0.9321547335674404,0.0511343619135462,0.0430078081813156,0.1633167066142954,0.865979381443299,0.8925,0.9784625990915649,0.5546087200076893,0.8976610190471932,0,,ok,,2026-07-20T22:35:19.433604+00:00,False,20000
adult,gaussian_copula,fixed,0.1,0,0,2000,20.9348,39.26,True,0.0302932455157596,1.0383456578531487,0.0379386417997787,0.0219233347153123,0.1019382978637386,0.8762886597938144,0.908,0.9740810526793098,0.686186323318817,0.8976610190471932,0,,ok,,2026-07-20T22:35:19.433604+00:00,False,20000
adult,gaussian_copula,fixed,0.1,0,2,2000,9.0002,40.02,False,0.0352410819153641,0.8878113128156556,0.0499345689044288,0.0302267482034273,0.1217301625472072,0.8350515463917526,0.89975,0.9767990783435084,0.5346941181299167,0.8976610190471932,0,,ok,,2026-07-20T22:35:19.433604+00:00,False,20000
adult,gaussian_copula,fixed,0.1,0,3,2000,9.5922,39.65,False,0.0299994493183808,0.9504402022890966,0.0451301708522898,0.0380444651741293,0.1393684119783775,0.8041237113402062,0.90275,0.9799549835862263,0.5450884671623201,0.8976610190471932,0,,ok,,2026-07-20T22:35:19.433604+00:00,False,20000
adult,gaussian_copula,fixed,0.1,0,4,2000,9.111,39.65,False,0.0433871765542561,0.9699713846743028,0.0537309709080167,0.035395660585959,0.1322068192418891,0.8041237113402062,0.894,0.9795899556873642,0.5517299131948792,0.8976610190471932,0,,ok,,2026-07-20T22:35:19.433604+00:00,False,20000
adult,gaussian_copula,fixed,0.1,0,5,2000,8.7806,39.65,False,0.0341643143393703,1.008062254238933,0.0565430292460971,0.0510762506909894,0.1290860750566676,0.7731958762886598,0.89875,0.9794019590463198,0.5452759139819068,0.8976610190471932,0,,ok,,2026-07-20T22:35:19.433604+00:00,False,20000
adult,gaussian_copula,fixed,0.1,0,6,2000,9.2997,39.65,False,0.0499844241972438,0.939347701412546,0.0600925262049613,0.0561834231619679,0.1581912072257652,0.7835051546391752,0.886,0.979859075014271,0.5211075018983989,0.8976610190471932,0,,ok,,2026-07-20T22:35:19.433604+00:00,False,20000
adult,gaussian_copula,fixed,0.1,0,7,2000,9.4646,39.65,False,0.0543806432532797,1.098183091199925,0.0762652455480697,0.0508749654505251,0.1389806989061572,0.7628865979381443,0.87475,0.9834214745619612,0.5237533278530763,0.8976610190471932,0,,ok,,2026-07-20T22:35:19.433604+00:00,False,20000
adult,gaussian_copula,fixed,0.1,0,8,2000,8.9658,39.65,False,0.0595758508996636,1.066557568931392,0.0716260020868147,0.049168843283582,0.1397199114900116,0.7216494845360825,0.881,0.9807055638993494,0.4933928110374772,0.8976610190471932,0,,ok,,2026-07-20T22:35:19.433604+00:00,False,20000
adult,gaussian_copula,fixed,0.1,0,9,2000,9.1257,39.65,False,0.0486953379701071,1.0302819003939732,0.0718666594777759,0.0496412037037037,0.1242476205886818,0.711340206185567,0.87575,0.97673379566953,0.5532488946276128,0.8976610190471932,0,,ok,,2026-07-20T22:35:19.433604+00:00,False,20000
adult,gaussian_copula,fixed,0.1,0,1,2000,8.9843,39.45,False,0.0319497487829848,0.8953616484952253,0.0497436090625722,0.0263085959093421,0.1441813148751945,0.8556701030927835,0.893,0.9762526271835336,0.6016362684616103,0.8976610190471932,0,,ok,,2026-07-20T22:35:19.433604+00:00,False,20000
adult,gaussian_copula,fresh,0.05,3,4,2000,9.0438,39.65,False,0.0502934905246644,0.8295266344536124,0.0677790048166811,0.0332300304035378,0.142185693368628,0.7938144329896907,0.9,0.9755441590270054,0.39227643049329,0.8911309658605514,0,,ok,,2026-07-20T22:35:19.433604+00:00,False,20000
adult,gaussian_copula,fresh,0.35,0,0,2000,20.9348,39.26,True,0.0302932455157596,1.0383456578531487,0.0379386417997787,0.0219233347153123,0.1019382978637386,0.8762886597938144,0.908,0.9740810526793098,0.686186323318817,0.8976610190471932,0,,ok,,2026-07-20T22:35:19.433604+00:00,False,20000
adult,gaussian_copula,fresh,0.35,0,2,2000,8.3682,40.02,False,0.0243115790848572,1.010273580349219,0.0379337126243473,0.0274778192371475,0.1355231134863053,0.8865979381443299,0.898,0.9705966033151018,0.5946656267378497,0.8976610190471932,0,,ok,,2026-07-20T22:35:19.433604+00:00,False,20000
adult,gaussian_copula,fresh,0.0,1,6,2000,9.12,39.65,False,0.052880116035039,0.7325151170402786,0.081181629074205,0.0447388405196241,0.1823958171314913,0.7422680412371134,0.87675,0.9804472524555512,0.4354884625466306,0.8996095743036177,0,,ok,,2026-07-20T22:35:19.433604+00:00,False,20000
adult,gaussian_copula,fresh,0.0,1,7,2000,9.1891,39.65,False,0.0338902452822907,0.8267865867951252,0.0711057828817546,0.0406979339414041,0.1614896776523392,0.7422680412371134,0.873,0.9794154849314676,0.407956596259482,0.8996095743036177,0,,ok,,2026-07-20T22:35:19.433604+00:00,False,20000
adult,gaussian_copula,fresh,0.0,1,8,2000,9.3285,39.65,False,0.0422540335783226,0.970172886274209,0.0718323523424302,0.0487748065229408,0.1768300721666713,0.7319587628865979,0.8795,0.9851353480977948,0.4052469439743158,0.8996095743036177,0,,ok,,2026-07-20T22:35:19.433604+00:00,False,20000
adult,gaussian_copula,fresh,0.0,1,9,2000,9.8097,39.65,False,0.049119978174124,1.03549749871828,0.0723026567858833,0.0471600331674958,0.2021463514764771,0.711340206185567,0.8745,0.9829467309557848,0.3487923087927703,0.8996095743036177,0,,ok,,2026-07-20T22:35:19.433604+00:00,False,20000
adult,gaussian_copula,fresh,0.0,1,10,2000,9.739,39.65,False,0.0589413119393423,1.0767452056009854,0.075451590067262,0.0481450732448866,0.2101459787560171,0.7010309278350515,0.8815,0.9860951695679012,0.3523636657123641,0.8996095743036177,0,,ok,,2026-07-20T22:35:19.433604+00:00,False,20000
adult,gaussian_copula,fresh,0.0,1,11,2000,9.2068,39.65,False,0.045585759791306,0.7573082892434492,0.0733780574663686,0.0549950939745715,0.2000191644099094,0.6907216494845361,0.88,0.9855190903856976,0.2583692480740315,0.8996095743036177,0,,ok,,2026-07-20T22:35:19.433604+00:00,False,20000
adult,gaussian_copula,fresh,0.0,1,12,2000,10.0931,39.65,False,0.0481628387983625,0.837705519689972,0.0824103745666726,0.0476125276395798,0.1986155399961214,0.6701030927835051,0.86825,0.9868791489060814,0.3452478002371573,0.8996095743036177,0,,ok,,2026-07-20T22:35:19.433604+00:00,False,20000
adult,gaussian_copula,fresh,0.01,1,0,2000,21.0155,39.26,True,0.0341175946043228,0.8699755057774593,0.0410394651506613,0.024287037037037,0.1036852781701227,0.9278350515463918,0.906,0.9704054926717208,0.626660910604717,0.8996095743036177,0,,ok,,2026-07-20T22:35:19.433604+00:00,False,20000
adult,gaussian_copula,fresh,0.01,1,1,2000,8.8638,39.45,False,0.0303775942196833,1.0549040147191933,0.0474485152833937,0.0332807490326147,0.1275525714838012,0.8865979381443299,0.88525,0.9742635379412196,0.6098916650483343,0.8996095743036177,0,,ok,,2026-07-20T22:35:19.433604+00:00,False,20000
adult,gaussian_copula,fresh,0.01,1,2,2000,9.672,40.02,False,0.0515388907523762,1.180687575078026,0.0688910663912852,0.039760675787728,0.1514586608142009,0.7835051546391752,0.89875,0.9758633566414834,0.4947921713711076,0.8996095743036177,0,,ok,,2026-07-20T22:35:19.433604+00:00,False,20000
adult,gaussian_copula,fresh,0.01,1,3,2000,9.1263,39.65,False,0.0419281444726694,1.252378570691891,0.0685457238946113,0.0526623825317855,0.1502052059543319,0.8041237113402062,0.89025,0.9799275301906296,0.4199327040347813,0.8996095743036177,0,,ok,,2026-07-20T22:35:19.433604+00:00,False,20000
adult,gaussian_copula,fresh,0.01,1,4,2000,8.9061,39.65,False,0.0270635598190056,1.1032105610624676,0.0594079187265368,0.0513431108347153,0.1671942019575961,0.7835051546391752,0.8905,0.982210439278382,0.4591749809176646,0.8996095743036177,0,,ok,,2026-07-20T22:35:19.433604+00:00,False,20000
adult,gaussian_copula,fresh,0.01,1,5,2000,9.565,39.65,False,0.0397547170696347,1.1129535166269469,0.0767965988367408,0.0446827321724709,0.1629354532083548,0.7525773195876289,0.89325,0.9793694971469652,0.3766351768248331,0.8996095743036177,0,,ok,,2026-07-20T22:35:19.433604+00:00,False,20000
adult,gaussian_copula,fresh,0.01,1,6,2000,9.2279,39.65,False,0.035871490859469,1.0868720777920478,0.0674722333435337,0.0525733139856274,0.186215406184131,0.711340206185567,0.88525,0.9850327502708208,0.4128568980232917,0.8996095743036177,0,,ok,,2026-07-20T22:35:19.433604+00:00,False,20000
adult,gaussian_copula,fresh,0.01,1,7,2000,8.9391,39.65,False,0.0502924816275998,1.118372581417434,0.0821180055453761,0.0610161000552791,0.1967989973094343,0.7010309278350515,0.8815,0.9793220794863902,0.4096378808058521,0.8996095743036177,0,,ok,,2026-07-20T22:35:19.433604+00:00,False,20000
adult,gaussian_copula,fresh,0.01,1,8,2000,9.5622,39.65,False,0.0451901517146526,1.119443232719704,0.0787865766648041,0.0600086373687119,0.1891836746105938,0.6907216494845361,0.884,0.9866056915759202,0.38449889544716,0.8996095743036177,0,,ok,,2026-07-20T22:35:19.433604+00:00,False,20000
adult,gaussian_copula,fresh,0.01,1,9,2000,9.2634,39.65,False,0.0425009700516916,0.9874614478488768,0.0773095057614249,0.065587271973466,0.2106224057604956,0.6804123711340206,0.882,0.9841891166378848,0.4157350491983976,0.8996095743036177,0,,ok,,2026-07-20T22:35:19.433604+00:00,False,20000
adult,gaussian_copula,fresh,0.0,1,5,2000,9.5883,39.65,False,0.0366232526732742,0.9086904208251276,0.0658454897645869,0.0471739566058595,0.180479101660694,0.7628865979381443,0.8715,0.9809780064787494,0.4692077129744014,0.8996095743036177,0,,ok,,2026-07-20T22:35:19.433604+00:00,False,20000
adult,gaussian_copula,fresh,0.01,1,10,2000,9.2075,39.65,False,0.0481988143465976,1.0137707742851694,0.0876026404262383,0.0661783098396904,0.2207592139449692,0.6701030927835051,0.873,0.9854003712966288,0.4497004915840377,0.8996095743036177,0,,ok,,2026-07-20T22:35:19.433604+00:00,False,20000
adult,gaussian_copula,fresh,0.0,1,4,2000,8.933,39.65,False,0.059202373328804,0.8264055408149925,0.0694146864631232,0.0468650843007186,0.1774090016708311,0.7628865979381443,0.8675,0.9818607620160368,0.3422027892663716,0.8996095743036177,0,,ok,,2026-07-20T22:35:19.433604+00:00,False,20000
adult,gaussian_copula,fresh,0.0,1,2,2000,9.1598,40.02,False,0.0371696937997872,0.9044909314528594,0.0464927381809045,0.023401810392482,0.1085224474580753,0.8041237113402062,0.90475,0.97682123298513,0.4411730709139052,0.8996095743036177,0,,ok,,2026-07-20T22:35:19.433604+00:00,False,20000
adult,gaussian_copula,fixed,0.2,1,11,2000,9.3198,39.65,False,0.0740472866830804,0.910668269544448,0.0852250736655105,0.0485335820895522,0.1419716362303346,0.8041237113402062,0.89975,0.9754738549117596,0.5500358437132802,0.8996095743036177,0,,ok,,2026-07-20T22:35:19.433604+00:00,False,20000
adult,gaussian_copula,fixed,0.2,1,12,2000,9.1909,39.65,False,0.0514548979233838,0.9351936783002434,0.0788398773285798,0.0398800787728026,0.1499038958571895,0.7938144329896907,0.89525,0.9756648941175868,0.6295810225928818,0.8996095743036177,0,,ok,,2026-07-20T22:35:19.433604+00:00,False,20000
adult,gaussian_copula,fixed,0.35,1,0,2000,21.0155,39.26,True,0.0341175946043228,0.8699755057774593,0.0410394651506613,0.024287037037037,0.1036852781701227,0.9278350515463918,0.906,0.9704054926717208,0.626660910604717,0.8996095743036177,0,,ok,,2026-07-20T22:35:19.433604+00:00,False,20000
adult,gaussian_copula,fixed,0.35,1,1,2000,9.3188,39.45,False,0.0318553802547998,0.9536958273832888,0.0473423491677714,0.0279840035931453,0.1168037454265425,0.9072164948453608,0.88225,0.967499308366356,0.6113891087824899,0.8996095743036177,0,,ok,,2026-07-20T22:35:19.433604+00:00,False,20000
adult,gaussian_copula,fixed,0.35,1,2,2000,9.3674,40.02,False,0.0327101318088644,0.8792404791393884,0.044461515141443,0.0289801686014372,0.1288057362673921,0.845360824742268,0.89975,0.9689100684247788,0.5815433659102225,0.8996095743036177,0,,ok,,2026-07-20T22:35:19.433604+00:00,False,20000
adult,gaussian_copula,fixed,0.35,1,3,2000,8.862,39.65,False,0.0376029359076388,0.9993886692934774,0.0523433821279833,0.0299595080154781,0.1281580878489933,0.8350515463917526,0.88975,0.969719281531891,0.5372010144551067,0.8996095743036177,0,,ok,,2026-07-20T22:35:19.433604+00:00,False,20000
adult,gaussian_copula,fixed,0.35,1,4,2000,9.138,39.65,False,0.0360580018061795,0.8634714809318506,0.0535238719568272,0.0340469872857932,0.1356482523857619,0.8247422680412371,0.90725,0.975474893850039,0.6274435453320365,0.8996095743036177,0,,ok,,2026-07-20T22:35:19.433604+00:00,False,20000
adult,gaussian_copula,fixed,0.35,1,5,2000,8.8889,39.65,False,0.0236097000844286,1.0651590669791764,0.0437471285084217,0.0345163419016031,0.1244390661891911,0.8041237113402062,0.8825,0.969724843536064,0.5713627875512234,0.8996095743036177,0,,ok,,2026-07-20T22:35:19.433604+00:00,False,20000
adult,gaussian_copula,fixed,0.35,1,6,2000,9.3294,39.65,False,0.0290002484551596,0.8667925713064567,0.0511788139276733,0.032966348811498,0.114806794587605,0.7938144329896907,0.88875,0.9751625632407132,0.6309015424926009,0.8996095743036177,0,,ok,,2026-07-20T22:35:19.433604+00:00,False,20000
adult,gaussian_copula,fixed,0.35,1,7,2000,8.9021,39.65,False,0.0295004701284548,1.0121854461557975,0.0508784470830563,0.0343760019347705,0.1584962450197307,0.8350515463917526,0.88125,0.9695867333699468,0.6155729296633182,0.8996095743036177,0,,ok,,2026-07-20T22:35:19.433604+00:00,False,20000
adult,gaussian_copula,fixed,0.35,1,8,2000,8.5156,39.65,False,0.0254970304141577,0.8966843752196229,0.042868445104323,0.0369151119402984,0.1459208647022657,0.8041237113402062,0.89925,0.9677180411554605,0.6049428460944252,0.8996095743036177,0,,ok,,2026-07-20T22:35:19.433604+00:00,False,20000
adult,gaussian_copula,fixed,0.35,1,9,2000,8.8791,39.65,False,0.0393254573680631,0.9286385668576354,0.0517462971919479,0.0375794292426755,0.132071024912239,0.7938144329896907,0.89325,0.9754294573159502,0.5661144732941061,0.8996095743036177,0,,ok,,2026-07-20T22:35:19.433604+00:00,False,20000
adult,gaussian_copula,fixed,0.35,1,10,2000,8.9569,39.65,False,0.0307858248043356,0.8838963323871777,0.0482072982704846,0.0349418532338308,0.1423285389013519,0.8041237113402062,0.89975,0.9704422835743232,0.6512508321681559,0.8996095743036177,0,,ok,,2026-07-20T22:35:19.433604+00:00,False,20000
adult,gaussian_copula,fixed,0.35,1,11,2000,9.1509,39.65,False,0.0290636708123381,0.8807701900041858,0.0440521869733536,0.0366215450525152,0.1419526559479122,0.7938144329896907,0.90125,0.9728498191305768,0.5991457302971362,0.8996095743036177,0,,ok,,2026-07-20T22:35:19.433604+00:00,False,20000
adult,gaussian_copula,fixed,0.35,1,12,2000,8.8715,39.65,False,0.0442001762646227,0.8959346242959167,0.0676346208481516,0.0376881564400221,0.1445584415880258,0.8247422680412371,0.882,0.969685410006479,0.5602952297243057,0.8996095743036177,0,,ok,,2026-07-20T22:35:19.433604+00:00,False,20000
adult,gaussian_copula,fresh,0.0,1,0,2000,21.0155,39.26,True,0.0341175946043228,0.8699755057774593,0.0410394651506613,0.024287037037037,0.1036852781701227,0.9278350515463918,0.906,0.9704054926717208,0.626660910604717,0.8996095743036177,0,,ok,,2026-07-20T22:35:19.433604+00:00,False,20000
adult,gaussian_copula,fresh,0.0,1,1,2000,9.3887,39.45,False,0.0353654375668248,0.9458144260852852,0.0435065389801506,0.0304366017136539,0.1228795145594343,0.8350515463917526,0.89875,0.9727061261477712,0.5492956615272976,0.8996095743036177,0,,ok,,2026-07-20T22:35:19.433604+00:00,False,20000
adult,gaussian_copula,fresh,0.0,1,3,2000,9.2311,39.65,False,0.0271420363678507,0.8850771898862476,0.0514525515115781,0.0408718214483139,0.1388631230077193,0.7938144329896907,0.87775,0.9781074262000964,0.3621318151736332,0.8996095743036177,0,,ok,,2026-07-20T22:35:19.433604+00:00,False,20000
adult,gaussian_copula,fresh,0.01,1,11,2000,9.2369,39.65,False,0.0449271123543326,1.018970694009223,0.0868966855680038,0.0618805624654505,0.2097903924350736,0.6804123711340206,0.86275,0.9814845594837908,0.4103914707828826,0.8996095743036177,0,,ok,,2026-07-20T22:35:19.433604+00:00,False,20000
adult,gaussian_copula,fresh,0.01,1,12,2000,9.1262,39.65,False,0.0531787729922275,0.8609692308791983,0.0838950102625524,0.0666010572139303,0.2187607358470248,0.6597938144329897,0.872,0.9812340015458098,0.3946708521703509,0.8996095743036177,0,,ok,,2026-07-20T22:35:19.433604+00:00,False,20000
adult,gaussian_copula,fresh,0.02,1,0,2000,21.0155,39.26,True,0.0341175946043228,0.8699755057774593,0.0410394651506613,0.024287037037037,0.1036852781701227,0.9278350515463918,0.906,0.9704054926717208,0.626660910604717,0.8996095743036177,0,,ok,,2026-07-20T22:35:19.433604+00:00,False,20000
adult,gaussian_copula,fresh,0.05,1,10,2000,9.1923,39.65,False,0.0419214134527738,1.1758292888464603,0.0682712517125208,0.0588858139856274,0.1675238639203262,0.8247422680412371,0.87225,0.9792902003374728,0.5054373018253084,0.8996095743036177,0,,ok,,2026-07-20T22:35:19.433604+00:00,False,20000
adult,gaussian_copula,fresh,0.05,1,11,2000,9.0073,39.65,False,0.0376372212951116,1.1895473171013085,0.0780171341515077,0.0525319237147595,0.1585570191658619,0.8144329896907216,0.87275,0.9812849010839968,0.4660439004516426,0.8996095743036177,0,,ok,,2026-07-20T22:35:19.433604+00:00,False,20000
adult,gaussian_copula,fresh,0.05,1,12,2000,9.0074,39.65,False,0.0740724523778805,1.2667629665128917,0.088886752434163,0.0579167012161415,0.1950768212039364,0.7835051546391752,0.867,0.9783750234008614,0.4039923812276239,0.8996095743036177,0,,ok,,2026-07-20T22:35:19.433604+00:00,False,20000
adult,gaussian_copula,fresh,0.1,1,0,2000,21.0155,39.26,True,0.0341175946043228,0.8699755057774593,0.0410394651506613,0.024287037037037,0.1036852781701227,0.9278350515463918,0.906,0.9704054926717208,0.626660910604717,0.8996095743036177,0,,ok,,2026-07-20T22:35:19.433604+00:00,False,20000
adult,gaussian_copula,fresh,0.1,1,1,2000,9.8324,39.45,False,0.0435899822754512,0.9448858734230215,0.0480450245081831,0.0327071932006633,0.1217878055777798,0.8865979381443299,0.90025,0.9753595486385012,0.55574235037987,0.8996095743036177,0,,ok,,2026-07-20T22:35:19.433604+00:00,False,20000
adult,gaussian_copula,fresh,0.1,1,2,2000,8.7334,40.02,False,0.0622917742229738,1.2460354715233002,0.066019449206279,0.0292106826976229,0.1435037595034015,0.8969072164948454,0.89725,0.973535414894945,0.4911682323076493,0.8996095743036177,0,,ok,,2026-07-20T22:35:19.433604+00:00,False,20000
adult,gaussian_copula,fresh,0.1,1,3,2000,8.8749,39.65,False,0.0689666553252346,1.339902084906197,0.0811903685413791,0.0315352750138197,0.1789019051496801,0.8865979381443299,0.89425,0.9752475075544424,0.479198943164472,0.8996095743036177,0,,ok,,2026-07-20T22:35:19.433604+00:00,False,20000
adult,gaussian_copula,fresh,0.1,1,4,2000,8.8803,39.65,False,0.0758132511787586,1.377082402001992,0.0901835160534206,0.036806350193477,0.1552881104330244,0.865979381443299,0.896,0.9757807782045288,0.5195217437655083,0.8996095743036177,0,,ok,,2026-07-20T22:35:19.433604+00:00,False,20000
adult,gaussian_copula,fresh,0.1,1,5,2000,9.119,39.65,False,0.0503326294617106,1.2742647572112444,0.0629588558966492,0.0429749170812603,0.1756794070414126,0.8556701030927835,0.89925,0.9777781502655573,0.5331839878061877,0.8996095743036177,0,,ok,,2026-07-20T22:35:19.433604+00:00,False,20000
adult,gaussian_copula,fresh,0.1,1,6,2000,8.9989,39.65,False,0.0305486102097161,1.0917668779302578,0.0493075892927155,0.0414237838584853,0.1547314555150716,0.865979381443299,0.90025,0.979085174558652,0.5455919313552569,0.8996095743036177,0,,ok,,2026-07-20T22:35:19.433604+00:00,False,20000
adult,gaussian_copula,fresh,0.1,1,7,2000,9.1354,39.65,False,0.023699553647926,1.1235547200769462,0.0475488566294423,0.0480301962410171,0.1650378005168629,0.865979381443299,0.90525,0.9760526014709644,0.4996583471924217,0.8996095743036177,0,,ok,,2026-07-20T22:35:19.433604+00:00,False,20000
adult,gaussian_copula,fresh,0.1,1,8,2000,8.706,39.65,False,0.0323061792608134,1.1475834432768508,0.0576193672360989,0.0416221323935876,0.1378037582182457,0.865979381443299,0.89125,0.976022296760728,0.5101149818067093,0.8996095743036177,0,,ok,,2026-07-20T22:35:19.433604+00:00,False,20000
adult,gaussian_copula,fresh,0.1,1,9,2000,9.0946,39.65,False,0.0321516864898134,1.1532939897677557,0.0571958774222184,0.0381497719734659,0.1897244977372533,0.8350515463917526,0.885,0.9742268561636988,0.4819441310131976,0.8996095743036177,0,,ok,,2026-07-20T22:35:19.433604+00:00,False,20000
adult,gaussian_copula,fresh,0.1,1,10,2000,8.9829,39.65,False,0.0322151254973286,1.1401979170686312,0.0534464011522654,0.047833851575456,0.1234749804224873,0.865979381443299,0.89575,0.9741649889922832,0.4967879325422234,0.8996095743036177,0,,ok,,2026-07-20T22:35:19.433604+00:00,False,20000
adult,gaussian_copula,fresh,0.1,1,11,2000,9.0584,39.65,False,0.0626117378275177,1.2193667917814843,0.0783345860470083,0.0431589966832504,0.1559114835797259,0.8969072164948454,0.8805,0.9781413326005346,0.5281827178359549,0.8996095743036177,0,,ok,,2026-07-20T22:35:19.433604+00:00,False,20000
adult,gaussian_copula,fresh,0.1,1,12,2000,8.8132,39.65,False,0.0519834961259305,1.1542864370680446,0.0663031992180374,0.0500217661691542,0.1293265338688301,0.8969072164948454,0.9015,0.977250797682411,0.4596229781608393,0.8996095743036177,0,,ok,,2026-07-20T22:35:19.433604+00:00,False,20000
adult,gaussian_copula,fresh,0.2,1,0,2000,21.0155,39.26,True,0.0341175946043228,0.8699755057774593,0.0410394651506613,0.024287037037037,0.1036852781701227,0.9278350515463918,0.906,0.9704054926717208,0.626660910604717,0.8996095743036177,0,,ok,,2026-07-20T22:35:19.433604+00:00,False,20000
adult,gaussian_copula,fresh,0.05,1,9,2000,8.8681,39.65,False,0.0308870697168311,1.0045006387889692,0.0641033441009942,0.0522321379215036,0.1847450918811858,0.8041237113402062,0.87725,0.9793029060970054,0.5088960529692323,0.8996095743036177,0,,ok,,2026-07-20T22:35:19.433604+00:00,False,20000
adult,gaussian_copula,fresh,0.05,1,8,2000,9.4848,39.65,False,0.0517475332618277,1.1436702698526873,0.0732550391849747,0.05722498618021,0.1684523413552004,0.7938144329896907,0.88775,0.9818999716704536,0.4076102228604345,0.8996095743036177,0,,ok,,2026-07-20T22:35:19.433604+00:00,False,20000
adult,gaussian_copula,fresh,0.05,1,7,2000,9.1245,39.65,False,0.0153321773490054,1.02155782299914,0.0555133540824858,0.0392264372581536,0.1790570914576625,0.8041237113402062,0.873,0.9766041404472562,0.4603477528607767,0.8996095743036177,0,,ok,,2026-07-20T22:35:19.433604+00:00,False,20000
adult,gaussian_copula,fresh,0.05,1,6,2000,9.4297,39.65,False,0.0201772817776483,0.8753293225371886,0.0651446995528251,0.0424756426202321,0.1751813531147125,0.8247422680412371,0.88325,0.9776437222272026,0.5317162444600253,0.8996095743036177,0,,ok,,2026-07-20T22:35:19.433604+00:00,False,20000
adult,gaussian_copula,fresh,0.02,1,1,2000,8.8911,39.45,False,0.0467227206247091,1.039659294188657,0.0583476712430444,0.0289484867330016,0.1031950026752055,0.8762886597938144,0.89925,0.9742994502181626,0.6012445577153281,0.8996095743036177,0,,ok,,2026-07-20T22:35:19.433604+00:00,False,20000
adult,gaussian_copula,fresh,0.02,1,2,2000,8.8026,40.02,False,0.0487347709406598,0.9540984898409915,0.0588512740101218,0.0350556937534549,0.1704521434318441,0.8865979381443299,0.88875,0.9756299628413796,0.5112037665599332,0.8996095743036177,0,,ok,,2026-07-20T22:35:19.433604+00:00,False,20000
adult,gaussian_copula,fresh,0.02,1,3,2000,9.0649,39.65,False,0.0354215216597479,1.049603839849632,0.053522373511637,0.0370772871752349,0.1460889736053396,0.845360824742268,0.8885,0.9759926698635008,0.4150196828995131,0.8996095743036177,0,,ok,,2026-07-20T22:35:19.433604+00:00,False,20000
adult,gaussian_copula,fresh,0.02,1,4,2000,8.9401,39.65,False,0.060295770094719,1.1252460460891098,0.0685273154640034,0.0380883084577114,0.1867249578655157,0.845360824742268,0.8875,0.978500453119965,0.3965721359483137,0.8996095743036177,0,,ok,,2026-07-20T22:35:19.433604+00:00,False,20000
adult,gaussian_copula,fresh,0.02,1,5,2000,9.3744,39.65,False,0.055383473181473,1.1092245832768894,0.0639499172550943,0.0548793532338308,0.1472650750736192,0.8247422680412371,0.88125,0.9814354025719108,0.3771143496408351,0.8996095743036177,0,,ok,,2026-07-20T22:35:19.433604+00:00,False,20000
adult,gaussian_copula,fresh,0.02,1,6,2000,9.2335,39.65,False,0.0688197905677545,1.0490161578580313,0.0755228826735908,0.05687043946932,0.1622030664378095,0.8247422680412371,0.88225,0.9817090685897286,0.4401194939053885,0.8996095743036177,0,,ok,,2026-07-20T22:35:19.433604+00:00,False,20000
adult,gaussian_copula,fresh,0.02,1,7,2000,9.3583,39.65,False,0.0549490092917542,1.06548972397284,0.0706702231991402,0.0636756495301271,0.1770327522202423,0.7938144329896907,0.8835,0.9826464682305128,0.340076785665347,0.8996095743036177,0,,ok,,2026-07-20T22:35:19.433604+00:00,False,20000
adult,gaussian_copula,fresh,0.02,1,8,2000,8.8317,39.65,False,0.0447112434391328,0.9439278037313148,0.067056360792928,0.0534761608623548,0.1764011675546813,0.8041237113402062,0.88,0.9813203374855832,0.4418838149669762,0.8996095743036177,0,,ok,,2026-07-20T22:35:19.433604+00:00,False,20000
adult,gaussian_copula,fixed,0.2,1,10,2000,8.9583,39.65,False,0.0632366216425595,0.9121841139360264,0.0852709154044005,0.0413624585406301,0.1792097564290065,0.7835051546391752,0.8985,0.975248147679923,0.5457187972509897,0.8996095743036177,0,,ok,,2026-07-20T22:35:19.433604+00:00,False,20000
adult,gaussian_copula,fresh,0.02,1,9,2000,9.0196,39.65,False,0.0456974635919501,1.1276637660808562,0.0625688066398701,0.0564065436705362,0.1660621411355834,0.8041237113402062,0.878,0.9849383188249736,0.3579678928971227,0.8996095743036177,0,,ok,,2026-07-20T22:35:19.433604+00:00,False,20000
adult,gaussian_copula,fresh,0.02,1,11,2000,9.2703,39.65,False,0.0197241312931528,0.9813410676665044,0.0452040208397191,0.0654876658374792,0.1529019426725816,0.7731958762886598,0.8925,0.9825830541829365,0.4304390687689209,0.8996095743036177,0,,ok,,2026-07-20T22:35:19.433604+00:00,False,20000
adult,gaussian_copula,fresh,0.02,1,12,2000,8.9713,39.65,False,0.0364352285766076,1.082568139896788,0.069375750992138,0.0614939538419016,0.1587867443781248,0.7938144329896907,0.88125,0.9822512059339672,0.4022816913302273,0.8996095743036177,0,,ok,,2026-07-20T22:35:19.433604+00:00,False,20000
adult,gaussian_copula,fresh,0.05,1,0,2000,21.0155,39.26,True,0.0341175946043228,0.8699755057774593,0.0410394651506613,0.024287037037037,0.1036852781701227,0.9278350515463918,0.906,0.9704054926717208,0.626660910604717,0.8996095743036177,0,,ok,,2026-07-20T22:35:19.433604+00:00,False,20000
adult,gaussian_copula,fresh,0.05,1,1,2000,8.8046,39.45,False,0.0274038140788749,1.0919113128930535,0.0469230604701679,0.0313470149253731,0.1167288639162367,0.8969072164948454,0.90775,0.9743165727310088,0.5744448420522876,0.8996095743036177,0,,ok,,2026-07-20T22:35:19.433604+00:00,False,20000
adult,gaussian_copula,fresh,0.05,1,2,2000,9.1278,40.02,False,0.0428829462939604,0.9926157032457592,0.0580427831394137,0.0329724295190713,0.1480343887456127,0.8556701030927835,0.90225,0.97698016635437,0.4954988176885282,0.8996095743036177,0,,ok,,2026-07-20T22:35:19.433604+00:00,False,20000
adult,gaussian_copula,fresh,0.05,1,3,2000,9.1028,39.65,False,0.042143932218345,1.174671611933156,0.0645349128962728,0.0398383430071862,0.1472182436927546,0.845360824742268,0.882,0.975770535071844,0.4683292240147503,0.8996095743036177,0,,ok,,2026-07-20T22:35:19.433604+00:00,False,20000
adult,gaussian_copula,fresh,0.05,1,4,2000,9.262,39.65,False,0.0398170397834852,1.0796371110495004,0.0600518442285007,0.0315287106135986,0.1525078161429083,0.845360824742268,0.8845,0.976140169286662,0.4848235278999412,0.8996095743036177,0,,ok,,2026-07-20T22:35:19.433604+00:00,False,20000
adult,gaussian_copula,fresh,0.05,1,5,2000,9.1175,39.65,False,0.0456360718102578,1.0326798182113088,0.066800507959242,0.0397055348258706,0.1599595507404468,0.8144329896907216,0.8745,0.9791140510803168,0.4877929766253357,0.8996095743036177,0,,ok,,2026-07-20T22:35:19.433604+00:00,False,20000
adult,gaussian_copula,fresh,0.02,1,10,2000,9.2701,39.65,False,0.0440060030784684,1.0750791476964423,0.0608614469992814,0.0650209715312327,0.1568148302022414,0.7938144329896907,0.886,0.9867830738340012,0.3478978222731405,0.8996095743036177,0,,ok,,2026-07-20T22:35:19.433604+00:00,False,20000
adult,gaussian_copula,fixed,0.2,1,9,2000,9.0888,39.65,False,0.0667893490786484,0.9199012568024212,0.0821221376169884,0.042136124930901,0.1221232146143992,0.7938144329896907,0.9025,0.9757000925814944,0.5447913977186168,0.8996095743036177,0,,ok,,2026-07-20T22:35:19.433604+00:00,False,20000
adult,gaussian_copula,fixed,0.2,1,8,2000,8.9391,39.65,False,0.0502879845804719,0.8772921496565863,0.0674741459187167,0.039949765063571,0.147456111060615,0.8247422680412371,0.89725,0.9734698959707894,0.5798533286005033,0.8996095743036177,0,,ok,,2026-07-20T22:35:19.433604+00:00,False,20000
adult,gaussian_copula,fixed,0.2,1,7,2000,9.1836,39.65,False,0.0590394297553681,0.9033961513875352,0.0721422068957606,0.041447726644555,0.1365916736916317,0.8144329896907216,0.89975,0.9724084711744556,0.5496040079395104,0.8996095743036177,0,,ok,,2026-07-20T22:35:19.433604+00:00,False,20000
adult,gaussian_copula,fixed,0.0,1,12,2000,9.6443,39.65,False,0.0748313602195428,0.7789359743819082,0.1015544521306694,0.0512959508015478,0.1802450436138205,0.7525773195876289,0.8775,0.9880882182506856,0.3909438468598166,0.8996095743036177,0,,ok,,2026-07-20T22:35:19.433604+00:00,False,20000
adult,gaussian_copula,fixed,0.01,1,0,2000,21.0155,39.26,True,0.0341175946043228,0.8699755057774593,0.0410394651506613,0.024287037037037,0.1036852781701227,0.9278350515463918,0.906,0.9704054926717208,0.626660910604717,0.8996095743036177,0,,ok,,2026-07-20T22:35:19.433604+00:00,False,20000
adult,gaussian_copula,fixed,0.01,1,1,2000,8.8435,39.45,False,0.043838799870654,1.1900747743167663,0.0501593416326584,0.0292175580431177,0.1158601790448462,0.845360824742268,0.89825,0.971664999741666,0.5729216973201334,0.8996095743036177,0,,ok,,2026-07-20T22:35:19.433604+00:00,False,20000
adult,gaussian_copula,fixed,0.01,1,2,2000,9.8029,40.02,False,0.0347667373513973,1.1041812338776251,0.0458247735581487,0.037053620784964,0.1400361294946262,0.8144329896907216,0.89375,0.9719552195844036,0.4671273745394637,0.8996095743036177,0,,ok,,2026-07-20T22:35:19.433604+00:00,False,20000
adult,gaussian_copula,fixed,0.01,1,3,2000,8.7168,39.65,False,0.0431540160452858,1.011819704012819,0.0576293616005274,0.0404402639579878,0.1418445770827067,0.7938144329896907,0.89975,0.9779401565746024,0.4593731146318273,0.8996095743036177,0,,ok,,2026-07-20T22:35:19.433604+00:00,False,20000
adult,gaussian_copula,fixed,0.01,1,4,2000,8.5159,39.65,False,0.0462613264195346,0.9510582120036584,0.0627664131913383,0.0461073797678275,0.1437966097279866,0.7835051546391752,0.89275,0.9794875738605524,0.4182686627600276,0.8996095743036177,0,,ok,,2026-07-20T22:35:19.433604+00:00,False,20000
adult,gaussian_copula,fixed,0.01,1,5,2000,8.7914,39.65,False,0.051740639097202,0.9770455575110906,0.0719392183411564,0.045418394140409,0.1454743820340233,0.7938144329896907,0.9,0.9767846164576584,0.4308841812061977,0.8996095743036177,0,,ok,,2026-07-20T22:35:19.433604+00:00,False,20000
adult,gaussian_copula,fixed,0.01,1,6,2000,9.3139,39.65,False,0.0518090050579047,1.0920239301493817,0.0705354342238191,0.0477995784964068,0.192412661349149,0.7731958762886598,0.89075,0.981476357102637,0.3971306409265052,0.8996095743036177,0,,ok,,2026-07-20T22:35:19.433604+00:00,False,20000
adult,gaussian_copula,fixed,0.01,1,7,2000,8.8683,39.65,False,0.0431774070437418,0.9384180062165098,0.0646883637718879,0.0553947968490879,0.1476406314598055,0.7628865979381443,0.89775,0.9818340556210002,0.4072227081954582,0.8996095743036177,0,,ok,,2026-07-20T22:35:19.433604+00:00,False,20000
adult,gaussian_copula,fixed,0.01,1,8,2000,9.2846,39.65,False,0.0510806779980424,1.016918112150734,0.0743633215894492,0.0535474018794914,0.1814630929250963,0.7319587628865979,0.899,0.9828399042506382,0.401787242155721,0.8996095743036177,0,,ok,,2026-07-20T22:35:19.433604+00:00,False,20000
adult,gaussian_copula,fixed,0.01,1,9,2000,9.5867,39.65,False,0.0507563690998222,1.1333397673202328,0.0807228815750888,0.0674783029297954,0.1821776960516304,0.7422680412371134,0.87875,0.9851200312113034,0.4393731815068731,0.8996095743036177,0,,ok,,2026-07-20T22:35:19.433604+00:00,False,20000
adult,gaussian_copula,fixed,0.01,1,10,2000,8.7214,39.65,False,0.0676461250280548,1.0712793780563594,0.0926828828420046,0.0646432421227197,0.190539936777582,0.711340206185567,0.87575,0.9840167901335968,0.378249487979735,0.8996095743036177,0,,ok,,2026-07-20T22:35:19.433604+00:00,False,20000
adult,gaussian_copula,fixed,0.01,1,11,2000,9.0527,39.65,False,0.0859523757870829,1.115721559634545,0.1156447983763555,0.0631523631840796,0.2085241089839272,0.7216494845360825,0.8805,0.984814043356736,0.3972941241880091,0.8996095743036177,0,,ok,,2026-07-20T22:35:19.433604+00:00,False,20000
adult,gaussian_copula,fixed,0.01,1,12,2000,9.3572,39.65,False,0.0796635699050767,1.0810665348130395,0.1093472031224865,0.0568851920950801,0.1647019652148634,0.711340206185567,0.873,0.9875352606483292,0.3577759221773781,0.8996095743036177,0,,ok,,2026-07-20T22:35:19.433604+00:00,False,20000
adult,gaussian_copula,fixed,0.02,1,0,2000,21.0155,39.26,True,0.0341175946043228,0.8699755057774593,0.0410394651506613,0.024287037037037,0.1036852781701227,0.9278350515463918,0.906,0.9704054926717208,0.626660910604717,0.8996095743036177,0,,ok,,2026-07-20T22:35:19.433604+00:00,False,20000
adult,gaussian_copula,fixed,0.02,1,1,2000,9.7704,39.45,False,0.0362712804987146,0.9972317071785494,0.0554472183109335,0.0291126658374792,0.1427198465882979,0.9072164948453608,0.9095,0.9744733179736068,0.5694156091339774,0.8996095743036177,0,,ok,,2026-07-20T22:35:19.433604+00:00,False,20000
adult,gaussian_copula,fixed,0.02,1,2,2000,9.4521,40.02,False,0.0516924893978543,0.9906006736838128,0.0613152186038758,0.0399074765063571,0.1214348630574899,0.865979381443299,0.8965,0.9790381450233684,0.450528758695559,0.8996095743036177,0,,ok,,2026-07-20T22:35:19.433604+00:00,False,20000
adult,gaussian_copula,fixed,0.0,1,11,2000,9.7966,39.65,False,0.0584230969197488,0.8949809926561247,0.083387663715749,0.0502105444997236,0.179822759866093,0.7628865979381443,0.8825,0.9886944693930256,0.3470736856791548,0.8996095743036177,0,,ok,,2026-07-20T22:35:19.433604+00:00,False,20000
adult,gaussian_copula,fixed,0.0,1,10,2000,9.4625,39.65,False,0.0525388858972663,0.8097455112942912,0.0788887920443706,0.0564341487009397,0.1489108966098335,0.7628865979381443,0.8825,0.9859717142252784,0.2813209277063708,0.8996095743036177,0,,ok,,2026-07-20T22:35:19.433604+00:00,False,20000
adult,gaussian_copula,fixed,0.0,1,9,2000,9.459,39.65,False,0.045390864825709,0.8233338648981229,0.0795425842869069,0.0533934839690436,0.1661389939236724,0.7731958762886598,0.87425,0.9871766160042564,0.3901435426963729,0.8996095743036177,0,,ok,,2026-07-20T22:35:19.433604+00:00,False,20000
adult,gaussian_copula,fixed,0.0,1,8,2000,9.237,39.65,False,0.0323442903761999,0.9056731661150016,0.0617629152678593,0.0476928551686014,0.1704155507556563,0.8350515463917526,0.86325,0.9870408340273856,0.3206458805037343,0.8996095743036177,0,,ok,,2026-07-20T22:35:19.433604+00:00,False,20000
adult,gaussian_copula,fresh,0.35,0,3,2000,9.8274,39.65,False,0.0206702494904303,0.935981249898791,0.0356924671189676,0.0317404643449419,0.1295032674087546,0.865979381443299,0.90225,0.9718805150283564,0.5873547090456892,0.8976610190471932,0,,ok,,2026-07-20T22:35:19.433604+00:00,False,20000
adult,gaussian_copula,fresh,0.35,0,4,2000,9.1477,39.65,False,0.0338354429144398,0.9551426797458688,0.0459596277673671,0.0307153468767274,0.1398950715002236,0.865979381443299,0.89975,0.971602724194944,0.5837936128561637,0.8976610190471932,0,,ok,,2026-07-20T22:35:19.433604+00:00,False,20000
adult,gaussian_copula,fresh,0.35,0,5,2000,9.1263,39.65,False,0.0325592225827857,0.993026721989932,0.0412013836443193,0.0306036829740188,0.1222090408352371,0.8865979381443299,0.901,0.9760998970689476,0.5807677465063361,0.8976610190471932,0,,ok,,2026-07-20T22:35:19.433604+00:00,False,20000
adult,gaussian_copula,fresh,0.35,0,6,2000,9.2979,39.65,False,0.035901147393662,1.043109263823316,0.0434253550948615,0.0294420950801547,0.1410118212606483,0.8969072164948454,0.90175,0.9767595064388198,0.5466813061824144,0.8976610190471932,0,,ok,,2026-07-20T22:35:19.433604+00:00,False,20000
adult,gaussian_copula,fresh,0.35,0,7,2000,9.2277,39.65,False,0.0330518707627255,1.1648865107709538,0.0482779463788578,0.0304109660033167,0.1413515211878911,0.8762886597938144,0.9,0.9760896629362696,0.6079362583779024,0.8976610190471932,0,,ok,,2026-07-20T22:35:19.433604+00:00,False,20000
adult,gaussian_copula,fresh,0.35,0,8,2000,8.8795,39.65,False,0.0418488237976382,1.2149242734642736,0.0497504010923288,0.0344894624101713,0.103216663386518,0.8865979381443299,0.9045,0.9642079563970192,0.5855365601285994,0.8976610190471932,0,,ok,,2026-07-20T22:35:19.433604+00:00,False,20000
adult,gaussian_copula,fresh,0.35,0,9,2000,8.7666,39.65,False,0.0245639067085098,1.0817776483798804,0.0394888724105407,0.0218900635710337,0.1310308838086015,0.865979381443299,0.8915,0.9713211477336912,0.6169616031023728,0.8976610190471932,0,,ok,,2026-07-20T22:35:19.433604+00:00,False,20000
adult,gaussian_copula,fresh,0.35,0,10,2000,9.8988,39.65,False,0.0399256315816951,1.155205214249549,0.0525211632334232,0.028639303482587,0.1244230340188115,0.8969072164948454,0.903,0.9780146935055236,0.6034313061496326,0.8976610190471932,0,,ok,,2026-07-20T22:35:19.433604+00:00,False,20000
adult,gaussian_copula,fixed,0.02,1,3,2000,9.478,39.65,False,0.0487865065768333,1.006089843598435,0.0597588923258584,0.0345240118850193,0.1283304871505199,0.8350515463917526,0.902,0.9783283482408432,0.4550345960347293,0.8996095743036177,0,,ok,,2026-07-20T22:35:19.433604+00:00,False,20000
adult,gaussian_copula,fresh,0.35,0,11,2000,8.7687,39.65,False,0.0257971779542427,1.037189109994997,0.0443106406041906,0.0234179795467108,0.1310115517370834,0.9278350515463918,0.88225,0.9792884577111656,0.5439498539435887,0.8976610190471932,0,,ok,,2026-07-20T22:35:19.433604+00:00,False,20000
adult,gaussian_copula,fixed,0.0,1,0,2000,21.0155,39.26,True,0.0341175946043228,0.8699755057774593,0.0410394651506613,0.024287037037037,0.1036852781701227,0.9278350515463918,0.906,0.9704054926717208,0.626660910604717,0.8996095743036177,0,,ok,,2026-07-20T22:35:19.433604+00:00,False,20000
adult,gaussian_copula,fixed,0.0,1,1,2000,38.5073,39.83,False,0.0344325910707489,1.0990605119531711,0.048000420106542,0.0297929795467109,0.1212915088953272,0.8865979381443299,0.90175,0.973710432401252,0.463083827345416,0.8996095743036177,0,,ok,,2026-07-20T22:35:19.433604+00:00,False,20000
adult,gaussian_copula,fixed,0.0,1,2,2000,9.2313,40.02,False,0.0189835614317986,1.0154004904417733,0.0396713545577708,0.0315140270867882,0.1329435207880162,0.8865979381443299,0.89125,0.9792800483298564,0.5195430192090046,0.8996095743036177,0,,ok,,2026-07-20T22:35:19.433604+00:00,False,20000
adult,gaussian_copula,fixed,0.0,1,3,2000,8.8501,39.65,False,0.0357903180837496,1.0169455993337146,0.0512624950271335,0.0356658374792703,0.1648591592700349,0.865979381443299,0.8895,0.9789448847033996,0.4382286347669201,0.8996095743036177,0,,ok,,2026-07-20T22:35:19.433604+00:00,False,20000
adult,gaussian_copula,fixed,0.0,1,4,2000,9.0777,39.65,False,0.0818865010304995,1.3988583888037531,0.0904788910083052,0.0426849087893863,0.1480565223132354,0.8556701030927835,0.8885,0.9819227951250772,0.3958202178474286,0.8996095743036177,0,,ok,,2026-07-20T22:35:19.433604+00:00,False,20000
adult,gaussian_copula,fixed,0.0,1,5,2000,9.1093,39.65,False,0.028452736222654,0.9878128250142844,0.0539405162978509,0.0458704740187949,0.1675784734482973,0.8247422680412371,0.8855,0.9864635994693156,0.3904050765765168,0.8996095743036177,0,,ok,,2026-07-20T22:35:19.433604+00:00,False,20000
adult,gaussian_copula,fixed,0.0,1,6,2000,9.1785,39.65,False,0.0348396512568063,0.9560702361256066,0.0565773029642127,0.0394448590381426,0.1777740366461849,0.8350515463917526,0.8745,0.9824275306912548,0.3822730710056944,0.8996095743036177,0,,ok,,2026-07-20T22:35:19.433604+00:00,False,20000
adult,gaussian_copula,fixed,0.0,1,7,2000,8.9828,39.65,False,0.0552563156556129,0.8732228430289526,0.0698908890998406,0.048138854339414,0.1676445151913922,0.8247422680412371,0.873,0.9846045670745764,0.3851353557483625,0.8996095743036177,0,,ok,,2026-07-20T22:35:19.433604+00:00,False,20000
adult,gaussian_copula,fresh,0.35,0,12,2000,9.2529,39.65,False,0.0260848361158863,1.009124704798062,0.0434812542446116,0.029584300718629,0.1238990864870215,0.9072164948453608,0.89875,0.9661445823499728,0.588237525214187,0.8976610190471932,0,,ok,,2026-07-20T22:35:19.433604+00:00,False,20000
adult,gaussian_copula,fresh,0.35,0,1,2000,8.6063,39.45,False,0.0377508503674584,0.9693970726485016,0.0491210914453737,0.0237275428413488,0.1133948512934661,0.9175257731958762,0.905,0.9708565043850924,0.6303850311093534,0.8976610190471932,0,,ok,,2026-07-20T22:35:19.433604+00:00,False,20000
adult,gaussian_copula,fixed,0.02,1,4,2000,8.9087,39.65,False,0.0469131656140508,0.9689864149443485,0.0634315078131557,0.043065229408513,0.1847886805615281,0.7835051546391752,0.894,0.9786893823867092,0.4283484368220296,0.8996095743036177,0,,ok,,2026-07-20T22:35:19.433604+00:00,False,20000
adult,gaussian_copula,fixed,0.02,1,6,2000,9.3811,39.65,False,0.0680365567852093,1.0735420807511291,0.0834988184344726,0.052476817302377,0.1786663961670799,0.7731958762886598,0.89325,0.9826727043751964,0.4114320006010886,0.8996095743036177,0,,ok,,2026-07-20T22:35:19.433604+00:00,False,20000
adult,gaussian_copula,fixed,0.1,1,3,2000,9.505,39.65,False,0.0150773103235164,1.03733338334229,0.0404436596434484,0.0365232863460475,0.1559221813365006,0.8350515463917526,0.88675,0.973826100488032,0.5548784165772487,0.8996095743036177,0,,ok,,2026-07-20T22:35:19.433604+00:00,False,20000
adult,gaussian_copula,fixed,0.1,1,4,2000,9.0903,39.65,False,0.0373767179434544,0.8541237542081533,0.057244390299267,0.040129318684356,0.1424294066908961,0.845360824742268,0.896,0.9755874198094616,0.5156933768659285,0.8996095743036177,0,,ok,,2026-07-20T22:35:19.433604+00:00,False,20000
adult,gaussian_copula,fixed,0.1,1,5,2000,9.116,39.65,False,0.0231631497118916,0.9703177696515574,0.0429097263939292,0.042585440851299,0.1771179352197214,0.8041237113402062,0.88625,0.9723045109714592,0.565208119732033,0.8996095743036177,0,,ok,,2026-07-20T22:35:19.433604+00:00,False,20000
adult,gaussian_copula,fixed,0.1,1,6,2000,9.0785,39.65,False,0.0570318666112701,0.8103014659493998,0.0698977211255034,0.0428155749032614,0.1357763116793949,0.7938144329896907,0.89025,0.9729109916139717,0.5227428262417155,0.8996095743036177,0,,ok,,2026-07-20T22:35:19.433604+00:00,False,20000
adult,gaussian_copula,fixed,0.1,1,7,2000,9.1422,39.65,False,0.0569787257902782,0.9758448115568598,0.072957937339877,0.0467078150912106,0.1583169102651359,0.7731958762886598,0.88275,0.976968509095624,0.5505042312890506,0.8996095743036177,0,,ok,,2026-07-20T22:35:19.433604+00:00,False,20000
adult,gaussian_copula,fixed,0.1,1,8,2000,8.9529,39.65,False,0.0547947539057064,0.9755799763086924,0.0743765603614681,0.0414024668325041,0.1661209534818514,0.7628865979381443,0.89225,0.9738775479016304,0.5897901736430233,0.8996095743036177,0,,ok,,2026-07-20T22:35:19.433604+00:00,False,20000
adult,gaussian_copula,fixed,0.1,1,9,2000,9.2565,39.65,False,0.0432269029923058,0.9594761619981824,0.0647807462672284,0.0502931177446102,0.1831734136714961,0.7422680412371134,0.89225,0.975962856216133,0.5470964887585015,0.8996095743036177,0,,ok,,2026-07-20T22:35:19.433604+00:00,False,20000
adult,gaussian_copula,fixed,0.1,1,10,2000,8.9057,39.65,False,0.0614313564490701,0.986624437844052,0.0797368053797352,0.0502541113875069,0.1785791096967528,0.7216494845360825,0.896,0.9772523951836094,0.5139619360351988,0.8996095743036177,0,,ok,,2026-07-20T22:35:19.433604+00:00,False,20000
adult,gaussian_copula,fixed,0.1,1,11,2000,9.2858,39.65,False,0.0654746426226554,1.1469170868246537,0.0845574856646826,0.048172954671089,0.1784432861413518,0.7010309278350515,0.897,0.978566207169297,0.5450839432621621,0.8996095743036177,0,,ok,,2026-07-20T22:35:19.433604+00:00,False,20000
adult,gaussian_copula,fixed,0.1,1,12,2000,9.1916,39.65,False,0.0647320850261287,1.014483361157387,0.0826674652084134,0.0467680348258706,0.1771028696705081,0.7010309278350515,0.87975,0.9788409875004508,0.4674308036688961,0.8996095743036177,0,,ok,,2026-07-20T22:35:19.433604+00:00,False,20000
adult,gaussian_copula,fixed,0.2,1,0,2000,21.0155,39.26,True,0.0341175946043228,0.8699755057774593,0.0410394651506613,0.024287037037037,0.1036852781701227,0.9278350515463918,0.906,0.9704054926717208,0.626660910604717,0.8996095743036177,0,,ok,,2026-07-20T22:35:19.433604+00:00,False,20000
adult,gaussian_copula,fixed,0.2,1,1,2000,8.8923,39.45,False,0.0178903814457732,1.0352105929579971,0.0327295996675468,0.0284746752349364,0.141825092333007,0.8556701030927835,0.90975,0.9730553939098092,0.5923284750142372,0.8996095743036177,0,,ok,,2026-07-20T22:35:19.433604+00:00,False,20000
adult,gaussian_copula,fixed,0.2,1,2,2000,8.8147,40.02,False,0.0287340939597046,1.0136565740046584,0.043234729636053,0.0342345563847429,0.1266621386873074,0.8556701030927835,0.8935,0.9698163274796996,0.6139122321408552,0.8996095743036177,0,,ok,,2026-07-20T22:35:19.433604+00:00,False,20000
adult,gaussian_copula,fixed,0.2,1,3,2000,8.8278,39.65,False,0.0282015343736281,1.115701639913214,0.0517931094115352,0.0331343283582089,0.1626221588397453,0.845360824742268,0.89525,0.9761252658379806,0.5074551252051653,0.8996095743036177,0,,ok,,2026-07-20T22:35:19.433604+00:00,False,20000
adult,gaussian_copula,fixed,0.2,1,4,2000,8.8468,39.65,False,0.0502324340138245,1.072986537086953,0.0681520988747781,0.0411760641238253,0.1532469436357129,0.8247422680412371,0.90625,0.9742612553145068,0.5998007123634782,0.8996095743036177,0,,ok,,2026-07-20T22:35:19.433604+00:00,False,20000
adult,gaussian_copula,fixed,0.2,1,5,2000,8.7837,39.65,False,0.0435235940629538,0.8878033894155971,0.0686786194650317,0.0453055555555555,0.1743614635490454,0.8144329896907216,0.88975,0.97680422522237,0.5852749934665702,0.8996095743036177,0,,ok,,2026-07-20T22:35:19.433604+00:00,False,20000
adult,gaussian_copula,fixed,0.2,1,6,2000,8.8541,39.65,False,0.0665177997409128,0.877451720085447,0.0832071418452132,0.045148631840796,0.1421975765996205,0.8247422680412371,0.90475,0.9727185832821168,0.6221830689955092,0.8996095743036177,0,,ok,,2026-07-20T22:35:19.433604+00:00,False,20000
adult,gaussian_copula,fixed,0.1,1,2,2000,9.051,40.02,False,0.0263170788967897,0.8990729507242158,0.0423422790692024,0.035837271973466,0.1396541240333013,0.8144329896907216,0.896,0.9761851181328848,0.5705599591826191,0.8996095743036177,0,,ok,,2026-07-20T22:35:19.433604+00:00,False,20000
adult,gaussian_copula,fixed,0.1,1,1,2000,8.933,39.45,False,0.0408079367201229,0.9378882457516208,0.0460061846611922,0.0281669430624654,0.136649777812227,0.8762886597938144,0.89925,0.9727128784028372,0.5577791872531442,0.8996095743036177,0,,ok,,2026-07-20T22:35:19.433604+00:00,False,20000
adult,gaussian_copula,fixed,0.1,1,0,2000,21.0155,39.26,True,0.0341175946043228,0.8699755057774593,0.0410394651506613,0.024287037037037,0.1036852781701227,0.9278350515463918,0.906,0.9704054926717208,0.626660910604717,0.8996095743036177,0,,ok,,2026-07-20T22:35:19.433604+00:00,False,20000
adult,gaussian_copula,fixed,0.05,1,12,2000,9.5315,39.65,False,0.0716644311987098,0.8694567614585629,0.0854683283775121,0.0574754007739082,0.1709806505279638,0.7216494845360825,0.89425,0.9785600837897028,0.4128706664150766,0.8996095743036177,0,,ok,,2026-07-20T22:35:19.433604+00:00,False,20000
adult,gaussian_copula,fixed,0.02,1,7,2000,9.0086,39.65,False,0.047025456153897,0.9471863663803258,0.0733078424775916,0.0519019485903814,0.1727576829479707,0.7731958762886598,0.90225,0.9820690300472896,0.4553130453676377,0.8996095743036177,0,,ok,,2026-07-20T22:35:19.433604+00:00,False,20000
adult,gaussian_copula,fixed,0.02,1,8,2000,8.9161,39.65,False,0.072041244782889,1.0572759250410744,0.0855567061728013,0.0526886746821448,0.1479270997629315,0.7628865979381443,0.881,0.9831038226986428,0.3915375268008302,0.8996095743036177,0,,ok,,2026-07-20T22:35:19.433604+00:00,False,20000
adult,gaussian_copula,fixed,0.02,1,9,2000,9.1149,39.65,False,0.0679147130025245,0.9159631607157216,0.0850121382030396,0.0579755044223327,0.1707187523698659,0.7422680412371134,0.87975,0.9831839103837288,0.4203289714631066,0.8996095743036177,0,,ok,,2026-07-20T22:35:19.433604+00:00,False,20000
adult,gaussian_copula,fixed,0.02,1,10,2000,9.2158,39.65,False,0.0690836481089235,0.9108740441721354,0.0847919268368424,0.060553862631288,0.1254114727386999,0.7216494845360825,0.88775,0.9822031087728824,0.4359664552147652,0.8996095743036177,0,,ok,,2026-07-20T22:35:19.433604+00:00,False,20000
adult,gaussian_copula,fixed,0.02,1,11,2000,9.3403,39.65,False,0.0784420954061027,0.889268412419708,0.0971116516614318,0.0562565298507462,0.1594276656221833,0.7216494845360825,0.89575,0.9818013068464304,0.4048962433664216,0.8996095743036177,0,,ok,,2026-07-20T22:35:19.433604+00:00,False,20000
adult,gaussian_copula,fixed,0.02,1,12,2000,9.1496,39.65,False,0.0797850592293052,0.9028608003295338,0.0957101003316619,0.0628143311221669,0.1804495537337327,0.7319587628865979,0.88775,0.9848981124198088,0.399922051233366,0.8996095743036177,0,,ok,,2026-07-20T22:35:19.433604+00:00,False,20000
adult,gaussian_copula,fixed,0.05,1,0,2000,21.0155,39.26,True,0.0341175946043228,0.8699755057774593,0.0410394651506613,0.024287037037037,0.1036852781701227,0.9278350515463918,0.906,0.9704054926717208,0.626660910604717,0.8996095743036177,0,,ok,,2026-07-20T22:35:19.433604+00:00,False,20000
adult,gaussian_copula,fixed,0.05,1,1,2000,9.0773,39.45,False,0.05308828772877,0.9723184967823216,0.0660109954655141,0.0299846600331675,0.1230367388370913,0.8762886597938144,0.89775,0.9734576728366192,0.5541954715628292,0.8996095743036177,0,,ok,,2026-07-20T22:35:19.433604+00:00,False,20000
adult,gaussian_copula,fixed,0.02,1,5,2000,9.1717,39.65,False,0.0726317806366443,1.1431595490694395,0.0882432076339529,0.048633395522388,0.1769486384856298,0.7731958762886598,0.8905,0.9821553659870634,0.3587698689367117,0.8996095743036177,0,,ok,,2026-07-20T22:35:19.433604+00:00,False,20000
adult,gaussian_copula,fixed,0.05,1,2,2000,9.0446,40.02,False,0.0401704722738365,1.0235925522298948,0.0558261848057229,0.0449618228302929,0.1406849751808453,0.8041237113402062,0.894,0.9773569178870276,0.4669229467033422,0.8996095743036177,0,,ok,,2026-07-20T22:35:19.433604+00:00,False,20000
adult,gaussian_copula,fixed,0.05,1,4,2000,9.1558,39.65,False,0.0571385916661727,1.1757917398855335,0.0716945298925851,0.0487768449419568,0.1492767630118706,0.7835051546391752,0.89175,0.9723806791536046,0.4403721766765278,0.8996095743036177,0,,ok,,2026-07-20T22:35:19.433604+00:00,False,20000
adult,gaussian_copula,fixed,0.05,1,5,2000,9.1906,39.65,False,0.0552458115762285,0.9925863313672214,0.0679146758450444,0.0507297885572139,0.1644411112290428,0.7835051546391752,0.89825,0.9781031590718952,0.4206951451208163,0.8996095743036177,0,,ok,,2026-07-20T22:35:19.433604+00:00,False,20000
adult,gaussian_copula,fixed,0.05,1,6,2000,9.2429,39.65,False,0.0478004447330641,0.9899811003661436,0.0636018255087525,0.0501721600331675,0.1548326210855638,0.7628865979381443,0.91125,0.9803235811127669,0.4363248923475672,0.8996095743036177,0,,ok,,2026-07-20T22:35:19.433604+00:00,False,20000
adult,gaussian_copula,fixed,0.05,1,7,2000,9.3329,39.65,False,0.0726168988832912,1.0457301594475863,0.0873346266438669,0.0534440298507462,0.172852167060179,0.7422680412371134,0.904,0.9802099234024948,0.46997074413437,0.8996095743036177,0,,ok,,2026-07-20T22:35:19.433604+00:00,False,20000
adult,gaussian_copula,fixed,0.05,1,8,2000,9.1631,39.65,False,0.0591289843378697,0.8706852196351794,0.0765856626581079,0.0550414939192924,0.1505675932350737,0.7216494845360825,0.89425,0.9823617901419328,0.4456798917096317,0.8996095743036177,0,,ok,,2026-07-20T22:35:19.433604+00:00,False,20000
adult,gaussian_copula,fixed,0.05,1,9,2000,8.9366,39.65,False,0.0762178237420441,0.8094857400606693,0.0847013649495456,0.0545620854063018,0.1608218996782577,0.7319587628865979,0.89475,0.9827802128308548,0.4264938344485949,0.8996095743036177,0,,ok,,2026-07-20T22:35:19.433604+00:00,False,20000
adult,gaussian_copula,fixed,0.05,1,10,2000,9.2877,39.65,False,0.0590502178351649,0.8656062622499352,0.0773502990198189,0.055107483416252,0.1637087034910796,0.7319587628865979,0.90075,0.9759037745468068,0.4760710268060097,0.8996095743036177,0,,ok,,2026-07-20T22:35:19.433604+00:00,False,20000
adult,gaussian_copula,fixed,0.05,1,11,2000,8.867,39.65,False,0.0626907467548188,0.8298968323632608,0.0791125581487322,0.064286587893864,0.1460628735396571,0.7010309278350515,0.89675,0.9761029739462562,0.4597243725317699,0.8996095743036177,0,,ok,,2026-07-20T22:35:19.433604+00:00,False,20000
adult,gaussian_copula,fixed,0.05,1,3,2000,8.6514,39.65,False,0.0493693048299323,1.0355817262164242,0.0616837704249161,0.0432887990602542,0.1598064573803858,0.8144329896907216,0.913,0.9735722226725602,0.4379105849166874,0.8996095743036177,0,,ok,,2026-07-20T22:35:19.433604+00:00,False,20000
adult,gaussian_copula,fresh,0.35,14,11,2000,4.9227,39.65,False,0.0268380819484232,1.0345443804987389,0.036453869932053,0.0281063778330569,0.1224404933265908,0.865979381443299,0.90025,0.9658136071016588,0.6125618479437169,0.898414674587994,0,,ok,,2026-07-20T22:35:19.433604+00:00,False,20000
adult,gaussian_copula,fresh,0.05,3,5,2000,9.0974,39.65,False,0.0489373581502998,1.0055979943095128,0.0635338536856787,0.0392032891100055,0.1515058563122465,0.8247422680412371,0.88825,0.9769323886935246,0.4739045047948752,0.8911309658605514,0,,ok,,2026-07-20T22:35:19.433604+00:00,False,20000
adult,gaussian_copula,fresh,0.05,3,7,2000,9.1592,39.65,False,0.0498893764240489,1.1674143867563638,0.0663920283326968,0.0467834438916528,0.1884402994242606,0.7628865979381443,0.89725,0.9811713423737995,0.5122418705186343,0.8911309658605514,0,,ok,,2026-07-20T22:35:19.433604+00:00,False,20000
adult,gaussian_copula,fixed,0.05,6,1,2000,8.717,39.45,False,0.0296203440544882,1.029582699926207,0.0419736157372292,0.0279750207296849,0.1262119808716669,0.845360824742268,0.907,0.9760805718044492,0.5445378954003474,0.8922316504381038,0,,ok,,2026-07-20T22:35:19.433604+00:00,False,20000
adult,gaussian_copula,fixed,0.05,6,2,2000,9.0051,40.02,False,0.0292148339511977,0.9787063835463752,0.0479209875808621,0.0336430693753455,0.1457313467675384,0.845360824742268,0.89475,0.9742796097032772,0.4644339165055874,0.8922316504381038,0,,ok,,2026-07-20T22:35:19.433604+00:00,False,20000
adult,gaussian_copula,fixed,0.05,6,3,2000,8.9921,39.65,False,0.0374654035913746,1.0436808437412226,0.0494011447856698,0.0288493642896627,0.1844953137772127,0.845360824742268,0.883,0.974858253887405,0.4542259652724444,0.8922316504381038,0,,ok,,2026-07-20T22:35:19.433604+00:00,False,20000
adult,gaussian_copula,fixed,0.05,6,4,2000,8.97,39.65,False,0.0144825044043984,0.911299355130565,0.05058355385591,0.0392826492537313,0.1393350950505793,0.8041237113402062,0.9,0.9769455242033795,0.462269853135843,0.8922316504381038,0,,ok,,2026-07-20T22:35:19.433604+00:00,False,20000
adult,gaussian_copula,fixed,0.05,6,5,2000,9.293,39.65,False,0.0442241978807727,0.8985848243790779,0.0668398777204624,0.0444730168601437,0.1688423291147198,0.7938144329896907,0.89625,0.979478789853962,0.4381217986030458,0.8922316504381038,0,,ok,,2026-07-20T22:35:19.433604+00:00,False,20000
adult,gaussian_copula,fixed,0.05,6,6,2000,8.529,39.65,False,0.0333933882765327,0.89217003493638,0.0607982500830471,0.0437687603648424,0.1619066549940971,0.7938144329896907,0.882,0.981128033216307,0.45183423170997,0.8922316504381038,0,,ok,,2026-07-20T22:35:19.433604+00:00,False,20000
adult,gaussian_copula,fixed,0.05,6,7,2000,9.2513,39.65,False,0.0177103805699081,0.9177921363072966,0.0477014854937863,0.0529340450525152,0.1582516717664821,0.7835051546391752,0.87675,0.9811310245935512,0.4401772228052298,0.8922316504381038,0,,ok,,2026-07-20T22:35:19.433604+00:00,False,20000
adult,gaussian_copula,fixed,0.05,6,8,2000,9.0995,39.65,False,0.048234615126504,0.9619542355457114,0.0710951592372836,0.0475876174682144,0.1608545667047715,0.7422680412371134,0.89,0.979408629176324,0.4702742716094581,0.8922316504381038,0,,ok,,2026-07-20T22:35:19.433604+00:00,False,20000
adult,gaussian_copula,fixed,0.05,6,9,2000,9.3261,39.65,False,0.0381951211764324,0.8812609469608611,0.0633659007310571,0.0663986663902708,0.2127539993888371,0.7628865979381443,0.88225,0.980826636490184,0.4427944629560108,0.8922316504381038,0,,ok,,2026-07-20T22:35:19.433604+00:00,False,20000
adult,gaussian_copula,fixed,0.05,6,10,2000,9.285,39.65,False,0.0238235047499801,0.9019542142828112,0.0621054006968225,0.0642505182421227,0.169543452161296,0.7525773195876289,0.877,0.9838224743628112,0.4878340851093793,0.8922316504381038,0,,ok,,2026-07-20T22:35:19.433604+00:00,False,20000
adult,gaussian_copula,fixed,0.05,6,11,2000,9.4798,39.65,False,0.0305187748084471,0.8745844335792409,0.0693218058183757,0.0624439607517965,0.1736832371625974,0.7422680412371134,0.84725,0.981324803738934,0.4967697385959361,0.8922316504381038,0,,ok,,2026-07-20T22:35:19.433604+00:00,False,20000
adult,gaussian_copula,fixed,0.05,6,12,2000,8.9667,39.65,False,0.0395731844295663,0.903697126100051,0.076380238558231,0.0672221531232725,0.1978992999642956,0.7319587628865979,0.875,0.9791447793533706,0.4430009560509,0.8922316504381038,0,,ok,,2026-07-20T22:35:19.433604+00:00,False,20000
adult,gaussian_copula,fixed,0.1,6,0,2000,9.9563,39.26,True,0.0364936755408425,1.1116085312561257,0.047975043726398,0.0266257946379215,0.114360688033954,0.8865979381443299,0.886,0.9708386607467052,0.6820622638147126,0.8922316504381038,0,,ok,,2026-07-20T22:35:19.433604+00:00,False,20000
adult,gaussian_copula,fixed,0.1,6,1,2000,9.007,39.45,False,0.0141447283974243,0.9389824148365372,0.0358263195800118,0.0257841348811498,0.117927519487425,0.8350515463917526,0.9055,0.9730697888581088,0.5856523785290191,0.8922316504381038,0,,ok,,2026-07-20T22:35:19.433604+00:00,False,20000
adult,gaussian_copula,fixed,0.1,6,2,2000,8.9559,40.02,False,0.0096015320215839,0.952333007265061,0.0368260228345415,0.0299628247650635,0.1310794698241934,0.7731958762886598,0.8895,0.978091574938204,0.5145207688322424,0.8922316504381038,0,,ok,,2026-07-20T22:35:19.433604+00:00,False,20000
adult,gaussian_copula,fixed,0.1,6,3,2000,9.2131,39.65,False,0.0396552944666839,0.9920659919421349,0.0562663184024778,0.0329453081813156,0.1324213601383365,0.7628865979381443,0.8965,0.9772759302012668,0.464586516181204,0.8922316504381038,0,,ok,,2026-07-20T22:35:19.433604+00:00,False,20000
adult,gaussian_copula,fixed,0.1,6,4,2000,8.9482,39.65,False,0.0543137950532286,1.234234412508705,0.0731242624849345,0.0362174198452183,0.1371629298930818,0.7525773195876289,0.90025,0.9801277162158192,0.4482744795777378,0.8922316504381038,0,,ok,,2026-07-20T22:35:19.433604+00:00,False,20000
adult,gaussian_copula,fixed,0.05,6,0,2000,9.9563,39.26,True,0.0364936755408425,1.1116085312561257,0.047975043726398,0.0266257946379215,0.114360688033954,0.8865979381443299,0.886,0.9708386607467052,0.6820622638147126,0.8922316504381038,0,,ok,,2026-07-20T22:35:19.433604+00:00,False,20000
adult,gaussian_copula,fixed,0.1,6,5,2000,9.1303,39.65,False,0.0361821331496782,1.0590325857886895,0.0597538931010966,0.0465321655610834,0.1486768923654669,0.7525773195876289,0.8975,0.9824678636590148,0.4317948619771175,0.8922316504381038,0,,ok,,2026-07-20T22:35:19.433604+00:00,False,20000
adult,gaussian_copula,fixed,0.02,6,12,2000,9.1872,39.65,False,0.0730171995336646,1.0228054147931145,0.1173726414977887,0.0564398148148148,0.1601639037831689,0.7216494845360825,0.88975,0.9789337359450356,0.3540558994083919,0.8922316504381038,0,,ok,,2026-07-20T22:35:19.433604+00:00,False,20000
adult,gaussian_copula,fixed,0.02,6,10,2000,9.4169,39.65,False,0.0669719361950403,0.9449821208287164,0.1039070705954146,0.0600650912106136,0.1685113087114264,0.7010309278350515,0.89675,0.979960930340688,0.4225189980859313,0.8922316504381038,0,,ok,,2026-07-20T22:35:19.433604+00:00,False,20000
adult,gaussian_copula,fixed,0.01,6,6,2000,9.1229,39.65,False,0.0567063078493474,1.0862947129708378,0.08260892267342,0.0592382186290768,0.2186314671507595,0.7525773195876289,0.88625,0.9832476416815432,0.4701193772018772,0.8922316504381038,0,,ok,,2026-07-20T22:35:19.433604+00:00,False,20000
adult,gaussian_copula,fixed,0.01,6,7,2000,8.9828,39.65,False,0.063173092882635,1.1179366941718534,0.0971241283564902,0.0661774115533443,0.1926362266925016,0.7422680412371134,0.8755,0.9866104075794584,0.4129631113313471,0.8922316504381038,0,,ok,,2026-07-20T22:35:19.433604+00:00,False,20000
adult,gaussian_copula,fixed,0.01,6,8,2000,9.6553,39.65,False,0.0656175256874039,1.0851052561802108,0.1007364999949533,0.0658332642343836,0.1892820871374017,0.711340206185567,0.87325,0.9810363017724854,0.4001974518509504,0.8922316504381038,0,,ok,,2026-07-20T22:35:19.433604+00:00,False,20000
adult,gaussian_copula,fixed,0.01,6,9,2000,9.9841,39.65,False,0.0677898434834301,1.0626849405287944,0.1016593900018298,0.0608807352128247,0.174746325248683,0.711340206185567,0.875,0.9806780036286722,0.3708028532828369,0.8922316504381038,0,,ok,,2026-07-20T22:35:19.433604+00:00,False,20000
adult,gaussian_copula,fixed,0.01,6,10,2000,9.7184,39.65,False,0.0526726661692688,1.0291473799323614,0.0873468250693529,0.0613330914870093,0.2055883921267047,0.7216494845360825,0.87875,0.9849816921075144,0.4151032111430086,0.8922316504381038,0,,ok,,2026-07-20T22:35:19.433604+00:00,False,20000
adult,gaussian_copula,fixed,0.01,6,11,2000,9.7311,39.65,False,0.0489519367152769,1.160935748767284,0.0984640715551898,0.0658720632946379,0.1899205886110942,0.711340206185567,0.865,0.982237336923562,0.4789757640900148,0.8922316504381038,0,,ok,,2026-07-20T22:35:19.433604+00:00,False,20000
adult,gaussian_copula,fixed,0.01,6,12,2000,9.6126,39.65,False,0.0436876481877354,0.953790689933869,0.0795297632927964,0.0639730859590934,0.2032180766205475,0.711340206185567,0.86575,0.9852314355448843,0.4648745706064767,0.8922316504381038,0,,ok,,2026-07-20T22:35:19.433604+00:00,False,20000
adult,gaussian_copula,fixed,0.02,6,0,2000,9.9563,39.26,True,0.0364936755408425,1.1116085312561257,0.047975043726398,0.0266257946379215,0.114360688033954,0.8865979381443299,0.886,0.9708386607467052,0.6820622638147126,0.8922316504381038,0,,ok,,2026-07-20T22:35:19.433604+00:00,False,20000
adult,gaussian_copula,fixed,0.02,6,1,2000,9.0189,39.45,False,0.0322674137255332,1.0109511800477564,0.048777388566504,0.0293585889994472,0.1125681576749159,0.8762886597938144,0.884,0.9769206898097474,0.5560306014964538,0.8922316504381038,0,,ok,,2026-07-20T22:35:19.433604+00:00,False,20000
adult,gaussian_copula,fixed,0.02,6,2,2000,8.7235,40.02,False,0.0284403263653213,1.014527283501563,0.0496418577071094,0.0284138336097291,0.1222570758927737,0.8350515463917526,0.8985,0.975207428274373,0.4964796189118958,0.8922316504381038,0,,ok,,2026-07-20T22:35:19.433604+00:00,False,20000
adult,gaussian_copula,fixed,0.02,6,3,2000,9.4403,39.65,False,0.0196334845123858,0.979393236567068,0.0420776756604204,0.0383998065229408,0.1495250945388556,0.8041237113402062,0.88875,0.9771567813618752,0.4874718780597792,0.8922316504381038,0,,ok,,2026-07-20T22:35:19.433604+00:00,False,20000
adult,gaussian_copula,fixed,0.02,6,4,2000,9.1716,39.65,False,0.0236634882939367,0.9089199219498468,0.0571346272617752,0.0389131080707573,0.1702484959508297,0.7835051546391752,0.89425,0.9783430373768636,0.4105239095990998,0.8922316504381038,0,,ok,,2026-07-20T22:35:19.433604+00:00,False,20000
adult,gaussian_copula,fixed,0.02,6,5,2000,8.7807,39.65,False,0.0317820481963574,0.9393621518962668,0.0630822058473374,0.044709991708126,0.1906773715765199,0.7835051546391752,0.88475,0.9786398418495414,0.4410791180309154,0.8922316504381038,0,,ok,,2026-07-20T22:35:19.433604+00:00,False,20000
adult,gaussian_copula,fixed,0.02,6,6,2000,9.2908,39.65,False,0.048321946736302,0.9574837837790224,0.07869558965551,0.0457994057490326,0.1722561180089833,0.7422680412371134,0.90275,0.976257867437465,0.4023656785201155,0.8922316504381038,0,,ok,,2026-07-20T22:35:19.433604+00:00,False,20000
adult,gaussian_copula,fixed,0.02,6,7,2000,7.7615,39.65,False,0.0557436983681002,0.9347302667863924,0.0867567757209098,0.0498804933665008,0.1729810563245413,0.7525773195876289,0.8845,0.9786120532036928,0.3901386581954779,0.8922316504381038,0,,ok,,2026-07-20T22:35:19.433604+00:00,False,20000
adult,gaussian_copula,fixed,0.02,6,8,2000,9.0928,39.65,False,0.0386890496002335,0.91443379064851,0.0785874378793988,0.0577199074074074,0.1842131423117376,0.711340206185567,0.87425,0.9793489911940806,0.4490522625860474,0.8922316504381038,0,,ok,,2026-07-20T22:35:19.433604+00:00,False,20000
adult,gaussian_copula,fixed,0.02,6,9,2000,9.9906,39.65,False,0.0413526366769542,0.9752766306486216,0.0961762373800041,0.0522790561083471,0.1689882300567609,0.7216494845360825,0.893,0.9787426916767044,0.4839282873969517,0.8922316504381038,0,,ok,,2026-07-20T22:35:19.433604+00:00,False,20000
adult,gaussian_copula,fixed,0.02,6,11,2000,9.4157,39.65,False,0.0636384273756747,1.0348378257575357,0.1138798290173754,0.0644639994472084,0.1743826862886415,0.7216494845360825,0.87775,0.9820126573799962,0.4546023013145666,0.8922316504381038,0,,ok,,2026-07-20T22:35:19.433604+00:00,False,20000
adult,gaussian_copula,fixed,0.1,6,6,2000,8.8209,39.65,False,0.0490506000148053,1.2035387031156384,0.0768686720981005,0.0431207849640685,0.1492260279279685,0.7319587628865979,0.88575,0.9777420844259987,0.4777153333858718,0.8922316504381038,0,,ok,,2026-07-20T22:35:19.433604+00:00,False,20000
adult,gaussian_copula,fixed,0.1,6,7,2000,9.1547,39.65,False,0.0704342580023223,1.3336328157725978,0.0905464062819547,0.0392539040906578,0.1428429802750231,0.7525773195876289,0.89775,0.9803360922471532,0.4594582164058124,0.8922316504381038,0,,ok,,2026-07-20T22:35:19.433604+00:00,False,20000
adult,gaussian_copula,fixed,0.1,6,8,2000,9.184,39.65,False,0.0414919123428447,1.0820416960446946,0.0683742221060898,0.0432364566058596,0.1509347938686433,0.711340206185567,0.895,0.9780995511941885,0.4293785092188562,0.8922316504381038,0,,ok,,2026-07-20T22:35:19.433604+00:00,False,20000
adult,gaussian_copula,fixed,0.35,6,5,2000,8.9579,39.65,False,0.0321563735216937,0.8701825087824596,0.0594961697608692,0.0415535862354892,0.1440096114729954,0.865979381443299,0.89075,0.9665914371852256,0.6215214649883566,0.8922316504381038,0,,ok,,2026-07-20T22:35:19.433604+00:00,False,20000
adult,gaussian_copula,fixed,0.35,6,6,2000,9.1767,39.65,False,0.0399028539105215,0.8798925807795719,0.0582118676810354,0.0469375,0.1295702764585534,0.8865979381443299,0.90225,0.9684466344520876,0.587742289274436,0.8922316504381038,0,,ok,,2026-07-20T22:35:19.433604+00:00,False,20000
adult,gaussian_copula,fixed,0.35,6,7,2000,9.3572,39.65,False,0.0361991566853295,0.7946136289128057,0.0572608944696455,0.0407395660585959,0.1479060446169078,0.865979381443299,0.88725,0.9727604940635608,0.5616990811762088,0.8922316504381038,0,,ok,,2026-07-20T22:35:19.433604+00:00,False,20000
adult,gaussian_copula,fixed,0.35,6,8,2000,9.3048,39.65,False,0.0311687753312409,0.7852737826611832,0.0604991291644078,0.0470837133775566,0.1369711162475348,0.865979381443299,0.9085,0.9699333196924732,0.6100545910177897,0.8922316504381038,0,,ok,,2026-07-20T22:35:19.433604+00:00,False,20000
adult,gaussian_copula,fixed,0.35,6,9,2000,8.7582,39.65,False,0.0557238304261711,0.7791839338473764,0.0710490228037556,0.0483460475400773,0.1604393045911076,0.8762886597938144,0.89325,0.9699256415617126,0.6528416059294825,0.8922316504381038,0,,ok,,2026-07-20T22:35:19.433604+00:00,False,20000
adult,gaussian_copula,fixed,0.35,6,10,2000,9.2819,39.65,False,0.0305629252189151,0.8806794654516471,0.0529174862937711,0.0545964966832504,0.1593622997343972,0.865979381443299,0.8905,0.968218678906064,0.5392186083617673,0.8922316504381038,0,,ok,,2026-07-20T22:35:19.433604+00:00,False,20000
adult,gaussian_copula,fixed,0.35,6,11,2000,7.9536,39.65,False,0.0329540437766402,0.8382674280636887,0.0611902038456486,0.0511508775566611,0.1171511841345533,0.865979381443299,0.89025,0.9719203895582722,0.6238465201963295,0.8922316504381038,0,,ok,,2026-07-20T22:35:19.433604+00:00,False,20000
adult,gaussian_copula,fixed,0.35,6,12,2000,9.0589,39.65,False,0.0353285446225069,0.7518529355375566,0.0594630618732632,0.0517690022111663,0.1670061291609453,0.865979381443299,0.889,0.966063506914146,0.6493815435101505,0.8922316504381038,0,,ok,,2026-07-20T22:35:19.433604+00:00,False,20000
adult,gaussian_copula,fresh,0.0,6,0,2000,9.9563,39.26,True,0.0364936755408425,1.1116085312561257,0.047975043726398,0.0266257946379215,0.114360688033954,0.8865979381443299,0.886,0.9708386607467052,0.6820622638147126,0.8922316504381038,0,,ok,,2026-07-20T22:35:19.433604+00:00,False,20000
adult,gaussian_copula,fresh,0.0,6,1,2000,9.4499,39.45,False,0.0292981050251472,1.064486757013806,0.0455332182625407,0.0265983623548921,0.1264321961527067,0.8556701030927835,0.90625,0.9773516286955594,0.5814682298293388,0.8922316504381038,0,,ok,,2026-07-20T22:35:19.433604+00:00,False,20000
adult,gaussian_copula,fresh,0.0,6,2,2000,8.9984,40.02,False,0.0303856607347618,1.0700502019669345,0.0484973314818089,0.0399008775566611,0.1631424240532583,0.8865979381443299,0.89025,0.9772414950504316,0.4422683792622843,0.8922316504381038,0,,ok,,2026-07-20T22:35:19.433604+00:00,False,20000
adult,gaussian_copula,fresh,0.0,6,3,2000,9.2937,39.65,False,0.0457584765206321,1.019634522258276,0.0637155074357852,0.0458265961857379,0.1627754259717402,0.8350515463917526,0.87575,0.980333280870044,0.4159133170901277,0.8922316504381038,0,,ok,,2026-07-20T22:35:19.433604+00:00,False,20000
adult,gaussian_copula,fresh,0.0,6,4,2000,8.9248,39.65,False,0.0490960340356912,1.2576214343517833,0.0753311929507649,0.0419602681039248,0.1944511593416313,0.7938144329896907,0.88975,0.9822199342855056,0.4500538147427481,0.8922316504381038,0,,ok,,2026-07-20T22:35:19.433604+00:00,False,20000
adult,gaussian_copula,fresh,0.0,6,5,2000,9.3546,39.65,False,0.0486044225274068,1.118150239020924,0.0826730713695231,0.0489221254836926,0.1753996082881609,0.7835051546391752,0.87525,0.9811147593313482,0.420379750603285,0.8922316504381038,0,,ok,,2026-07-20T22:35:19.433604+00:00,False,20000
adult,gaussian_copula,fresh,0.0,6,6,2000,8.6528,39.65,False,0.0554102580526927,1.082308557892239,0.083629786030652,0.0550391791044775,0.1965133445475789,0.7731958762886598,0.88425,0.979939356199502,0.4128717154354031,0.8922316504381038,0,,ok,,2026-07-20T22:35:19.433604+00:00,False,20000
adult,gaussian_copula,fresh,0.0,6,7,2000,9.1459,39.65,False,0.0697813162347449,0.991260113581342,0.1023618207549282,0.0461907822001105,0.1629455184723537,0.7216494845360825,0.8795,0.983122756462848,0.3426804868975394,0.8922316504381038,0,,ok,,2026-07-20T22:35:19.433604+00:00,False,20000
adult,gaussian_copula,fresh,0.0,6,8,2000,8.9691,39.65,False,0.068671861120403,1.0286881301236053,0.0875529793431115,0.0522281301824212,0.1825160172795497,0.7216494845360825,0.873,0.98507138954981,0.3176340775826585,0.8922316504381038,0,,ok,,2026-07-20T22:35:19.433604+00:00,False,20000
adult,gaussian_copula,fixed,0.35,6,4,2000,8.6572,39.65,False,0.0256247652719247,0.9118466263571982,0.051136899186527,0.0354051271420674,0.1549564155760145,0.865979381443299,0.89925,0.9742013197695402,0.5860158968540273,0.8922316504381038,0,,ok,,2026-07-20T22:35:19.433604+00:00,False,20000
adult,gaussian_copula,fixed,0.35,6,3,2000,9.4837,39.65,False,0.0316566363627094,0.8840432463093969,0.0531314259755225,0.041138405196241,0.1463034435274955,0.8865979381443299,0.88875,0.9709310379410112,0.6390262049211379,0.8922316504381038,0,,ok,,2026-07-20T22:35:19.433604+00:00,False,20000
adult,gaussian_copula,fixed,0.35,6,2,2000,9.6458,40.02,False,0.0238771493200823,0.8997403229803895,0.0389086183624393,0.0357057766721945,0.1342131069888203,0.8762886597938144,0.904,0.9712037415206072,0.650625025979644,0.8922316504381038,0,,ok,,2026-07-20T22:35:19.433604+00:00,False,20000
adult,gaussian_copula,fixed,0.35,6,1,2000,9.3215,39.45,False,0.030830610878185,0.9711650758744618,0.0405721287155149,0.034947726644555,0.1139576409555675,0.9072164948453608,0.89225,0.9707991732170798,0.6522997213670885,0.8922316504381038,0,,ok,,2026-07-20T22:35:19.433604+00:00,False,20000
adult,gaussian_copula,fixed,0.1,6,9,2000,9.3257,39.65,False,0.0431162495303456,1.070169156240819,0.0677792785781431,0.0410817095080154,0.1389062041896738,0.711340206185567,0.88275,0.979856080262024,0.4436746893555776,0.8922316504381038,0,,ok,,2026-07-20T22:35:19.433604+00:00,False,20000
adult,gaussian_copula,fixed,0.1,6,10,2000,8.8421,39.65,False,0.0447967370842584,0.8787724208988661,0.0827688992863834,0.0500310599778883,0.1333253552449102,0.7010309278350515,0.89225,0.9826966410181548,0.3987876013140553,0.8922316504381038,0,,ok,,2026-07-20T22:35:19.433604+00:00,False,20000
adult,gaussian_copula,fixed,0.1,6,11,2000,9.0152,39.65,False,0.04161879598455,1.1248695429947329,0.0710490848115773,0.0457738391376451,0.1563998540890609,0.7010309278350515,0.90425,0.980204217398214,0.4958025090730423,0.8922316504381038,0,,ok,,2026-07-20T22:35:19.433604+00:00,False,20000
adult,gaussian_copula,fixed,0.1,6,12,2000,8.9812,39.65,False,0.0425992987550284,1.129562132335053,0.0732360044972437,0.0518105306799336,0.1309852066011265,0.7010309278350515,0.89725,0.9799160191819934,0.4436375474796434,0.8922316504381038,0,,ok,,2026-07-20T22:35:19.433604+00:00,False,20000
adult,gaussian_copula,fixed,0.2,6,0,2000,9.9563,39.26,True,0.0364936755408425,1.1116085312561257,0.047975043726398,0.0266257946379215,0.114360688033954,0.8865979381443299,0.886,0.9708386607467052,0.6820622638147126,0.8922316504381038,0,,ok,,2026-07-20T22:35:19.433604+00:00,False,20000
adult,gaussian_copula,fixed,0.2,6,1,2000,9.296,39.45,False,0.0318459768670081,1.1193302226914317,0.0455272842778525,0.0281811774461028,0.1124723120810417,0.865979381443299,0.89875,0.9788206339851806,0.5776733660164358,0.8922316504381038,0,,ok,,2026-07-20T22:35:19.433604+00:00,False,20000
adult,gaussian_copula,fixed,0.2,6,2,2000,8.9902,40.02,False,0.0248554377573755,1.062172057407749,0.0404914741231804,0.031235903814262,0.1365359687865421,0.8556701030927835,0.89,0.9747048645223244,0.6026401481321604,0.8922316504381038,0,,ok,,2026-07-20T22:35:19.433604+00:00,False,20000
adult,gaussian_copula,fixed,0.2,6,3,2000,8.6725,39.65,False,0.0329543984446638,1.045491369145892,0.0524392190806032,0.0428226229961304,0.1443403029967781,0.8247422680412371,0.89375,0.9742567114360976,0.5740468699659318,0.8922316504381038,0,,ok,,2026-07-20T22:35:19.433604+00:00,False,20000
adult,gaussian_copula,fixed,0.01,6,5,2000,9.3742,39.65,False,0.0669752062496295,1.0802933432312678,0.0857284081829404,0.0531978993919292,0.1886733818586003,0.7422680412371134,0.884,0.9819493445824956,0.35701056350356,0.8922316504381038,0,,ok,,2026-07-20T22:35:19.433604+00:00,False,20000
adult,gaussian_copula,fixed,0.2,6,4,2000,8.6222,39.65,False,0.0506656372128441,1.1618521497058458,0.0695074123872446,0.0491050995024875,0.1495592942188184,0.8350515463917526,0.895,0.977349645881572,0.5886227779290844,0.8922316504381038,0,,ok,,2026-07-20T22:35:19.433604+00:00,False,20000
adult,gaussian_copula,fixed,0.2,6,6,2000,9.141,39.65,False,0.0430823955991541,1.0239432264993578,0.0655891205402068,0.0689013957987838,0.1625746171186064,0.7422680412371134,0.87725,0.9730556279099848,0.5311025675690383,0.8922316504381038,0,,ok,,2026-07-20T22:35:19.433604+00:00,False,20000
adult,gaussian_copula,fixed,0.2,6,7,2000,8.5414,39.65,False,0.0381806542805409,0.9674103754149916,0.0672933779223942,0.0585042495854063,0.1805563231403278,0.7525773195876289,0.86775,0.9802687778216508,0.6062376977780307,0.8922316504381038,0,,ok,,2026-07-20T22:35:19.433604+00:00,False,20000
adult,gaussian_copula,fixed,0.2,6,8,2000,8.1755,39.65,False,0.0283132467399019,1.043382545176421,0.0654535703359364,0.0550789800995025,0.1598586980916789,0.7525773195876289,0.883,0.9721637137408262,0.5475452399850357,0.8922316504381038,0,,ok,,2026-07-20T22:35:19.433604+00:00,False,20000
adult,gaussian_copula,fixed,0.2,6,9,2000,8.7017,39.65,False,0.0542883070696181,1.1985997338221637,0.0844001133563032,0.0574171158098396,0.1554012445909274,0.7319587628865979,0.8765,0.9780641682301422,0.5351929272951548,0.8922316504381038,0,,ok,,2026-07-20T22:35:19.433604+00:00,False,20000
adult,gaussian_copula,fixed,0.2,6,10,2000,9.3319,39.65,False,0.04606574368097,1.2334870164430514,0.0796324513376098,0.0609770591487009,0.1548553298995775,0.7319587628865979,0.867,0.9785464296544588,0.5504511574169081,0.8922316504381038,0,,ok,,2026-07-20T22:35:19.433604+00:00,False,20000
adult,gaussian_copula,fixed,0.2,6,11,2000,8.8068,39.65,False,0.0535533216349024,1.1152128713444864,0.0892781123733406,0.0585385572139303,0.178777368482204,0.7319587628865979,0.863,0.979269562196989,0.5659437124540874,0.8922316504381038,0,,ok,,2026-07-20T22:35:19.433604+00:00,False,20000
adult,gaussian_copula,fixed,0.2,6,12,2000,9.4209,39.65,False,0.0199353601506515,1.080514704008463,0.0630172128826655,0.0541236525704809,0.1710448046457043,0.711340206185567,0.88475,0.9761248709626844,0.506280517476482,0.8922316504381038,0,,ok,,2026-07-20T22:35:19.433604+00:00,False,20000
adult,gaussian_copula,fixed,0.35,6,0,2000,9.9563,39.26,True,0.0364936755408425,1.1116085312561257,0.047975043726398,0.0266257946379215,0.114360688033954,0.8865979381443299,0.886,0.9708386607467052,0.6820622638147126,0.8922316504381038,0,,ok,,2026-07-20T22:35:19.433604+00:00,False,20000
adult,gaussian_copula,fixed,0.2,6,5,2000,8.7086,39.65,False,0.030730386898193,1.1360566201125566,0.0644718642627566,0.0577108208955223,0.1552328307760892,0.7835051546391752,0.892,0.9759678422198736,0.58780047712067,0.8922316504381038,0,,ok,,2026-07-20T22:35:19.433604+00:00,False,20000
adult,gaussian_copula,fresh,0.0,6,9,2000,9.0561,39.65,False,0.079318749365499,1.133218179605621,0.1058873963298836,0.0498454947484798,0.192375602433235,0.7216494845360825,0.87175,0.9850389895255018,0.3708497969424467,0.8922316504381038,0,,ok,,2026-07-20T22:35:19.433604+00:00,False,20000
adult,gaussian_copula,fixed,0.01,6,4,2000,9.2207,39.65,False,0.0544620811904466,1.2093346510883536,0.0844205480738894,0.0537840312327252,0.1936805341691443,0.7835051546391752,0.87775,0.9810393122747442,0.4790426719177127,0.8922316504381038,0,,ok,,2026-07-20T22:35:19.433604+00:00,False,20000
adult,gaussian_copula,fixed,0.01,6,2,2000,9.3183,40.02,False,0.0592522517152795,1.1610998275358666,0.0748186952341686,0.0386575110558319,0.1646750666895878,0.8247422680412371,0.905,0.97460605119819,0.4673681574862745,0.8922316504381038,0,,ok,,2026-07-20T22:35:19.433604+00:00,False,20000
adult,gaussian_copula,fresh,0.05,5,7,2000,9.2242,39.65,False,0.0178239454059237,0.9377963877082384,0.0420857100019182,0.0463241086235489,0.1774731049434247,0.8041237113402062,0.89275,0.9832310872941232,0.4807333648651359,0.896375477418985,0,,ok,,2026-07-20T22:35:19.433604+00:00,False,20000
adult,gaussian_copula,fresh,0.05,5,8,2000,9.0223,39.65,False,0.0242276676097537,0.9948515702698028,0.0488644431854078,0.0425304035378662,0.1662284070145484,0.7938144329896907,0.8985,0.979524297263104,0.4335701977521329,0.896375477418985,0,,ok,,2026-07-20T22:35:19.433604+00:00,False,20000
adult,gaussian_copula,fresh,0.05,5,9,2000,9.1028,39.65,False,0.0257825492371297,0.9643712253497416,0.0538084921488625,0.0495016929242675,0.169138574221771,0.7835051546391752,0.88475,0.9757918268378182,0.4791923867874316,0.896375477418985,0,,ok,,2026-07-20T22:35:19.433604+00:00,False,20000
adult,gaussian_copula,fresh,0.05,5,10,2000,9.5332,39.65,False,0.0448381105475342,0.8972857643593741,0.0715444271321715,0.0465222844112769,0.1831926070573735,0.8144329896907216,0.89,0.9800583227887566,0.446276128637691,0.896375477418985,0,,ok,,2026-07-20T22:35:19.433604+00:00,False,20000
adult,gaussian_copula,fresh,0.05,5,11,2000,9.4131,39.65,False,0.0288666490528242,0.9461879803453946,0.0633475917404105,0.0445547263681592,0.1530919663127229,0.7835051546391752,0.88025,0.98179960022015,0.5101904129245598,0.896375477418985,0,,ok,,2026-07-20T22:35:19.433604+00:00,False,20000
adult,gaussian_copula,fresh,0.05,5,12,2000,9.1397,39.65,False,0.0202286648578514,0.9811095296306304,0.0522924918412326,0.0526417910447761,0.1375696479688804,0.7938144329896907,0.87025,0.9799268878151476,0.4907803570419357,0.896375477418985,0,,ok,,2026-07-20T22:35:19.433604+00:00,False,20000
adult,gaussian_copula,fresh,0.1,5,0,2000,31.9822,39.26,True,0.0160578783295022,0.9654831292094612,0.0332103843108244,0.0275248410724157,0.0803345467827563,0.9381443298969072,0.91125,0.9692459396767662,0.6539102626051922,0.896375477418985,0,,ok,,2026-07-20T22:35:19.433604+00:00,False,20000
adult,gaussian_copula,fresh,0.1,5,1,2000,8.9543,39.45,False,0.0291503219908228,1.0593929280234458,0.0493163926713774,0.0327271973466003,0.1082832228348479,0.8969072164948454,0.89725,0.9757346542949245,0.6007407657035393,0.896375477418985,0,,ok,,2026-07-20T22:35:19.433604+00:00,False,20000
adult,gaussian_copula,fresh,0.1,5,2,2000,8.6474,40.02,False,0.0255989265357983,0.9830300519924808,0.0509292640569728,0.0409783029297954,0.1324728772481681,0.9072164948453608,0.8935,0.9737178855318436,0.5602568421367338,0.896375477418985,0,,ok,,2026-07-20T22:35:19.433604+00:00,False,20000
adult,gaussian_copula,fresh,0.1,5,3,2000,8.3049,39.65,False,0.0360587738400708,1.0566613660552084,0.0539911697542396,0.0287231896075179,0.1313327345449781,0.865979381443299,0.89825,0.9678183068556848,0.569557194096166,0.896375477418985,0,,ok,,2026-07-20T22:35:19.433604+00:00,False,20000
adult,gaussian_copula,fresh,0.1,5,4,2000,8.8075,39.65,False,0.0240231543943575,0.839200270814943,0.0543447695069098,0.0318911691542288,0.1342808205483867,0.845360824742268,0.8955,0.9765891228109894,0.5280129076706072,0.896375477418985,0,,ok,,2026-07-20T22:35:19.433604+00:00,False,20000
adult,gaussian_copula,fresh,0.1,5,5,2000,9.2712,39.65,False,0.0322482766248649,0.9406063274991342,0.051768359256474,0.033812258153676,0.1477514563965261,0.8144329896907216,0.89625,0.9752557155606006,0.5469144837318584,0.896375477418985,0,,ok,,2026-07-20T22:35:19.433604+00:00,False,20000
adult,gaussian_copula,fresh,0.1,5,6,2000,8.94,39.65,False,0.0312703073136985,0.9284496709847966,0.0473239001806825,0.0330476091763405,0.134604271106033,0.845360824742268,0.8995,0.9788660750192728,0.5070677416677298,0.896375477418985,0,,ok,,2026-07-20T22:35:19.433604+00:00,False,20000
adult,gaussian_copula,fresh,0.1,5,7,2000,8.9965,39.65,False,0.0287531187366615,0.8618500399673646,0.0543462024862719,0.0326023700939745,0.1395307176370631,0.865979381443299,0.9035,0.9783378623729811,0.5010249912046203,0.896375477418985,0,,ok,,2026-07-20T22:35:19.433604+00:00,False,20000
adult,gaussian_copula,fresh,0.1,5,8,2000,9.293,39.65,False,0.055757626332395,0.9676430890603984,0.0707287158159094,0.0304647940851299,0.1474829324238749,0.8762886597938144,0.89425,0.975318675107836,0.5170748055083533,0.896375477418985,0,,ok,,2026-07-20T22:35:19.433604+00:00,False,20000
adult,gaussian_copula,fresh,0.1,5,9,2000,9.3372,39.65,False,0.0374461290075022,0.9728370903056972,0.0637280856916894,0.036671123548922,0.1382799399145764,0.8350515463917526,0.89925,0.9714387901969525,0.5258638584042854,0.896375477418985,0,,ok,,2026-07-20T22:35:19.433604+00:00,False,20000
adult,gaussian_copula,fresh,0.1,5,10,2000,9.3227,39.65,False,0.0575247384935057,1.1665851693028022,0.0808221005524999,0.0339295536207849,0.1479517956256118,0.865979381443299,0.888,0.9753854349079224,0.4445131188515115,0.896375477418985,0,,ok,,2026-07-20T22:35:19.433604+00:00,False,20000
adult,gaussian_copula,fresh,0.05,5,6,2000,9.4578,39.65,False,0.0168876702170321,0.9245430283942384,0.0458282453052186,0.0449890478164732,0.1233114805744862,0.8041237113402062,0.91,0.975786929709144,0.452892889910693,0.896375477418985,0,,ok,,2026-07-20T22:35:19.433604+00:00,False,20000
adult,gaussian_copula,fresh,0.1,5,11,2000,9.205,39.65,False,0.0533190895238949,1.007406752311024,0.074522491354501,0.0347348673300165,0.153485816588958,0.8350515463917526,0.89275,0.9763764942764648,0.5391141324936275,0.896375477418985,0,,ok,,2026-07-20T22:35:19.433604+00:00,False,20000
adult,gaussian_copula,fresh,0.05,5,5,2000,8.9254,39.65,False,0.0236610101893461,0.889739228728153,0.0466812026696637,0.0534778537866224,0.1406649253780285,0.8041237113402062,0.89375,0.9783599112645232,0.4520997977619937,0.896375477418985,0,,ok,,2026-07-20T22:35:19.433604+00:00,False,20000
adult,gaussian_copula,fresh,0.05,5,3,2000,8.9185,39.65,False,0.0481211941603076,0.9694646222744628,0.0674438390942542,0.0468064192924267,0.1217866650684274,0.8144329896907216,0.87475,0.971831650616696,0.4663904049782308,0.896375477418985,0,,ok,,2026-07-20T22:35:19.433604+00:00,False,20000
adult,gaussian_copula,fresh,0.01,5,12,2000,9.2596,39.65,False,0.0458217161778564,1.0899288991943514,0.1000091769165758,0.0572557006633499,0.2348357099702173,0.7216494845360825,0.86675,0.9816364030977116,0.459533647523663,0.896375477418985,0,,ok,,2026-07-20T22:35:19.433604+00:00,False,20000
adult,gaussian_copula,fresh,0.02,5,0,2000,31.9822,39.26,True,0.0160578783295022,0.9654831292094612,0.0332103843108244,0.0275248410724157,0.0803345467827563,0.9381443298969072,0.91125,0.9692459396767662,0.6539102626051922,0.896375477418985,0,,ok,,2026-07-20T22:35:19.433604+00:00,False,20000
adult,gaussian_copula,fresh,0.02,5,1,2000,8.894,39.45,False,0.0353856936055902,1.016142983053817,0.054192080149914,0.035717039800995,0.1259944603795655,0.9175257731958762,0.8875,0.9674188235559724,0.5740579830250154,0.896375477418985,0,,ok,,2026-07-20T22:35:19.433604+00:00,False,20000
adult,gaussian_copula,fresh,0.02,5,2,2000,9.6313,40.02,False,0.0451656895158447,0.8741694254439635,0.0612986874085627,0.0340029712548369,0.128287508836743,0.8762886597938144,0.89275,0.9753315991175322,0.4862863211814381,0.896375477418985,0,,ok,,2026-07-20T22:35:19.433604+00:00,False,20000
adult,gaussian_copula,fresh,0.02,5,3,2000,9.0165,39.65,False,0.0656927004649823,0.962975885899088,0.0731317970414372,0.0379167703150912,0.1264070555959758,0.8762886597938144,0.8965,0.9730919074997036,0.428685237910598,0.896375477418985,0,,ok,,2026-07-20T22:35:19.433604+00:00,False,20000
adult,gaussian_copula,fresh,0.02,5,4,2000,9.2149,39.65,False,0.0370612826813839,0.7773748036190553,0.0626279094459933,0.03833181315644,0.1934002381337355,0.8144329896907216,0.8685,0.9800190591342992,0.3750385023241701,0.896375477418985,0,,ok,,2026-07-20T22:35:19.433604+00:00,False,20000
adult,gaussian_copula,fresh,0.02,5,5,2000,9.0264,39.65,False,0.0347742845972289,0.9320045550965996,0.0566655742769124,0.0375255320619126,0.188436080574085,0.8041237113402062,0.88275,0.979653267359864,0.3556185463122149,0.896375477418985,0,,ok,,2026-07-20T22:35:19.433604+00:00,False,20000
adult,gaussian_copula,fresh,0.02,5,6,2000,9.0292,39.65,False,0.0448507746701136,0.8260553591276248,0.0692393573963657,0.0456499447208402,0.1543697954289092,0.7938144329896907,0.89025,0.977985434483572,0.4131886179196537,0.896375477418985,0,,ok,,2026-07-20T22:35:19.433604+00:00,False,20000
adult,gaussian_copula,fresh,0.02,5,7,2000,9.1496,39.65,False,0.0367303821076082,0.8108199032405016,0.0674011246482517,0.0400982241569928,0.1648828002488792,0.7525773195876289,0.87775,0.9818501735080928,0.4550934723005527,0.896375477418985,0,,ok,,2026-07-20T22:35:19.433604+00:00,False,20000
adult,gaussian_copula,fresh,0.02,5,8,2000,9.2762,39.65,False,0.0428683551120821,0.7888860893182144,0.0688687193517751,0.0506966556108347,0.1984065830469862,0.7422680412371134,0.88175,0.982630236718335,0.4200846808545792,0.896375477418985,0,,ok,,2026-07-20T22:35:19.433604+00:00,False,20000
adult,gaussian_copula,fresh,0.02,5,9,2000,9.1319,39.65,False,0.0376789999810608,0.7548644366980476,0.0715155402411652,0.0448922747374239,0.2057873516577535,0.7216494845360825,0.8805,0.9816130267051733,0.4429409652009798,0.896375477418985,0,,ok,,2026-07-20T22:35:19.433604+00:00,False,20000
adult,gaussian_copula,fresh,0.02,5,10,2000,9.5904,39.65,False,0.0501957801094272,0.7175579720230901,0.0885471548990917,0.0448521282476506,0.1803334371810287,0.7216494845360825,0.86025,0.979969002221744,0.4091442183965907,0.896375477418985,0,,ok,,2026-07-20T22:35:19.433604+00:00,False,20000
adult,gaussian_copula,fresh,0.02,5,11,2000,9.1437,39.65,False,0.0560188819177905,0.700648638416729,0.0916147685375328,0.059726817302377,0.2008775713832521,0.711340206185567,0.875,0.982253183685451,0.5144050815593635,0.896375477418985,0,,ok,,2026-07-20T22:35:19.433604+00:00,False,20000
adult,gaussian_copula,fresh,0.02,5,12,2000,9.3908,39.65,False,0.0400524847413395,0.8013207524740702,0.0783335313407658,0.0617787797125483,0.2014360902899229,0.6907216494845361,0.86525,0.982985802235098,0.4448119257351305,0.896375477418985,0,,ok,,2026-07-20T22:35:19.433604+00:00,False,20000
adult,gaussian_copula,fresh,0.05,5,0,2000,31.9822,39.26,True,0.0160578783295022,0.9654831292094612,0.0332103843108244,0.0275248410724157,0.0803345467827563,0.9381443298969072,0.91125,0.9692459396767662,0.6539102626051922,0.896375477418985,0,,ok,,2026-07-20T22:35:19.433604+00:00,False,20000
adult,gaussian_copula,fresh,0.05,5,1,2000,9.0322,39.45,False,0.0293832524953366,0.9795355025741546,0.0432820415660379,0.0388807352128247,0.1056334827800261,0.865979381443299,0.8925,0.9745782704273472,0.5006345589518608,0.896375477418985,0,,ok,,2026-07-20T22:35:19.433604+00:00,False,20000
adult,gaussian_copula,fresh,0.05,5,2,2000,8.9898,40.02,False,0.0329229749464898,0.9151345678030336,0.0566114604045202,0.0428093214483139,0.1058824438754464,0.865979381443299,0.905,0.9780157217562953,0.4765891117197468,0.896375477418985,0,,ok,,2026-07-20T22:35:19.433604+00:00,False,20000
adult,gaussian_copula,fresh,0.05,5,4,2000,9.2529,39.65,False,0.0220693517610998,0.8163848855830275,0.0531353415280788,0.0441179864566058,0.1320294942243215,0.8144329896907216,0.88325,0.9756264303387292,0.4899153414371027,0.896375477418985,0,,ok,,2026-07-20T22:35:19.433604+00:00,False,20000
adult,gaussian_copula,fresh,0.1,5,12,2000,9.1469,39.65,False,0.0284922897956933,1.0608165275540395,0.0622643393232063,0.0504655887230514,0.1655771019993529,0.8041237113402062,0.888,0.9762575108121976,0.4879077787873141,0.896375477418985,0,,ok,,2026-07-20T22:35:19.433604+00:00,False,20000
adult,gaussian_copula,fresh,0.2,5,0,2000,31.9822,39.26,True,0.0160578783295022,0.9654831292094612,0.0332103843108244,0.0275248410724157,0.0803345467827563,0.9381443298969072,0.91125,0.9692459396767662,0.6539102626051922,0.896375477418985,0,,ok,,2026-07-20T22:35:19.433604+00:00,False,20000
adult,gaussian_copula,fresh,0.2,5,1,2000,8.6346,39.45,False,0.0174231960186044,0.9586082941203088,0.0373011354957624,0.0252132739082366,0.1187919726523823,0.8762886597938144,0.89525,0.9669896053589512,0.6141081366868241,0.896375477418985,0,,ok,,2026-07-20T22:35:19.433604+00:00,False,20000
adult,gaussian_copula,fresh,0.35,5,11,2000,8.9597,39.65,False,0.0317028024665627,0.9390775041516598,0.0557982709958498,0.0292237423991155,0.1146473005904212,0.8969072164948454,0.90625,0.9704187125566393,0.5675304540435341,0.896375477418985,0,,ok,,2026-07-20T22:35:19.433604+00:00,False,20000
adult,gaussian_copula,fresh,0.35,5,12,2000,8.5192,39.65,False,0.0359289494263771,1.1391323638097912,0.0546283317639206,0.0277230859590934,0.1195308041996974,0.8556701030927835,0.909,0.9698892916594408,0.6454862360009876,0.896375477418985,0,,ok,,2026-07-20T22:35:19.433604+00:00,False,20000
adult,gaussian_copula,fixed,0.0,6,0,2000,9.9563,39.26,True,0.0364936755408425,1.1116085312561257,0.047975043726398,0.0266257946379215,0.114360688033954,0.8865979381443299,0.886,0.9708386607467052,0.6820622638147126,0.8922316504381038,0,,ok,,2026-07-20T22:35:19.433604+00:00,False,20000
adult,gaussian_copula,fixed,0.0,6,1,2000,10.4634,39.83,False,0.0253774186556641,1.0693189960476566,0.0501748618965743,0.0330784618573797,0.1161218951239291,0.8556701030927835,0.8895,0.975399770793678,0.5274459121841482,0.8922316504381038,0,,ok,,2026-07-20T22:35:19.433604+00:00,False,20000
adult,gaussian_copula,fixed,0.0,6,2,2000,9.2536,40.02,False,0.0358757518878057,1.07228664885241,0.0547100465215322,0.0352580845771144,0.1264136641141895,0.8247422680412371,0.88725,0.9772528058089176,0.4939805574572691,0.8922316504381038,0,,ok,,2026-07-20T22:35:19.433604+00:00,False,20000
adult,gaussian_copula,fixed,0.0,6,3,2000,8.9156,39.65,False,0.0364707252499512,1.0353066074004127,0.0534604644318685,0.0378938985627418,0.1492518219975649,0.7835051546391752,0.90025,0.9778430105017186,0.4301058409058395,0.8922316504381038,0,,ok,,2026-07-20T22:35:19.433604+00:00,False,20000
adult,gaussian_copula,fixed,0.0,6,4,2000,9.1425,39.65,False,0.0280824882867803,0.8996557158993879,0.0523153085618842,0.0359720840243228,0.1477436129122371,0.7628865979381443,0.88225,0.9817786673294452,0.4066516805371194,0.8922316504381038,0,,ok,,2026-07-20T22:35:19.433604+00:00,False,20000
adult,gaussian_copula,fixed,0.0,6,5,2000,8.8027,39.65,False,0.0406567851766876,0.993470297688908,0.0625479405201345,0.0441159825870646,0.1438159775192246,0.7216494845360825,0.891,0.981368990397085,0.3752141148831988,0.8922316504381038,0,,ok,,2026-07-20T22:35:19.433604+00:00,False,20000
adult,gaussian_copula,fixed,0.0,6,6,2000,9.4064,39.65,False,0.0409644744338576,1.0667022287697552,0.066570033128342,0.0484056453841901,0.1601519320828658,0.711340206185567,0.88975,0.9838573988890136,0.4273741591938174,0.8922316504381038,0,,ok,,2026-07-20T22:35:19.433604+00:00,False,20000
adult,gaussian_copula,fixed,0.0,6,7,2000,9.0028,39.65,False,0.0203633904211457,0.9974857553452078,0.0613899406159334,0.0446574765063571,0.1647031110736312,0.711340206185567,0.8945,0.9865558461635237,0.3776426952846405,0.8922316504381038,0,,ok,,2026-07-20T22:35:19.433604+00:00,False,20000
adult,gaussian_copula,fixed,0.0,6,8,2000,9.5295,39.65,False,0.0365259470198579,0.9381669685398168,0.0695493634443426,0.0495780127142067,0.1623913694777093,0.6907216494845361,0.8975,0.9862617495678776,0.3843202997365779,0.8922316504381038,0,,ok,,2026-07-20T22:35:19.433604+00:00,False,20000
adult,gaussian_copula,fixed,0.0,6,9,2000,9.0953,39.65,False,0.0467928313095766,0.9726706008668607,0.082273895835014,0.0602626796572692,0.1633596165169514,0.6391752577319587,0.87625,0.9833064994757011,0.4009574015137102,0.8922316504381038,0,,ok,,2026-07-20T22:35:19.433604+00:00,False,20000
adult,gaussian_copula,fixed,0.0,6,10,2000,9.2468,39.65,False,0.0624333168166828,1.0483292253672,0.0978098757984645,0.0539442371475953,0.1659728979014265,0.6597938144329897,0.882,0.9843801181561838,0.3684524248957175,0.8922316504381038,0,,ok,,2026-07-20T22:35:19.433604+00:00,False,20000
adult,gaussian_copula,fixed,0.0,6,11,2000,9.8626,39.65,False,0.0488443890731402,1.0272617387114622,0.0799959204139948,0.0692858278054173,0.1633181301594057,0.6494845360824743,0.8855,0.9867901602143178,0.3172874747104147,0.8922316504381038,0,,ok,,2026-07-20T22:35:19.433604+00:00,False,20000
adult,gaussian_copula,fixed,0.0,6,12,2000,9.0667,39.65,False,0.0706236699454885,1.048749215333423,0.1049093287019639,0.065187707296849,0.1938662565043568,0.6288659793814433,0.86925,0.9871916538905384,0.2975881842546507,0.8922316504381038,0,,ok,,2026-07-20T22:35:19.433604+00:00,False,20000
adult,gaussian_copula,fixed,0.01,6,0,2000,9.9563,39.26,True,0.0364936755408425,1.1116085312561257,0.047975043726398,0.0266257946379215,0.114360688033954,0.8865979381443299,0.886,0.9708386607467052,0.6820622638147126,0.8922316504381038,0,,ok,,2026-07-20T22:35:19.433604+00:00,False,20000
adult,gaussian_copula,fixed,0.01,6,1,2000,9.0206,39.45,False,0.0260230024452797,1.0354640488165574,0.041250170896372,0.0254731550580431,0.1161587345230576,0.8556701030927835,0.8955,0.9746665222435584,0.5663702047805692,0.8922316504381038,0,,ok,,2026-07-20T22:35:19.433604+00:00,False,20000
adult,gaussian_copula,fresh,0.35,5,10,2000,9.9967,39.65,False,0.0326654980661631,1.1342502181057228,0.0411761780807481,0.0313654643449419,0.1138479014952648,0.9278350515463918,0.89325,0.9703969432278068,0.5281080734833493,0.896375477418985,0,,ok,,2026-07-20T22:35:19.433604+00:00,False,20000
adult,gaussian_copula,fresh,0.35,5,9,2000,8.7355,39.65,False,0.0344298631599335,1.192300090517746,0.0498506346728838,0.0277826838032061,0.1117177577683356,0.9072164948453608,0.91375,0.9710683364190192,0.5948922479102531,0.896375477418985,0,,ok,,2026-07-20T22:35:19.433604+00:00,False,20000
adult,gaussian_copula,fresh,0.35,5,8,2000,8.9937,39.65,False,0.0366695465778144,1.1049307914379238,0.0467219181750155,0.0368944513543394,0.1006479910737092,0.865979381443299,0.90525,0.971860645263449,0.6098062026736119,0.896375477418985,0,,ok,,2026-07-20T22:35:19.433604+00:00,False,20000
adult,gaussian_copula,fresh,0.35,5,7,2000,8.9761,39.65,False,0.0309566936974764,1.0991582345599606,0.044481863356641,0.0415041113875069,0.1129810291173809,0.8969072164948454,0.897,0.9687004807675356,0.583017763979081,0.896375477418985,0,,ok,,2026-07-20T22:35:19.433604+00:00,False,20000
adult,gaussian_copula,fresh,0.2,5,2,2000,9.119,40.02,False,0.0494358985500767,1.0865379782918667,0.0561490621413125,0.0288072830292979,0.1301785084993989,0.865979381443299,0.88725,0.9723486155045488,0.5629074542466506,0.896375477418985,0,,ok,,2026-07-20T22:35:19.433604+00:00,False,20000
adult,gaussian_copula,fresh,0.2,5,3,2000,8.675,39.65,False,0.0359989528514619,0.9475838446164374,0.0584267421304038,0.0312370784964068,0.1468581276826844,0.8762886597938144,0.89825,0.9729924388625774,0.5844120103386199,0.896375477418985,0,,ok,,2026-07-20T22:35:19.433604+00:00,False,20000
adult,gaussian_copula,fresh,0.2,5,4,2000,8.7651,39.65,False,0.030138299801619,0.9286811749069572,0.0441622896249809,0.0365892067440574,0.1170626258675441,0.9072164948453608,0.9075,0.9700442976507344,0.561787428356829,0.896375477418985,0,,ok,,2026-07-20T22:35:19.433604+00:00,False,20000
adult,gaussian_copula,fresh,0.2,5,5,2000,9.3751,39.65,False,0.0585227528071604,1.151443000953637,0.0694533789348832,0.0387436774461028,0.116877685327764,0.8762886597938144,0.90825,0.9734506933313828,0.5504498133596147,0.896375477418985,0,,ok,,2026-07-20T22:35:19.433604+00:00,False,20000
adult,gaussian_copula,fresh,0.2,5,6,2000,10.0358,39.65,False,0.0605509911432686,1.1559091876713214,0.0694332770058741,0.0458494679380873,0.1228697878661486,0.8762886597938144,0.897,0.9662078535224422,0.5300532522055981,0.896375477418985,0,,ok,,2026-07-20T22:35:19.433604+00:00,False,20000
adult,gaussian_copula,fresh,0.2,5,7,2000,9.4279,39.65,False,0.0611292333079285,1.128943797081773,0.0811533292171069,0.0376343283582089,0.143271533359011,0.8556701030927835,0.8925,0.9769114378028064,0.5562866935836541,0.896375477418985,0,,ok,,2026-07-20T22:35:19.433604+00:00,False,20000
adult,gaussian_copula,fresh,0.2,5,8,2000,9.2209,39.65,False,0.049488040829904,1.1617776819657537,0.0655272912817136,0.0306986594803759,0.1363656304090662,0.845360824742268,0.8965,0.9740646670420166,0.5141663638713203,0.896375477418985,0,,ok,,2026-07-20T22:35:19.433604+00:00,False,20000
adult,gaussian_copula,fresh,0.2,5,9,2000,9.4814,39.65,False,0.0500485681212685,1.0670973263877797,0.0659401173306629,0.0328102542841348,0.1535785547695351,0.8247422680412371,0.88475,0.9725844314314696,0.504548716045015,0.896375477418985,0,,ok,,2026-07-20T22:35:19.433604+00:00,False,20000
adult,gaussian_copula,fixed,0.01,6,3,2000,9.0391,39.65,False,0.0405024831980611,1.100776089492031,0.0530644257920197,0.0458083540630182,0.1632096284523641,0.7835051546391752,0.90025,0.9776199149593412,0.4349543472910295,0.8922316504381038,0,,ok,,2026-07-20T22:35:19.433604+00:00,False,20000
adult,gaussian_copula,fresh,0.2,5,10,2000,9.0392,39.65,False,0.0308284180333513,0.9916720190426648,0.0453235250117287,0.0336175373134328,0.1436005507455035,0.8247422680412371,0.8765,0.9732518831822254,0.6136034923460199,0.896375477418985,0,,ok,,2026-07-20T22:35:19.433604+00:00,False,20000
adult,gaussian_copula,fresh,0.2,5,12,2000,9.8991,39.65,False,0.0215943825009822,1.0523546733618925,0.045983278964691,0.0368366500829187,0.1484598079235468,0.865979381443299,0.87925,0.9739417331372854,0.5496024344090207,0.896375477418985,0,,ok,,2026-07-20T22:35:19.433604+00:00,False,20000
adult,gaussian_copula,fresh,0.35,5,0,2000,31.9822,39.26,True,0.0160578783295022,0.9654831292094612,0.0332103843108244,0.0275248410724157,0.0803345467827563,0.9381443298969072,0.91125,0.9692459396767662,0.6539102626051922,0.896375477418985,0,,ok,,2026-07-20T22:35:19.433604+00:00,False,20000
adult,gaussian_copula,fresh,0.35,5,1,2000,8.9743,39.45,False,0.0402529382458642,1.0617201113046384,0.048421496838887,0.0299667634051962,0.0876482112380647,0.9072164948453608,0.9045,0.9675885141832828,0.6611527645029355,0.896375477418985,0,,ok,,2026-07-20T22:35:19.433604+00:00,False,20000
adult,gaussian_copula,fresh,0.35,5,2,2000,9.1011,40.02,False,0.037105357758121,1.155320652697615,0.0519731981648171,0.0336815229408513,0.0983458463567983,0.9175257731958762,0.89075,0.9699524593318326,0.5490810057429929,0.896375477418985,0,,ok,,2026-07-20T22:35:19.433604+00:00,False,20000
adult,gaussian_copula,fresh,0.35,5,3,2000,9.7414,39.65,False,0.0196567472574998,1.010997704393916,0.0370180672297368,0.033059528745163,0.1412352316078738,0.9072164948453608,0.89625,0.9735857671202218,0.5794055936124104,0.896375477418985,0,,ok,,2026-07-20T22:35:19.433604+00:00,False,20000
adult,gaussian_copula,fresh,0.35,5,4,2000,9.5568,39.65,False,0.0366880920345368,1.1633107406931362,0.0487018247452589,0.0349124516307352,0.1408024998709791,0.8762886597938144,0.8995,0.9693277418631382,0.582447686995413,0.896375477418985,0,,ok,,2026-07-20T22:35:19.433604+00:00,False,20000
adult,gaussian_copula,fresh,0.35,5,5,2000,9.6681,39.65,False,0.0198725992420946,1.1216334489369333,0.0387499766430794,0.0272003178551686,0.121797525100282,0.8969072164948454,0.87075,0.9772145450927124,0.5633107369984093,0.896375477418985,0,,ok,,2026-07-20T22:35:19.433604+00:00,False,20000
adult,gaussian_copula,fresh,0.35,5,6,2000,9.4006,39.65,False,0.0225201267695742,0.9396633133680948,0.0378884057538266,0.0321996959646213,0.1090670210941588,0.8865979381443299,0.88975,0.9714268168129694,0.6067485051132528,0.896375477418985,0,,ok,,2026-07-20T22:35:19.433604+00:00,False,20000
adult,gaussian_copula,fresh,0.2,5,11,2000,8.3243,39.65,False,0.0348146570050746,1.047572095234243,0.0538399469104873,0.0332258844665561,0.1494697795375364,0.8350515463917526,0.89425,0.9757344495447708,0.5413854581917538,0.896375477418985,0,,ok,,2026-07-20T22:35:19.433604+00:00,False,20000
adult,gaussian_copula,fresh,0.0,6,10,2000,9.3689,39.65,False,0.0736752360508046,1.1475200070627345,0.1095642110176033,0.0522082296849088,0.2137075823705085,0.7010309278350515,0.8725,0.9857423209281764,0.3379263595598468,0.8922316504381038,0,,ok,,2026-07-20T22:35:19.433604+00:00,False,20000
adult,gaussian_copula,fresh,0.0,6,11,2000,9.0094,39.65,False,0.0889317907821408,1.2125351236281796,0.1157217374775526,0.0559653468767274,0.2035665401688768,0.7010309278350515,0.86275,0.984794886842364,0.3906315010576092,0.8922316504381038,0,,ok,,2026-07-20T22:35:19.433604+00:00,False,20000
adult,gaussian_copula,fresh,0.0,6,12,2000,9.1463,39.65,False,0.1060056563884917,1.3668766085291593,0.1380289318015165,0.0553815298507462,0.2003627901442601,0.6597938144329897,0.8455,0.9862247887901476,0.4509067993957118,0.8922316504381038,0,,ok,,2026-07-20T22:35:19.433604+00:00,False,20000
adult,gaussian_copula,fixed,0.02,7,3,2000,9.3561,39.65,False,0.0340439048643648,0.8131365992066083,0.0614147692634501,0.0355465381426202,0.1430788229975227,0.7938144329896907,0.8905,0.9796391778492932,0.4265946715274771,0.8946581327988924,0,,ok,,2026-07-20T22:35:19.433604+00:00,False,20000
adult,gaussian_copula,fixed,0.02,7,4,2000,9.3356,39.65,False,0.0473034013658374,0.9433428359701508,0.0636865707018285,0.0417958126036484,0.1320187865679546,0.7731958762886598,0.8925,0.9760769971142672,0.524220961445487,0.8946581327988924,0,,ok,,2026-07-20T22:35:19.433604+00:00,False,20000
adult,gaussian_copula,fixed,0.02,7,5,2000,9.2206,39.65,False,0.0301135258258599,0.9234315605583172,0.064162245836152,0.039142723880597,0.1641356021019414,0.7319587628865979,0.8785,0.9790740764253258,0.4464092230916124,0.8946581327988924,0,,ok,,2026-07-20T22:35:19.433604+00:00,False,20000
adult,gaussian_copula,fixed,0.02,7,6,2000,9.0233,39.65,False,0.016567061363282,0.8632395995864068,0.0643648170803665,0.0472711788280818,0.1567984834160025,0.7525773195876289,0.87025,0.9787342316703572,0.4324288636369299,0.8946581327988924,0,,ok,,2026-07-20T22:35:19.433604+00:00,False,20000
adult,gaussian_copula,fixed,0.02,7,7,2000,9.0452,39.65,False,0.0459827049715252,0.8561242839832696,0.0826219296998093,0.0546628662244333,0.1740171263657199,0.7319587628865979,0.8755,0.9825819483071068,0.5174026899241466,0.8946581327988924,0,,ok,,2026-07-20T22:35:19.433604+00:00,False,20000
adult,gaussian_copula,fixed,0.02,7,8,2000,9.027,39.65,False,0.0519811015155414,0.8345926304581784,0.0857791322223523,0.0514945066334991,0.1504015894745293,0.7216494845360825,0.874,0.982673011500427,0.4462017137582818,0.8946581327988924,0,,ok,,2026-07-20T22:35:19.433604+00:00,False,20000
adult,gaussian_copula,fixed,0.02,7,9,2000,9.4392,39.65,False,0.0363081384744915,0.8631349413975498,0.076605044775767,0.0605860627418463,0.1540524669319442,0.7319587628865979,0.87725,0.98119688101796,0.4672720409988614,0.8946581327988924,0,,ok,,2026-07-20T22:35:19.433604+00:00,False,20000
adult,gaussian_copula,fixed,0.02,7,10,2000,8.6683,39.65,False,0.0377677225790769,0.7950974836168295,0.0765970269032707,0.0694891860143726,0.1637460015757118,0.7216494845360825,0.9,0.983392719540388,0.4958622048859957,0.8946581327988924,0,,ok,,2026-07-20T22:35:19.433604+00:00,False,20000
adult,gaussian_copula,fixed,0.02,7,11,2000,9.0736,39.65,False,0.0502759641087087,0.768589517458009,0.0836587779236293,0.0579728786622443,0.1728028892970046,0.6907216494845361,0.8735,0.978344567940512,0.4235078964349438,0.8946581327988924,0,,ok,,2026-07-20T22:35:19.433604+00:00,False,20000
adult,gaussian_copula,fixed,0.02,7,12,2000,9.1294,39.65,False,0.0755754457775862,0.8235187778690168,0.0968654607880532,0.0587814054726368,0.1781780306265812,0.6907216494845361,0.8715,0.9844773789791536,0.4667923436726962,0.8946581327988924,0,,ok,,2026-07-20T22:35:19.433604+00:00,False,20000
adult,gaussian_copula,fixed,0.05,7,0,2000,10.1831,39.26,True,0.0279677576100319,1.004395859020297,0.0366396307155591,0.0263370992260917,0.0823961117294955,0.9278350515463918,0.897,0.9710826599297656,0.6695634816617478,0.8946581327988924,0,,ok,,2026-07-20T22:35:19.433604+00:00,False,20000
adult,gaussian_copula,fixed,0.05,7,1,2000,8.9887,39.45,False,0.0449128852350642,1.0600313076989043,0.060548285164657,0.0270218352681039,0.1160039709999516,0.8556701030927835,0.9055,0.9685776318003684,0.5565233787948146,0.8946581327988924,0,,ok,,2026-07-20T22:35:19.433604+00:00,False,20000
adult,gaussian_copula,fixed,0.05,7,2,2000,9.4099,40.02,False,0.0287585909532234,0.9092495704850396,0.048162777936566,0.0311717454394693,0.149594403510363,0.8762886597938144,0.887,0.978577163552517,0.5008452809099413,0.8946581327988924,0,,ok,,2026-07-20T22:35:19.433604+00:00,False,20000
adult,gaussian_copula,fixed,0.05,7,3,2000,9.1162,39.65,False,0.0260150252990697,1.039769157688707,0.0479396781526052,0.0352260572139303,0.1564875563792906,0.865979381443299,0.88775,0.9726031266954958,0.4505408552111986,0.8946581327988924,0,,ok,,2026-07-20T22:35:19.433604+00:00,False,20000
adult,gaussian_copula,fixed,0.05,7,4,2000,9.3523,39.65,False,0.0337403965253507,1.1097884581768167,0.0576628418245732,0.0366317371475953,0.1698234486937346,0.8350515463917526,0.88275,0.97922513816366,0.4064596442536043,0.8946581327988924,0,,ok,,2026-07-20T22:35:19.433604+00:00,False,20000
adult,gaussian_copula,fixed,0.05,7,5,2000,9.1975,39.65,False,0.0377776799092614,1.1227520724705862,0.0608179032498034,0.0402958126036484,0.173974718292944,0.8041237113402062,0.8935,0.9811530824851,0.4278683133313569,0.8946581327988924,0,,ok,,2026-07-20T22:35:19.433604+00:00,False,20000
adult,gaussian_copula,fixed,0.05,7,6,2000,9.0657,39.65,False,0.0402602352118541,1.1843422193356987,0.068680501507311,0.050190229408513,0.181646103760384,0.7731958762886598,0.879,0.9827806842062082,0.4694063056349569,0.8946581327988924,0,,ok,,2026-07-20T22:35:19.433604+00:00,False,20000
adult,gaussian_copula,fixed,0.02,7,2,2000,9.203,40.02,False,0.0273064137542341,0.9144943142619436,0.0565426217152511,0.0384077874516307,0.1250116943684497,0.8247422680412371,0.9035,0.971251650806551,0.5070636767139649,0.8946581327988924,0,,ok,,2026-07-20T22:35:19.433604+00:00,False,20000
adult,gaussian_copula,fixed,0.05,7,7,2000,8.6847,39.65,False,0.0518288848642222,1.2151057061319508,0.0720715065125009,0.0518264925373134,0.1925903677965914,0.7628865979381443,0.8685,0.9793860695343986,0.4358590289769574,0.8946581327988924,0,,ok,,2026-07-20T22:35:19.433604+00:00,False,20000
adult,gaussian_copula,fixed,0.02,7,1,2000,9.1195,39.45,False,0.0284456352620444,0.955507640399059,0.0396911368776501,0.0328095978441127,0.1184081828337892,0.8350515463917526,0.89325,0.9706521794817976,0.5317062787669238,0.8946581327988924,0,,ok,,2026-07-20T22:35:19.433604+00:00,False,20000
adult,gaussian_copula,fixed,0.01,7,12,2000,9.3093,39.65,False,0.0816494294279874,0.7900609590332498,0.1372120494261818,0.0434403676064123,0.2061366179039536,0.7319587628865979,0.855,0.9832128364054306,0.4134667394337099,0.8946581327988924,0,,ok,,2026-07-20T22:35:19.433604+00:00,False,20000
adult,gaussian_copula,fixed,0.0,7,8,2000,9.4887,39.65,False,0.0437717880775406,1.0957616711714095,0.0636984772463653,0.0641153952459922,0.2166792352703405,0.7422680412371134,0.88525,0.9855537201616784,0.3257640834584837,0.8946581327988924,0,,ok,,2026-07-20T22:35:19.433604+00:00,False,20000
adult,gaussian_copula,fixed,0.0,7,9,2000,9.2656,39.65,False,0.0711552055501258,1.0183828579468817,0.0830274103737756,0.0632551824212271,0.2158617683684886,0.7216494845360825,0.89375,0.9868336921219776,0.377561428991224,0.8946581327988924,0,,ok,,2026-07-20T22:35:19.433604+00:00,False,20000
adult,gaussian_copula,fixed,0.0,7,10,2000,9.0783,39.65,False,0.0575687154908356,0.9091856381532608,0.0773862202120557,0.0705058734107241,0.2069273077321005,0.7319587628865979,0.8845,0.9854468765815192,0.3522863660270571,0.8946581327988924,0,,ok,,2026-07-20T22:35:19.433604+00:00,False,20000
adult,gaussian_copula,fixed,0.0,7,11,2000,9.0899,39.65,False,0.0443341698139342,1.0049696555172951,0.0694024255466175,0.0644514234383637,0.1857726168403319,0.7216494845360825,0.893,0.9875698600492876,0.3636060493330656,0.8946581327988924,0,,ok,,2026-07-20T22:35:19.433604+00:00,False,20000
adult,gaussian_copula,fixed,0.0,7,12,2000,9.2313,39.65,False,0.0708160487322172,1.0185607794200868,0.0920072561768445,0.0692819582642343,0.1976232927072947,0.6804123711340206,0.89475,0.9868025588486198,0.3071566264712674,0.8946581327988924,0,,ok,,2026-07-20T22:35:19.433604+00:00,False,20000
adult,gaussian_copula,fixed,0.01,7,0,2000,10.1831,39.26,True,0.0279677576100319,1.004395859020297,0.0366396307155591,0.0263370992260917,0.0823961117294955,0.9278350515463918,0.897,0.9710826599297656,0.6695634816617478,0.8946581327988924,0,,ok,,2026-07-20T22:35:19.433604+00:00,False,20000
adult,gaussian_copula,fixed,0.01,7,1,2000,9.2461,39.45,False,0.0382675617320727,0.8446890099948812,0.0564620864543613,0.0310052515201769,0.1279766668119854,0.8969072164948454,0.8985,0.9737913537119632,0.5582952396899987,0.8946581327988924,0,,ok,,2026-07-20T22:35:19.433604+00:00,False,20000
adult,gaussian_copula,fixed,0.01,7,2,2000,9.0597,40.02,False,0.0276025556778283,0.91311550082642,0.0570091462177423,0.0365337548369264,0.1324043883641837,0.845360824742268,0.89475,0.9747413865497252,0.5208749144228887,0.8946581327988924,0,,ok,,2026-07-20T22:35:19.433604+00:00,False,20000
adult,gaussian_copula,fixed,0.01,7,3,2000,9.2467,39.65,False,0.0297776222481553,0.9434609924706686,0.0494937166644429,0.0311044085129906,0.152320396252395,0.8350515463917526,0.9055,0.9803469845053252,0.3932087145265581,0.8946581327988924,0,,ok,,2026-07-20T22:35:19.433604+00:00,False,20000
adult,gaussian_copula,fixed,0.01,7,4,2000,9.1657,39.65,False,0.0332213506578455,0.9869394164712714,0.0581133757264275,0.0373109107241569,0.1701903238659686,0.7938144329896907,0.884,0.9828903009134484,0.414523463503206,0.8946581327988924,0,,ok,,2026-07-20T22:35:19.433604+00:00,False,20000
adult,gaussian_copula,fixed,0.01,7,5,2000,9.3396,39.65,False,0.0782069225876629,1.0171799353973685,0.095364903061603,0.045756806246545,0.1336050098503604,0.8144329896907216,0.88825,0.9731849906320392,0.3534045561313074,0.8946581327988924,0,,ok,,2026-07-20T22:35:19.433604+00:00,False,20000
adult,gaussian_copula,fixed,0.01,7,6,2000,9.1999,39.65,False,0.0821687079493682,0.8355785784013813,0.108189904016651,0.0396480790491984,0.124114514147415,0.7835051546391752,0.89575,0.9796806307553932,0.3944104000924187,0.8946581327988924,0,,ok,,2026-07-20T22:35:19.433604+00:00,False,20000
adult,gaussian_copula,fixed,0.01,7,7,2000,9.2603,39.65,False,0.0793581589250549,0.8395756745519708,0.1038940887617737,0.0432359383637368,0.1854274237582558,0.7835051546391752,0.889,0.9808500050077162,0.4890249854350084,0.8946581327988924,0,,ok,,2026-07-20T22:35:19.433604+00:00,False,20000
adult,gaussian_copula,fixed,0.01,7,8,2000,9.1719,39.65,False,0.0766108465619392,0.7999584278916682,0.1214821129665539,0.0467936359867329,0.1987973268194884,0.7525773195876289,0.87275,0.9797538413103194,0.4639122583663633,0.8946581327988924,0,,ok,,2026-07-20T22:35:19.433604+00:00,False,20000
adult,gaussian_copula,fixed,0.01,7,9,2000,9.1933,39.65,False,0.0720607447028264,0.8185862690405229,0.1156133933028072,0.0481251036484245,0.2019234917079395,0.7319587628865979,0.87875,0.9813200461103646,0.3517329422410719,0.8946581327988924,0,,ok,,2026-07-20T22:35:19.433604+00:00,False,20000
adult,gaussian_copula,fixed,0.01,7,10,2000,9.5603,39.65,False,0.0766349637797919,0.7634023410728994,0.1289677023431263,0.0473685737976782,0.1781219356359282,0.7319587628865979,0.8655,0.9763012778450336,0.4247102376385084,0.8946581327988924,0,,ok,,2026-07-20T22:35:19.433604+00:00,False,20000
adult,gaussian_copula,fixed,0.01,7,11,2000,9.4454,39.65,False,0.0902458959061652,0.7988388255026551,0.1434229957464133,0.0465442578772802,0.218310634650921,0.7319587628865979,0.87125,0.9830440570288038,0.4042162487216704,0.8946581327988924,0,,ok,,2026-07-20T22:35:19.433604+00:00,False,20000
adult,gaussian_copula,fixed,0.02,7,0,2000,10.1831,39.26,True,0.0279677576100319,1.004395859020297,0.0366396307155591,0.0263370992260917,0.0823961117294955,0.9278350515463918,0.897,0.9710826599297656,0.6695634816617478,0.8946581327988924,0,,ok,,2026-07-20T22:35:19.433604+00:00,False,20000
adult,gaussian_copula,fixed,0.05,7,8,2000,9.2197,39.65,False,0.0512640841770777,1.0136673459081196,0.0863463159035635,0.0460059425096738,0.1820154152109402,0.7216494845360825,0.8765,0.9847223749129618,0.4310967389498493,0.8946581327988924,0,,ok,,2026-07-20T22:35:19.433604+00:00,False,20000
adult,gaussian_copula,fixed,0.05,7,9,2000,8.9342,39.65,False,0.0408750365761618,1.0278365364051705,0.0757093898476265,0.0432351437258153,0.1659601737194103,0.7216494845360825,0.8715,0.9813651305191892,0.4550884238902316,0.8946581327988924,0,,ok,,2026-07-20T22:35:19.433604+00:00,False,20000
adult,gaussian_copula,fixed,0.05,7,10,2000,9.1188,39.65,False,0.0528231263112012,1.0536338780322374,0.0935975888470199,0.0517963653952459,0.1525273825276835,0.7216494845360825,0.8705,0.9828919884147144,0.4576056792911455,0.8946581327988924,0,,ok,,2026-07-20T22:35:19.433604+00:00,False,20000
adult,gaussian_copula,fixed,0.2,7,7,2000,8.9447,39.65,False,0.0325440821192477,0.9026787840522348,0.0549554598021121,0.0402671365395246,0.1368468197004648,0.7731958762886598,0.88425,0.9767066448991604,0.5288912327208322,0.8946581327988924,0,,ok,,2026-07-20T22:35:19.433604+00:00,False,20000
adult,gaussian_copula,fixed,0.2,7,8,2000,8.9239,39.65,False,0.0282909024558636,0.9630470386160428,0.0491720879399467,0.0480485074626865,0.1405767672416627,0.7835051546391752,0.89525,0.9744218733725104,0.5503821843304425,0.8946581327988924,0,,ok,,2026-07-20T22:35:19.433604+00:00,False,20000
adult,gaussian_copula,fixed,0.2,7,9,2000,8.578,39.65,False,0.0228493763889538,0.9697581753210676,0.0432295523944482,0.0504821379215036,0.1561236992346473,0.7628865979381443,0.8945,0.9785371506474974,0.4692408882422261,0.8946581327988924,0,,ok,,2026-07-20T22:35:19.433604+00:00,False,20000
adult,gaussian_copula,fixed,0.2,7,10,2000,9.2174,39.65,False,0.0298716324445196,1.027516201748129,0.0559592498843089,0.0433890270867882,0.1455165321204384,0.7525773195876289,0.8985,0.9761407109745684,0.5481457057762862,0.8946581327988924,0,,ok,,2026-07-20T22:35:19.433604+00:00,False,20000
adult,gaussian_copula,fixed,0.2,7,11,2000,8.9906,39.65,False,0.0392866446331615,1.0212239263638003,0.0641645134493046,0.0442377003869541,0.1575270355110918,0.7525773195876289,0.89625,0.9771298803416928,0.609459271982516,0.8946581327988924,0,,ok,,2026-07-20T22:35:19.433604+00:00,False,20000
adult,gaussian_copula,fixed,0.2,7,12,2000,9.2897,39.65,False,0.0152392728311157,0.9789043096913193,0.0503671464762348,0.0495565574903261,0.153527423162509,0.7525773195876289,0.88275,0.9758170133567142,0.6006361914897439,0.8946581327988924,0,,ok,,2026-07-20T22:35:19.433604+00:00,False,20000
adult,gaussian_copula,fixed,0.35,7,0,2000,10.1831,39.26,True,0.0279677576100319,1.004395859020297,0.0366396307155591,0.0263370992260917,0.0823961117294955,0.9278350515463918,0.897,0.9710826599297656,0.6695634816617478,0.8946581327988924,0,,ok,,2026-07-20T22:35:19.433604+00:00,False,20000
adult,gaussian_copula,fixed,0.35,7,1,2000,8.7418,39.45,False,0.0332738735985575,0.8938808245877782,0.0491132134768607,0.0245954947484798,0.1264011868099639,0.8969072164948454,0.89425,0.9706639391156204,0.5991269134950302,0.8946581327988924,0,,ok,,2026-07-20T22:35:19.433604+00:00,False,20000
adult,gaussian_copula,fixed,0.35,7,2,2000,8.9614,40.02,False,0.0223972416377385,0.8478036057386658,0.0477427039654475,0.0283648424543946,0.1303997322149733,0.8350515463917526,0.89475,0.9721898531354372,0.6312175926478362,0.8946581327988924,0,,ok,,2026-07-20T22:35:19.433604+00:00,False,20000
adult,gaussian_copula,fixed,0.35,7,3,2000,9.3199,39.65,False,0.0205443202927722,0.932129242634146,0.054058457774521,0.028292944997236,0.1218676371354655,0.845360824742268,0.89175,0.9701715464962029,0.6405324997642983,0.8946581327988924,0,,ok,,2026-07-20T22:35:19.433604+00:00,False,20000
adult,gaussian_copula,fixed,0.35,7,4,2000,9.0063,39.65,False,0.0235849250869112,0.9852532733706528,0.0506890941393719,0.026339310392482,0.1454567428606957,0.8144329896907216,0.8855,0.9712072807732623,0.5665859095852004,0.8946581327988924,0,,ok,,2026-07-20T22:35:19.433604+00:00,False,20000
adult,gaussian_copula,fixed,0.35,7,5,2000,9.374,39.65,False,0.0342528000559398,1.0105252571453245,0.0526327111983086,0.0331884328358209,0.116754450679129,0.8144329896907216,0.90325,0.969948366578762,0.6279004592479862,0.8946581327988924,0,,ok,,2026-07-20T22:35:19.433604+00:00,False,20000
adult,gaussian_copula,fixed,0.35,7,6,2000,9.2117,39.65,False,0.0404435721925919,0.8865387027556747,0.0510686607431028,0.0355359660033167,0.1612191239149104,0.845360824742268,0.899,0.9644173730541342,0.6447939809311708,0.8946581327988924,0,,ok,,2026-07-20T22:35:19.433604+00:00,False,20000
adult,gaussian_copula,fixed,0.35,7,7,2000,8.9745,39.65,False,0.0321011379565153,0.8498641120252102,0.056183348018376,0.0348035171365395,0.124603256498797,0.8041237113402062,0.89,0.9750282662649568,0.5299760508659466,0.8946581327988924,0,,ok,,2026-07-20T22:35:19.433604+00:00,False,20000
adult,gaussian_copula,fixed,0.35,7,8,2000,9.3657,39.65,False,0.032965330709897,0.9282493170413384,0.0549748099003038,0.0394860765616362,0.1470342742534701,0.8350515463917526,0.89,0.969183917255234,0.6269226411761721,0.8946581327988924,0,,ok,,2026-07-20T22:35:19.433604+00:00,False,20000
adult,gaussian_copula,fixed,0.35,7,9,2000,8.6859,39.65,False,0.0411152509095012,0.8337749510188767,0.0683043718442975,0.0424285171365395,0.1467706711293527,0.8247422680412371,0.88725,0.967401118292689,0.5936220154224345,0.8946581327988924,0,,ok,,2026-07-20T22:35:19.433604+00:00,False,20000
adult,gaussian_copula,fixed,0.35,7,10,2000,9.211,39.65,False,0.0311750869169532,0.8684631413167061,0.0634082104028651,0.0406218214483139,0.1500854835852689,0.8247422680412371,0.89125,0.9674392423212916,0.6163514666549876,0.8946581327988924,0,,ok,,2026-07-20T22:35:19.433604+00:00,False,20000
adult,gaussian_copula,fixed,0.2,7,6,2000,9.5451,39.65,False,0.0340668517644524,1.0682510374849052,0.0567618018226819,0.0450248065229408,0.1444822396182356,0.7731958762886598,0.9025,0.9774811899802628,0.5769868805584145,0.8946581327988924,0,,ok,,2026-07-20T22:35:19.433604+00:00,False,20000
adult,gaussian_copula,fixed,0.2,7,5,2000,9.0094,39.65,False,0.0476995079564843,1.2537386895350842,0.0678559852527139,0.0413889579878385,0.1227315489200391,0.7938144329896907,0.9025,0.970879401527271,0.5762944943610568,0.8946581327988924,0,,ok,,2026-07-20T22:35:19.433604+00:00,False,20000
adult,gaussian_copula,fixed,0.2,7,4,2000,8.7744,39.65,False,0.0331831953923904,1.177668562475976,0.0613056763603334,0.0329055071862907,0.1176488637544168,0.8247422680412371,0.90975,0.9738767356510208,0.5526953724959721,0.8946581327988924,0,,ok,,2026-07-20T22:35:19.433604+00:00,False,20000
adult,gaussian_copula,fixed,0.2,7,3,2000,9.1622,39.65,False,0.0490378639799634,1.1227014034790808,0.0644814132553472,0.0275599433388612,0.1171245956810575,0.845360824742268,0.90025,0.9702299250400012,0.5634996590028302,0.8946581327988924,0,,ok,,2026-07-20T22:35:19.433604+00:00,False,20000
adult,gaussian_copula,fixed,0.05,7,11,2000,9.0708,39.65,False,0.0408852084662055,0.9741761790861472,0.0790647276893996,0.0618516100055279,0.159198322204889,0.6907216494845361,0.85425,0.9805837938079914,0.4286866147497765,0.8946581327988924,0,,ok,,2026-07-20T22:35:19.433604+00:00,False,20000
adult,gaussian_copula,fixed,0.05,7,12,2000,9.0607,39.65,False,0.0559103720548261,1.0866372670855255,0.0887880424656748,0.0628794568822553,0.1768019979786002,0.7010309278350515,0.85925,0.9843652973950644,0.3702234006800012,0.8946581327988924,0,,ok,,2026-07-20T22:35:19.433604+00:00,False,20000
adult,gaussian_copula,fixed,0.1,7,0,2000,10.1831,39.26,True,0.0279677576100319,1.004395859020297,0.0366396307155591,0.0263370992260917,0.0823961117294955,0.9278350515463918,0.897,0.9710826599297656,0.6695634816617478,0.8946581327988924,0,,ok,,2026-07-20T22:35:19.433604+00:00,False,20000
adult,gaussian_copula,fixed,0.1,7,1,2000,8.7172,39.45,False,0.0233254076897481,0.894330341476163,0.0444741117297616,0.0307494817578772,0.1203565259399546,0.8969072164948454,0.9,0.9717680273189624,0.5595827810132041,0.8946581327988924,0,,ok,,2026-07-20T22:35:19.433604+00:00,False,20000
adult,gaussian_copula,fixed,0.1,7,2,2000,8.713,40.02,False,0.0262461849853121,1.0457141908969383,0.045698215882215,0.0399209162520729,0.1195572856421874,0.9072164948453608,0.89375,0.9748811004045456,0.5288823488299423,0.8946581327988924,0,,ok,,2026-07-20T22:35:19.433604+00:00,False,20000
adult,gaussian_copula,fixed,0.1,7,3,2000,9.201,39.65,False,0.0262483343345476,1.0834768020218213,0.052840148407963,0.0459087893864013,0.1368467126174087,0.9175257731958762,0.89375,0.9785891313114956,0.4588676179620078,0.8946581327988924,0,,ok,,2026-07-20T22:35:19.433604+00:00,False,20000
adult,gaussian_copula,fixed,0.1,7,4,2000,8.6851,39.65,False,0.0348046898281301,0.9531694285767784,0.060521909373025,0.0423178206191265,0.140532206736655,0.865979381443299,0.89375,0.9723125761025102,0.4772815962627602,0.8946581327988924,0,,ok,,2026-07-20T22:35:19.433604+00:00,False,20000
adult,gaussian_copula,fixed,0.1,7,5,2000,8.8882,39.65,False,0.0488238491272506,1.1307763014792565,0.0724273478771905,0.0482210475400773,0.1771945142401593,0.8247422680412371,0.88225,0.9744923169878608,0.5002287192130564,0.8946581327988924,0,,ok,,2026-07-20T22:35:19.433604+00:00,False,20000
adult,gaussian_copula,fixed,0.0,7,7,2000,9.5833,39.65,False,0.0579990909403721,1.3351126512300815,0.0764627648438762,0.0615479546710889,0.1902333038670206,0.7525773195876289,0.90725,0.9847442955544078,0.3627122184511399,0.8946581327988924,0,,ok,,2026-07-20T22:35:19.433604+00:00,False,20000
adult,gaussian_copula,fixed,0.1,7,6,2000,9.0305,39.65,False,0.0486657284632593,1.2766078250180584,0.0802586887392322,0.0484958886124931,0.1566463104094448,0.8041237113402062,0.8905,0.975825634238182,0.540431341422941,0.8946581327988924,0,,ok,,2026-07-20T22:35:19.433604+00:00,False,20000
adult,gaussian_copula,fixed,0.1,7,8,2000,9.3689,39.65,False,0.0463440930538626,1.0960106607953286,0.078592733488857,0.0628240395245992,0.166468414627998,0.7525773195876289,0.87575,0.9784374058226636,0.5346852342390269,0.8946581327988924,0,,ok,,2026-07-20T22:35:19.433604+00:00,False,20000
adult,gaussian_copula,fixed,0.1,7,9,2000,9.0142,39.65,False,0.0454734339070642,1.1337989600027876,0.0795309582913203,0.0665790146489773,0.1625901949078076,0.7319587628865979,0.886,0.9772735508244814,0.5368461177659066,0.8946581327988924,0,,ok,,2026-07-20T22:35:19.433604+00:00,False,20000
adult,gaussian_copula,fixed,0.1,7,10,2000,9.147,39.65,False,0.0674024147140517,1.2581076309499,0.0949038759877976,0.0610231135986733,0.1673335261048879,0.7216494845360825,0.87775,0.9724422301997832,0.5013873621636464,0.8946581327988924,0,,ok,,2026-07-20T22:35:19.433604+00:00,False,20000
adult,gaussian_copula,fixed,0.1,7,11,2000,8.9806,39.65,False,0.0403437068326761,1.0751223579782183,0.0809623792490288,0.072671123548922,0.148189871132107,0.7319587628865979,0.86775,0.9775885218107886,0.5188883977434,0.8946581327988924,0,,ok,,2026-07-20T22:35:19.433604+00:00,False,20000
adult,gaussian_copula,fixed,0.1,7,12,2000,9.226,39.65,False,0.0471420175261282,0.973222135117746,0.0820670997079805,0.0624911898839137,0.1730126488013851,0.7216494845360825,0.8715,0.9783542615102848,0.522850023006327,0.8946581327988924,0,,ok,,2026-07-20T22:35:19.433604+00:00,False,20000
adult,gaussian_copula,fixed,0.2,7,0,2000,10.1831,39.26,True,0.0279677576100319,1.004395859020297,0.0366396307155591,0.0263370992260917,0.0823961117294955,0.9278350515463918,0.897,0.9710826599297656,0.6695634816617478,0.8946581327988924,0,,ok,,2026-07-20T22:35:19.433604+00:00,False,20000
adult,gaussian_copula,fixed,0.2,7,1,2000,9.1714,39.45,False,0.0474106825186102,0.964913564459181,0.0554273829003115,0.0274444789939192,0.1207058833097663,0.8762886597938144,0.90275,0.9690466446522452,0.6251375363993663,0.8946581327988924,0,,ok,,2026-07-20T22:35:19.433604+00:00,False,20000
adult,gaussian_copula,fixed,0.2,7,2,2000,9.0655,40.02,False,0.053172151575776,1.018028983780443,0.0713855801479903,0.0344426133222775,0.1272714672616143,0.8350515463917526,0.89775,0.9729939351136996,0.5546074742960516,0.8946581327988924,0,,ok,,2026-07-20T22:35:19.433604+00:00,False,20000
adult,gaussian_copula,fixed,0.1,7,7,2000,9.4019,39.65,False,0.0461133144957374,1.283002398903742,0.0791075860280717,0.0528833264234383,0.1471834249872148,0.7731958762886598,0.8855,0.9743388691227364,0.4805686686738796,0.8946581327988924,0,,ok,,2026-07-20T22:35:19.433604+00:00,False,20000
adult,gaussian_copula,fixed,0.0,7,6,2000,8.9033,39.65,False,0.0539544464715397,1.1624553852458006,0.0658214948339046,0.0553905127142067,0.1910517101959206,0.7422680412371134,0.88425,0.984345947380547,0.3858360685445616,0.8946581327988924,0,,ok,,2026-07-20T22:35:19.433604+00:00,False,20000
adult,gaussian_copula,fixed,0.0,7,5,2000,9.378,39.65,False,0.0435921270481725,1.0878024135762614,0.0533398327192648,0.0507983347153123,0.173893247499292,0.7628865979381443,0.89325,0.9816879731364018,0.4166008515684755,0.8946581327988924,0,,ok,,2026-07-20T22:35:19.433604+00:00,False,20000
adult,gaussian_copula,fixed,0.0,7,4,2000,9.2791,39.65,False,0.0487336067900637,1.0485126658321222,0.0556038179844234,0.0523108761746821,0.1589650183651026,0.7938144329896907,0.894,0.9810576520385036,0.4439207174040208,0.8946581327988924,0,,ok,,2026-07-20T22:35:19.433604+00:00,False,20000
adult,gaussian_copula,fresh,0.02,6,9,2000,8.8416,39.65,False,0.0650137456287621,1.3758650391923175,0.0945556511435882,0.0481919568822553,0.1782748146309788,0.7525773195876289,0.879,0.9839936387412276,0.3817421028110729,0.8922316504381038,0,,ok,,2026-07-20T22:35:19.433604+00:00,False,20000
adult,gaussian_copula,fresh,0.02,6,10,2000,8.7605,39.65,False,0.0826513908725687,1.650332350625761,0.1302216989769099,0.0543876451077943,0.1478286975426945,0.7525773195876289,0.8805,0.9866766071291244,0.3908441899288017,0.8922316504381038,0,,ok,,2026-07-20T22:35:19.433604+00:00,False,20000
adult,gaussian_copula,fresh,0.02,6,11,2000,9.0115,39.65,False,0.1034541327812309,1.7855650709562674,0.130028689187495,0.0490859245439469,0.1948591739215913,0.7422680412371134,0.88025,0.9825862199353116,0.5005573576122093,0.8922316504381038,0,,ok,,2026-07-20T22:35:19.433604+00:00,False,20000
adult,gaussian_copula,fresh,0.02,6,12,2000,9.7533,39.65,False,0.0706553221389583,1.4946630463438826,0.1099949510088726,0.046773182697623,0.1899725507843981,0.7422680412371134,0.89175,0.9835984686947512,0.4355992653186143,0.8922316504381038,0,,ok,,2026-07-20T22:35:19.433604+00:00,False,20000
adult,gaussian_copula,fresh,0.05,6,0,2000,9.9563,39.26,True,0.0364936755408425,1.1116085312561257,0.047975043726398,0.0266257946379215,0.114360688033954,0.8865979381443299,0.886,0.9708386607467052,0.6820622638147126,0.8922316504381038,0,,ok,,2026-07-20T22:35:19.433604+00:00,False,20000
adult,gaussian_copula,fresh,0.05,6,1,2000,9.4425,39.45,False,0.0266201065460257,1.0708232374671565,0.0421096944067157,0.0277192164179104,0.1144966734192416,0.9072164948453608,0.90675,0.9732160271553244,0.536508628257749,0.8922316504381038,0,,ok,,2026-07-20T22:35:19.433604+00:00,False,20000
adult,gaussian_copula,fresh,0.05,6,2,2000,9.7505,40.02,False,0.0366921476590748,1.1770654839563568,0.0498007084324008,0.0410308181315644,0.149703479919918,0.865979381443299,0.903,0.9751319514052468,0.4953716567558285,0.8922316504381038,0,,ok,,2026-07-20T22:35:19.433604+00:00,False,20000
adult,gaussian_copula,fresh,0.05,6,3,2000,10.3975,39.65,False,0.0259644196080821,0.9147650999130006,0.0434074089973225,0.0346178828081813,0.1769659406290274,0.8247422680412371,0.897,0.972899089667542,0.5054452678234127,0.8922316504381038,0,,ok,,2026-07-20T22:35:19.433604+00:00,False,20000
adult,gaussian_copula,fresh,0.05,6,4,2000,9.5454,39.65,False,0.0471002921218074,0.9988671379824744,0.0617328216708599,0.0409391929242675,0.1621698122080494,0.7938144329896907,0.88525,0.981075730802067,0.4397100481592119,0.8922316504381038,0,,ok,,2026-07-20T22:35:19.433604+00:00,False,20000
adult,gaussian_copula,fresh,0.05,6,5,2000,9.7507,39.65,False,0.0371344584414434,0.8946420599618099,0.0668530198093992,0.0371661484245439,0.1655846028040447,0.7938144329896907,0.88775,0.9769840993573204,0.4870083422030187,0.8922316504381038,0,,ok,,2026-07-20T22:35:19.433604+00:00,False,20000
adult,gaussian_copula,fresh,0.05,6,6,2000,9.0676,39.65,False,0.0296863081775186,1.0176237191909852,0.0597481383499226,0.0554613045881702,0.1858265743922225,0.7628865979381443,0.90025,0.9757711166972802,0.4610163721913628,0.8922316504381038,0,,ok,,2026-07-20T22:35:19.433604+00:00,False,20000
adult,gaussian_copula,fresh,0.05,6,7,2000,9.358,39.65,False,0.0462038935513739,0.8997171316706686,0.0689836029105138,0.0479864566058595,0.1645896060211834,0.8041237113402062,0.89525,0.9761925420134546,0.4718270839477205,0.8922316504381038,0,,ok,,2026-07-20T22:35:19.433604+00:00,False,20000
adult,gaussian_copula,fresh,0.05,6,8,2000,9.1915,39.65,False,0.0285069094048091,0.9150093756519316,0.0569982383182208,0.0525339275843007,0.1703823432229045,0.8144329896907216,0.8935,0.9806606684906666,0.4465732308632795,0.8922316504381038,0,,ok,,2026-07-20T22:35:19.433604+00:00,False,20000
adult,gaussian_copula,fresh,0.05,6,9,2000,8.9839,39.65,False,0.0146035199958723,0.9797784850167064,0.0581815247815612,0.0521380597014925,0.1116727578748503,0.7938144329896907,0.89325,0.979964327843237,0.4191061415812906,0.8922316504381038,0,,ok,,2026-07-20T22:35:19.433604+00:00,False,20000
adult,gaussian_copula,fresh,0.05,6,10,2000,9.3005,39.65,False,0.0456512094477837,0.9435873609059958,0.0648719257661383,0.0563603164731896,0.1424862191380753,0.7731958762886598,0.87725,0.9793623252665844,0.4410949188995829,0.8922316504381038,0,,ok,,2026-07-20T22:35:19.433604+00:00,False,20000
adult,gaussian_copula,fresh,0.05,6,11,2000,8.9855,39.65,False,0.043796437901443,1.020086038494887,0.0684049005863475,0.0538015132669983,0.1637284434089193,0.7628865979381443,0.8905,0.9767589304383876,0.4204945199833783,0.8922316504381038,0,,ok,,2026-07-20T22:35:19.433604+00:00,False,20000
adult,gaussian_copula,fresh,0.05,6,12,2000,9.5378,39.65,False,0.0355799563657122,1.166284632019268,0.0609311027992815,0.0536692578772802,0.1614143351982917,0.7835051546391752,0.88925,0.980481860856516,0.3910199663972564,0.8922316504381038,0,,ok,,2026-07-20T22:35:19.433604+00:00,False,20000
adult,gaussian_copula,fresh,0.02,6,8,2000,8.8529,39.65,False,0.0708965083935557,1.358550153487877,0.0979544319747348,0.0526310461580983,0.163755828688205,0.7010309278350515,0.886,0.9800348372711368,0.3681205738718147,0.8922316504381038,0,,ok,,2026-07-20T22:35:19.433604+00:00,False,20000
adult,gaussian_copula,fresh,0.02,6,7,2000,8.8957,39.65,False,0.0596770357085078,1.2646316442037269,0.0989008276167578,0.0465515132669983,0.181753881450619,0.7319587628865979,0.88575,0.9807504390580168,0.43151251159987,0.8922316504381038,0,,ok,,2026-07-20T22:35:19.433604+00:00,False,20000
adult,gaussian_copula,fresh,0.02,6,6,2000,9.1154,39.65,False,0.0526252284183985,1.2283415145427707,0.0844920526356224,0.0485415630182421,0.1824469189336903,0.7628865979381443,0.877,0.9837718178248064,0.4408765587622504,0.8922316504381038,0,,ok,,2026-07-20T22:35:19.433604+00:00,False,20000
adult,gaussian_copula,fresh,0.02,6,5,2000,9.1456,39.65,False,0.0487092520799233,1.1583892036514551,0.0865237499017277,0.0494379836926478,0.1752958855506329,0.7938144329896907,0.89275,0.9828296251179264,0.3985275098368603,0.8922316504381038,0,,ok,,2026-07-20T22:35:19.433604+00:00,False,20000
adult,gaussian_copula,fresh,0.01,6,0,2000,9.9563,39.26,True,0.0364936755408425,1.1116085312561257,0.047975043726398,0.0266257946379215,0.114360688033954,0.8865979381443299,0.886,0.9708386607467052,0.6820622638147126,0.8922316504381038,0,,ok,,2026-07-20T22:35:19.433604+00:00,False,20000
adult,gaussian_copula,fresh,0.01,6,1,2000,9.0887,39.45,False,0.0455662667459114,1.247189657551779,0.0579341160527876,0.0274325594250967,0.133216778123299,0.8144329896907216,0.89525,0.974804855722343,0.4947006443476228,0.8922316504381038,0,,ok,,2026-07-20T22:35:19.433604+00:00,False,20000
adult,gaussian_copula,fresh,0.01,6,2,2000,9.2484,40.02,False,0.0190260373222832,1.0126507178843316,0.0406941670155183,0.0310147180762852,0.1112022053776235,0.7835051546391752,0.89,0.9750867955588683,0.4871251768418797,0.8922316504381038,0,,ok,,2026-07-20T22:35:19.433604+00:00,False,20000
adult,gaussian_copula,fresh,0.01,6,3,2000,9.0817,39.65,False,0.0484879502172313,1.134412139303971,0.0637997750206507,0.0328230721393034,0.1643621915740746,0.7628865979381443,0.89,0.978981014105506,0.3990343833458581,0.8922316504381038,0,,ok,,2026-07-20T22:35:19.433604+00:00,False,20000
adult,gaussian_copula,fresh,0.01,6,4,2000,8.9922,39.65,False,0.0274682314829272,1.0586036158578669,0.0542550811852066,0.0433256978993919,0.166286733549987,0.7628865979381443,0.891,0.9826992217700912,0.3809817269838056,0.8922316504381038,0,,ok,,2026-07-20T22:35:19.433604+00:00,False,20000
adult,gaussian_copula,fresh,0.01,6,5,2000,8.7477,39.65,False,0.0297391045209547,1.0923724061148894,0.060079168702027,0.0499035724156992,0.16391755179731,0.7319587628865979,0.89,0.9805249461388408,0.4815547805626499,0.8922316504381038,0,,ok,,2026-07-20T22:35:19.433604+00:00,False,20000
adult,gaussian_copula,fresh,0.01,6,6,2000,9.192,39.65,False,0.0442764784117244,1.125765784660367,0.0805756736387459,0.0534790975677169,0.1457702162088957,0.7216494845360825,0.8815,0.9813382294990066,0.4526479108825761,0.8922316504381038,0,,ok,,2026-07-20T22:35:19.433604+00:00,False,20000
adult,gaussian_copula,fresh,0.01,6,7,2000,9.0198,39.65,False,0.0493782371386754,1.0169337029228906,0.0742405545216374,0.0487710751796572,0.1913853179871809,0.7525773195876289,0.87425,0.981015538756908,0.3798519648740789,0.8922316504381038,0,,ok,,2026-07-20T22:35:19.433604+00:00,False,20000
adult,gaussian_copula,fresh,0.1,6,0,2000,9.9563,39.26,True,0.0364936755408425,1.1116085312561257,0.047975043726398,0.0266257946379215,0.114360688033954,0.8865979381443299,0.886,0.9708386607467052,0.6820622638147126,0.8922316504381038,0,,ok,,2026-07-20T22:35:19.433604+00:00,False,20000
adult,gaussian_copula,fresh,0.01,6,8,2000,9.09,39.65,False,0.0560804231081821,1.156817702728719,0.0829527242952618,0.053038177169707,0.1663722781518123,0.7216494845360825,0.87825,0.9833434411284168,0.4136480560407639,0.8922316504381038,0,,ok,,2026-07-20T22:35:19.433604+00:00,False,20000
adult,gaussian_copula,fresh,0.01,6,10,2000,9.0871,39.65,False,0.0527425219645223,0.9523131482015632,0.0839088488699365,0.0612012852404643,0.1960920624962089,0.711340206185567,0.89075,0.9824129338053036,0.4278011760304625,0.8922316504381038,0,,ok,,2026-07-20T22:35:19.433604+00:00,False,20000
adult,gaussian_copula,fresh,0.01,6,11,2000,9.002,39.65,False,0.0412504551177408,0.8538156145902381,0.06410235352409,0.0597367330016583,0.2046583114224376,0.711340206185567,0.88975,0.984782413958006,0.4390010415460566,0.8922316504381038,0,,ok,,2026-07-20T22:35:19.433604+00:00,False,20000
adult,gaussian_copula,fresh,0.01,6,12,2000,8.8425,39.65,False,0.0737225024920326,0.8217057873409329,0.1009537895398114,0.0648422125483692,0.2324005992011523,0.6907216494845361,0.8815,0.9884423443288688,0.4533258074866745,0.8922316504381038,0,,ok,,2026-07-20T22:35:19.433604+00:00,False,20000
adult,gaussian_copula,fresh,0.02,6,0,2000,9.9563,39.26,True,0.0364936755408425,1.1116085312561257,0.047975043726398,0.0266257946379215,0.114360688033954,0.8865979381443299,0.886,0.9708386607467052,0.6820622638147126,0.8922316504381038,0,,ok,,2026-07-20T22:35:19.433604+00:00,False,20000
adult,gaussian_copula,fresh,0.02,6,1,2000,8.9211,39.45,False,0.0245871424155925,0.915295515875076,0.0468441448387067,0.0251244472084024,0.0999605734276658,0.865979381443299,0.88175,0.97329344858841,0.5599043385251534,0.8922316504381038,0,,ok,,2026-07-20T22:35:19.433604+00:00,False,20000
adult,gaussian_copula,fresh,0.02,6,2,2000,9.2198,40.02,False,0.0318091952231868,1.028841239951111,0.0591221775282099,0.0358209991708126,0.1266360364822608,0.8556701030927835,0.889,0.9775838721823,0.4675670779656821,0.8922316504381038,0,,ok,,2026-07-20T22:35:19.433604+00:00,False,20000
adult,gaussian_copula,fresh,0.02,6,3,2000,9.2687,39.65,False,0.0358418963909189,1.026515212960208,0.0757741978100579,0.034406820066335,0.1347544576052924,0.845360824742268,0.89325,0.981205486149416,0.4683733484322325,0.8922316504381038,0,,ok,,2026-07-20T22:35:19.433604+00:00,False,20000
adult,gaussian_copula,fresh,0.02,6,4,2000,9.3137,39.65,False,0.0401911373469983,1.0882824412990104,0.0694194509813807,0.0414825179657269,0.1515707790691306,0.7835051546391752,0.89125,0.9819117324292772,0.4631463096186116,0.8922316504381038,0,,ok,,2026-07-20T22:35:19.433604+00:00,False,20000
adult,gaussian_copula,fresh,0.01,6,9,2000,10.0297,39.65,False,0.0451413906898034,0.9552342415821732,0.0793019775075256,0.0613045536207849,0.1818852959007749,0.711340206185567,0.875,0.9845901411887534,0.4259357884167962,0.8922316504381038,0,,ok,,2026-07-20T22:35:19.433604+00:00,False,20000
adult,gaussian_copula,fresh,0.01,5,11,2000,9.2567,39.65,False,0.0351869619033551,0.9881352887236438,0.0793632846969788,0.0561035447761194,0.195727876137956,0.7319587628865979,0.86975,0.9825059871251168,0.3620772988985418,0.896375477418985,0,,ok,,2026-07-20T22:35:19.433604+00:00,False,20000
adult,gaussian_copula,fresh,0.1,6,1,2000,9.2458,39.45,False,0.033759900937878,1.2273993542912736,0.0460868359079265,0.0250003800442233,0.131427946496772,0.8969072164948454,0.89775,0.9751355845954724,0.5660284208454501,0.8922316504381038,0,,ok,,2026-07-20T22:35:19.433604+00:00,False,20000
adult,gaussian_copula,fresh,0.1,6,3,2000,9.2323,39.65,False,0.0357675289433721,0.8791782858999665,0.0461693510578278,0.031631806246545,0.1564976699043221,0.8556701030927835,0.90025,0.9732416276745312,0.477208000930481,0.8922316504381038,0,,ok,,2026-07-20T22:35:19.433604+00:00,False,20000
adult,gaussian_copula,fresh,0.35,6,0,2000,9.9563,39.26,True,0.0364936755408425,1.1116085312561257,0.047975043726398,0.0266257946379215,0.114360688033954,0.8865979381443299,0.886,0.9708386607467052,0.6820622638147126,0.8922316504381038,0,,ok,,2026-07-20T22:35:19.433604+00:00,False,20000
adult,gaussian_copula,fresh,0.35,6,1,2000,8.5553,39.45,False,0.0294847514737818,1.220331341380457,0.0534626608093791,0.0239404712548369,0.1025019533411942,0.8969072164948454,0.90475,0.9723681218941834,0.6297148382482777,0.8922316504381038,0,,ok,,2026-07-20T22:35:19.433604+00:00,False,20000
adult,gaussian_copula,fresh,0.35,6,2,2000,8.9276,40.02,False,0.0265115489948785,1.0884012188185206,0.0377936050893232,0.0274241984521835,0.1329302370267961,0.8762886597938144,0.89,0.9745541160967256,0.6514898121112807,0.8922316504381038,0,,ok,,2026-07-20T22:35:19.433604+00:00,False,20000
adult,gaussian_copula,fresh,0.35,6,3,2000,9.9611,39.65,False,0.0264477805903017,1.0600448691148825,0.0408242117419343,0.0263845702045328,0.1266085580529183,0.865979381443299,0.89225,0.9642248955347278,0.6740221786499974,0.8922316504381038,0,,ok,,2026-07-20T22:35:19.433604+00:00,False,20000
adult,gaussian_copula,fresh,0.35,6,4,2000,8.6976,39.65,False,0.0345702016243865,1.1576919312655782,0.0514590661231566,0.0321096945826423,0.1409594343124926,0.8969072164948454,0.88525,0.9672574838099272,0.6260591991018288,0.8922316504381038,0,,ok,,2026-07-20T22:35:19.433604+00:00,False,20000
adult,gaussian_copula,fresh,0.35,6,5,2000,9.2364,39.65,False,0.03241603982171,0.9116212612046742,0.0517202002961987,0.0326365395245992,0.115960027286758,0.8865979381443299,0.90425,0.9712202047829588,0.6280220472602015,0.8922316504381038,0,,ok,,2026-07-20T22:35:19.433604+00:00,False,20000
adult,gaussian_copula,fresh,0.35,6,6,2000,8.542,39.65,False,0.0137094103124393,0.9179938836595576,0.0435408918590771,0.0351475262576008,0.1171771067612224,0.8762886597938144,0.904,0.9689644115905498,0.6169621931763064,0.8922316504381038,0,,ok,,2026-07-20T22:35:19.433604+00:00,False,20000
adult,gaussian_copula,fresh,0.35,6,7,2000,9.1953,39.65,False,0.0188520610023643,0.9618247003545088,0.0450114842565307,0.0306219596462133,0.1121888430394928,0.8556701030927835,0.9,0.974281082329382,0.6147930813962408,0.8922316504381038,0,,ok,,2026-07-20T22:35:19.433604+00:00,False,20000
adult,gaussian_copula,fresh,0.35,6,8,2000,9.1043,39.65,False,0.0302331030725383,0.9762453265004144,0.0391349758575842,0.0288389994472084,0.1033304658990552,0.8762886597938144,0.895,0.9698946129134334,0.6079290135812728,0.8922316504381038,0,,ok,,2026-07-20T22:35:19.433604+00:00,False,20000
adult,gaussian_copula,fresh,0.35,6,9,2000,9.0275,39.65,False,0.0227763473932462,0.978989654953552,0.0323811240476013,0.0251556108347153,0.1232766378280382,0.8247422680412371,0.90075,0.9754392661983096,0.652887533350651,0.8922316504381038,0,,ok,,2026-07-20T22:35:19.433604+00:00,False,20000
adult,gaussian_copula,fresh,0.35,6,10,2000,8.8213,39.65,False,0.022931491752309,0.928463343635812,0.0372591539720661,0.0288537175234936,0.1061347729976067,0.8556701030927835,0.8965,0.9704535943328092,0.6425539947152978,0.8922316504381038,0,,ok,,2026-07-20T22:35:19.433604+00:00,False,20000
adult,gaussian_copula,fresh,0.35,6,11,2000,9.2236,39.65,False,0.0170882414792417,0.9199917488393372,0.0370114512665822,0.031479995854063,0.127196252382141,0.7938144329896907,0.89325,0.9734592647128134,0.6205202406505079,0.8922316504381038,0,,ok,,2026-07-20T22:35:19.433604+00:00,False,20000
adult,gaussian_copula,fresh,0.35,6,12,2000,9.0646,39.65,False,0.0304073113196114,0.952307720792024,0.0430297685464169,0.0310896904367053,0.1299443141808024,0.8556701030927835,0.89625,0.9711396772225428,0.608897456033919,0.8922316504381038,0,,ok,,2026-07-20T22:35:19.433604+00:00,False,20000
adult,gaussian_copula,fixed,0.0,7,0,2000,10.1831,39.26,True,0.0279677576100319,1.004395859020297,0.0366396307155591,0.0263370992260917,0.0823961117294955,0.9278350515463918,0.897,0.9710826599297656,0.6695634816617478,0.8946581327988924,0,,ok,,2026-07-20T22:35:19.433604+00:00,False,20000
adult,gaussian_copula,fixed,0.0,7,1,2000,9.5296,39.83,False,0.0322483191625434,0.9651215775770168,0.0429647658056845,0.0261522249861802,0.1165270827956523,0.865979381443299,0.89175,0.9754817822302072,0.5349808612797813,0.8946581327988924,0,,ok,,2026-07-20T22:35:19.433604+00:00,False,20000
adult,gaussian_copula,fixed,0.0,7,2,2000,9.1477,40.02,False,0.0221524133134922,0.9661306511552626,0.0374579944750769,0.0370814676616915,0.1262580395873824,0.845360824742268,0.89625,0.9768410419999918,0.412233714385596,0.8946581327988924,0,,ok,,2026-07-20T22:35:19.433604+00:00,False,20000
adult,gaussian_copula,fixed,0.0,7,3,2000,9.1428,39.65,False,0.0318228245751612,1.0801025031221303,0.0510651294491294,0.0378883360972913,0.1710214119867247,0.7938144329896907,0.88975,0.9766090173259152,0.393564397981003,0.8946581327988924,0,,ok,,2026-07-20T22:35:19.433604+00:00,False,20000
adult,gaussian_copula,fresh,0.2,6,12,2000,9.0059,39.65,False,0.0344803721670663,0.8931498404770183,0.0542385404308946,0.0382249516307352,0.1759919366259233,0.7938144329896907,0.8965,0.9768546027601656,0.5500206001366611,0.8922316504381038,0,,ok,,2026-07-20T22:35:19.433604+00:00,False,20000
adult,gaussian_copula,fresh,0.2,6,11,2000,9.1554,39.65,False,0.0319543759483797,0.9876751537752574,0.0536664751475452,0.0370452598120508,0.1601128446987733,0.8350515463917526,0.9165,0.9767964829665612,0.5832539902438487,0.8922316504381038,0,,ok,,2026-07-20T22:35:19.433604+00:00,False,20000
adult,gaussian_copula,fresh,0.2,6,10,2000,9.5341,39.65,False,0.0419289871160268,0.988742253975582,0.0560277520188837,0.0418637023217247,0.1335934878298361,0.8144329896907216,0.89825,0.9804872968605944,0.5325916191405822,0.8922316504381038,0,,ok,,2026-07-20T22:35:19.433604+00:00,False,20000
adult,gaussian_copula,fresh,0.2,6,9,2000,9.1798,39.65,False,0.0345955450219841,0.9246908275120664,0.0468920842868284,0.049550442233278,0.1262591748387021,0.8247422680412371,0.897,0.9786421098512428,0.5713945204160992,0.8922316504381038,0,,ok,,2026-07-20T22:35:19.433604+00:00,False,20000
adult,gaussian_copula,fresh,0.1,6,4,2000,9.0663,39.65,False,0.0286378114670425,0.94141201482267,0.042060302864253,0.0380955292979546,0.1383809035303022,0.7835051546391752,0.89675,0.9728530253829822,0.4465609048744434,0.8922316504381038,0,,ok,,2026-07-20T22:35:19.433604+00:00,False,20000
adult,gaussian_copula,fresh,0.1,6,5,2000,9.0953,39.65,False,0.0253539418889571,0.9793886442115316,0.0494862621028582,0.0495910378662244,0.1424316198107496,0.8247422680412371,0.899,0.9811407389758396,0.4952750157582522,0.8922316504381038,0,,ok,,2026-07-20T22:35:19.433604+00:00,False,20000
adult,gaussian_copula,fresh,0.1,6,6,2000,9.3931,39.65,False,0.0360457698104248,0.9136999425563817,0.054231817849065,0.0478099087893863,0.1498376740060056,0.7938144329896907,0.907,0.9784191808089904,0.4936763415625917,0.8922316504381038,0,,ok,,2026-07-20T22:35:19.433604+00:00,False,20000
adult,gaussian_copula,fresh,0.1,6,7,2000,9.1408,39.65,False,0.0457759110662875,1.097641858557328,0.0617019225866273,0.0368723396904367,0.1240669003275347,0.8041237113402062,0.89,0.97733583480871,0.5425727852918958,0.8922316504381038,0,,ok,,2026-07-20T22:35:19.433604+00:00,False,20000
adult,gaussian_copula,fresh,0.1,6,8,2000,9.2185,39.65,False,0.0233303611119774,1.054868752659845,0.045614712366285,0.0443218974571586,0.1347599315027499,0.8144329896907216,0.89725,0.9761258632134288,0.5135284611671689,0.8922316504381038,0,,ok,,2026-07-20T22:35:19.433604+00:00,False,20000
adult,gaussian_copula,fresh,0.1,6,9,2000,9.0503,39.65,False,0.0390914996506052,1.0262370994023298,0.0529930194473786,0.0448968698175787,0.1302078816163694,0.8247422680412371,0.90425,0.9750646701672688,0.514734768978843,0.8922316504381038,0,,ok,,2026-07-20T22:35:19.433604+00:00,False,20000
adult,gaussian_copula,fresh,0.1,6,10,2000,9.4114,39.65,False,0.0406029850028406,1.004501135720006,0.0525181095134562,0.0483170605306799,0.1415890692331439,0.7938144329896907,0.902,0.980245254054002,0.5065169076506757,0.8922316504381038,0,,ok,,2026-07-20T22:35:19.433604+00:00,False,20000
adult,gaussian_copula,fresh,0.1,6,11,2000,9.3562,39.65,False,0.0377200420891458,1.0167838691369984,0.0563894554487277,0.0403847084024322,0.1418366477315462,0.8350515463917526,0.89575,0.9741692336204676,0.5483894390927653,0.8922316504381038,0,,ok,,2026-07-20T22:35:19.433604+00:00,False,20000
adult,gaussian_copula,fresh,0.1,6,2,2000,9.0515,40.02,False,0.0175416234023346,0.9723810782907792,0.0297854438540317,0.0315796365395246,0.1260046325075818,0.8556701030927835,0.9035,0.976491685362887,0.5381794553827397,0.8922316504381038,0,,ok,,2026-07-20T22:35:19.433604+00:00,False,20000
adult,gaussian_copula,fresh,0.1,6,12,2000,9.5624,39.65,False,0.0262586239872162,1.0110818102615708,0.0441897028606072,0.0479512852404643,0.1368674780501132,0.8247422680412371,0.90275,0.9740166733810092,0.4807622784878844,0.8922316504381038,0,,ok,,2026-07-20T22:35:19.433604+00:00,False,20000
adult,gaussian_copula,fresh,0.2,6,1,2000,8.8121,39.45,False,0.0223022163679498,1.0193334057031491,0.0379260350970126,0.0289014303482587,0.1304287765453574,0.845360824742268,0.888,0.9718112183513664,0.5977699401389664,0.8922316504381038,0,,ok,,2026-07-20T22:35:19.433604+00:00,False,20000
adult,gaussian_copula,fresh,0.2,6,2,2000,9.0047,40.02,False,0.0259827315391139,1.1858689241193543,0.0504280730215643,0.0285495093974571,0.162225479829686,0.8969072164948454,0.898,0.9728541503838264,0.5756128934039306,0.8922316504381038,0,,ok,,2026-07-20T22:35:19.433604+00:00,False,20000
adult,gaussian_copula,fresh,0.2,6,3,2000,9.3618,39.65,False,0.0415110578840224,1.0545719942636105,0.0472737986838365,0.0302468905472636,0.1325087721302078,0.9072164948453608,0.88425,0.9685063506218896,0.593210963363883,0.8922316504381038,0,,ok,,2026-07-20T22:35:19.433604+00:00,False,20000
adult,gaussian_copula,fresh,0.2,6,4,2000,9.2082,39.65,False,0.0360054208694008,0.9676568676899274,0.0446518281717419,0.0324095149253731,0.1289823320444904,0.8865979381443299,0.87825,0.9706298122150168,0.576890862416657,0.8922316504381038,0,,ok,,2026-07-20T22:35:19.433604+00:00,False,20000
adult,gaussian_copula,fresh,0.2,6,5,2000,8.9453,39.65,False,0.0341620256047424,1.1553775365488672,0.048257405621428,0.0352340381426202,0.1197515771012017,0.8865979381443299,0.89975,0.9751505369816904,0.5915990125047157,0.8922316504381038,0,,ok,,2026-07-20T22:35:19.433604+00:00,False,20000
adult,gaussian_copula,fresh,0.2,6,6,2000,9.1389,39.65,False,0.0200413255084417,1.01082109574272,0.0386482481086113,0.0347019762299613,0.1182548100333424,0.8762886597938144,0.904,0.9716479514788756,0.5733886097110696,0.8922316504381038,0,,ok,,2026-07-20T22:35:19.433604+00:00,False,20000
adult,gaussian_copula,fresh,0.2,6,7,2000,9.0044,39.65,False,0.0191882752060252,0.9703618837342066,0.0389119999098676,0.036794085129906,0.1413422405430441,0.8144329896907216,0.89625,0.9733720568973856,0.547633914984508,0.8922316504381038,0,,ok,,2026-07-20T22:35:19.433604+00:00,False,20000
adult,gaussian_copula,fresh,0.2,6,8,2000,9.0199,39.65,False,0.0158329516000296,1.0589011472861178,0.0399176614276427,0.0407422263681592,0.1332693128269249,0.865979381443299,0.8995,0.9723854328446708,0.5625760621691407,0.8922316504381038,0,,ok,,2026-07-20T22:35:19.433604+00:00,False,20000
adult,gaussian_copula,fresh,0.2,6,0,2000,9.9563,39.26,True,0.0364936755408425,1.1116085312561257,0.047975043726398,0.0266257946379215,0.114360688033954,0.8865979381443299,0.886,0.9708386607467052,0.6820622638147126,0.8922316504381038,0,,ok,,2026-07-20T22:35:19.433604+00:00,False,20000
adult,gaussian_copula,fresh,0.01,5,10,2000,9.0035,39.65,False,0.0409810730002823,0.963225639249622,0.0884660446723702,0.0541145660585959,0.1991292285548558,0.7628865979381443,0.87225,0.9859712394749224,0.4034282377651775,0.896375477418985,0,,ok,,2026-07-20T22:35:19.433604+00:00,False,20000
adult,gaussian_copula,fresh,0.01,5,9,2000,9.2016,39.65,False,0.0332889701680121,0.9745096477571176,0.0703510473125712,0.0556419637921503,0.1602763313857065,0.7628865979381443,0.89,0.98367249600029,0.3806626281132464,0.896375477418985,0,,ok,,2026-07-20T22:35:19.433604+00:00,False,20000
adult,gaussian_copula,fresh,0.01,5,8,2000,9.8869,39.65,False,0.0335033836516897,1.0699991801503812,0.0788687044111425,0.0538846738529574,0.1926888406775927,0.7731958762886598,0.887,0.9844588074652204,0.4285934158501464,0.896375477418985,0,,ok,,2026-07-20T22:35:19.433604+00:00,False,20000
adult,gaussian_copula,fixed,0.1,4,11,2000,9.0043,39.65,False,0.0349092067464789,1.0120927547415204,0.0694111884812094,0.0692739082365948,0.1554069194075122,0.711340206185567,0.8785,0.9788084232260196,0.4912840179261838,0.8924175565090859,0,,ok,,2026-07-20T22:35:19.433604+00:00,False,20000
adult,gaussian_copula,fixed,0.1,4,12,2000,9.2345,39.65,False,0.0449694391369514,0.9694196738642784,0.0677468441284211,0.0672866569928137,0.1667425300786575,0.711340206185567,0.87925,0.9749849919824904,0.5285283700335279,0.8924175565090859,0,,ok,,2026-07-20T22:35:19.433604+00:00,False,20000
adult,gaussian_copula,fixed,0.2,4,0,2000,20.676,39.26,True,0.0168208540043868,0.929040202183334,0.0320275744120648,0.0267307904919845,0.1040147109973347,0.9072164948453608,0.8935,0.964933725941528,0.6877590998251677,0.8924175565090859,0,,ok,,2026-07-20T22:35:19.433604+00:00,False,20000
adult,gaussian_copula,fixed,0.2,4,1,2000,9.0534,39.45,False,0.0129279769679067,0.9163969109975638,0.0329767870086605,0.0380603233830845,0.1058158640414694,0.8350515463917526,0.89075,0.963315585477518,0.6238706476638384,0.8924175565090859,0,,ok,,2026-07-20T22:35:19.433604+00:00,False,20000
adult,gaussian_copula,fixed,0.2,4,2,2000,8.6775,40.02,False,0.0351327561399835,1.1107278113890289,0.0525152848511129,0.0287714897733554,0.1327160557165223,0.8350515463917526,0.9075,0.9764761322262184,0.5919650550348845,0.8924175565090859,0,,ok,,2026-07-20T22:35:19.433604+00:00,False,20000
adult,gaussian_copula,fixed,0.2,4,3,2000,8.8811,39.65,False,0.055100890477974,1.1792467245304568,0.0629718852990359,0.0316253109452736,0.1323463252378262,0.8041237113402062,0.9085,0.973152944982997,0.6249155046908911,0.8924175565090859,0,,ok,,2026-07-20T22:35:19.433604+00:00,False,20000
adult,gaussian_copula,fixed,0.2,4,4,2000,9.561,39.65,False,0.0256447609055122,1.048239571816537,0.0459708855609541,0.0296044085129906,0.1217084096190119,0.7835051546391752,0.90775,0.9769671860946314,0.5316833970110526,0.8924175565090859,0,,ok,,2026-07-20T22:35:19.433604+00:00,False,20000
adult,gaussian_copula,fixed,0.2,4,5,2000,9.1355,39.65,False,0.0264464268320878,0.9834897527350924,0.0458694715149973,0.033632255389718,0.1491285267052721,0.7525773195876289,0.8945,0.9743523320078372,0.6097415895778782,0.8924175565090859,0,,ok,,2026-07-20T22:35:19.433604+00:00,False,20000
adult,gaussian_copula,fixed,0.2,4,6,2000,8.932,39.65,False,0.0357393671787629,1.0129001991597344,0.0561836846518374,0.0441203703703703,0.1565281934034783,0.7319587628865979,0.89825,0.975992933113698,0.5412470530724298,0.8924175565090859,0,,ok,,2026-07-20T22:35:19.433604+00:00,False,20000
adult,gaussian_copula,fixed,0.2,4,7,2000,9.4985,39.65,False,0.0382487674998035,0.8756009884171666,0.0610144743511434,0.0409079601990049,0.1533749545368531,0.7422680412371134,0.89625,0.976561221102556,0.5951692876220978,0.8924175565090859,0,,ok,,2026-07-20T22:35:19.433604+00:00,False,20000
adult,gaussian_copula,fixed,0.2,4,8,2000,8.5804,39.65,False,0.0215437316004808,0.932280136864258,0.0544353281694279,0.0376463170259811,0.1366141204648797,0.7216494845360825,0.89425,0.9787383784234684,0.5458410081190239,0.8924175565090859,0,,ok,,2026-07-20T22:35:19.433604+00:00,False,20000
adult,gaussian_copula,fixed,0.2,4,9,2000,8.9723,39.65,False,0.0368918818574253,1.004432118836897,0.0579612304865792,0.0369137645107794,0.099218857743437,0.7319587628865979,0.88475,0.9787384999235595,0.55864384225724,0.8924175565090859,0,,ok,,2026-07-20T22:35:19.433604+00:00,False,20000
adult,gaussian_copula,fixed,0.2,4,10,2000,9.0969,39.65,False,0.0404465022571879,0.8997536076598132,0.0633063157546363,0.0339366708126036,0.1014200540610707,0.7319587628865979,0.898,0.970484286605836,0.6198627015971203,0.8924175565090859,0,,ok,,2026-07-20T22:35:19.433604+00:00,False,20000
adult,gaussian_copula,fixed,0.2,4,11,2000,8.9528,39.65,False,0.0329893467320741,0.9706547109477748,0.0552774355651766,0.0389538764510779,0.1428654804001403,0.7319587628865979,0.89325,0.9749877842345852,0.5227338112232849,0.8924175565090859,0,,ok,,2026-07-20T22:35:19.433604+00:00,False,20000
adult,gaussian_copula,fixed,0.2,4,12,2000,9.1016,39.65,False,0.0352907428192164,0.96311996893193,0.0577860385283999,0.0477197346600331,0.1147788089675951,0.7319587628865979,0.894,0.97718795063526,0.5641672948768601,0.8924175565090859,0,,ok,,2026-07-20T22:35:19.433604+00:00,False,20000
adult,gaussian_copula,fixed,0.35,4,0,2000,20.676,39.26,True,0.0168208540043868,0.929040202183334,0.0320275744120648,0.0267307904919845,0.1040147109973347,0.9072164948453608,0.8935,0.964933725941528,0.6877590998251677,0.8924175565090859,0,,ok,,2026-07-20T22:35:19.433604+00:00,False,20000
adult,gaussian_copula,fixed,0.35,4,1,2000,9.396,39.45,False,0.0368125110537234,1.082767505761017,0.0502034353324886,0.0293074212271973,0.1058517298094732,0.8865979381443299,0.90575,0.9704103296128498,0.5690467145797958,0.8924175565090859,0,,ok,,2026-07-20T22:35:19.433604+00:00,False,20000
adult,gaussian_copula,fixed,0.1,4,10,2000,9.2159,39.65,False,0.0523278544268361,0.9589423992615772,0.0741616662213966,0.0649814469320066,0.1783337610346871,0.711340206185567,0.8905,0.9784610803404256,0.4316624887246705,0.8924175565090859,0,,ok,,2026-07-20T22:35:19.433604+00:00,False,20000
adult,gaussian_copula,fixed,0.35,4,2,2000,9.4701,40.02,False,0.0276756981021709,1.090430648194604,0.0409400110767945,0.0291352957435046,0.1327793453023344,0.865979381443299,0.90575,0.96975853393634,0.5900923898427034,0.8924175565090859,0,,ok,,2026-07-20T22:35:19.433604+00:00,False,20000
adult,gaussian_copula,fixed,0.1,4,9,2000,9.3705,39.65,False,0.0413183614388059,0.8981432582300655,0.0673872263534131,0.0626521213377556,0.1850891481426601,0.7319587628865979,0.887,0.976631494842779,0.5076507347141676,0.8924175565090859,0,,ok,,2026-07-20T22:35:19.433604+00:00,False,20000
adult,gaussian_copula,fixed,0.1,4,7,2000,9.9347,39.65,False,0.0275873887124725,0.8783439701052916,0.0515203816559859,0.0608821517412935,0.1639758307334396,0.7731958762886598,0.893,0.9744446968271336,0.4329800582547213,0.8924175565090859,0,,ok,,2026-07-20T22:35:19.433604+00:00,False,20000
adult,gaussian_copula,fixed,0.05,4,3,2000,8.7107,39.65,False,0.0240520266603119,0.8917071503734318,0.0497561876262619,0.0422724571586512,0.1830325818035728,0.8041237113402062,0.8925,0.9772706528223072,0.4883685937476028,0.8924175565090859,0,,ok,,2026-07-20T22:35:19.433604+00:00,False,20000
adult,gaussian_copula,fixed,0.05,4,4,2000,9.8084,39.65,False,0.0309689486807988,1.03391933170205,0.0573114212748722,0.0414784756771697,0.2074249844567363,0.7628865979381443,0.88925,0.9756162164560664,0.5523529984869193,0.8924175565090859,0,,ok,,2026-07-20T22:35:19.433604+00:00,False,20000
adult,gaussian_copula,fixed,0.05,4,5,2000,9.0393,39.65,False,0.0304298604602545,0.963667410280335,0.0589331620506759,0.0408002694859038,0.1791506186509851,0.7628865979381443,0.871,0.981771390823986,0.4675794367364033,0.8924175565090859,0,,ok,,2026-07-20T22:35:19.433604+00:00,False,20000
adult,gaussian_copula,fixed,0.05,4,6,2000,8.6205,39.65,False,0.049319653224787,1.0735812074835538,0.0684882939358569,0.0536066887783305,0.1805892706705704,0.7319587628865979,0.885,0.9765885569355648,0.4227195904414841,0.8924175565090859,0,,ok,,2026-07-20T22:35:19.433604+00:00,False,20000
adult,gaussian_copula,fixed,0.05,4,7,2000,9.0556,39.65,False,0.0243495802381389,0.9756765548413718,0.0528326451800813,0.057397940851299,0.198758527962546,0.7319587628865979,0.88425,0.97696826384544,0.4258311814211156,0.8924175565090859,0,,ok,,2026-07-20T22:35:19.433604+00:00,False,20000
adult,gaussian_copula,fixed,0.05,4,8,2000,8.9337,39.65,False,0.0462362055228586,1.096111322082457,0.0639018411933327,0.0619962686567164,0.2223836898954167,0.7010309278350515,0.87975,0.9800590225392816,0.4945629604297731,0.8924175565090859,0,,ok,,2026-07-20T22:35:19.433604+00:00,False,20000
adult,gaussian_copula,fixed,0.05,4,9,2000,9.2216,39.65,False,0.0485303400001855,1.0443299691247272,0.0675149821865845,0.0643061428966279,0.2166611156264835,0.711340206185567,0.892,0.9794089790515866,0.4668840673874922,0.8924175565090859,0,,ok,,2026-07-20T22:35:19.433604+00:00,False,20000
adult,gaussian_copula,fixed,0.05,4,10,2000,9.4594,39.65,False,0.0607699128085539,1.2460433410253562,0.0893548871205218,0.0695238045881702,0.2091742761076082,0.711340206185567,0.883,0.9814141839309914,0.3987381006673998,0.8924175565090859,0,,ok,,2026-07-20T22:35:19.433604+00:00,False,20000
adult,gaussian_copula,fixed,0.05,4,11,2000,9.2415,39.65,False,0.0295568727667379,0.9225340936308108,0.060623252633102,0.0647374239911553,0.2056231937816713,0.6907216494845361,0.87275,0.981861690141733,0.4220515284029466,0.8924175565090859,0,,ok,,2026-07-20T22:35:19.433604+00:00,False,20000
adult,gaussian_copula,fixed,0.05,4,12,2000,9.3229,39.65,False,0.0432269128669762,0.9000979112383888,0.0759630357141862,0.0651405127142067,0.2417131322622313,0.7010309278350515,0.87525,0.98227477526415,0.3851427644544183,0.8924175565090859,0,,ok,,2026-07-20T22:35:19.433604+00:00,False,20000
adult,gaussian_copula,fixed,0.1,4,0,2000,20.676,39.26,True,0.0168208540043868,0.929040202183334,0.0320275744120648,0.0267307904919845,0.1040147109973347,0.9072164948453608,0.8935,0.964933725941528,0.6877590998251677,0.8924175565090859,0,,ok,,2026-07-20T22:35:19.433604+00:00,False,20000
adult,gaussian_copula,fixed,0.1,4,1,2000,9.1798,39.45,False,0.0197764117309701,0.8623953629527906,0.0402420447021761,0.0265019002211166,0.1022530743122109,0.8969072164948454,0.9025,0.971752437057266,0.555357163228743,0.8924175565090859,0,,ok,,2026-07-20T22:35:19.433604+00:00,False,20000
adult,gaussian_copula,fixed,0.1,4,2,2000,8.9438,40.02,False,0.0435757625351987,0.8074117312692025,0.0571168523738184,0.0297711442786069,0.1172413936033055,0.865979381443299,0.89625,0.9778644788928254,0.4692305947302726,0.8924175565090859,0,,ok,,2026-07-20T22:35:19.433604+00:00,False,20000
adult,gaussian_copula,fixed,0.1,4,3,2000,9.4236,39.65,False,0.0431979756578652,0.9077680448645948,0.0557074182697009,0.0401269693200663,0.1392367008728714,0.8041237113402062,0.886,0.9754170395566338,0.4782988181605874,0.8924175565090859,0,,ok,,2026-07-20T22:35:19.433604+00:00,False,20000
adult,gaussian_copula,fixed,0.1,4,4,2000,8.8167,39.65,False,0.0287330583433883,0.8229183190456775,0.0470920465570669,0.0388744472084024,0.131874250443917,0.8247422680412371,0.90125,0.9698306054279118,0.4817150184175188,0.8924175565090859,0,,ok,,2026-07-20T22:35:19.433604+00:00,False,20000
adult,gaussian_copula,fixed,0.1,4,5,2000,9.2066,39.65,False,0.0263036823864941,0.9146875825080802,0.0489932892120417,0.0454789593698175,0.1321237205246947,0.8247422680412371,0.8895,0.9798469081301427,0.4591389536258273,0.8924175565090859,0,,ok,,2026-07-20T22:35:19.433604+00:00,False,20000
adult,gaussian_copula,fixed,0.1,4,6,2000,9.2866,39.65,False,0.0370390098575413,0.8972641904724318,0.0552515366832707,0.0557069513543394,0.1164477624338998,0.7835051546391752,0.88775,0.975895218915388,0.5127310090277377,0.8924175565090859,0,,ok,,2026-07-20T22:35:19.433604+00:00,False,20000
adult,gaussian_copula,fixed,0.1,4,8,2000,9.2154,39.65,False,0.0411669532133302,1.031235490865596,0.0685180622341143,0.0658890270867882,0.137291986131206,0.7422680412371134,0.85575,0.976525659263376,0.4866948818167144,0.8924175565090859,0,,ok,,2026-07-20T22:35:19.433604+00:00,False,20000
adult,gaussian_copula,fixed,0.35,4,3,2000,9.0786,39.65,False,0.0369620331778679,1.132178259512865,0.0483746974825668,0.0359983416252072,0.126182424100055,0.8350515463917526,0.893,0.9727132204030936,0.5957034356595841,0.8924175565090859,0,,ok,,2026-07-20T22:35:19.433604+00:00,False,20000
adult,gaussian_copula,fixed,0.35,4,4,2000,8.6615,39.65,False,0.0385296168814601,1.0833582344697656,0.0589290598019577,0.0377896627971254,0.1055395723784284,0.8041237113402062,0.90525,0.9739467495160488,0.5957436590327272,0.8924175565090859,0,,ok,,2026-07-20T22:35:19.433604+00:00,False,20000
adult,gaussian_copula,fixed,0.35,4,5,2000,8.9696,39.65,False,0.0355048027325282,1.050394568450314,0.0546044504259262,0.0347586028192371,0.095268107614909,0.8247422680412371,0.901,0.9709683902190348,0.5985728996351114,0.8924175565090859,0,,ok,,2026-07-20T22:35:19.433604+00:00,False,20000
adult,gaussian_copula,fresh,0.01,4,2,2000,9.1336,40.02,False,0.0256082893721803,0.8680987469546387,0.0526922419371554,0.0338349571586511,0.1096344068321534,0.845360824742268,0.89425,0.9790792874292352,0.530220308692589,0.8924175565090859,0,,ok,,2026-07-20T22:35:19.433604+00:00,False,20000
adult,gaussian_copula,fresh,0.01,4,3,2000,9.0914,39.65,False,0.0295579425200244,0.9065362874699596,0.0540641121083856,0.0330185876174682,0.1421403871725175,0.8041237113402062,0.8855,0.9769774438523272,0.4329733051863697,0.8924175565090859,0,,ok,,2026-07-20T22:35:19.433604+00:00,False,20000
adult,gaussian_copula,fresh,0.01,4,4,2000,9.2715,39.65,False,0.0292313726719715,0.957420440249568,0.0504307813079779,0.0378697484798231,0.1537870948764032,0.7731958762886598,0.89275,0.9778963017917004,0.4540546471403771,0.8924175565090859,0,,ok,,2026-07-20T22:35:19.433604+00:00,False,20000
adult,gaussian_copula,fresh,0.01,4,5,2000,8.9739,39.65,False,0.0337161243127454,1.001963547664641,0.0593856936579177,0.0431364704256495,0.1486957010613961,0.7731958762886598,0.874,0.9818835264081156,0.4067083604166341,0.8924175565090859,0,,ok,,2026-07-20T22:35:19.433604+00:00,False,20000
adult,gaussian_copula,fresh,0.01,4,6,2000,8.965,39.65,False,0.0408288713380027,0.986991819666614,0.0608086712962249,0.0404263059701492,0.1419108089868415,0.7525773195876289,0.876,0.981882724282514,0.4071744532604404,0.8924175565090859,0,,ok,,2026-07-20T22:35:19.433604+00:00,False,20000
adult,gaussian_copula,fresh,0.01,4,7,2000,8.8999,39.65,False,0.0190138288052704,0.8936413920586648,0.0494576760297622,0.0388625967385295,0.163434646312666,0.7422680412371134,0.89175,0.9794790418541512,0.4110080652616525,0.8924175565090859,0,,ok,,2026-07-20T22:35:19.433604+00:00,False,20000
adult,gaussian_copula,fresh,0.01,4,8,2000,9.4982,39.65,False,0.040794379806496,1.096399849257639,0.0708022317042924,0.0514735351022664,0.1832304622578901,0.7319587628865979,0.87625,0.9793408130004448,0.4678263171138618,0.8924175565090859,0,,ok,,2026-07-20T22:35:19.433604+00:00,False,20000
adult,gaussian_copula,fresh,0.01,4,9,2000,8.9899,39.65,False,0.0404403209486917,0.9703062173481544,0.0744947959395142,0.0536705707573244,0.1996257038287191,0.711340206185567,0.87125,0.9824810301063928,0.3566617314631224,0.8924175565090859,0,,ok,,2026-07-20T22:35:19.433604+00:00,False,20000
adult,gaussian_copula,fresh,0.01,4,10,2000,9.2585,39.65,False,0.0210477583170456,0.7658569873149395,0.0673476563433062,0.0531962755666113,0.1595832053039149,0.711340206185567,0.89175,0.9778630152667273,0.2975579593564942,0.8924175565090859,0,,ok,,2026-07-20T22:35:19.433604+00:00,False,20000
adult,gaussian_copula,fresh,0.01,4,11,2000,9.0837,39.65,False,0.0292889514211092,0.8411210832323923,0.0630607040630976,0.0561232725262576,0.1717404243162668,0.711340206185567,0.88325,0.9818024228472678,0.453042637562297,0.8924175565090859,0,,ok,,2026-07-20T22:35:19.433604+00:00,False,20000
adult,gaussian_copula,fresh,0.01,4,12,2000,9.6331,39.65,False,0.0429967395130638,0.7646498347019343,0.0725175188072732,0.0547338999447208,0.1946442928828405,0.7010309278350515,0.8755,0.9836556997376888,0.4175853571448708,0.8924175565090859,0,,ok,,2026-07-20T22:35:19.433604+00:00,False,20000
adult,gaussian_copula,fresh,0.02,4,0,2000,20.676,39.26,True,0.0168208540043868,0.929040202183334,0.0320275744120648,0.0267307904919845,0.1040147109973347,0.9072164948453608,0.8935,0.964933725941528,0.6877590998251677,0.8924175565090859,0,,ok,,2026-07-20T22:35:19.433604+00:00,False,20000
adult,gaussian_copula,fresh,0.02,4,1,2000,8.9819,39.45,False,0.0125264589767453,0.948207217877982,0.0375454586160234,0.0287033236594803,0.1241312551246484,0.8969072164948454,0.89,0.9769824523560848,0.55613776547918,0.8924175565090859,0,,ok,,2026-07-20T22:35:19.433604+00:00,False,20000
adult,gaussian_copula,fresh,0.02,4,2,2000,8.6515,40.02,False,0.0207189420462267,1.009110058841325,0.0414191442173747,0.038567025981205,0.1696035953382853,0.8762886597938144,0.8975,0.97623290873124,0.4551829996290402,0.8924175565090859,0,,ok,,2026-07-20T22:35:19.433604+00:00,False,20000
adult,gaussian_copula,fresh,0.02,4,3,2000,9.0767,39.65,False,0.0270108639979961,0.952438887241166,0.0489923142297546,0.0402171779988944,0.1593818036118208,0.8247422680412371,0.9115,0.9776846947579424,0.3804189275786526,0.8924175565090859,0,,ok,,2026-07-20T22:35:19.433604+00:00,False,20000
adult,gaussian_copula,fresh,0.02,4,4,2000,9.2185,39.65,False,0.0270850216546226,0.8024744287321984,0.0606689904720594,0.0375332711442786,0.1707019645601568,0.7835051546391752,0.8875,0.9812047301488488,0.4795268603621506,0.8924175565090859,0,,ok,,2026-07-20T22:35:19.433604+00:00,False,20000
adult,gaussian_copula,fresh,0.02,4,5,2000,9.1245,39.65,False,0.0263479151627347,0.8703867146371279,0.048071740821868,0.0405285378662244,0.1402719912825613,0.7938144329896907,0.899,0.9832090552775936,0.5081197779276421,0.8924175565090859,0,,ok,,2026-07-20T22:35:19.433604+00:00,False,20000
adult,gaussian_copula,fresh,0.01,4,1,2000,8.8296,39.45,False,0.0229455290824769,0.8290073603905087,0.0515464010408409,0.0326607932559425,0.1157261259284895,0.8762886597938144,0.88975,0.9748099463511622,0.5593636341106268,0.8924175565090859,0,,ok,,2026-07-20T22:35:19.433604+00:00,False,20000
adult,gaussian_copula,fresh,0.01,4,0,2000,20.676,39.26,True,0.0168208540043868,0.929040202183334,0.0320275744120648,0.0267307904919845,0.1040147109973347,0.9072164948453608,0.8935,0.964933725941528,0.6877590998251677,0.8924175565090859,0,,ok,,2026-07-20T22:35:19.433604+00:00,False,20000
adult,gaussian_copula,fresh,0.0,4,12,2000,10.1981,39.65,False,0.0443536620599996,0.7648224045087989,0.073698137546826,0.0665565574903261,0.1860750571117659,0.7731958762886598,0.85425,0.9868782252803884,0.3508907100464545,0.8924175565090859,0,,ok,,2026-07-20T22:35:19.433604+00:00,False,20000
adult,gaussian_copula,fresh,0.0,4,11,2000,8.955,39.65,False,0.0573906095436458,0.7412535525729907,0.0823966092521065,0.0656413419016031,0.2030437024012853,0.7731958762886598,0.8725,0.984365488645208,0.3790436291487606,0.8924175565090859,0,,ok,,2026-07-20T22:35:19.433604+00:00,False,20000
adult,gaussian_copula,fixed,0.35,4,6,2000,9.2371,39.65,False,0.0503754589157219,1.0397170632841268,0.062711327195936,0.0377684839690436,0.1322130794684807,0.8041237113402062,0.8935,0.9777980869680146,0.6156449186832225,0.8924175565090859,0,,ok,,2026-07-20T22:35:19.433604+00:00,False,20000
adult,gaussian_copula,fixed,0.35,4,7,2000,9.1736,39.65,False,0.0232520888510595,0.998877901902094,0.0467923288217982,0.0421368850193477,0.1306337649678653,0.7938144329896907,0.9065,0.9744524379579416,0.5663341774887318,0.8924175565090859,0,,ok,,2026-07-20T22:35:19.433604+00:00,False,20000
adult,gaussian_copula,fixed,0.35,4,8,2000,8.946,39.65,False,0.0356465864253167,1.0664567561518845,0.0534143875741705,0.0373104961304588,0.1165361696723744,0.7938144329896907,0.898,0.9753980056673538,0.628532756249768,0.8924175565090859,0,,ok,,2026-07-20T22:35:19.433604+00:00,False,20000
adult,gaussian_copula,fixed,0.35,4,9,2000,9.0961,39.65,False,0.0500833853704105,1.16457488549016,0.0763317150249476,0.0445246337755666,0.1339699906897159,0.7731958762886598,0.894,0.9739457150777728,0.6576355304758107,0.8924175565090859,0,,ok,,2026-07-20T22:35:19.433604+00:00,False,20000
adult,gaussian_copula,fixed,0.35,4,10,2000,9.117,39.65,False,0.049395730831655,1.1445653454121167,0.0729599617460262,0.047100677169707,0.0912653266095151,0.7835051546391752,0.89475,0.9732844755816776,0.5917519072172992,0.8924175565090859,0,,ok,,2026-07-20T22:35:19.433604+00:00,False,20000
adult,gaussian_copula,fixed,0.35,4,11,2000,8.8863,39.65,False,0.053841259951215,1.042964817037488,0.0672310791214279,0.0459736387506909,0.1119637796001856,0.7938144329896907,0.8915,0.97535482813496,0.5599463649019828,0.8924175565090859,0,,ok,,2026-07-20T22:35:19.433604+00:00,False,20000
adult,gaussian_copula,fixed,0.35,4,12,2000,9.2294,39.65,False,0.0379621311299835,1.185989022867732,0.057343388980694,0.0384194997236041,0.1221394009466562,0.7938144329896907,0.898,0.9746950286399452,0.6454057892547013,0.8924175565090859,0,,ok,,2026-07-20T22:35:19.433604+00:00,False,20000
adult,gaussian_copula,fresh,0.0,4,0,2000,20.676,39.26,True,0.0168208540043868,0.929040202183334,0.0320275744120648,0.0267307904919845,0.1040147109973347,0.9072164948453608,0.8935,0.964933725941528,0.6877590998251677,0.8924175565090859,0,,ok,,2026-07-20T22:35:19.433604+00:00,False,20000
adult,gaussian_copula,fixed,0.05,4,2,2000,8.9569,40.02,False,0.0358585817740935,0.930578027686822,0.0693606978495676,0.032853855721393,0.1548822575252188,0.8556701030927835,0.883,0.97752867739089,0.5274472234595563,0.8924175565090859,0,,ok,,2026-07-20T22:35:19.433604+00:00,False,20000
adult,gaussian_copula,fresh,0.0,4,1,2000,8.9878,39.45,False,0.0255923829480435,0.934302127939068,0.0417914599660267,0.0367188018242122,0.1339129646002332,0.8556701030927835,0.89925,0.9706775370008222,0.5898616053708792,0.8924175565090859,0,,ok,,2026-07-20T22:35:19.433604+00:00,False,20000
adult,gaussian_copula,fresh,0.0,4,3,2000,8.8871,39.65,False,0.0448287392391214,0.8102516009272592,0.0618658535323287,0.0335304726368159,0.1510286034788519,0.8144329896907216,0.8895,0.980781582456382,0.4265364508993579,0.8924175565090859,0,,ok,,2026-07-20T22:35:19.433604+00:00,False,20000
adult,gaussian_copula,fresh,0.0,4,4,2000,8.8405,39.65,False,0.042906371302125,0.7459506809898567,0.0646402777901566,0.041907027363184,0.1628873231165915,0.7835051546391752,0.896,0.9786807300052176,0.3498669973353572,0.8924175565090859,0,,ok,,2026-07-20T22:35:19.433604+00:00,False,20000
adult,gaussian_copula,fresh,0.0,4,5,2000,9.6756,39.65,False,0.0367844022991072,0.8110183781005623,0.0583596242014212,0.0481630044223327,0.1806296242881202,0.8041237113402062,0.88975,0.9834636497186032,0.3984681746246441,0.8924175565090859,0,,ok,,2026-07-20T22:35:19.433604+00:00,False,20000
adult,gaussian_copula,fresh,0.0,4,6,2000,9.0089,39.65,False,0.0361251712715485,0.7468709022887712,0.0724077207922082,0.0520585613598673,0.1601835773598988,0.7731958762886598,0.89525,0.9824023947973968,0.3458184345128736,0.8924175565090859,0,,ok,,2026-07-20T22:35:19.433604+00:00,False,20000
adult,gaussian_copula,fresh,0.0,4,7,2000,9.0616,39.65,False,0.0382625021819844,0.8354507861016884,0.0600863684700091,0.0495063225538971,0.2050575339407074,0.7835051546391752,0.87525,0.977416227931525,0.3300500526936023,0.8924175565090859,0,,ok,,2026-07-20T22:35:19.433604+00:00,False,20000
adult,gaussian_copula,fresh,0.0,4,8,2000,9.1923,39.65,False,0.0619619842148796,0.78345113368347,0.0809490543446376,0.0476321171918186,0.1907155540663581,0.7731958762886598,0.87625,0.9848108449793364,0.4004199097239332,0.8924175565090859,0,,ok,,2026-07-20T22:35:19.433604+00:00,False,20000
adult,gaussian_copula,fresh,0.0,4,9,2000,9.1427,39.65,False,0.064666708172275,0.763466124594231,0.077667737230763,0.0594065436705362,0.1792270561101628,0.7835051546391752,0.8835,0.9826237420884624,0.3439620946995232,0.8924175565090859,0,,ok,,2026-07-20T22:35:19.433604+00:00,False,20000
adult,gaussian_copula,fresh,0.0,4,10,2000,10.0655,39.65,False,0.0622357404705243,0.7436931794603258,0.083443052045004,0.0571544707020453,0.1976489017034083,0.7731958762886598,0.8565,0.9839403463262448,0.3915748325861904,0.8924175565090859,0,,ok,,2026-07-20T22:35:19.433604+00:00,False,20000
adult,gaussian_copula,fresh,0.0,4,2,2000,9.1469,40.02,False,0.0303074974462733,0.7902070876020141,0.0493547317869733,0.0329411622443338,0.1430491538182992,0.8247422680412371,0.891,0.9764726559736102,0.4769643659596576,0.8924175565090859,0,,ok,,2026-07-20T22:35:19.433604+00:00,False,20000
adult,gaussian_copula,fixed,0.05,4,1,2000,9.7807,39.45,False,0.0288138927637635,0.8436995995970217,0.0483104686966283,0.0303620093974571,0.1169223657242047,0.8762886597938144,0.8825,0.9727275776638652,0.5289158846985043,0.8924175565090859,0,,ok,,2026-07-20T22:35:19.433604+00:00,False,20000
adult,gaussian_copula,fixed,0.05,4,0,2000,20.676,39.26,True,0.0168208540043868,0.929040202183334,0.0320275744120648,0.0267307904919845,0.1040147109973347,0.9072164948453608,0.8935,0.964933725941528,0.6877590998251677,0.8924175565090859,0,,ok,,2026-07-20T22:35:19.433604+00:00,False,20000
adult,gaussian_copula,fixed,0.02,4,12,2000,9.0851,39.65,False,0.0603396896279446,0.8251121037302661,0.0861664122796701,0.0492058112216694,0.1769099492912012,0.6494845360824743,0.862,0.984872671650722,0.462316370630945,0.8924175565090859,0,,ok,,2026-07-20T22:35:19.433604+00:00,False,20000
adult,gaussian_copula,fresh,0.2,3,4,2000,8.9044,39.65,False,0.0441617258434856,0.8314521117776628,0.0529730877997006,0.0421801409618573,0.1353917427823731,0.8556701030927835,0.8985,0.9734272145637676,0.5542111413039559,0.8911309658605514,0,,ok,,2026-07-20T22:35:19.433604+00:00,False,20000
adult,gaussian_copula,fresh,0.2,3,5,2000,10.9502,39.65,False,0.035943787866611,0.9276154539729934,0.0460139111444042,0.035259086511885,0.1468268661894267,0.845360824742268,0.89925,0.968004335870253,0.5198476940500747,0.8911309658605514,0,,ok,,2026-07-20T22:35:19.433604+00:00,False,20000
adult,gaussian_copula,fresh,0.2,3,6,2000,9.393,39.65,False,0.0356974694048686,0.8585539649892224,0.0542183601260814,0.0323686083471531,0.1493275362186517,0.8556701030927835,0.89525,0.9729733712232718,0.4674964330030712,0.8911309658605514,0,,ok,,2026-07-20T22:35:19.433604+00:00,False,20000
adult,gaussian_copula,fresh,0.2,3,7,2000,8.8149,39.65,False,0.0207432136600947,0.8477517066415081,0.0544837874795869,0.0343435254284134,0.1138138899247791,0.8247422680412371,0.90625,0.9699979532409644,0.5578031835931123,0.8911309658605514,0,,ok,,2026-07-20T22:35:19.433604+00:00,False,20000
adult,gaussian_copula,fresh,0.2,3,8,2000,9.6718,39.65,False,0.0421310096990273,0.9499266536237252,0.059841816995596,0.0340742122719734,0.1495313589491566,0.8144329896907216,0.89275,0.9690595450369236,0.5495558841320334,0.8911309658605514,0,,ok,,2026-07-20T22:35:19.433604+00:00,False,20000
adult,gaussian_copula,fresh,0.2,3,9,2000,9.1846,39.65,False,0.0438183468845781,0.8682716090588735,0.0574097728585219,0.0317451285240464,0.1206253891107254,0.865979381443299,0.88925,0.9712146934038236,0.6286464766095348,0.8911309658605514,0,,ok,,2026-07-20T22:35:19.433604+00:00,False,20000
adult,gaussian_copula,fresh,0.2,3,10,2000,8.9704,39.65,False,0.0202721316824096,0.8341328034924548,0.0436672760773889,0.0278462202874516,0.1523060849435848,0.8350515463917526,0.88875,0.970919859932625,0.5240953084795067,0.8911309658605514,0,,ok,,2026-07-20T22:35:19.433604+00:00,False,20000
adult,gaussian_copula,fresh,0.2,3,11,2000,9.4684,39.65,False,0.0239789305616374,0.8444269276287709,0.0443245777087615,0.0324494541182974,0.1641764595170873,0.8350515463917526,0.8955,0.9761694198711072,0.5140070439092371,0.8911309658605514,0,,ok,,2026-07-20T22:35:19.433604+00:00,False,20000
adult,gaussian_copula,fresh,0.2,3,12,2000,9.9235,39.65,False,0.0263869350615443,0.8773833374252712,0.0418456609672046,0.035202494472084,0.1404857303536993,0.845360824742268,0.89,0.9751545847347272,0.5429009975265411,0.8911309658605514,0,,ok,,2026-07-20T22:35:19.433604+00:00,False,20000
adult,gaussian_copula,fresh,0.35,3,0,2000,21.1555,39.26,True,0.0217421263635895,1.008352646047079,0.0394176027818432,0.0274582642343836,0.0878708717186062,0.8969072164948454,0.90875,0.9683479651280608,0.6217219589982538,0.8911309658605514,0,,ok,,2026-07-20T22:35:19.433604+00:00,False,20000
adult,gaussian_copula,fresh,0.35,3,1,2000,8.6449,39.45,False,0.0270600748771144,0.9136506681604738,0.0372829241276726,0.0223094941956882,0.111129556363997,0.8969072164948454,0.9025,0.9676035503820636,0.5811891576406116,0.8911309658605514,0,,ok,,2026-07-20T22:35:19.433604+00:00,False,20000
adult,gaussian_copula,fresh,0.35,3,2,2000,9.0358,40.02,False,0.0357854354238803,1.0311650531949212,0.0520910438522059,0.0236826976229961,0.0857968955545618,0.865979381443299,0.9025,0.9679448863256508,0.6099989273767161,0.8911309658605514,0,,ok,,2026-07-20T22:35:19.433604+00:00,False,20000
adult,gaussian_copula,fresh,0.35,3,3,2000,10.3538,39.65,False,0.0296740841798606,1.1022488846174163,0.0441741066449088,0.0319871130458817,0.1244178727058456,0.865979381443299,0.9085,0.971538556396802,0.6628877457772671,0.8911309658605514,0,,ok,,2026-07-20T22:35:19.433604+00:00,False,20000
adult,gaussian_copula,fresh,0.35,3,4,2000,9.3947,39.65,False,0.0518946303548886,1.2586270576788603,0.0647560550890404,0.0401180555555555,0.1025897753518726,0.8247422680412371,0.898,0.97062529814913,0.6068397370997709,0.8911309658605514,0,,ok,,2026-07-20T22:35:19.433604+00:00,False,20000
adult,gaussian_copula,fresh,0.35,3,5,2000,9.0862,39.65,False,0.0311954321863492,1.0816450907723334,0.046411490049689,0.0356751658374792,0.1135001050122423,0.8556701030927835,0.8975,0.9677653024409182,0.5959831962679003,0.8911309658605514,0,,ok,,2026-07-20T22:35:19.433604+00:00,False,20000
adult,gaussian_copula,fresh,0.35,3,6,2000,9.4741,39.65,False,0.0271615066664005,1.0750507403784448,0.0401631080789803,0.035198175787728,0.1188728719898466,0.8247422680412371,0.893,0.968747273490142,0.6158485597540992,0.8911309658605514,0,,ok,,2026-07-20T22:35:19.433604+00:00,False,20000
adult,gaussian_copula,fresh,0.35,3,7,2000,8.8559,39.65,False,0.0484807885569527,1.0662591577861007,0.0534121766519965,0.0381536760641238,0.1042698932899282,0.845360824742268,0.8895,0.9650271493866188,0.5924072826662635,0.8911309658605514,0,,ok,,2026-07-20T22:35:19.433604+00:00,False,20000
adult,gaussian_copula,fresh,0.2,3,3,2000,9.0819,39.65,False,0.0268984332613103,0.8521805584671865,0.0424091440538884,0.0381168463239358,0.158338836963393,0.8350515463917526,0.9005,0.9678352651184076,0.5816449241905792,0.8911309658605514,0,,ok,,2026-07-20T22:35:19.433604+00:00,False,20000
adult,gaussian_copula,fresh,0.2,3,2,2000,9.134,40.02,False,0.0266418383049788,0.8151855991396344,0.042773191739338,0.0349169430624654,0.1427609447154995,0.845360824742268,0.89175,0.9729195264328748,0.6197005296110246,0.8911309658605514,0,,ok,,2026-07-20T22:35:19.433604+00:00,False,20000
adult,gaussian_copula,fresh,0.2,3,1,2000,9.1728,39.45,False,0.0200894952221142,0.9075653758091096,0.0400722536090836,0.0304879076838032,0.1598916049653115,0.865979381443299,0.88875,0.9729879804842324,0.5637244771715475,0.8911309658605514,0,,ok,,2026-07-20T22:35:19.433604+00:00,False,20000
adult,gaussian_copula,fresh,0.2,3,0,2000,21.1555,39.26,True,0.0217421263635895,1.008352646047079,0.0394176027818432,0.0274582642343836,0.0878708717186062,0.8969072164948454,0.90875,0.9683479651280608,0.6217219589982538,0.8911309658605514,0,,ok,,2026-07-20T22:35:19.433604+00:00,False,20000
adult,gaussian_copula,fresh,0.05,3,8,2000,9.5473,39.65,False,0.0507299745969619,1.092975151263434,0.0602733723921225,0.0443425234936429,0.1642799294617831,0.7938144329896907,0.915,0.9750908511869112,0.4683595144766772,0.8911309658605514,0,,ok,,2026-07-20T22:35:19.433604+00:00,False,20000
adult,gaussian_copula,fresh,0.05,3,9,2000,9.2933,39.65,False,0.0430680954566934,1.0773381423776418,0.0581386633011352,0.0478484660033167,0.156369780245753,0.7835051546391752,0.9055,0.9805053508741396,0.4487158220982164,0.8911309658605514,0,,ok,,2026-07-20T22:35:19.433604+00:00,False,20000
adult,gaussian_copula,fresh,0.05,3,10,2000,9.3318,39.65,False,0.0443857366072172,1.000467970447833,0.0623849705896022,0.0459204325594251,0.1756902160031025,0.7525773195876289,0.8915,0.978404164297724,0.4775873856879272,0.8911309658605514,0,,ok,,2026-07-20T22:35:19.433604+00:00,False,20000
adult,gaussian_copula,fresh,0.05,3,11,2000,9.1546,39.65,False,0.0641268684875635,1.0400778606263057,0.0775341863758661,0.0523407614704256,0.1743771203172591,0.7731958762886598,0.8985,0.9792274219153732,0.4185575367324302,0.8911309658605514,0,,ok,,2026-07-20T22:35:19.433604+00:00,False,20000
adult,gaussian_copula,fresh,0.05,3,12,2000,9.1031,39.65,False,0.0439894123765713,0.9048748209970824,0.0698294180957549,0.0535294707020453,0.1807061139021558,0.7422680412371134,0.89375,0.9784782118532784,0.4965962896413307,0.8911309658605514,0,,ok,,2026-07-20T22:35:19.433604+00:00,False,20000
adult,gaussian_copula,fresh,0.1,3,0,2000,21.1555,39.26,True,0.0217421263635895,1.008352646047079,0.0394176027818432,0.0274582642343836,0.0878708717186062,0.8969072164948454,0.90875,0.9683479651280608,0.6217219589982538,0.8911309658605514,0,,ok,,2026-07-20T22:35:19.433604+00:00,False,20000
adult,gaussian_copula,fresh,0.1,3,1,2000,9.1407,39.45,False,0.0174105791136953,0.9267017546217434,0.0443227383690651,0.0278635295743504,0.127025007066617,0.8350515463917526,0.87575,0.9736202343335808,0.5383566086903728,0.8911309658605514,0,,ok,,2026-07-20T22:35:19.433604+00:00,False,20000
adult,gaussian_copula,fresh,0.1,3,2,2000,9.3163,40.02,False,0.0152700366137483,0.9919667339561888,0.0429097924570355,0.0303796641791045,0.1391544029501048,0.8247422680412371,0.88475,0.974339882748497,0.5607389981042892,0.8911309658605514,0,,ok,,2026-07-20T22:35:19.433604+00:00,False,20000
adult,gaussian_copula,fresh,0.35,3,8,2000,8.8369,39.65,False,0.0249738113443199,0.9828598873766342,0.0394529974835467,0.0267296158098396,0.126812866881896,0.865979381443299,0.9045,0.9730667384183206,0.6653698917791292,0.8911309658605514,0,,ok,,2026-07-20T22:35:19.433604+00:00,False,20000
adult,gaussian_copula,fresh,0.1,3,3,2000,8.8068,39.65,False,0.0284524526421923,0.878325322211627,0.0625838846929783,0.0370511677722498,0.1337087478988232,0.7835051546391752,0.88475,0.9731549531095036,0.4987909712918541,0.8911309658605514,0,,ok,,2026-07-20T22:35:19.433604+00:00,False,20000
adult,gaussian_copula,fresh,0.1,3,5,2000,9.1574,39.65,False,0.0231700738937778,0.8507270056900449,0.0626845774971632,0.031169534273079,0.1455676712724815,0.8041237113402062,0.88625,0.9777465968043842,0.5369303344289913,0.8911309658605514,0,,ok,,2026-07-20T22:35:19.433604+00:00,False,20000
adult,gaussian_copula,fresh,0.1,3,6,2000,9.1598,39.65,False,0.0358692568689899,0.8403492270998186,0.058280879876645,0.0269229201216141,0.1634876255388572,0.8144329896907216,0.874,0.976080859804665,0.5105200347802689,0.8911309658605514,0,,ok,,2026-07-20T22:35:19.433604+00:00,False,20000
adult,gaussian_copula,fresh,0.1,3,7,2000,8.695,39.65,False,0.0238438396212816,0.8193879154816721,0.0551389614312056,0.0357715243228303,0.1533630894491018,0.7938144329896907,0.89875,0.978433039694388,0.5332876769090826,0.8911309658605514,0,,ok,,2026-07-20T22:35:19.433604+00:00,False,20000
adult,gaussian_copula,fresh,0.1,3,8,2000,8.9869,39.65,False,0.0444032504201379,0.9524089584525784,0.0606617380641654,0.04302045328911,0.1524173749764648,0.8144329896907216,0.8895,0.9764160943061748,0.4755506471603085,0.8911309658605514,0,,ok,,2026-07-20T22:35:19.433604+00:00,False,20000
adult,gaussian_copula,fresh,0.1,3,9,2000,8.9711,39.65,False,0.0391659792888742,0.9889350497463392,0.0540020449690984,0.0405198659480376,0.1564426033904021,0.8247422680412371,0.886,0.976820851609844,0.4708053709316205,0.8911309658605514,0,,ok,,2026-07-20T22:35:19.433604+00:00,False,20000
adult,gaussian_copula,fresh,0.1,3,10,2000,9.3276,39.65,False,0.0344238090564032,0.8334927343999489,0.0630595720902311,0.0394851782752902,0.1745897343319945,0.8144329896907216,0.885,0.9789077101755096,0.4241133778546301,0.8911309658605514,0,,ok,,2026-07-20T22:35:19.433604+00:00,False,20000
adult,gaussian_copula,fresh,0.1,3,11,2000,8.9502,39.65,False,0.0456724252201891,0.8828345545146417,0.0700721482571716,0.0353954878385848,0.1729774007655934,0.8144329896907216,0.881,0.9759607727145698,0.4768908361911488,0.8911309658605514,0,,ok,,2026-07-20T22:35:19.433604+00:00,False,20000
adult,gaussian_copula,fresh,0.1,3,12,2000,9.0013,39.65,False,0.0308086493848021,0.8771278630250325,0.0609476897313103,0.0353514372581536,0.1236525993589478,0.8350515463917526,0.8925,0.9809170269329996,0.4640048344101745,0.8911309658605514,0,,ok,,2026-07-20T22:35:19.433604+00:00,False,20000
adult,gaussian_copula,fresh,0.1,3,4,2000,8.5571,39.65,False,0.0192206340200193,0.9428463369149198,0.0574215368282699,0.034839759535655,0.155531550779834,0.8041237113402062,0.87325,0.9765094828762396,0.5191478663647762,0.8911309658605514,0,,ok,,2026-07-20T22:35:19.433604+00:00,False,20000
adult,gaussian_copula,fresh,0.02,4,6,2000,9.4325,39.65,False,0.0368525233637006,0.8430715991495751,0.0639962661079438,0.0494049543946932,0.1843296960577968,0.7835051546391752,0.899,0.9829593776527732,0.4080326502331513,0.8924175565090859,0,,ok,,2026-07-20T22:35:19.433604+00:00,False,20000
adult,gaussian_copula,fresh,0.35,3,9,2000,8.5636,39.65,False,0.0301245306175261,1.1095472378520272,0.042956212263801,0.0296929933665008,0.1200421173273239,0.8762886597938144,0.9,0.9682637531898808,0.5492073471285627,0.8911309658605514,0,,ok,,2026-07-20T22:35:19.433604+00:00,False,20000
adult,gaussian_copula,fresh,0.35,3,11,2000,9.2432,39.65,False,0.0296451496222,1.0055465770161944,0.0391292744192242,0.0281453841901603,0.1071610680154509,0.8556701030927835,0.906,0.96810216594365,0.6036167860561071,0.8911309658605514,0,,ok,,2026-07-20T22:35:19.433604+00:00,False,20000
adult,gaussian_copula,fixed,0.01,4,8,2000,9.2043,39.65,False,0.0528444060003652,0.9713448636357376,0.0769414419744718,0.0554105168601437,0.1417239578225119,0.6804123711340206,0.8865,0.982779741455501,0.3745172047856832,0.8924175565090859,0,,ok,,2026-07-20T22:35:19.433604+00:00,False,20000
adult,gaussian_copula,fixed,0.01,4,9,2000,9.1121,39.65,False,0.0623927172463692,0.9401501099688128,0.0799229078081543,0.0542484452736318,0.1658231462113805,0.6597938144329897,0.88825,0.9817777920787883,0.3778139806348225,0.8924175565090859,0,,ok,,2026-07-20T22:35:19.433604+00:00,False,20000
adult,gaussian_copula,fixed,0.01,4,10,2000,8.9853,39.65,False,0.0361843829146137,0.8329647183888156,0.0751142884748718,0.0541222360420121,0.1445286587590297,0.6494845360824743,0.882,0.9812346034212612,0.4046165155399904,0.8924175565090859,0,,ok,,2026-07-20T22:35:19.433604+00:00,False,20000
adult,gaussian_copula,fixed,0.01,4,11,2000,9.1146,39.65,False,0.0361796354555444,0.8473420221828863,0.0734170199993162,0.0555298507462686,0.1495812103020638,0.6494845360824743,0.88725,0.9865544995375132,0.4205594281160788,0.8924175565090859,0,,ok,,2026-07-20T22:35:19.433604+00:00,False,20000
adult,gaussian_copula,fixed,0.01,4,12,2000,9.2315,39.65,False,0.0414900349155014,0.9048338773931968,0.0701370615402427,0.0634968214483139,0.1838584793467006,0.6391752577319587,0.88275,0.9865043796249108,0.3653211320030793,0.8924175565090859,0,,ok,,2026-07-20T22:35:19.433604+00:00,False,20000
adult,gaussian_copula,fixed,0.02,4,0,2000,20.676,39.26,True,0.0168208540043868,0.929040202183334,0.0320275744120648,0.0267307904919845,0.1040147109973347,0.9072164948453608,0.8935,0.964933725941528,0.6877590998251677,0.8924175565090859,0,,ok,,2026-07-20T22:35:19.433604+00:00,False,20000
adult,gaussian_copula,fixed,0.02,4,1,2000,9.1693,39.45,False,0.0361112988865438,0.8606418240314969,0.0492802104614156,0.0328881288004422,0.1420746083851383,0.8762886597938144,0.893,0.9746397562234772,0.5415070462039692,0.8924175565090859,0,,ok,,2026-07-20T22:35:19.433604+00:00,False,20000
adult,gaussian_copula,fixed,0.02,4,2,2000,8.8164,40.02,False,0.0359020862278852,0.9002395197414602,0.0463729654923601,0.0325960129906025,0.1132945400226785,0.845360824742268,0.90025,0.9788775027778464,0.4525763808090648,0.8924175565090859,0,,ok,,2026-07-20T22:35:19.433604+00:00,False,20000
adult,gaussian_copula,fixed,0.02,4,3,2000,9.0184,39.65,False,0.052954896178078,0.8946884947656754,0.0654840325805437,0.0355777363184079,0.1531175507190448,0.8041237113402062,0.876,0.9767666153191532,0.4220977508610818,0.8924175565090859,0,,ok,,2026-07-20T22:35:19.433604+00:00,False,20000
adult,gaussian_copula,fixed,0.02,4,4,2000,9.155,39.65,False,0.0628846566829066,0.8422888368904466,0.0736918417375449,0.0423326423438363,0.1646497257140197,0.7835051546391752,0.8905,0.9816507626084846,0.4672373249824322,0.8924175565090859,0,,ok,,2026-07-20T22:35:19.433604+00:00,False,20000
adult,gaussian_copula,fixed,0.02,4,5,2000,8.9867,39.65,False,0.0417983325044721,0.8466624229506654,0.0660237410824072,0.0480115395245992,0.1534928090720426,0.7525773195876289,0.88925,0.9823458185049504,0.4034326633196798,0.8924175565090859,0,,ok,,2026-07-20T22:35:19.433604+00:00,False,20000
adult,gaussian_copula,fixed,0.02,4,6,2000,9.2161,39.65,False,0.0529389554173319,0.9025035159151548,0.0623643948218066,0.0509108278054173,0.1729633831306525,0.7216494845360825,0.884,0.9805867896852388,0.3943786672275429,0.8924175565090859,0,,ok,,2026-07-20T22:35:19.433604+00:00,False,20000
adult,gaussian_copula,fixed,0.02,4,7,2000,9.1946,39.65,False,0.0376763711429094,0.934922387225614,0.0558176114578424,0.0533846738529574,0.1740781097070044,0.7010309278350515,0.9015,0.979155842611671,0.3791969500258518,0.8924175565090859,0,,ok,,2026-07-20T22:35:19.433604+00:00,False,20000
adult,gaussian_copula,fixed,0.02,4,8,2000,9.0306,39.65,False,0.0476618540217837,0.8545029466818107,0.0636125773940786,0.055425891376451,0.1847140655398248,0.711340206185567,0.8845,0.978852743759271,0.3888540344600555,0.8924175565090859,0,,ok,,2026-07-20T22:35:19.433604+00:00,False,20000
adult,gaussian_copula,fixed,0.02,4,9,2000,9.2107,39.65,False,0.0477120696881304,0.8521763949224161,0.067015611758974,0.0577341072415699,0.1687182392040538,0.6701030927835051,0.88825,0.9837612214418564,0.3652179346284626,0.8924175565090859,0,,ok,,2026-07-20T22:35:19.433604+00:00,False,20000
adult,gaussian_copula,fixed,0.02,4,10,2000,9.0202,39.65,False,0.0547350120429651,0.7910566155731931,0.0736979663932069,0.0492407752902155,0.1857277163205213,0.6804123711340206,0.87175,0.9837128149055396,0.4626886745011875,0.8924175565090859,0,,ok,,2026-07-20T22:35:19.433604+00:00,False,20000
adult,gaussian_copula,fixed,0.02,4,11,2000,9.211,39.65,False,0.0539701450568826,0.8417378682146789,0.082755592905862,0.0489737078496406,0.1641504883772193,0.6597938144329897,0.875,0.9835219360123324,0.4728010993208511,0.8924175565090859,0,,ok,,2026-07-20T22:35:19.433604+00:00,False,20000
adult,gaussian_copula,fixed,0.01,4,7,2000,9.0851,39.65,False,0.0388812098109927,0.8942725093383811,0.0705248468716818,0.0529878040353786,0.1623509963347737,0.711340206185567,0.8945,0.9834333084458396,0.4577749649463302,0.8924175565090859,0,,ok,,2026-07-20T22:35:19.433604+00:00,False,20000
adult,gaussian_copula,fixed,0.01,4,6,2000,9.2073,39.65,False,0.0402039435151417,0.9805855891687602,0.0672317615891546,0.0520213861249309,0.1784020320613772,0.7010309278350515,0.8955,0.9827340956712552,0.3957736675704414,0.8924175565090859,0,,ok,,2026-07-20T22:35:19.433604+00:00,False,20000
adult,gaussian_copula,fixed,0.01,4,5,2000,9.3211,39.65,False,0.0301626550622742,0.9307105191091538,0.0554092627680046,0.0485108139856274,0.1479647245940206,0.7422680412371134,0.9125,0.9818205454858644,0.4162075017279332,0.8924175565090859,0,,ok,,2026-07-20T22:35:19.433604+00:00,False,20000
adult,gaussian_copula,fixed,0.01,4,4,2000,9.3117,39.65,False,0.046993308590937,0.8009533203117133,0.0676216569143756,0.0497947070204532,0.1608977673403669,0.8041237113402062,0.89225,0.978420092059674,0.3746619040269661,0.8924175565090859,0,,ok,,2026-07-20T22:35:19.433604+00:00,False,20000
adult,gaussian_copula,fresh,0.35,3,12,2000,9.5425,39.65,False,0.0287202518968222,1.0611894746702928,0.0353214515261453,0.0241072761194029,0.1164160713136354,0.9278350515463918,0.89625,0.9750947909398668,0.5936475525110072,0.8911309658605514,0,,ok,,2026-07-20T22:35:19.433604+00:00,False,20000
adult,gaussian_copula,fixed,0.0,4,0,2000,20.676,39.26,True,0.0168208540043868,0.929040202183334,0.0320275744120648,0.0267307904919845,0.1040147109973347,0.9072164948453608,0.8935,0.964933725941528,0.6877590998251677,0.8924175565090859,0,,ok,,2026-07-20T22:35:19.433604+00:00,False,20000
adult,gaussian_copula,fixed,0.0,4,1,2000,37.2769,39.83,False,0.037448544689874,0.8077415426304326,0.0518792847843371,0.0339156992813709,0.116746996768607,0.8969072164948454,0.90525,0.9749235489363928,0.5396749322037833,0.8924175565090859,0,,ok,,2026-07-20T22:35:19.433604+00:00,False,20000
adult,gaussian_copula,fixed,0.0,4,2,2000,9.3382,40.02,False,0.0349338112677017,0.9142003642275376,0.050536581599194,0.0389039524599226,0.1095394414568226,0.8041237113402062,0.8895,0.9800870024352736,0.425396460841448,0.8924175565090859,0,,ok,,2026-07-20T22:35:19.433604+00:00,False,20000
adult,gaussian_copula,fixed,0.0,4,3,2000,9.1012,39.65,False,0.0261902167653863,0.9943353380445602,0.0443990384759112,0.0470309908789386,0.098409671767329,0.8144329896907216,0.89675,0.9804173780581378,0.399185868437378,0.8924175565090859,0,,ok,,2026-07-20T22:35:19.433604+00:00,False,20000
adult,gaussian_copula,fixed,0.0,4,4,2000,9.0568,39.65,False,0.0356354899234438,0.8378704883593834,0.0626918945214914,0.0379684563294637,0.1247768619065062,0.7835051546391752,0.8885,0.980629671342411,0.361755184094544,0.8924175565090859,0,,ok,,2026-07-20T22:35:19.433604+00:00,False,20000
adult,gaussian_copula,fixed,0.0,4,5,2000,8.3952,39.65,False,0.0421656894306293,0.8141557678643313,0.0661236578421017,0.0382770867882808,0.1334625912307365,0.7628865979381443,0.90075,0.9804419402015656,0.3773461831329858,0.8924175565090859,0,,ok,,2026-07-20T22:35:19.433604+00:00,False,20000
adult,gaussian_copula,fixed,0.0,4,6,2000,9.3582,39.65,False,0.0339022407096124,0.8921756804485201,0.0630431376610674,0.0466093836373687,0.147867952774917,0.7525773195876289,0.89975,0.981088706561802,0.3269938958818478,0.8924175565090859,0,,ok,,2026-07-20T22:35:19.433604+00:00,False,20000
adult,gaussian_copula,fresh,0.35,3,10,2000,9.668,39.65,False,0.0454547502237535,1.082742433790915,0.0570481854315168,0.0232350746268656,0.1197453301647479,0.8969072164948454,0.90225,0.9736785999398696,0.5686232054048673,0.8911309658605514,0,,ok,,2026-07-20T22:35:19.433604+00:00,False,20000
adult,gaussian_copula,fixed,0.0,4,7,2000,9.1365,39.65,False,0.0317210299490346,0.7964231469700819,0.0651984375027602,0.0524343559977888,0.1397285149494065,0.7319587628865979,0.89425,0.9853424168781482,0.3628088922306014,0.8924175565090859,0,,ok,,2026-07-20T22:35:19.433604+00:00,False,20000
adult,gaussian_copula,fixed,0.0,4,9,2000,9.1874,39.65,False,0.0389410104228623,0.811624075993555,0.0666174579994549,0.062344078220011,0.1409627291814216,0.7319587628865979,0.8965,0.9843586711400932,0.3546587582772621,0.8924175565090859,0,,ok,,2026-07-20T22:35:19.433604+00:00,False,20000
adult,gaussian_copula,fixed,0.0,4,10,2000,9.0666,39.65,False,0.0640198099072194,0.8541891519425734,0.0921888185750021,0.0751838032061912,0.1484164400731248,0.711340206185567,0.87325,0.983952693210508,0.3319769719057932,0.8924175565090859,0,,ok,,2026-07-20T22:35:19.433604+00:00,False,20000
adult,gaussian_copula,fixed,0.0,4,11,2000,9.5812,39.65,False,0.0411406643947072,0.8222703000656435,0.0852625514128738,0.0644394002211166,0.1894817862697988,0.7216494845360825,0.87825,0.9853484457576714,0.2878973672605739,0.8924175565090859,0,,ok,,2026-07-20T22:35:19.433604+00:00,False,20000
adult,gaussian_copula,fixed,0.0,4,12,2000,9.1423,39.65,False,0.0452250465604206,0.8489784630849643,0.086039270811307,0.0607567716970701,0.1612020395533931,0.711340206185567,0.879,0.987846266006661,0.2837928129781648,0.8924175565090859,0,,ok,,2026-07-20T22:35:19.433604+00:00,False,20000
adult,gaussian_copula,fixed,0.01,4,0,2000,20.676,39.26,True,0.0168208540043868,0.929040202183334,0.0320275744120648,0.0267307904919845,0.1040147109973347,0.9072164948453608,0.8935,0.964933725941528,0.6877590998251677,0.8924175565090859,0,,ok,,2026-07-20T22:35:19.433604+00:00,False,20000
adult,gaussian_copula,fixed,0.01,4,1,2000,8.7074,39.45,False,0.0211366672913782,0.956221992426813,0.0477074583418523,0.0359908098396904,0.1313871257306285,0.865979381443299,0.89975,0.97498600448325,0.5086291428599153,0.8924175565090859,0,,ok,,2026-07-20T22:35:19.433604+00:00,False,20000
adult,gaussian_copula,fixed,0.01,4,2,2000,9.1275,40.02,False,0.0517145687639051,0.975917865595234,0.0629970517579546,0.0442810599778883,0.1519005227008105,0.7938144329896907,0.90075,0.975744062676983,0.4573501117141084,0.8924175565090859,0,,ok,,2026-07-20T22:35:19.433604+00:00,False,20000
adult,gaussian_copula,fixed,0.01,4,3,2000,9.5501,39.65,False,0.037162735900659,0.8564088277605157,0.056251956325572,0.049285896904367,0.1369623898960989,0.7938144329896907,0.90225,0.9757695023210692,0.415217521576709,0.8924175565090859,0,,ok,,2026-07-20T22:35:19.433604+00:00,False,20000
adult,gaussian_copula,fixed,0.0,4,8,2000,8.8202,39.65,False,0.0362252045516734,0.8794696444834461,0.0676764841491846,0.047730444997236,0.1641590631114868,0.7216494845360825,0.87825,0.9864943277423692,0.2907555870494769,0.8924175565090859,0,,ok,,2026-07-20T22:35:19.433604+00:00,False,20000
adult,gaussian_copula,fresh,0.05,3,6,2000,9.237,39.65,False,0.0517844639366277,0.944670965243177,0.0633646641386545,0.0464526672194582,0.1512650784624062,0.7628865979381443,0.89275,0.9790843600580412,0.5073823494200163,0.8911309658605514,0,,ok,,2026-07-20T22:35:19.433604+00:00,False,20000
adult,gaussian_copula,fresh,0.02,4,7,2000,8.8498,39.65,False,0.0440212738219948,0.7768100325485401,0.0734727232989316,0.049435668877833,0.1791905960240781,0.7422680412371134,0.8945,0.9810466315302352,0.4592078283666373,0.8924175565090859,0,,ok,,2026-07-20T22:35:19.433604+00:00,False,20000
adult,gaussian_copula,fresh,0.02,4,9,2000,9.3848,39.65,False,0.0510530621981107,0.8027692894510849,0.0852387773239461,0.046316576838032,0.15012556865703,0.7010309278350515,0.88825,0.9808947125412582,0.3691339930709585,0.8924175565090859,0,,ok,,2026-07-20T22:35:19.433604+00:00,False,20000
adult,gaussian_copula,fixed,0.1,5,0,2000,31.9822,39.26,True,0.0160578783295022,0.9654831292094612,0.0332103843108244,0.0275248410724157,0.0803345467827563,0.9381443298969072,0.91125,0.9692459396767662,0.6539102626051922,0.896375477418985,0,,ok,,2026-07-20T22:35:19.433604+00:00,False,20000
adult,gaussian_copula,fixed,0.1,5,1,2000,8.5586,39.45,False,0.0202655946543626,0.988114788632626,0.0302403840419621,0.0347720080154781,0.1124509125841163,0.9175257731958762,0.908,0.9737423357376874,0.5419219337430895,0.896375477418985,0,,ok,,2026-07-20T22:35:19.433604+00:00,False,20000
adult,gaussian_copula,fixed,0.1,5,2,2000,9.0437,40.02,False,0.0313286374222465,0.907963429630076,0.0472260288398494,0.0351287658927584,0.1653418035120117,0.9072164948453608,0.89275,0.972753438058267,0.524215585216314,0.896375477418985,0,,ok,,2026-07-20T22:35:19.433604+00:00,False,20000
adult,gaussian_copula,fixed,0.1,5,3,2000,9.0932,39.65,False,0.0266717711787438,0.8266790746376307,0.0432349251356726,0.0368448037589828,0.143783375182024,0.8865979381443299,0.87325,0.9748038342215768,0.4700705321929258,0.896375477418985,0,,ok,,2026-07-20T22:35:19.433604+00:00,False,20000
adult,gaussian_copula,fixed,0.1,5,4,2000,8.9884,39.65,False,0.0456325210832404,0.8014873479105408,0.064680403221292,0.0396225469872857,0.1701020107630137,0.8556701030927835,0.8965,0.9743781676522204,0.4932750585058305,0.896375477418985,0,,ok,,2026-07-20T22:35:19.433604+00:00,False,20000
adult,gaussian_copula,fixed,0.1,5,5,2000,8.8152,39.65,False,0.0433363573508349,0.8562455963485576,0.0600655141062561,0.0397987493090105,0.1675631548975854,0.8247422680412371,0.878,0.9768991730436046,0.4673428826527836,0.896375477418985,0,,ok,,2026-07-20T22:35:19.433604+00:00,False,20000
adult,gaussian_copula,fixed,0.1,5,6,2000,8.9055,39.65,False,0.0362515164062342,0.8103052984916093,0.0658582952429049,0.0436236871199557,0.1592105420470011,0.8350515463917526,0.88275,0.9728407060612396,0.516374879477399,0.896375477418985,0,,ok,,2026-07-20T22:35:19.433604+00:00,False,20000
adult,gaussian_copula,fixed,0.1,5,7,2000,8.8667,39.65,False,0.0387145560562854,0.7826636821789487,0.0719787320658024,0.0533921710889994,0.1839136890009082,0.8041237113402062,0.87375,0.9785077273754224,0.4661885013472699,0.896375477418985,0,,ok,,2026-07-20T22:35:19.433604+00:00,False,20000
adult,gaussian_copula,fixed,0.1,5,8,2000,8.4408,39.65,False,0.0483315335819042,0.8506981156450792,0.0807672266423473,0.0512932559425096,0.1810143385234706,0.8144329896907216,0.87375,0.9760642165421785,0.5419339646949587,0.896375477418985,0,,ok,,2026-07-20T22:35:19.433604+00:00,False,20000
adult,gaussian_copula,fixed,0.1,5,9,2000,9.4225,39.65,False,0.0488380346463188,0.79654799053422,0.0747006001161773,0.0490748687119955,0.1612374140057116,0.7731958762886598,0.8785,0.9761863241337896,0.4469874299828105,0.896375477418985,0,,ok,,2026-07-20T22:35:19.433604+00:00,False,20000
adult,gaussian_copula,fixed,0.1,5,10,2000,8.8865,39.65,False,0.0618118086511438,0.7617354083526835,0.0870862800544887,0.0531359521835268,0.1682803985409047,0.7835051546391752,0.86825,0.9753432035012384,0.526417675572893,0.896375477418985,0,,ok,,2026-07-20T22:35:19.433604+00:00,False,20000
adult,gaussian_copula,fixed,0.1,5,11,2000,9.4812,39.65,False,0.0712174652466546,0.7633657274906511,0.0930041590944463,0.0525594596462133,0.1876717782578925,0.7731958762886598,0.872,0.9775614407904708,0.5539519021557762,0.896375477418985,0,,ok,,2026-07-20T22:35:19.433604+00:00,False,20000
adult,gaussian_copula,fixed,0.1,5,12,2000,9.5331,39.65,False,0.0490428648125088,0.8288119380686921,0.0764338492990282,0.0529659687672747,0.1988746990148885,0.7731958762886598,0.87325,0.9800118580038965,0.4851270225931441,0.896375477418985,0,,ok,,2026-07-20T22:35:19.433604+00:00,False,20000
adult,gaussian_copula,fixed,0.2,5,0,2000,31.9822,39.26,True,0.0160578783295022,0.9654831292094612,0.0332103843108244,0.0275248410724157,0.0803345467827563,0.9381443298969072,0.91125,0.9692459396767662,0.6539102626051922,0.896375477418985,0,,ok,,2026-07-20T22:35:19.433604+00:00,False,20000
adult,gaussian_copula,fixed,0.2,5,1,2000,8.9548,39.45,False,0.0273286579330343,1.0083793433149102,0.0366008264811537,0.033557041182974,0.1210368419688551,0.8556701030927835,0.91675,0.9757596152511514,0.5545833468285427,0.896375477418985,0,,ok,,2026-07-20T22:35:19.433604+00:00,False,20000
adult,gaussian_copula,fixed,0.2,5,2,2000,8.8374,40.02,False,0.047161215184112,1.017299117194107,0.0524647885643511,0.0300929035378662,0.1121005613057287,0.8144329896907216,0.89875,0.9765473639046598,0.587351922585447,0.896375477418985,0,,ok,,2026-07-20T22:35:19.433604+00:00,False,20000
adult,gaussian_copula,fixed,0.2,5,3,2000,9.4275,39.65,False,0.0412693140534454,0.9299904853709,0.052852785596077,0.0334278261470425,0.0995043718747198,0.7835051546391752,0.90625,0.9745301530162472,0.661634133705246,0.896375477418985,0,,ok,,2026-07-20T22:35:19.433604+00:00,False,20000
adult,gaussian_copula,fixed,0.05,5,12,2000,9.369,39.65,False,0.0728940953507605,0.8311033000697566,0.0964787619041074,0.056135675787728,0.2071506193795067,0.7010309278350515,0.866,0.98273756742386,0.4191675748341597,0.896375477418985,0,,ok,,2026-07-20T22:35:19.433604+00:00,False,20000
adult,gaussian_copula,fixed,0.2,5,4,2000,9.1493,39.65,False,0.0505228739557904,0.9351409750378024,0.0664796030962634,0.0358248341625207,0.1250924898578977,0.7731958762886598,0.90275,0.9772160531563436,0.5645225193849122,0.896375477418985,0,,ok,,2026-07-20T22:35:19.433604+00:00,False,20000
adult,gaussian_copula,fixed,0.05,5,11,2000,9.1904,39.65,False,0.0458918957088748,0.8454822482736261,0.0732584373471208,0.0564936774461028,0.1889561368713485,0.7319587628865979,0.86525,0.9803143729808584,0.508390720208839,0.896375477418985,0,,ok,,2026-07-20T22:35:19.433604+00:00,False,20000
adult,gaussian_copula,fixed,0.05,5,9,2000,8.8986,39.65,False,0.0398632141162416,0.931654306831796,0.0700761949753857,0.0522236042012161,0.2014035859411067,0.7319587628865979,0.88875,0.9797644343182668,0.5107146280508298,0.896375477418985,0,,ok,,2026-07-20T22:35:19.433604+00:00,False,20000
adult,gaussian_copula,fixed,0.02,5,5,2000,9.1454,39.65,False,0.0694379736947137,0.7600893604871191,0.0779124963283635,0.0428098051409618,0.1841848488294772,0.7938144329896907,0.87725,0.9829398988256588,0.413576788222334,0.896375477418985,0,,ok,,2026-07-20T22:35:19.433604+00:00,False,20000
adult,gaussian_copula,fixed,0.02,5,6,2000,9.1832,39.65,False,0.0623125206663418,0.7206945816016265,0.0785530026479261,0.0468605237700387,0.1729789843105606,0.7835051546391752,0.87875,0.9791289787165162,0.414584241118371,0.896375477418985,0,,ok,,2026-07-20T22:35:19.433604+00:00,False,20000
adult,gaussian_copula,fixed,0.02,5,7,2000,8.694,39.65,False,0.0501549618075639,0.74202907205636,0.0746642891188548,0.0432032891100055,0.1708872192458193,0.7835051546391752,0.8605,0.9800853025589982,0.4613152446387522,0.896375477418985,0,,ok,,2026-07-20T22:35:19.433604+00:00,False,20000
adult,gaussian_copula,fixed,0.02,5,8,2000,8.9529,39.65,False,0.0688506920719281,0.7345918043188239,0.0858119508701046,0.0514898079049198,0.1798482368122409,0.7731958762886598,0.8805,0.9809381128238192,0.4100757484464992,0.896375477418985,0,,ok,,2026-07-20T22:35:19.433604+00:00,False,20000
adult,gaussian_copula,fixed,0.02,5,9,2000,9.0788,39.65,False,0.0737699258443216,0.7065869249803858,0.087361386325781,0.0554471738529574,0.1733845551664916,0.7422680412371134,0.868,0.9799322956942048,0.3992296650360082,0.896375477418985,0,,ok,,2026-07-20T22:35:19.433604+00:00,False,20000
adult,gaussian_copula,fixed,0.02,5,10,2000,9.189,39.65,False,0.0782709392124746,0.7571043013558834,0.0932384441622855,0.0531371268656716,0.1772188620136111,0.7319587628865979,0.8675,0.9812751360766708,0.4563579679584609,0.896375477418985,0,,ok,,2026-07-20T22:35:19.433604+00:00,False,20000
adult,gaussian_copula,fixed,0.02,5,11,2000,9.4058,39.65,False,0.0654003517833671,0.8177824930075405,0.0870042791690536,0.0642883153676064,0.1529478397256914,0.7010309278350515,0.87475,0.9795043273731217,0.4492228267347551,0.896375477418985,0,,ok,,2026-07-20T22:35:19.433604+00:00,False,20000
adult,gaussian_copula,fixed,0.02,5,12,2000,9.1971,39.65,False,0.0626376343654102,0.7838105609715044,0.0802500885365397,0.0558457020453289,0.1845458528897728,0.7010309278350515,0.85975,0.981870633898443,0.368958905022093,0.896375477418985,0,,ok,,2026-07-20T22:35:19.433604+00:00,False,20000
adult,gaussian_copula,fixed,0.05,5,0,2000,31.9822,39.26,True,0.0160578783295022,0.9654831292094612,0.0332103843108244,0.0275248410724157,0.0803345467827563,0.9381443298969072,0.91125,0.9692459396767662,0.6539102626051922,0.896375477418985,0,,ok,,2026-07-20T22:35:19.433604+00:00,False,20000
adult,gaussian_copula,fixed,0.05,5,1,2000,9.1791,39.45,False,0.0164402719843652,0.9971900628930668,0.0388255318686204,0.0269818269762299,0.1032790768589577,0.8865979381443299,0.88325,0.9711577042360676,0.5892676303928988,0.896375477418985,0,,ok,,2026-07-20T22:35:19.433604+00:00,False,20000
adult,gaussian_copula,fixed,0.05,5,2,2000,9.0042,40.02,False,0.0277359680235585,1.040074920925272,0.0442831610728128,0.0377503109452736,0.1340915048984771,0.8041237113402062,0.89275,0.9765587185381784,0.4899007862800729,0.896375477418985,0,,ok,,2026-07-20T22:35:19.433604+00:00,False,20000
adult,gaussian_copula,fixed,0.05,5,3,2000,8.7747,39.65,False,0.0146074544839609,1.0103694315527243,0.0413794451543869,0.0342564262023217,0.1416332455699737,0.7938144329896907,0.89275,0.9727683730069718,0.4347851271996152,0.896375477418985,0,,ok,,2026-07-20T22:35:19.433604+00:00,False,20000
adult,gaussian_copula,fixed,0.05,5,4,2000,9.3312,39.65,False,0.0501652823627009,1.085700818831537,0.0734921446935261,0.0370145107794361,0.154858169773895,0.8041237113402062,0.90575,0.9779175890576712,0.4289657852841592,0.896375477418985,0,,ok,,2026-07-20T22:35:19.433604+00:00,False,20000
adult,gaussian_copula,fixed,0.05,5,5,2000,8.7987,39.65,False,0.065249191647502,1.0578986432243065,0.0816071590993738,0.0353473258706467,0.1689646317977141,0.7731958762886598,0.888,0.9760763226762612,0.5060097391047109,0.896375477418985,0,,ok,,2026-07-20T22:35:19.433604+00:00,False,20000
adult,gaussian_copula,fixed,0.05,5,6,2000,8.8142,39.65,False,0.0480753139922136,0.9645268055814338,0.0696080748690321,0.0469782338308457,0.1658164286343582,0.7731958762886598,0.88125,0.978206739024606,0.4847105615235342,0.896375477418985,0,,ok,,2026-07-20T22:35:19.433604+00:00,False,20000
adult,gaussian_copula,fixed,0.05,5,7,2000,9.2504,39.65,False,0.0557001933462517,1.1201524518576014,0.0821718990912078,0.0445878247650635,0.1903437578097251,0.7525773195876289,0.8975,0.9773158486062156,0.4177393008777809,0.896375477418985,0,,ok,,2026-07-20T22:35:19.433604+00:00,False,20000
adult,gaussian_copula,fixed,0.05,5,8,2000,9.3546,39.65,False,0.0563871985788839,1.0108584437867685,0.0763950332577709,0.0522087133775566,0.1862027218794816,0.7422680412371134,0.879,0.98071973328498,0.4717218213143359,0.896375477418985,0,,ok,,2026-07-20T22:35:19.433604+00:00,False,20000
adult,gaussian_copula,fixed,0.05,5,10,2000,9.1726,39.65,False,0.0475980127893765,0.9007983220348535,0.0693553524129075,0.0599429933665008,0.2098799480868121,0.7216494845360825,0.8875,0.9745718016724942,0.458246827401932,0.896375477418985,0,,ok,,2026-07-20T22:35:19.433604+00:00,False,20000
adult,gaussian_copula,fixed,0.2,5,5,2000,8.6307,39.65,False,0.0397300746541274,0.9750458960850942,0.0530944820512564,0.0352922194582642,0.1490040601466969,0.7835051546391752,0.893,0.9767817578305138,0.6005455495771597,0.896375477418985,0,,ok,,2026-07-20T22:35:19.433604+00:00,False,20000
adult,gaussian_copula,fixed,0.2,5,6,2000,8.9204,39.65,False,0.0497785444692064,0.9358613027210204,0.0640226149424006,0.048352715588723,0.1511035884637814,0.7628865979381443,0.8955,0.9735932607508438,0.5774276330049594,0.896375477418985,0,,ok,,2026-07-20T22:35:19.433604+00:00,False,20000
adult,gaussian_copula,fixed,0.2,5,7,2000,8.9398,39.65,False,0.0683127822997822,1.0224384924943597,0.0843323836192379,0.0409098258706467,0.1413869228694763,0.7525773195876289,0.886,0.9745307785167164,0.467662997761784,0.896375477418985,0,,ok,,2026-07-20T22:35:19.433604+00:00,False,20000
adult,gaussian_copula,fresh,0.0,5,4,2000,9.0313,39.65,False,0.0499696480715668,0.8217352764940168,0.0643000893629591,0.0462164870093974,0.1354110818984429,0.7938144329896907,0.88975,0.9798585451388734,0.3976005692508801,0.896375477418985,0,,ok,,2026-07-20T22:35:19.433604+00:00,False,20000
adult,gaussian_copula,fresh,0.0,5,5,2000,9.0848,39.65,False,0.0366564192626883,0.8074070922468414,0.0613764894553385,0.0525687534549474,0.1775238211161241,0.7938144329896907,0.87825,0.9794152396812836,0.3619588907291911,0.896375477418985,0,,ok,,2026-07-20T22:35:19.433604+00:00,False,20000
adult,gaussian_copula,fresh,0.0,5,6,2000,9.0422,39.65,False,0.0266247565470984,0.8167862077303614,0.0528552978366811,0.0488643933112216,0.1674632922735355,0.7319587628865979,0.87475,0.9818605201408552,0.3189993119737934,0.896375477418985,0,,ok,,2026-07-20T22:35:19.433604+00:00,False,20000
adult,gaussian_copula,fresh,0.0,5,7,2000,9.168,39.65,False,0.0437765931370068,0.8092421536766402,0.0747768471261909,0.0517089206744057,0.1713897249802446,0.711340206185567,0.8865,0.9818868783481304,0.4630399324011301,0.896375477418985,0,,ok,,2026-07-20T22:35:19.433604+00:00,False,20000
adult,gaussian_copula,fresh,0.0,5,8,2000,9.0373,39.65,False,0.0442530758009599,0.8160304682455909,0.0770439066662084,0.0553384812050856,0.187101344673375,0.711340206185567,0.8915,0.980717806158534,0.3429555924781571,0.896375477418985,0,,ok,,2026-07-20T22:35:19.433604+00:00,False,20000
adult,gaussian_copula,fresh,0.0,5,9,2000,9.164,39.65,False,0.0587541629753908,0.7977518821502526,0.080998502544821,0.0577825110558319,0.1780663246609102,0.6701030927835051,0.88075,0.9860916606902684,0.3169963060060478,0.896375477418985,0,,ok,,2026-07-20T22:35:19.433604+00:00,False,20000
adult,gaussian_copula,fresh,0.0,5,10,2000,10.3868,39.65,False,0.0504168788846951,0.8285888911615693,0.079447875665098,0.0577346600331674,0.1949458524887198,0.6391752577319587,0.8875,0.9840503320337616,0.3436317188604544,0.896375477418985,0,,ok,,2026-07-20T22:35:19.433604+00:00,False,20000
adult,gaussian_copula,fresh,0.0,5,11,2000,9.2059,39.65,False,0.0459254381876357,0.7896310188862108,0.0816842489275942,0.0603311567164179,0.2040338861891748,0.6494845360824743,0.892,0.985926456566324,0.3295672083064576,0.896375477418985,0,,ok,,2026-07-20T22:35:19.433604+00:00,False,20000
adult,gaussian_copula,fresh,0.0,5,12,2000,10.2357,39.65,False,0.0537249929200858,0.848073849862093,0.0830467605053109,0.0629796503593145,0.1851812596007878,0.6391752577319587,0.88475,0.9818676020211684,0.3527917315693357,0.896375477418985,0,,ok,,2026-07-20T22:35:19.433604+00:00,False,20000
adult,gaussian_copula,fresh,0.01,5,0,2000,31.9822,39.26,True,0.0160578783295022,0.9654831292094612,0.0332103843108244,0.0275248410724157,0.0803345467827563,0.9381443298969072,0.91125,0.9692459396767662,0.6539102626051922,0.896375477418985,0,,ok,,2026-07-20T22:35:19.433604+00:00,False,20000
adult,gaussian_copula,fresh,0.01,5,1,2000,8.6809,39.45,False,0.0324155815836426,1.0460957718010295,0.048780502768461,0.0318510917634052,0.1264031986057379,0.8762886597938144,0.89475,0.9724826278550917,0.5649304243824844,0.896375477418985,0,,ok,,2026-07-20T22:35:19.433604+00:00,False,20000
adult,gaussian_copula,fresh,0.01,5,2,2000,8.881,40.02,False,0.046807346067454,1.1738934072390317,0.0565616735743529,0.0381622443338861,0.1472755047714789,0.845360824742268,0.90275,0.9759662053436456,0.4285015610078095,0.896375477418985,0,,ok,,2026-07-20T22:35:19.433604+00:00,False,20000
adult,gaussian_copula,fresh,0.01,5,3,2000,8.8439,39.65,False,0.0391055120687978,1.068072103437811,0.0562370025576402,0.0426884673852957,0.1426250444601938,0.8350515463917526,0.89225,0.9817237144132168,0.4239675640292503,0.896375477418985,0,,ok,,2026-07-20T22:35:19.433604+00:00,False,20000
adult,gaussian_copula,fresh,0.01,5,4,2000,9.0494,39.65,False,0.0455354391786179,1.024300337946098,0.0636312018585109,0.0457659618573797,0.1775223900153952,0.845360824742268,0.89225,0.981164717243829,0.3728947965051363,0.896375477418985,0,,ok,,2026-07-20T22:35:19.433604+00:00,False,20000
adult,gaussian_copula,fresh,0.01,5,5,2000,9.2107,39.65,False,0.0394757371866248,1.070434288757288,0.0789043743124465,0.0441268656716418,0.1552195924101849,0.8144329896907216,0.8965,0.9815003657456496,0.4320689841011791,0.896375477418985,0,,ok,,2026-07-20T22:35:19.433604+00:00,False,20000
adult,gaussian_copula,fresh,0.01,5,6,2000,8.918,39.65,False,0.0483429869178454,1.0408573159839698,0.0719658652717555,0.0536134950248756,0.1373745592607962,0.8041237113402062,0.9035,0.9824628287177374,0.3637556986390141,0.896375477418985,0,,ok,,2026-07-20T22:35:19.433604+00:00,False,20000
adult,gaussian_copula,fresh,0.01,5,7,2000,8.9192,39.65,False,0.0478793529851477,0.9959159211489954,0.0770754190010905,0.0535173092868988,0.1561737068761361,0.7628865979381443,0.89275,0.9814486961443842,0.4507116816149877,0.896375477418985,0,,ok,,2026-07-20T22:35:19.433604+00:00,False,20000
adult,gaussian_copula,fresh,0.0,5,3,2000,8.9246,39.65,False,0.0336888823805952,0.8016696936157647,0.0559439002935721,0.0375069789939192,0.1351242171525894,0.8041237113402062,0.88075,0.9802507238081056,0.3973566392430898,0.896375477418985,0,,ok,,2026-07-20T22:35:19.433604+00:00,False,20000
adult,gaussian_copula,fresh,0.0,5,2,2000,8.7661,40.02,False,0.0379747396873253,0.988869183910849,0.0473440601330479,0.0317123756218905,0.1544114319124616,0.8865979381443299,0.895,0.9800625876669564,0.4831150343888531,0.896375477418985,0,,ok,,2026-07-20T22:35:19.433604+00:00,False,20000
adult,gaussian_copula,fresh,0.0,5,1,2000,9.4611,39.45,False,0.0341203967150571,0.987994294630276,0.0521946081376619,0.0306948244886677,0.1167359840227982,0.8969072164948454,0.89375,0.974434590944552,0.5659683644317595,0.896375477418985,0,,ok,,2026-07-20T22:35:19.433604+00:00,False,20000
adult,gaussian_copula,fresh,0.0,5,0,2000,31.9822,39.26,True,0.0160578783295022,0.9654831292094612,0.0332103843108244,0.0275248410724157,0.0803345467827563,0.9381443298969072,0.91125,0.9692459396767662,0.6539102626051922,0.896375477418985,0,,ok,,2026-07-20T22:35:19.433604+00:00,False,20000
adult,gaussian_copula,fixed,0.2,5,8,2000,9.2595,39.65,False,0.0714777516486569,0.9945725996263558,0.086375509228787,0.0499699074074074,0.1513167409961559,0.7422680412371134,0.8925,0.9757935390891028,0.5400645121275273,0.896375477418985,0,,ok,,2026-07-20T22:35:19.433604+00:00,False,20000
adult,gaussian_copula,fixed,0.2,5,9,2000,9.5371,39.65,False,0.0537859489777948,0.9109206580479547,0.0732178127462154,0.0437165215588723,0.1383368371544912,0.711340206185567,0.90875,0.9742705095714498,0.560786466274062,0.896375477418985,0,,ok,,2026-07-20T22:35:19.433604+00:00,False,20000
adult,gaussian_copula,fixed,0.2,5,10,2000,9.0061,39.65,False,0.046771676198884,1.0099446917627644,0.0727790539503452,0.0528993228302929,0.1459651348394077,0.711340206185567,0.89275,0.9797811259557896,0.5536050370284507,0.896375477418985,0,,ok,,2026-07-20T22:35:19.433604+00:00,False,20000
adult,gaussian_copula,fixed,0.2,5,11,2000,8.8211,39.65,False,0.0455830562276393,0.9824524773106024,0.0677270402755412,0.0460084646213377,0.1566823818391117,0.7010309278350515,0.89325,0.9751686899953096,0.5395182347925163,0.896375477418985,0,,ok,,2026-07-20T22:35:19.433604+00:00,False,20000
adult,gaussian_copula,fixed,0.2,5,12,2000,9.0458,39.65,False,0.0669867491672918,1.0284309028138792,0.0855266835438286,0.0476686705362078,0.1432293769824522,0.6907216494845361,0.8925,0.9731754067498488,0.5117123119450765,0.896375477418985,0,,ok,,2026-07-20T22:35:19.433604+00:00,False,20000
adult,gaussian_copula,fixed,0.35,5,0,2000,31.9822,39.26,True,0.0160578783295022,0.9654831292094612,0.0332103843108244,0.0275248410724157,0.0803345467827563,0.9381443298969072,0.91125,0.9692459396767662,0.6539102626051922,0.896375477418985,0,,ok,,2026-07-20T22:35:19.433604+00:00,False,20000
adult,gaussian_copula,fixed,0.35,5,1,2000,8.5858,39.45,False,0.0394042776026518,0.8860245917062572,0.0480098667843578,0.0234196379215036,0.1164957336390505,0.8969072164948454,0.9,0.9657276902246996,0.6447751313471795,0.896375477418985,0,,ok,,2026-07-20T22:35:19.433604+00:00,False,20000
adult,gaussian_copula,fixed,0.35,5,2,2000,9.5457,40.02,False,0.0138320622900763,1.1124093063563962,0.0463721251760959,0.0281583402432283,0.0914856910591832,0.8969072164948454,0.902,0.9740432155259224,0.6267173937929205,0.896375477418985,0,,ok,,2026-07-20T22:35:19.433604+00:00,False,20000
adult,gaussian_copula,fixed,0.02,5,4,2000,9.5093,39.65,False,0.0460172590771767,0.8258291983560756,0.0640745394502129,0.0391164317302377,0.1842609269986484,0.7938144329896907,0.88275,0.9787790640789928,0.3954066088018313,0.896375477418985,0,,ok,,2026-07-20T22:35:19.433604+00:00,False,20000
adult,gaussian_copula,fixed,0.35,5,3,2000,8.6493,39.65,False,0.0179136463187764,1.127354234568428,0.0418566057866083,0.0390704118297401,0.1197452371727118,0.8969072164948454,0.89725,0.9712215772839884,0.6137350460513368,0.896375477418985,0,,ok,,2026-07-20T22:35:19.433604+00:00,False,20000
adult,gaussian_copula,fixed,0.35,5,5,2000,9.701,39.65,False,0.0117274699932141,1.0236771291075033,0.0452670155004668,0.0369377418463239,0.1265180921625555,0.8144329896907216,0.88775,0.9790379931482543,0.5627347264935197,0.896375477418985,0,,ok,,2026-07-20T22:35:19.433604+00:00,False,20000
adult,gaussian_copula,fixed,0.35,5,6,2000,8.8872,39.65,False,0.0193764975653501,1.0111795903020948,0.0520882224856714,0.0346722982310668,0.1326362792879752,0.8144329896907216,0.89525,0.9724850634819188,0.6219052097365346,0.896375477418985,0,,ok,,2026-07-20T22:35:19.433604+00:00,False,20000
adult,gaussian_copula,fixed,0.35,5,7,2000,8.3858,39.65,False,0.0114657175463216,0.9582904475468847,0.0439191998424901,0.0321505320619126,0.1021938702580893,0.8041237113402062,0.902,0.9696588824865764,0.5475360610571791,0.896375477418985,0,,ok,,2026-07-20T22:35:19.433604+00:00,False,20000
adult,gaussian_copula,fixed,0.35,5,8,2000,9.0428,39.65,False,0.0331923491607219,1.0385053379163849,0.059741574688922,0.0357650981205085,0.1258202291317861,0.8247422680412371,0.88725,0.9708698626451144,0.6333931952411718,0.896375477418985,0,,ok,,2026-07-20T22:35:19.433604+00:00,False,20000
adult,gaussian_copula,fixed,0.35,5,9,2000,9.1214,39.65,False,0.0235226442235441,0.9335763834333752,0.0527979164205029,0.0324743988391376,0.1386332551510176,0.8144329896907216,0.8985,0.9718841622810928,0.5889310587775268,0.896375477418985,0,,ok,,2026-07-20T22:35:19.433604+00:00,False,20000
adult,gaussian_copula,fixed,0.35,5,10,2000,9.1515,39.65,False,0.0291737516430798,1.0404008243632796,0.0541730131052862,0.0376046503593145,0.1344182645249142,0.8144329896907216,0.897,0.9764032321715248,0.5665557502508142,0.896375477418985,0,,ok,,2026-07-20T22:35:19.433604+00:00,False,20000
adult,gaussian_copula,fixed,0.35,5,11,2000,9.4003,39.65,False,0.0231800337887737,0.939669378764538,0.0584170433953296,0.0325544845218352,0.129214121731867,0.8041237113402062,0.89775,0.9738814640295684,0.6447343834638729,0.896375477418985,0,,ok,,2026-07-20T22:35:19.433604+00:00,False,20000
adult,gaussian_copula,fixed,0.35,5,12,2000,8.9451,39.65,False,0.0374768438665818,0.9927830133765024,0.0584377555945764,0.0363482932559425,0.1147310214402921,0.7938144329896907,0.90325,0.974632995530905,0.5709400651415397,0.896375477418985,0,,ok,,2026-07-20T22:35:19.433604+00:00,False,20000
adult,gaussian_copula,fixed,0.35,5,4,2000,8.7881,39.65,False,0.0292621316245114,1.0588116531080172,0.0513793393473527,0.035668635986733,0.1242212833583048,0.8556701030927835,0.905,0.9695317168911708,0.539203987640967,0.896375477418985,0,,ok,,2026-07-20T22:35:19.433604+00:00,False,20000
adult,gaussian_copula,fixed,0.02,5,3,2000,9.5571,39.65,False,0.0390189088530145,0.8083125746999306,0.0527015749130891,0.0439645522388059,0.1665591393238669,0.8041237113402062,0.89225,0.9804659797821014,0.4651560030909384,0.896375477418985,0,,ok,,2026-07-20T22:35:19.433604+00:00,False,20000
adult,gaussian_copula,fixed,0.02,5,2,2000,8.7578,40.02,False,0.031963438271824,0.999559100529784,0.0425681413314876,0.0353765547263681,0.1088674681375638,0.845360824742268,0.88275,0.977128940965988,0.4757787435175461,0.896375477418985,0,,ok,,2026-07-20T22:35:19.433604+00:00,False,20000
adult,gaussian_copula,fixed,0.02,5,1,2000,8.9631,39.45,False,0.0184314692650158,1.0208668351578856,0.03597900576293,0.0317412935323383,0.0991180725517696,0.8762886597938144,0.88375,0.9757056978981996,0.509976707814926,0.896375477418985,0,,ok,,2026-07-20T22:35:19.433604+00:00,False,20000
adult,gaussian_copula,fresh,0.1,4,6,2000,9.1348,39.65,False,0.0346529093692688,0.9998348642997744,0.057899307225755,0.0356514303482587,0.181334294101788,0.8041237113402062,0.907,0.980071852048907,0.4981872928758538,0.8924175565090859,0,,ok,,2026-07-20T22:35:19.433604+00:00,False,20000
adult,gaussian_copula,fresh,0.1,4,7,2000,9.4276,39.65,False,0.0453877650419162,0.9394974872534432,0.0552258920946331,0.032418394140409,0.1587434937800041,0.8247422680412371,0.90275,0.9778745094003506,0.5411270713725894,0.8924175565090859,0,,ok,,2026-07-20T22:35:19.433604+00:00,False,20000
adult,gaussian_copula,fresh,0.1,4,8,2000,8.8555,39.65,False,0.0565891947683794,1.003648924689469,0.0672574815614146,0.044927273355445,0.1556882115024502,0.8247422680412371,0.9155,0.9760684262953369,0.4912906726488799,0.8924175565090859,0,,ok,,2026-07-20T22:35:19.433604+00:00,False,20000
adult,gaussian_copula,fresh,0.1,4,9,2000,9.0218,39.65,False,0.0441646728913286,0.8098934820112499,0.0634229218769413,0.0447717661691542,0.1516842297268362,0.845360824742268,0.8975,0.9795889229365894,0.4875371795751021,0.8924175565090859,0,,ok,,2026-07-20T22:35:19.433604+00:00,False,20000
adult,gaussian_copula,fresh,0.1,4,10,2000,9.2988,39.65,False,0.0543886929506156,1.0224288855699732,0.0811473649404594,0.0457536622443338,0.1816589627006803,0.8762886597938144,0.90475,0.9809856013594476,0.5156794773466027,0.8924175565090859,0,,ok,,2026-07-20T22:35:19.433604+00:00,False,20000
adult,gaussian_copula,fresh,0.1,4,11,2000,8.8989,39.65,False,0.0339183370741652,0.8786900908032923,0.0577350295366295,0.0482278537866224,0.1742504420642245,0.845360824742268,0.892,0.981661919241855,0.5594404420676558,0.8924175565090859,0,,ok,,2026-07-20T22:35:19.433604+00:00,False,20000
adult,gaussian_copula,fresh,0.1,4,12,2000,8.8435,39.65,False,0.0293200916479466,0.9969101184549868,0.056720836866779,0.0441867744610281,0.174779112722038,0.8144329896907216,0.90075,0.9747003555189416,0.524891023179022,0.8924175565090859,0,,ok,,2026-07-20T22:35:19.433604+00:00,False,20000
adult,gaussian_copula,fresh,0.2,4,0,2000,20.676,39.26,True,0.0168208540043868,0.929040202183334,0.0320275744120648,0.0267307904919845,0.1040147109973347,0.9072164948453608,0.8935,0.964933725941528,0.6877590998251677,0.8924175565090859,0,,ok,,2026-07-20T22:35:19.433604+00:00,False,20000
adult,gaussian_copula,fresh,0.2,4,1,2000,9.0357,39.45,False,0.0266667419333479,0.9046276869870594,0.0436843969678827,0.0319122097844113,0.1347918083501099,0.8969072164948454,0.8945,0.9705800860527096,0.6351260456929652,0.8924175565090859,0,,ok,,2026-07-20T22:35:19.433604+00:00,False,20000
adult,gaussian_copula,fresh,0.2,4,2,2000,9.045,40.02,False,0.0637805538826051,1.0617769920949902,0.0761178458813939,0.035117710060807,0.1143970794345742,0.865979381443299,0.8925,0.9703165624800012,0.584673413091223,0.8924175565090859,0,,ok,,2026-07-20T22:35:19.433604+00:00,False,20000
adult,gaussian_copula,fresh,0.2,4,3,2000,8.8623,39.65,False,0.0322793988074116,0.9681393712499592,0.0518903746165458,0.032221116639027,0.174095082165437,0.8350515463917526,0.87725,0.9737937612137694,0.559152518769924,0.8924175565090859,0,,ok,,2026-07-20T22:35:19.433604+00:00,False,20000
adult,gaussian_copula,fresh,0.2,4,4,2000,9.1035,39.65,False,0.0266895477726235,1.037561899527884,0.0530910575660193,0.0339654159756771,0.1202749968893611,0.8144329896907216,0.901,0.9737401909235782,0.5242608897816635,0.8924175565090859,0,,ok,,2026-07-20T22:35:19.433604+00:00,False,20000
adult,gaussian_copula,fresh,0.2,4,5,2000,10.479,39.65,False,0.018543620163638,0.9659459868851278,0.0372861664760396,0.0364815505804311,0.1355361021778802,0.8350515463917526,0.89675,0.9742621620651872,0.6118896226057586,0.8924175565090859,0,,ok,,2026-07-20T22:35:19.433604+00:00,False,20000
adult,gaussian_copula,fresh,0.2,4,6,2000,9.4297,39.65,False,0.0245059096472808,1.077778491996621,0.0364086707487705,0.0366140132669983,0.1290085280548647,0.8350515463917526,0.885,0.9730825480551818,0.5147419154298172,0.8924175565090859,0,,ok,,2026-07-20T22:35:19.433604+00:00,False,20000
adult,gaussian_copula,fresh,0.2,4,7,2000,9.3125,39.65,False,0.0227804529164353,0.9804604069919344,0.0500289646001315,0.0383820135433941,0.1649987348505528,0.8350515463917526,0.88925,0.9703650365163689,0.5722245577494213,0.8924175565090859,0,,ok,,2026-07-20T22:35:19.433604+00:00,False,20000
adult,gaussian_copula,fresh,0.2,4,8,2000,9.1263,39.65,False,0.0213361143640372,1.0102841764239514,0.0481393972983459,0.0387871061359867,0.1374011158960116,0.845360824742268,0.88625,0.9734932419883048,0.5568398551145576,0.8924175565090859,0,,ok,,2026-07-20T22:35:19.433604+00:00,False,20000
adult,gaussian_copula,fresh,0.2,4,9,2000,8.9048,39.65,False,0.0257972817221091,0.9095318750444682,0.0407460977601201,0.0378913073521282,0.1444043735390602,0.8350515463917526,0.88775,0.9729438860761506,0.5823131173566576,0.8924175565090859,0,,ok,,2026-07-20T22:35:19.433604+00:00,False,20000
adult,gaussian_copula,fresh,0.1,4,5,2000,8.8672,39.65,False,0.0228302744590932,1.0289137381267497,0.0373384879955688,0.0261293877833056,0.1431291188309482,0.8556701030927835,0.90775,0.9762906128370324,0.526971394395845,0.8924175565090859,0,,ok,,2026-07-20T22:35:19.433604+00:00,False,20000
adult,gaussian_copula,fresh,0.1,4,4,2000,8.4878,39.65,False,0.0306448906834708,0.9631233226798868,0.0452245132740341,0.034834542564953,0.145349863249292,0.8041237113402062,0.899,0.9709389888844764,0.5277062003526545,0.8924175565090859,0,,ok,,2026-07-20T22:35:19.433604+00:00,False,20000
adult,gaussian_copula,fresh,0.1,4,3,2000,8.8139,39.65,False,0.0513632656416976,0.8549525929375595,0.0579163185320335,0.0323855721393034,0.1257007173548248,0.8247422680412371,0.91425,0.971627388150948,0.49626558598341,0.8924175565090859,0,,ok,,2026-07-20T22:35:19.433604+00:00,False,20000
adult,gaussian_copula,fresh,0.1,4,2,2000,8.8896,40.02,False,0.0391844192016691,0.8117463567463087,0.0545041501295426,0.0306484936428966,0.1077756144296846,0.845360824742268,0.88,0.9695417327736852,0.5557857208139926,0.8924175565090859,0,,ok,,2026-07-20T22:35:19.433604+00:00,False,20000
adult,gaussian_copula,fresh,0.02,4,10,2000,9.2932,39.65,False,0.0267966774832642,0.8489809869582897,0.0738450273621315,0.0547760503040353,0.1677827036056171,0.7319587628865979,0.8755,0.9820326002699584,0.3552571260278596,0.8924175565090859,0,,ok,,2026-07-20T22:35:19.433604+00:00,False,20000
adult,gaussian_copula,fresh,0.02,4,11,2000,9.4372,39.65,False,0.0496012110663256,0.7998938835422157,0.0864805023335128,0.0612574281370923,0.1964911656032718,0.7525773195876289,0.88775,0.979045800654112,0.4151607761334238,0.8924175565090859,0,,ok,,2026-07-20T22:35:19.433604+00:00,False,20000
adult,gaussian_copula,fresh,0.02,4,12,2000,9.1156,39.65,False,0.0420383942567936,0.8008899437022862,0.0792292452918377,0.0566596185737976,0.2079042141941854,0.7525773195876289,0.88175,0.9859030666737758,0.3763978359759685,0.8924175565090859,0,,ok,,2026-07-20T22:35:19.433604+00:00,False,20000
adult,gaussian_copula,fresh,0.05,4,0,2000,20.676,39.26,True,0.0168208540043868,0.929040202183334,0.0320275744120648,0.0267307904919845,0.1040147109973347,0.9072164948453608,0.8935,0.964933725941528,0.6877590998251677,0.8924175565090859,0,,ok,,2026-07-20T22:35:19.433604+00:00,False,20000
adult,gaussian_copula,fresh,0.05,4,1,2000,9.0903,39.45,False,0.0409598985293836,1.150379697853139,0.0540161202991928,0.0328278399668325,0.1117677391543415,0.8865979381443299,0.89075,0.9751304050915864,0.5698475432534028,0.8924175565090859,0,,ok,,2026-07-20T22:35:19.433604+00:00,False,20000
adult,gaussian_copula,fresh,0.05,4,2,2000,8.8726,40.02,False,0.0285719892692328,0.9461280801677796,0.0434941222854396,0.0341064814814814,0.1355562963264329,0.8762886597938144,0.896,0.9742187257825988,0.4950299056025947,0.8924175565090859,0,,ok,,2026-07-20T22:35:19.433604+00:00,False,20000
adult,gaussian_copula,fresh,0.05,4,3,2000,8.9171,39.65,False,0.0309534647527879,0.8990064643872042,0.0452849514947374,0.0359888405196241,0.1296546044175055,0.8556701030927835,0.89,0.9761769573767624,0.4974760898763899,0.8924175565090859,0,,ok,,2026-07-20T22:35:19.433604+00:00,False,20000
adult,gaussian_copula,fresh,0.05,4,4,2000,9.3336,39.65,False,0.0368031634359606,0.9363537540261682,0.0545396177264096,0.0317456122166943,0.167133875280659,0.8144329896907216,0.88475,0.969918345931239,0.4986442067918034,0.8924175565090859,0,,ok,,2026-07-20T22:35:19.433604+00:00,False,20000
adult,gaussian_copula,fresh,0.2,4,10,2000,8.8301,39.65,False,0.029247479261862,0.8882470782197992,0.0476211529647636,0.0350106412382531,0.160826636450806,0.8762886597938144,0.88375,0.9745552236600566,0.5265283472173359,0.8924175565090859,0,,ok,,2026-07-20T22:35:19.433604+00:00,False,20000
adult,gaussian_copula,fresh,0.05,4,5,2000,8.9954,39.65,False,0.0210938993242274,0.9846985114236676,0.0396252012961627,0.0434288280818131,0.1601828339999111,0.865979381443299,0.891,0.9750547690348405,0.4628839889732228,0.8924175565090859,0,,ok,,2026-07-20T22:35:19.433604+00:00,False,20000
adult,gaussian_copula,fresh,0.05,4,7,2000,9.4967,39.65,False,0.0404506240161575,1.0160511792732063,0.0543913116227772,0.0428000276395798,0.1602909317860671,0.8247422680412371,0.8945,0.9776166378318826,0.4515267376267725,0.8924175565090859,0,,ok,,2026-07-20T22:35:19.433604+00:00,False,20000
adult,gaussian_copula,fresh,0.05,4,8,2000,9.4101,39.65,False,0.0494079046393225,0.9040135016673828,0.0690806988203651,0.0493767965726921,0.1688301473714828,0.8041237113402062,0.889,0.9811602993655146,0.4480475961502527,0.8924175565090859,0,,ok,,2026-07-20T22:35:19.433604+00:00,False,20000
adult,gaussian_copula,fresh,0.05,4,9,2000,8.8908,39.65,False,0.0497111082314642,0.8212969879822505,0.0742499165857028,0.0464455154781647,0.1688770535203558,0.8041237113402062,0.87725,0.9772745802002536,0.3935490888406135,0.8924175565090859,0,,ok,,2026-07-20T22:35:19.433604+00:00,False,20000
adult,gaussian_copula,fresh,0.05,4,10,2000,8.8676,39.65,False,0.0470830531814458,0.8607049986124929,0.0652082611708153,0.0440926962410171,0.1580355216424957,0.7835051546391752,0.88375,0.979542494151756,0.4738440549985622,0.8924175565090859,0,,ok,,2026-07-20T22:35:19.433604+00:00,False,20000
adult,gaussian_copula,fresh,0.05,4,11,2000,9.618,39.65,False,0.0436230681831821,0.7956371666475858,0.0652038929033733,0.0412505873410724,0.1860881411914477,0.8144329896907216,0.8715,0.9781865632594692,0.4817938588514302,0.8924175565090859,0,,ok,,2026-07-20T22:35:19.433604+00:00,False,20000
adult,gaussian_copula,fresh,0.05,4,12,2000,8.7962,39.65,False,0.0487900091727813,0.7970255926548111,0.0642054312481044,0.0456832504145937,0.1816695568168198,0.7731958762886598,0.88875,0.9816854283844926,0.4218709329973671,0.8924175565090859,0,,ok,,2026-07-20T22:35:19.433604+00:00,False,20000
adult,gaussian_copula,fresh,0.1,4,0,2000,20.676,39.26,True,0.0168208540043868,0.929040202183334,0.0320275744120648,0.0267307904919845,0.1040147109973347,0.9072164948453608,0.8935,0.964933725941528,0.6877590998251677,0.8924175565090859,0,,ok,,2026-07-20T22:35:19.433604+00:00,False,20000
adult,gaussian_copula,fresh,0.1,4,1,2000,9.0842,39.45,False,0.0301719403881305,0.8777246648715217,0.0405108563451231,0.0299517689331122,0.1239967031515139,0.8865979381443299,0.89025,0.9723173798561144,0.6004776910747909,0.8924175565090859,0,,ok,,2026-07-20T22:35:19.433604+00:00,False,20000
adult,gaussian_copula,fresh,0.05,4,6,2000,9.9934,39.65,False,0.0356239842072404,0.9314282707194512,0.0520680119278637,0.0485595632946379,0.160365109898616,0.7938144329896907,0.89875,0.9742049355222528,0.4612225702492852,0.8924175565090859,0,,ok,,2026-07-20T22:35:19.433604+00:00,False,20000
adult,gaussian_copula,fresh,0.02,4,8,2000,9.3524,39.65,False,0.0386066130822608,0.8086432682831587,0.0642018065002565,0.0466507739082365,0.1659936751393465,0.7422680412371134,0.88375,0.9789280299407545,0.4137628582027423,0.8924175565090859,0,,ok,,2026-07-20T22:35:19.433604+00:00,False,20000
adult,gaussian_copula,fresh,0.2,4,11,2000,8.9141,39.65,False,0.0223501211638852,1.0716918343840836,0.0461553974050603,0.0355973604201216,0.1507639897925694,0.8762886597938144,0.9015,0.975474167099494,0.5462837602605661,0.8924175565090859,0,,ok,,2026-07-20T22:35:19.433604+00:00,False,20000
adult,gaussian_copula,fresh,0.35,4,0,2000,20.676,39.26,True,0.0168208540043868,0.929040202183334,0.0320275744120648,0.0267307904919845,0.1040147109973347,0.9072164948453608,0.8935,0.964933725941528,0.6877590998251677,0.8924175565090859,0,,ok,,2026-07-20T22:35:19.433604+00:00,False,20000
adult,gaussian_copula,fixed,0.0,5,10,2000,8.9797,39.65,False,0.0428382639400936,1.0552119368891322,0.0774292314961969,0.0582924267551133,0.1674402032874965,0.7938144329896907,0.8965,0.9865269808918674,0.2951087591492602,0.896375477418985,0,,ok,,2026-07-20T22:35:19.433604+00:00,False,20000
adult,gaussian_copula,fixed,0.0,5,11,2000,9.2327,39.65,False,0.0433882416171699,1.0822824506112434,0.0891166256725237,0.0555648148148148,0.1890694595810909,0.7319587628865979,0.88175,0.988460014717126,0.3468654879262349,0.896375477418985,0,,ok,,2026-07-20T22:35:19.433604+00:00,False,20000
adult,gaussian_copula,fixed,0.0,5,12,2000,9.4133,39.65,False,0.0519121444794913,1.146831626582543,0.1004027727125731,0.0582672401879491,0.2138590673181963,0.7422680412371134,0.88675,0.9871258750911878,0.3632660356197474,0.896375477418985,0,,ok,,2026-07-20T22:35:19.433604+00:00,False,20000
adult,gaussian_copula,fixed,0.01,5,0,2000,31.9822,39.26,True,0.0160578783295022,0.9654831292094612,0.0332103843108244,0.0275248410724157,0.0803345467827563,0.9381443298969072,0.91125,0.9692459396767662,0.6539102626051922,0.896375477418985,0,,ok,,2026-07-20T22:35:19.433604+00:00,False,20000
adult,gaussian_copula,fixed,0.01,5,1,2000,8.6917,39.45,False,0.0370304870694405,0.9545369669153884,0.0540436148852839,0.0256456260364842,0.1025610845817018,0.9175257731958762,0.904,0.9718379247464032,0.5057664975165099,0.896375477418985,0,,ok,,2026-07-20T22:35:19.433604+00:00,False,20000
adult,gaussian_copula,fixed,0.01,5,2,2000,9.4967,40.02,False,0.0380518727043819,0.9626921875636276,0.0592473926344983,0.0326369886677722,0.1315836573983093,0.8350515463917526,0.89075,0.9757833859564852,0.4720533773012719,0.896375477418985,0,,ok,,2026-07-20T22:35:19.433604+00:00,False,20000
adult,gaussian_copula,fixed,0.01,5,3,2000,8.9779,39.65,False,0.0417373809688042,0.8940960294774798,0.0619233673860723,0.0368235212824765,0.1525733421355305,0.7938144329896907,0.89,0.977082337806024,0.4501163625797141,0.896375477418985,0,,ok,,2026-07-20T22:35:19.433604+00:00,False,20000
adult,gaussian_copula,fixed,0.01,5,4,2000,9.0263,39.65,False,0.0405982360264647,0.9223038029176104,0.0639098669908279,0.0487309286898839,0.1603747567951583,0.7731958762886598,0.8915,0.9729583963370368,0.4467435327569053,0.896375477418985,0,,ok,,2026-07-20T22:35:19.433604+00:00,False,20000
adult,gaussian_copula,fixed,0.01,5,5,2000,9.0754,39.65,False,0.0674923297286235,0.7454375391182136,0.0813856394527368,0.0417397388059701,0.1647928344651949,0.7835051546391752,0.868,0.9797660149444528,0.4034106994565943,0.896375477418985,0,,ok,,2026-07-20T22:35:19.433604+00:00,False,20000
adult,gaussian_copula,fixed,0.01,5,6,2000,8.9538,39.65,False,0.0733048620137336,0.76771318625669,0.0886701518043084,0.0487775704809287,0.1658317660056954,0.7422680412371134,0.86475,0.9792909394630273,0.4149098308022003,0.896375477418985,0,,ok,,2026-07-20T22:35:19.433604+00:00,False,20000
adult,gaussian_copula,fixed,0.01,5,7,2000,9.1151,39.65,False,0.0891165286893076,0.7647969424798203,0.1006760628644644,0.0506308734107241,0.1606549422079217,0.7319587628865979,0.85725,0.9821577959888864,0.3928325423938618,0.896375477418985,0,,ok,,2026-07-20T22:35:19.433604+00:00,False,20000
adult,gaussian_copula,fixed,0.01,5,8,2000,9.2076,39.65,False,0.0946893514824001,0.6623610452364042,0.1216761826576171,0.0641887783305693,0.1630028810607091,0.7216494845360825,0.8605,0.9816268242780248,0.4218439862877308,0.896375477418985,0,,ok,,2026-07-20T22:35:19.433604+00:00,False,20000
adult,gaussian_copula,fixed,0.01,5,9,2000,9.2106,39.65,False,0.089882513466805,0.7140202597351416,0.1197124422916479,0.0708043808734107,0.1778790641402722,0.7216494845360825,0.85775,0.9799161676821048,0.3817837030233946,0.896375477418985,0,,ok,,2026-07-20T22:35:19.433604+00:00,False,20000
adult,gaussian_copula,fixed,0.01,5,10,2000,9.9975,39.65,False,0.0906535727558415,0.6723113679722124,0.126266765651036,0.0745297816473189,0.1775956596615837,0.7216494845360825,0.84425,0.9836885368248248,0.3733203709388325,0.896375477418985,0,,ok,,2026-07-20T22:35:19.433604+00:00,False,20000
adult,gaussian_copula,fixed,0.01,5,11,2000,9.1027,39.65,False,0.0907123644364474,0.7111140814822384,0.1249796409176687,0.0735510641238253,0.1616645797827359,0.6907216494845361,0.86275,0.9832989147200109,0.4231769960857118,0.896375477418985,0,,ok,,2026-07-20T22:35:19.433604+00:00,False,20000
adult,gaussian_copula,fixed,0.01,5,12,2000,9.2814,39.65,False,0.0820279149168106,0.7810861357281044,0.1267306433062507,0.0848495024875621,0.1980706230295765,0.7010309278350515,0.85725,0.982588206686802,0.3525049228557008,0.896375477418985,0,,ok,,2026-07-20T22:35:19.433604+00:00,False,20000
adult,gaussian_copula,fixed,0.02,5,0,2000,31.9822,39.26,True,0.0160578783295022,0.9654831292094612,0.0332103843108244,0.0275248410724157,0.0803345467827563,0.9381443298969072,0.91125,0.9692459396767662,0.6539102626051922,0.896375477418985,0,,ok,,2026-07-20T22:35:19.433604+00:00,False,20000
adult,gaussian_copula,fixed,0.0,5,9,2000,8.9022,39.65,False,0.0567152246590629,1.0686560685665942,0.097550602080168,0.0499136608623548,0.1474892449502518,0.7731958762886598,0.88375,0.985141968727762,0.3740371140768955,0.896375477418985,0,,ok,,2026-07-20T22:35:19.433604+00:00,False,20000
adult,gaussian_copula,fixed,0.0,5,8,2000,9.431,39.65,False,0.0475243626664584,1.0308479748392847,0.0853753148900041,0.0573388266998341,0.1475970904792339,0.7938144329896907,0.886,0.9846373051616384,0.3652405541292521,0.896375477418985,0,,ok,,2026-07-20T22:35:19.433604+00:00,False,20000
adult,gaussian_copula,fixed,0.0,5,7,2000,9.0603,39.65,False,0.0360673265582825,0.934445719206906,0.0698889167402707,0.0496585475400774,0.1668174194639461,0.8041237113402062,0.88725,0.984482309857853,0.3511030055350246,0.896375477418985,0,,ok,,2026-07-20T22:35:19.433604+00:00,False,20000
adult,gaussian_copula,fixed,0.0,5,6,2000,8.9611,39.65,False,0.0520652270423741,0.9931283197013228,0.0777901745771948,0.0435263266998341,0.1387887252399856,0.8041237113402062,0.898,0.9836689499976298,0.4001828639120354,0.896375477418985,0,,ok,,2026-07-20T22:35:19.433604+00:00,False,20000
adult,gaussian_copula,fresh,0.35,4,1,2000,8.8806,39.45,False,0.0313055195431811,0.8173753577654458,0.0508424682389149,0.040175891376451,0.1215193174982083,0.8556701030927835,0.90325,0.96834472512563,0.5977677437526578,0.8924175565090859,0,,ok,,2026-07-20T22:35:19.433604+00:00,False,20000
adult,gaussian_copula,fresh,0.35,4,2,2000,8.884,40.02,False,0.0224237621273307,0.8006736992363949,0.0430227538645372,0.0368038280818131,0.1229373453032849,0.7835051546391752,0.8935,0.9710257990121056,0.5614693129428259,0.8924175565090859,0,,ok,,2026-07-20T22:35:19.433604+00:00,False,20000
adult,gaussian_copula,fresh,0.35,4,3,2000,9.6501,39.65,False,0.0309279457026892,0.9083546224604384,0.0586281659008361,0.0267834438916528,0.1035967397046573,0.9072164948453608,0.885,0.9741733004985186,0.6192356496969709,0.8924175565090859,0,,ok,,2026-07-20T22:35:19.433604+00:00,False,20000
adult,gaussian_copula,fresh,0.35,4,4,2000,9.0584,39.65,False,0.0475544448353488,0.9221810039921892,0.0640570069014727,0.0325070826423438,0.1138342923006313,0.8762886597938144,0.89825,0.974196833266174,0.5919668580385706,0.8924175565090859,0,,ok,,2026-07-20T22:35:19.433604+00:00,False,20000
adult,gaussian_copula,fresh,0.35,4,5,2000,9.1545,39.65,False,0.0488172118330085,0.9552609816203,0.0576335862510196,0.0353826008844665,0.1126225308406896,0.8969072164948454,0.88575,0.9717424661747852,0.5536403431188135,0.8924175565090859,0,,ok,,2026-07-20T22:35:19.433604+00:00,False,20000
adult,gaussian_copula,fresh,0.35,4,6,2000,9.4149,39.65,False,0.0378288281215675,0.8607369706793572,0.0463280496279197,0.0363104961304588,0.1029772066978335,0.8865979381443299,0.899,0.969968100218567,0.6453239328873511,0.8924175565090859,0,,ok,,2026-07-20T22:35:19.433604+00:00,False,20000
adult,gaussian_copula,fresh,0.35,4,7,2000,9.2026,39.65,False,0.0404290345177318,0.8799626762136615,0.0535873333339107,0.0309965450525152,0.1249131187099628,0.865979381443299,0.88525,0.9747856812079574,0.6296024947276894,0.8924175565090859,0,,ok,,2026-07-20T22:35:19.433604+00:00,False,20000
adult,gaussian_copula,fresh,0.35,4,8,2000,8.5837,39.65,False,0.0196775459554003,0.9413469546161766,0.0423285990792711,0.0253687465450525,0.1546950844067508,0.845360824742268,0.891,0.9705552370340664,0.6125040862619905,0.8924175565090859,0,,ok,,2026-07-20T22:35:19.433604+00:00,False,20000
adult,gaussian_copula,fresh,0.2,4,12,2000,10.109,39.65,False,0.0277523232674309,0.9431796838056464,0.042814475591705,0.0307846876727473,0.1559069995867295,0.845360824742268,0.90675,0.9719169324306786,0.4890103319323229,0.8924175565090859,0,,ok,,2026-07-20T22:35:19.433604+00:00,False,20000
adult,gaussian_copula,fresh,0.35,4,9,2000,8.7111,39.65,False,0.0290015616962258,0.9614944563606668,0.0444469362142983,0.0293851920950801,0.1191289942007983,0.845360824742268,0.898,0.9715655372920444,0.6186233824270475,0.8924175565090859,0,,ok,,2026-07-20T22:35:19.433604+00:00,False,20000
adult,gaussian_copula,fresh,0.35,4,11,2000,9.1767,39.65,False,0.0262685458662463,0.8347891220074192,0.0574289933726562,0.0285653676064123,0.1257634013529207,0.8865979381443299,0.9015,0.9725971979410478,0.610652925986502,0.8924175565090859,0,,ok,,2026-07-20T22:35:19.433604+00:00,False,20000
adult,gaussian_copula,fresh,0.35,4,12,2000,8.4632,39.65,False,0.03096950964753,0.8346267646116917,0.0435655953673598,0.0302360765616362,0.1338040377255235,0.8762886597938144,0.891,0.9727876977089704,0.5857363657189074,0.8924175565090859,0,,ok,,2026-07-20T22:35:19.433604+00:00,False,20000
adult,gaussian_copula,fixed,0.0,5,0,2000,31.9822,39.26,True,0.0160578783295022,0.9654831292094612,0.0332103843108244,0.0275248410724157,0.0803345467827563,0.9381443298969072,0.91125,0.9692459396767662,0.6539102626051922,0.896375477418985,0,,ok,,2026-07-20T22:35:19.433604+00:00,False,20000
adult,gaussian_copula,fixed,0.0,5,1,2000,26.7746,39.83,False,0.0349986072456604,1.0314437735551658,0.0428767190687827,0.0313348189607517,0.1232013234930289,0.8865979381443299,0.886,0.9739771779763776,0.5761931983357818,0.896375477418985,0,,ok,,2026-07-20T22:35:19.433604+00:00,False,20000
adult,gaussian_copula,fixed,0.0,5,2,2000,8.7559,40.02,False,0.0287191610111497,1.091194566051514,0.0502263636183378,0.0387181108347153,0.1477879497492488,0.8556701030927835,0.88775,0.9807477474934976,0.4640648252600947,0.896375477418985,0,,ok,,2026-07-20T22:35:19.433604+00:00,False,20000
adult,gaussian_copula,fixed,0.0,5,3,2000,9.0225,39.65,False,0.0129807668054314,0.971194119368032,0.0359465670075927,0.031836580983969,0.1365357824597414,0.8144329896907216,0.8795,0.9829086103021848,0.4504402803873979,0.896375477418985,0,,ok,,2026-07-20T22:35:19.433604+00:00,False,20000
adult,gaussian_copula,fixed,0.0,5,4,2000,8.9899,39.65,False,0.0394442509864142,1.0685379250953289,0.0562043978969464,0.0345860972913211,0.1597647896107779,0.8144329896907216,0.89275,0.978454584585552,0.3658186298929095,0.896375477418985,0,,ok,,2026-07-20T22:35:19.433604+00:00,False,20000
adult,gaussian_copula,fixed,0.0,5,5,2000,8.7366,39.65,False,0.0436341834591335,0.966011759132467,0.064356803012727,0.0411775152017689,0.139698640306122,0.8144329896907216,0.896,0.9834469727060912,0.4245701934249242,0.896375477418985,0,,ok,,2026-07-20T22:35:19.433604+00:00,False,20000
adult,gaussian_copula,fresh,0.35,4,10,2000,8.5909,39.65,False,0.0262132542872073,0.887210434520453,0.043851594936271,0.0362489635157545,0.1118176197808162,0.8762886597938144,0.901,0.9697561005595144,0.5697849626345516,0.8924175565090859,0,,ok,,2026-07-20T22:35:19.433604+00:00,False,20000
adult,gaussian_copula,fresh,0.35,14,12,2000,3.9012,39.65,False,0.0236552990085728,1.0233932221984514,0.0358109315738648,0.0283245577667219,0.1383078894598026,0.9072164948453608,0.8945,0.975074147174379,0.5753292645331604,0.898414674587994,0,,ok,,2026-07-20T22:35:19.433604+00:00,False,20000
