dataset,synth,regime,alpha,seed,generation,n,wallclock_sec,peak_mem_mb,gen0_shared,mean_shift,var_ratio,w1,tv_cat,corr_frob,cat_support,coverage,c2st_auc,tstr_auc,trtr_auc,n_nan_metrics,ctgan_lost_support,status,error,run_ts
adult,gaussian_copula,fixed,0.0,0,0,2000,12.8823,39.26,True,0.0302932455157596,1.0383456578531487,0.0379386417997787,0.0219233347153123,0.1019382978637386,0.8762886597938144,0.908,0.9740810526793098,0.686186323318817,0.8976610190471932,0,,ok,,2026-07-20T16:41:33.067887+00:00
credit-g,gaussian_copula,fresh,1.0,2,9,2000,3.9671,24.21,False,0.0507174777691373,0.9439448972559028,0.0832857076166282,0.0368461538461538,0.1092704435213156,1.0,0.96,0.5012972226160018,0.660357142857143,0.804404761904762,0,,ok,,2026-07-20T16:41:33.067887+00:00
credit-g,gaussian_copula,fresh,1.0,2,10,2000,3.2092,24.21,False,0.0540411218735302,0.9527183161735888,0.0821216330722503,0.0441153846153846,0.1298481127172323,1.0,0.925,0.5330808643350412,0.660952380952381,0.804404761904762,0,,ok,,2026-07-20T16:41:33.067887+00:00
credit-g,gaussian_copula,fresh,1.0,2,11,2000,3.4128,24.21,False,0.054767682395124,0.9588774452748692,0.0804019023039916,0.0402692307692307,0.1565313109722067,1.0,0.955,0.5547994986622743,0.6507142857142858,0.804404761904762,0,,ok,,2026-07-20T16:41:33.067887+00:00
credit-g,gaussian_copula,fresh,1.0,2,12,2000,2.876,24.21,False,0.0413569726225102,0.9882050789492268,0.0782223894121904,0.043076923076923,0.1351887650590726,1.0,0.925,0.5489389326546822,0.6571428571428571,0.804404761904762,0,,ok,,2026-07-20T16:41:33.067887+00:00
bank-marketing,gaussian_copula,fixed,0.0,0,0,2000,16.9364,39.34,True,0.0173965683858213,1.0395661345971443,0.0330623055426054,0.0182281076830452,0.1450663447476722,1.0,0.905,0.8984456641838596,0.734570372378266,0.8995903827237507,0,,ok,,2026-07-20T16:41:33.067887+00:00
bank-marketing,gaussian_copula,fixed,0.0,0,1,2000,15.56,39.95,False,0.0305448428035741,1.0455847433777274,0.0540657541176397,0.0227804194773121,0.2514773082065366,1.0,0.89525,0.9242381321596588,0.6622920693691976,0.8995903827237507,0,,ok,,2026-07-20T16:41:33.067887+00:00
credit-g,gaussian_copula,fresh,1.0,2,8,2000,2.5355,24.21,False,0.0568870326469287,0.908843731883209,0.0961436380126544,0.04,0.1307115374365023,1.0,0.955,0.6325479117303577,0.6664285714285715,0.804404761904762,0,,ok,,2026-07-20T16:41:33.067887+00:00
bank-marketing,gaussian_copula,fixed,0.0,0,2,2000,14.1851,40.18,False,0.0367644876421874,1.0445502963682185,0.0617349215635801,0.0246836902699448,0.3030820150299023,1.0,0.87925,0.9401298220823988,0.6110036777369667,0.8995903827237507,0,,ok,,2026-07-20T16:41:33.067887+00:00
bank-marketing,gaussian_copula,fixed,0.0,0,4,2000,15.6143,39.8,False,0.0417014797445042,0.970055935357215,0.0598461686266066,0.0365527356948898,0.4091998617496049,1.0,0.87475,0.9522998877129908,0.5659866739740037,0.8995903827237507,0,,ok,,2026-07-20T16:41:33.067887+00:00
bank-marketing,gaussian_copula,fixed,0.0,0,5,2000,14.6644,39.8,False,0.0479588867603498,1.0439253005203313,0.0640395150216214,0.034823319449052,0.4274158803933585,1.0,0.869,0.955552437278216,0.63205940249499,0.8995903827237507,0,,ok,,2026-07-20T16:41:33.067887+00:00
bank-marketing,gaussian_copula,fixed,0.0,0,6,2000,15.7697,39.8,False,0.0593998849190811,1.1825159676724322,0.0760850495347277,0.0343769152321623,0.4714378715703569,0.9772727272727272,0.887,0.9669087987983264,0.5592160040150898,0.8995903827237507,0,,ok,,2026-07-20T16:41:33.067887+00:00
bank-marketing,gaussian_copula,fixed,0.0,0,7,2000,14.6097,39.8,False,0.044751741271686,1.0475800927184211,0.0625552547080787,0.0416406735719463,0.4651123382641211,0.9772727272727272,0.87975,0.9588101697223298,0.5932361954657421,0.8995903827237507,0,,ok,,2026-07-20T16:41:33.067887+00:00
bank-marketing,gaussian_copula,fixed,0.0,0,8,2000,14.874,39.8,False,0.0528451677467025,1.1773031789461343,0.0776847782221862,0.0413125130549104,0.4676913480274561,0.9545454545454546,0.88575,0.9616032734428558,0.5566732519504316,0.8995903827237507,0,,ok,,2026-07-20T16:41:33.067887+00:00
bank-marketing,gaussian_copula,fixed,0.0,0,9,2000,14.1721,39.8,False,0.0599363635765453,1.1367873537436977,0.0788218796741513,0.0442827540024819,0.4821441462615027,0.9545454545454546,0.8705,0.960335273741539,0.6174129067616148,0.8995903827237507,0,,ok,,2026-07-20T16:41:33.067887+00:00
bank-marketing,gaussian_copula,fixed,0.0,0,3,2000,14.1357,39.8,False,0.0353315668656852,0.9560225090302052,0.0524392217472496,0.0327614483885632,0.3662972825996267,1.0,0.885,0.9481013114380088,0.4866080422531377,0.8995903827237507,0,,ok,,2026-07-20T16:41:33.067887+00:00
bank-marketing,gaussian_copula,fixed,0.0,0,10,2000,17.0574,39.8,False,0.0447003895306302,1.1387697202191132,0.0719882622138794,0.0395635420890314,0.4641403643229051,0.9772727272727272,0.86925,0.9637788394500744,0.6018742609311174,0.8995903827237507,0,,ok,,2026-07-20T16:41:33.067887+00:00
credit-g,gaussian_copula,fresh,1.0,2,7,2000,3.0494,24.21,False,0.0692152055282935,0.912969516460726,0.0939901839617609,0.0481153846153846,0.1645909004298348,1.0,0.915,0.6000875315867519,0.670952380952381,0.804404761904762,0,,ok,,2026-07-20T16:41:33.067887+00:00
credit-g,gaussian_copula,fresh,1.0,2,5,2000,2.9256,24.21,False,0.0541611198620725,0.9665547822875694,0.0849897241623564,0.0367692307692307,0.1262328804233064,1.0,0.955,0.5671889309670552,0.6920238095238095,0.804404761904762,0,,ok,,2026-07-20T16:41:33.067887+00:00
credit-g,gaussian_copula,fresh,0.75,2,4,2000,3.198,24.21,False,0.0712408357581724,0.9809484747991972,0.1048047248791232,0.0468846153846154,0.1479369067851969,1.0,0.935,0.618073135003409,0.6302380952380953,0.804404761904762,0,,ok,,2026-07-20T16:41:33.067887+00:00
credit-g,gaussian_copula,fresh,0.75,2,5,2000,2.2488,24.21,False,0.0590271113795526,0.9018321593614884,0.0972954222017219,0.0408846153846153,0.1471601979343119,1.0,0.955,0.58652576106352,0.666547619047619,0.804404761904762,0,,ok,,2026-07-20T16:41:33.067887+00:00
credit-g,gaussian_copula,fresh,0.75,2,6,2000,3.995,24.21,False,0.0598303936847844,0.9201191587949537,0.08636331904404,0.0435384615384615,0.1261665833228384,1.0,0.935,0.6654887030249026,0.7007142857142857,0.804404761904762,0,,ok,,2026-07-20T16:41:33.067887+00:00
credit-g,gaussian_copula,fresh,0.75,2,7,2000,4.3353,24.21,False,0.0334052759360196,0.9478995530804554,0.0867003991754955,0.0428846153846153,0.1494511325252243,1.0,0.925,0.5799338900252243,0.695,0.804404761904762,0,,ok,,2026-07-20T16:41:33.067887+00:00
credit-g,gaussian_copula,fresh,0.75,2,8,2000,2.974,24.21,False,0.0409848009484076,0.9735291907700588,0.080270196120461,0.0428846153846153,0.1519816426686503,1.0,0.94,0.6347091993672523,0.6471428571428571,0.804404761904762,0,,ok,,2026-07-20T16:41:33.067887+00:00
credit-g,gaussian_copula,fresh,0.75,2,9,2000,3.5074,24.21,False,0.0580738535712878,0.9354346377889556,0.1005863891037533,0.0371153846153846,0.1461996128801449,1.0,0.965,0.5186944067541083,0.6688095238095239,0.804404761904762,0,,ok,,2026-07-20T16:41:33.067887+00:00
credit-g,gaussian_copula,fresh,1.0,2,6,2000,2.6754,24.21,False,0.0461509353570812,0.9159078534105404,0.0846075853367549,0.0456538461538461,0.1378297072530329,1.0,0.945,0.5738303057305062,0.5797619047619047,0.804404761904762,0,,ok,,2026-07-20T16:41:33.067887+00:00
credit-g,gaussian_copula,fresh,0.75,2,10,2000,2.6506,24.21,False,0.0506084391536833,0.9511940702352414,0.0905743865746923,0.041076923076923,0.1330672074236947,1.0,0.95,0.517177230086564,0.6495238095238095,0.804404761904762,0,,ok,,2026-07-20T16:41:33.067887+00:00
credit-g,gaussian_copula,fresh,0.75,2,12,2000,3.4997,24.21,False,0.0526394329091428,0.944747704459344,0.0822644603694559,0.0413846153846153,0.1339026932734529,1.0,0.925,0.6018426636604405,0.731547619047619,0.804404761904762,0,,ok,,2026-07-20T16:41:33.067887+00:00
credit-g,gaussian_copula,fresh,1.0,2,0,2000,4.0503,23.75,True,0.0542425229102352,0.953392825610954,0.0900164304951048,0.044076923076923,0.1321453790199717,1.0,0.925,0.5052890229989807,0.6220238095238095,0.804404761904762,0,,ok,,2026-07-20T16:41:33.067887+00:00
credit-g,gaussian_copula,fresh,1.0,2,1,2000,2.5191,23.98,False,0.0696197519861086,0.9321116250453808,0.1000454910677555,0.0412307692307692,0.142186735574416,1.0,0.94,0.4988287868662116,0.6683333333333333,0.804404761904762,0,,ok,,2026-07-20T16:41:33.067887+00:00
credit-g,gaussian_copula,fresh,1.0,2,2,2000,3.774,24.21,False,0.0505922662120107,0.9337855362466708,0.0870464558996881,0.0442307692307692,0.1355854303894432,1.0,0.925,0.53445403016577,0.6939285714285715,0.804404761904762,0,,ok,,2026-07-20T16:41:33.067887+00:00
credit-g,gaussian_copula,fresh,1.0,2,3,2000,3.0418,24.21,False,0.0451994211153907,0.9300488642928536,0.0869020813231031,0.041576923076923,0.1436138048700381,1.0,0.915,0.53916757235982,0.6802380952380952,0.804404761904762,0,,ok,,2026-07-20T16:41:33.067887+00:00
credit-g,gaussian_copula,fresh,1.0,2,4,2000,3.1559,24.21,False,0.047878446472044,0.925373343337147,0.0841352390471954,0.0458461538461538,0.1174401898503484,1.0,0.915,0.5825131466142827,0.6573809523809524,0.804404761904762,0,,ok,,2026-07-20T16:41:33.067887+00:00
credit-g,gaussian_copula,fresh,0.75,2,11,2000,3.9817,24.21,False,0.0378474529038914,0.9664127357941628,0.0764705121576898,0.0346538461538461,0.1401001438590097,1.0,0.95,0.6024603351402193,0.6545238095238095,0.804404761904762,0,,ok,,2026-07-20T16:41:33.067887+00:00
bank-marketing,gaussian_copula,fixed,0.0,0,11,2000,17.4582,39.8,False,0.0382361387324044,1.066694654618988,0.0741207211758893,0.0438086180839691,0.459636452121863,0.9772727272727272,0.8695,0.9677386297959072,0.5999799363882895,0.8995903827237507,0,,ok,,2026-07-20T16:41:33.067887+00:00
bank-marketing,gaussian_copula,fixed,0.0,0,12,2000,15.7454,39.8,False,0.0622546103614465,1.1208426315319429,0.0848667729997958,0.0424099426198287,0.4724362085546171,0.9772727272727272,0.87375,0.9672028380189291,0.5885965296462057,0.8995903827237507,0,,ok,,2026-07-20T16:41:33.067887+00:00
bank-marketing,gaussian_copula,fixed,0.01,0,0,2000,16.9364,39.34,True,0.0173965683858213,1.0395661345971443,0.0330623055426054,0.0182281076830452,0.1450663447476722,1.0,0.905,0.8984456641838596,0.734570372378266,0.8995903827237507,0,,ok,,2026-07-20T16:41:33.067887+00:00
bank-marketing,gaussian_copula,fixed,0.02,0,7,2000,14.4052,39.8,False,0.0331569575007228,0.9245801500010437,0.0701535031616206,0.0267167422315603,0.4630768190886787,1.0,0.86525,0.954071517667156,0.6398467471499609,0.8995903827237507,0,,ok,,2026-07-20T16:41:33.067887+00:00
bank-marketing,gaussian_copula,fixed,0.02,0,8,2000,14.4887,39.8,False,0.0469302096526898,0.8753317272677722,0.0757049376888033,0.0294549682381707,0.4735505312034236,1.0,0.86825,0.9549933827337854,0.6312612968787175,0.8995903827237507,0,,ok,,2026-07-20T16:41:33.067887+00:00
bank-marketing,gaussian_copula,fixed,0.02,0,9,2000,15.2331,39.8,False,0.0406026934086615,0.8847475377319298,0.0670580832459383,0.0280155000184304,0.4658663485620532,1.0,0.8665,0.958344562248008,0.5979989062668307,0.8995903827237507,0,,ok,,2026-07-20T16:41:33.067887+00:00
bank-marketing,gaussian_copula,fixed,0.02,0,10,2000,14.8573,39.8,False,0.0580697531419434,0.8444144502789496,0.087417886165691,0.0322336613955545,0.4917328668352779,1.0,0.85675,0.9608845542786368,0.5836441910813399,0.8995903827237507,0,,ok,,2026-07-20T16:41:33.067887+00:00
bank-marketing,gaussian_copula,fixed,0.02,0,11,2000,15.2985,39.8,False,0.0540028953027186,0.8374594553848763,0.0893316448158147,0.0327198201186921,0.4773008138190362,1.0,0.86075,0.9657058038957794,0.5821735697722454,0.8995903827237507,0,,ok,,2026-07-20T16:41:33.067887+00:00
bank-marketing,gaussian_copula,fixed,0.02,0,12,2000,14.4139,39.8,False,0.0681714196561092,0.8156578763078057,0.1000689990850067,0.0441178505166672,0.4759081903168249,1.0,0.85025,0.9649778957246664,0.5645512083739241,0.8995903827237507,0,,ok,,2026-07-20T16:41:33.067887+00:00
bank-marketing,gaussian_copula,fixed,0.02,0,6,2000,15.5677,39.8,False,0.0291367907000336,0.950052853011503,0.0678826595614248,0.0328782545123914,0.4615238410026882,1.0,0.861,0.942749850048075,0.6238604282841292,0.8995903827237507,0,,ok,,2026-07-20T16:41:33.067887+00:00
bank-marketing,gaussian_copula,fixed,0.05,0,0,2000,16.9364,39.34,True,0.0173965683858213,1.0395661345971443,0.0330623055426054,0.0182281076830452,0.1450663447476722,1.0,0.905,0.8984456641838596,0.734570372378266,0.8995903827237507,0,,ok,,2026-07-20T16:41:33.067887+00:00
bank-marketing,gaussian_copula,fixed,0.05,0,2,2000,14.1349,40.18,False,0.0346475087750838,1.195922415364573,0.0542819639238029,0.0328923538157199,0.2827685921513378,1.0,0.89575,0.9345539837741264,0.6639250934822262,0.8995903827237507,0,,ok,,2026-07-20T16:41:33.067887+00:00
bank-marketing,gaussian_copula,fixed,0.05,0,3,2000,14.5418,39.8,False,0.0427450295886231,1.2284293885964834,0.0764318538218379,0.0360696794328332,0.363383104106026,1.0,0.88025,0.9341417440898434,0.6402509194342416,0.8995903827237507,0,,ok,,2026-07-20T16:41:33.067887+00:00
bank-marketing,gaussian_copula,fixed,0.05,0,4,2000,13.8605,39.8,False,0.035753498729773,1.168947650872622,0.0641226971697073,0.0350475198741813,0.4169093720487141,0.9772727272727272,0.8765,0.9497432546698767,0.6124274839520699,0.8995903827237507,0,,ok,,2026-07-20T16:41:33.067887+00:00
bank-marketing,gaussian_copula,fixed,0.05,0,5,2000,16.1195,39.8,False,0.0275632461850475,1.0898312783456303,0.0641139457121841,0.0362712411073021,0.4381736368594124,1.0,0.8755,0.9455036844891392,0.6071465519588358,0.8995903827237507,0,,ok,,2026-07-20T16:41:33.067887+00:00
bank-marketing,gaussian_copula,fixed,0.05,0,6,2000,15.2404,39.8,False,0.0303900308177018,1.1886815394058778,0.0726601570677379,0.0401842370403135,0.4650789088896636,0.9772727272727272,0.8625,0.951084953176486,0.6331372741659989,0.8995903827237507,0,,ok,,2026-07-20T16:41:33.067887+00:00
bank-marketing,gaussian_copula,fixed,0.05,0,7,2000,15.7499,39.8,False,0.045161994103659,1.1447612355430918,0.0765407417050863,0.0445901126715568,0.4617144929614423,0.9545454545454546,0.85825,0.9525385926420792,0.6349369623810239,0.8995903827237507,0,,ok,,2026-07-20T16:41:33.067887+00:00
bank-marketing,gaussian_copula,fixed,0.05,0,1,2000,15.6211,39.57,False,0.0427993086514858,0.9258567166534046,0.0543555383737697,0.026570545664541,0.2309921296975051,1.0,0.88475,0.9190476381404904,0.6307346122751426,0.8995903827237507,0,,ok,,2026-07-20T16:41:33.067887+00:00
bank-marketing,gaussian_copula,fixed,0.02,0,5,2000,15.1958,39.8,False,0.0442685281042942,0.9571201445694814,0.0710794156078268,0.029901556759679,0.4319745465573206,1.0,0.88125,0.9483504361249148,0.6377307167384971,0.8995903827237507,0,,ok,,2026-07-20T16:41:33.067887+00:00
bank-marketing,gaussian_copula,fixed,0.02,0,4,2000,14.2329,39.8,False,0.0395802438050128,0.9018110018152856,0.0608556551405344,0.0297384287416909,0.4037388378623269,1.0,0.86625,0.9488511953756094,0.6181623625583413,0.8995903827237507,0,,ok,,2026-07-20T16:41:33.067887+00:00
bank-marketing,gaussian_copula,fixed,0.02,0,3,2000,13.9738,39.8,False,0.0400836969677688,0.9103155798005416,0.0637841881989611,0.0282638382051187,0.3617412377103907,1.0,0.876,0.9381344947104046,0.6073701517377218,0.8995903827237507,0,,ok,,2026-07-20T16:41:33.067887+00:00
bank-marketing,gaussian_copula,fixed,0.01,0,1,2000,13.7331,39.57,False,0.0494085046133856,1.063074172244891,0.0611616668829013,0.0269939793824566,0.2565209760789267,1.0,0.89925,0.911115060314074,0.6407310848673021,0.8995903827237507,0,,ok,,2026-07-20T16:41:33.067887+00:00
bank-marketing,gaussian_copula,fixed,0.01,0,2,2000,14.783,40.18,False,0.0409215436374119,1.0358882483612393,0.0543895654725294,0.0257941255974541,0.3284914728132401,1.0,0.906,0.93464627771837,0.6601564488235858,0.8995903827237507,0,,ok,,2026-07-20T16:41:33.067887+00:00
bank-marketing,gaussian_copula,fixed,0.01,0,3,2000,15.6614,39.8,False,0.0452120443696392,0.9995825453022106,0.0650872983964214,0.0361766682639733,0.3822194756648309,1.0,0.89575,0.9493803440226032,0.6932254830358907,0.8995903827237507,0,,ok,,2026-07-20T16:41:33.067887+00:00
bank-marketing,gaussian_copula,fixed,0.01,0,4,2000,16.7887,39.8,False,0.0283754695785746,1.097046523867792,0.0555376786930917,0.0313092754371091,0.4278254786095887,1.0,0.8855,0.9495587320314388,0.6229343061718984,0.8995903827237507,0,,ok,,2026-07-20T16:41:33.067887+00:00
bank-marketing,gaussian_copula,fixed,0.01,0,5,2000,14.5677,39.8,False,0.035362153294761,0.9550150997382966,0.0560069496222838,0.03874355241009,0.4531583164491335,1.0,0.86025,0.9517002363881024,0.662984234380863,0.8995903827237507,0,,ok,,2026-07-20T16:41:33.067887+00:00
bank-marketing,gaussian_copula,fixed,0.01,0,6,2000,15.8859,39.8,False,0.029160239758512,0.9680227162059474,0.0526975743175014,0.0395785383415041,0.4742233482936347,1.0,0.84575,0.957836222741626,0.5913686815898903,0.8995903827237507,0,,ok,,2026-07-20T16:41:33.067887+00:00
bank-marketing,gaussian_copula,fixed,0.01,0,7,2000,14.2579,39.8,False,0.0452731735831969,1.0538078929463053,0.0684082931029232,0.0364982245321734,0.4812175214845291,1.0,0.8625,0.957571081417704,0.5680397910543518,0.8995903827237507,0,,ok,,2026-07-20T16:41:33.067887+00:00
bank-marketing,gaussian_copula,fixed,0.01,0,8,2000,14.9343,39.8,False,0.0595329788881924,0.8629406147246202,0.076090762201088,0.0402360696425719,0.4990307479377211,1.0,0.855,0.9595931905597912,0.523811541725802,0.8995903827237507,0,,ok,,2026-07-20T16:41:33.067887+00:00
bank-marketing,gaussian_copula,fixed,0.01,0,9,2000,14.668,39.8,False,0.0457052611657617,0.9345326412299784,0.0737398434912982,0.0461330003563222,0.4896172139759976,0.9772727272727272,0.8595,0.9616266160853688,0.609035609063781,0.8995903827237507,0,,ok,,2026-07-20T16:41:33.067887+00:00
bank-marketing,gaussian_copula,fixed,0.01,0,10,2000,15.094,39.8,False,0.0670403461272538,0.9680227501735456,0.0987362411911679,0.0543795139272857,0.4788480985884197,0.9772727272727272,0.84275,0.9635799753008764,0.5528010340749965,0.8995903827237507,0,,ok,,2026-07-20T16:41:33.067887+00:00
bank-marketing,gaussian_copula,fixed,0.01,0,11,2000,14.6001,39.8,False,0.0549354463257894,1.0340111473523954,0.0851908830836317,0.0531939990416159,0.4847164509083985,0.9772727272727272,0.85375,0.961577386048434,0.5516885393572305,0.8995903827237507,0,,ok,,2026-07-20T16:41:33.067887+00:00
bank-marketing,gaussian_copula,fixed,0.01,0,12,2000,15.2332,39.8,False,0.0931165516513425,1.048297473159279,0.1124367695817177,0.0585378070207772,0.48063716162137,0.9772727272727272,0.86075,0.9609691588421114,0.5752289559938116,0.8995903827237507,0,,ok,,2026-07-20T16:41:33.067887+00:00
bank-marketing,gaussian_copula,fixed,0.02,0,0,2000,16.9364,39.34,True,0.0173965683858213,1.0395661345971443,0.0330623055426054,0.0182281076830452,0.1450663447476722,1.0,0.905,0.8984456641838596,0.734570372378266,0.8995903827237507,0,,ok,,2026-07-20T16:41:33.067887+00:00
bank-marketing,gaussian_copula,fixed,0.02,0,1,2000,14.5829,39.57,False,0.0324350982369392,0.9384313030463852,0.048023919240239,0.0346846302235,0.2313905912723186,1.0,0.8895,0.9209415005613608,0.6515567942254678,0.8995903827237507,0,,ok,,2026-07-20T16:41:33.067887+00:00
bank-marketing,gaussian_copula,fixed,0.02,0,2,2000,14.3196,40.18,False,0.0237258125978797,0.9177322132991916,0.0498662579244778,0.0312649256023689,0.2816156091767373,1.0,0.893,0.930736870535337,0.6047821825658459,0.8995903827237507,0,,ok,,2026-07-20T16:41:33.067887+00:00
credit-g,gaussian_copula,fresh,0.75,2,3,2000,2.7132,24.21,False,0.05448896793561,0.9748830091035806,0.0868649343718782,0.0446153846153846,0.1619403924536345,1.0,0.975,0.6000312773536208,0.6523809523809523,0.804404761904762,0,,ok,,2026-07-20T16:41:33.067887+00:00
bank-marketing,gaussian_copula,fixed,0.05,0,8,2000,14.9507,39.8,False,0.0309616825541984,1.1547076841320043,0.0765151754698076,0.0403058719451509,0.4668310146601818,0.9772727272727272,0.86875,0.9503006520880642,0.5924247732930246,0.8995903827237507,0,,ok,,2026-07-20T16:41:33.067887+00:00
credit-g,gaussian_copula,fresh,0.75,2,2,2000,2.5001,24.21,False,0.0495403909386578,0.954879993594016,0.0872991515812302,0.0471153846153846,0.1553281546339533,1.0,0.96,0.5932301405680778,0.6574999999999999,0.804404761904762,0,,ok,,2026-07-20T16:41:33.067887+00:00
credit-g,gaussian_copula,fresh,0.75,2,0,2000,4.0503,23.75,True,0.0542425229102352,0.953392825610954,0.0900164304951048,0.044076923076923,0.1321453790199717,1.0,0.925,0.5052890229989807,0.6220238095238095,0.804404761904762,0,,ok,,2026-07-20T16:41:33.067887+00:00
credit-g,gaussian_copula,fresh,0.1,2,1,2000,4.1611,23.98,False,0.048584597391972,0.949159835912153,0.0874144667851778,0.0459230769230769,0.1663399495571933,1.0,0.935,0.6534772991667622,0.6502380952380953,0.804404761904762,0,,ok,,2026-07-20T16:41:33.067887+00:00
credit-g,gaussian_copula,fresh,0.1,2,2,2000,2.9369,24.21,False,0.0601829235690763,0.9606860182631572,0.0975551877635178,0.0433076923076923,0.1618731658429322,1.0,0.915,0.6418596749405393,0.5710714285714286,0.804404761904762,0,,ok,,2026-07-20T16:41:33.067887+00:00
credit-g,gaussian_copula,fresh,0.1,2,3,2000,3.3245,24.21,False,0.0644975721103157,0.967269974390364,0.1022138157329092,0.0407307692307692,0.1592824831425867,1.0,0.96,0.6724271001392855,0.6092857142857143,0.804404761904762,0,,ok,,2026-07-20T16:41:33.067887+00:00
credit-g,gaussian_copula,fresh,0.1,2,4,2000,2.8698,24.21,False,0.061693216092251,0.9788934370898318,0.0993207839085192,0.0467692307692307,0.1794711511206152,1.0,0.935,0.5722563122874996,0.5752380952380952,0.804404761904762,0,,ok,,2026-07-20T16:41:33.067887+00:00
credit-g,gaussian_copula,fresh,0.1,2,5,2000,3.6621,24.21,False,0.0699049318457542,0.9211171473827956,0.1120700434065709,0.0424615384615384,0.1786125940424585,1.0,0.94,0.6260432347534152,0.6372619047619047,0.804404761904762,0,,ok,,2026-07-20T16:41:33.067887+00:00
credit-g,gaussian_copula,fresh,0.1,2,6,2000,2.4511,24.21,False,0.0648383078134499,0.9394469263985444,0.0998435156187763,0.0449615384615384,0.164746747976568,1.0,0.935,0.6461777498756781,0.62,0.804404761904762,0,,ok,,2026-07-20T16:41:33.067887+00:00
credit-g,gaussian_copula,fresh,0.1,2,0,2000,4.0503,23.75,True,0.0542425229102352,0.953392825610954,0.0900164304951048,0.044076923076923,0.1321453790199717,1.0,0.925,0.5052890229989807,0.6220238095238095,0.804404761904762,0,,ok,,2026-07-20T16:41:33.067887+00:00
credit-g,gaussian_copula,fresh,0.1,2,7,2000,2.9187,24.21,False,0.0534549341087049,0.9434602296779144,0.091361317803508,0.0486538461538461,0.1803498098993793,1.0,0.93,0.6802543141371388,0.5786904761904761,0.804404761904762,0,,ok,,2026-07-20T16:41:33.067887+00:00
credit-g,gaussian_copula,fresh,0.1,2,9,2000,3.2585,24.21,False,0.0522008121685358,0.9230795299892406,0.0948887991839904,0.0433076923076923,0.1998358505254938,1.0,0.94,0.6727173719822416,0.5288095238095238,0.804404761904762,0,,ok,,2026-07-20T16:41:33.067887+00:00
credit-g,gaussian_copula,fresh,0.1,2,10,2000,3.3751,24.21,False,0.0699394824969662,0.9096305325782168,0.1066744654534433,0.0451923076923076,0.2125752717985604,1.0,0.915,0.6351170425574524,0.6016666666666667,0.804404761904762,0,,ok,,2026-07-20T16:41:33.067887+00:00
credit-g,gaussian_copula,fresh,0.1,2,11,2000,3.2201,24.21,False,0.0631706019812368,0.9305463470892056,0.0971188868612436,0.0481923076923076,0.201403292997367,1.0,0.935,0.6435152370215859,0.6151190476190477,0.804404761904762,0,,ok,,2026-07-20T16:41:33.067887+00:00
credit-g,gaussian_copula,fresh,0.1,2,12,2000,2.9334,24.21,False,0.0601215888408958,0.917859029135048,0.0980977241125167,0.0438076923076923,0.1972751044934663,1.0,0.89,0.6480161382144006,0.6733333333333333,0.804404761904762,0,,ok,,2026-07-20T16:41:33.067887+00:00
credit-g,gaussian_copula,fresh,0.2,2,0,2000,4.0503,23.75,True,0.0542425229102352,0.953392825610954,0.0900164304951048,0.044076923076923,0.1321453790199717,1.0,0.925,0.5052890229989807,0.6220238095238095,0.804404761904762,0,,ok,,2026-07-20T16:41:33.067887+00:00
credit-g,gaussian_copula,fresh,0.2,2,1,2000,6.1871,23.98,False,0.0599268906165427,0.9827386340575028,0.0961919681333406,0.0431923076923076,0.1376602663133475,1.0,0.975,0.6631192747254231,0.625,0.804404761904762,0,,ok,,2026-07-20T16:41:33.067887+00:00
credit-g,gaussian_copula,fresh,0.1,2,8,2000,4.7478,24.21,False,0.0589629396423475,0.9111668839838066,0.0963306533557027,0.0475384615384615,0.2021636164489011,1.0,0.95,0.6536224350882404,0.5742857142857143,0.804404761904762,0,,ok,,2026-07-20T16:41:33.067887+00:00
credit-g,gaussian_copula,fresh,0.2,2,2,2000,3.8224,24.21,False,0.0463691055118799,0.960305209546594,0.0894553058690042,0.0416538461538461,0.1720684180695762,1.0,0.94,0.6031100715328829,0.600952380952381,0.804404761904762,0,,ok,,2026-07-20T16:41:33.067887+00:00
credit-g,gaussian_copula,fresh,0.05,2,12,2000,2.8881,24.21,False,0.0734913541476799,0.9095158960893188,0.1146674356112199,0.0540384615384615,0.2194621773268441,1.0,0.925,0.6792721152266709,0.5389285714285714,0.804404761904762,0,,ok,,2026-07-20T16:41:33.067887+00:00
credit-g,gaussian_copula,fresh,0.05,2,10,2000,2.3305,24.21,False,0.0891731243854184,0.877379793655223,0.116997437651919,0.0488076923076922,0.2318429711469933,1.0,0.925,0.5788324321405185,0.5564285714285714,0.804404761904762,0,,ok,,2026-07-20T16:41:33.067887+00:00
credit-g,gaussian_copula,fresh,0.02,2,9,2000,5.4166,24.21,False,0.0682406213132369,0.9764883407664174,0.0965184661821682,0.066076923076923,0.2344118609066292,1.0,0.94,0.7699865664891283,0.5221428571428572,0.804404761904762,0,,ok,,2026-07-20T16:41:33.067887+00:00
credit-g,gaussian_copula,fresh,0.02,2,10,2000,3.1274,24.21,False,0.0551408952493701,1.0007889178955145,0.0919189812651125,0.0616538461538461,0.217585824481377,0.9814814814814816,0.93,0.6968757524003681,0.5635714285714285,0.804404761904762,0,,ok,,2026-07-20T16:41:33.067887+00:00
credit-g,gaussian_copula,fresh,0.02,2,11,2000,2.9407,24.21,False,0.0767896123144597,0.9510470139360608,0.1093372212720031,0.0594230769230769,0.2413591533450406,1.0,0.935,0.7631798042802721,0.5530952380952382,0.804404761904762,0,,ok,,2026-07-20T16:41:33.067887+00:00
credit-g,gaussian_copula,fresh,0.02,2,12,2000,2.4248,24.21,False,0.0907189296395258,0.9928177558970452,0.112736096081497,0.064576923076923,0.2300063909221616,1.0,0.93,0.7593815184592639,0.5684523809523809,0.804404761904762,0,,ok,,2026-07-20T16:41:33.067887+00:00
credit-g,gaussian_copula,fresh,0.05,2,0,2000,4.0503,23.75,True,0.0542425229102352,0.953392825610954,0.0900164304951048,0.044076923076923,0.1321453790199717,1.0,0.925,0.5052890229989807,0.6220238095238095,0.804404761904762,0,,ok,,2026-07-20T16:41:33.067887+00:00
credit-g,gaussian_copula,fresh,0.05,2,1,2000,2.7962,23.98,False,0.0512391460239232,0.8944409865639338,0.0970891624184534,0.0447692307692307,0.177974204205798,1.0,0.945,0.6540038387888688,0.6272619047619048,0.804404761904762,0,,ok,,2026-07-20T16:41:33.067887+00:00
credit-g,gaussian_copula,fresh,0.05,2,11,2000,3.4554,24.21,False,0.0815033088226379,0.8774359790676511,0.1177003023765521,0.054,0.2180864499666903,1.0,0.94,0.6877800054454098,0.5883333333333334,0.804404761904762,0,,ok,,2026-07-20T16:41:33.067887+00:00
credit-g,gaussian_copula,fresh,0.05,2,2,2000,4.8997,24.21,False,0.0718547290041842,0.9274493732119456,0.0997849372831491,0.0424615384615384,0.1587376709927055,1.0,0.925,0.6566837904552317,0.6394047619047619,0.804404761904762,0,,ok,,2026-07-20T16:41:33.067887+00:00
credit-g,gaussian_copula,fresh,0.05,2,4,2000,2.9363,24.21,False,0.092046675420155,0.9355376338906032,0.1205516772562457,0.0441153846153846,0.208913730449344,1.0,0.915,0.6984570588936817,0.5754761904761905,0.804404761904762,0,,ok,,2026-07-20T16:41:33.067887+00:00
credit-g,gaussian_copula,fresh,0.05,2,5,2000,4.6414,24.21,False,0.0845476212940241,0.9007998126564714,0.1179124452217932,0.0454615384615384,0.220189674619606,1.0,0.93,0.6914286550062893,0.6405952380952381,0.804404761904762,0,,ok,,2026-07-20T16:41:33.067887+00:00
credit-g,gaussian_copula,fresh,0.05,2,6,2000,3.9938,24.21,False,0.0807741905529887,0.931203184612354,0.1137232692459698,0.0467692307692307,0.1994291570707975,1.0,0.895,0.7014981627367459,0.5913095238095237,0.804404761904762,0,,ok,,2026-07-20T16:41:33.067887+00:00
credit-g,gaussian_copula,fresh,0.05,2,7,2000,3.1026,24.21,False,0.0626670687564677,0.9063708029476344,0.1107534950807675,0.051,0.2054587149050284,1.0,0.895,0.6751616184117856,0.6019047619047618,0.804404761904762,0,,ok,,2026-07-20T16:41:33.067887+00:00
credit-g,gaussian_copula,fresh,0.05,2,8,2000,3.9834,24.21,False,0.08758481546809,0.9015111175277668,0.118971797652883,0.0611923076923076,0.2153079208367071,1.0,0.95,0.7418628251775945,0.6117857142857143,0.804404761904762,0,,ok,,2026-07-20T16:41:33.067887+00:00
credit-g,gaussian_copula,fresh,0.05,2,9,2000,4.4116,24.21,False,0.0853220167138537,0.8949029292075626,0.1130354845651443,0.0620384615384615,0.2052313964270025,1.0,0.935,0.7062471450976687,0.5664285714285714,0.804404761904762,0,,ok,,2026-07-20T16:41:33.067887+00:00
credit-g,gaussian_copula,fresh,0.05,2,3,2000,4.0039,24.21,False,0.088097082085831,0.935532701405962,0.1156613575268583,0.0451538461538461,0.2004474380345406,1.0,0.93,0.7034501846263931,0.6385714285714287,0.804404761904762,0,,ok,,2026-07-20T16:41:33.067887+00:00
credit-g,gaussian_copula,fresh,0.2,2,3,2000,15.3491,24.21,False,0.0621070063617554,0.9653832478376164,0.0977983588077848,0.0439230769230769,0.1804717993936106,1.0,0.935,0.5492708326301553,0.644047619047619,0.804404761904762,0,,ok,,2026-07-20T16:41:33.067887+00:00
credit-g,gaussian_copula,fresh,0.2,2,4,2000,5.6708,24.21,False,0.0474118580592962,0.9739695358812686,0.089123845540974,0.0434230769230769,0.167424386979657,1.0,0.94,0.6206777059973763,0.6535714285714287,0.804404761904762,0,,ok,,2026-07-20T16:41:33.067887+00:00
credit-g,gaussian_copula,fresh,0.2,2,5,2000,4.0966,24.21,False,0.0646573959482565,0.9271280250739956,0.0931002270632874,0.0481153846153846,0.1731658639672349,1.0,0.95,0.6257135849472673,0.6298809523809522,0.804404761904762,0,,ok,,2026-07-20T16:41:33.067887+00:00
credit-g,gaussian_copula,fresh,0.35,2,12,2000,3.8391,24.21,False,0.0672802155179055,0.9268470333244816,0.1040220591905572,0.0452307692307692,0.1630192351073476,1.0,0.93,0.5978778653093646,0.5932142857142858,0.804404761904762,0,,ok,,2026-07-20T16:41:33.067887+00:00
credit-g,gaussian_copula,fresh,0.5,2,0,2000,4.0503,23.75,True,0.0542425229102352,0.953392825610954,0.0900164304951048,0.044076923076923,0.1321453790199717,1.0,0.925,0.5052890229989807,0.6220238095238095,0.804404761904762,0,,ok,,2026-07-20T16:41:33.067887+00:00
credit-g,gaussian_copula,fresh,0.5,2,1,2000,4.0603,23.98,False,0.0297150621324937,0.945025494127492,0.0753976431551299,0.0410384615384615,0.1414464717580619,1.0,0.94,0.5771616814165265,0.6835714285714286,0.804404761904762,0,,ok,,2026-07-20T16:41:33.067887+00:00
credit-g,gaussian_copula,fresh,0.5,2,2,2000,2.5207,24.21,False,0.0413517889653116,0.925848000439646,0.0783636192862915,0.043,0.1406220180091749,1.0,0.94,0.5716943324985205,0.7,0.804404761904762,0,,ok,,2026-07-20T16:41:33.067887+00:00
credit-g,gaussian_copula,fresh,0.5,2,3,2000,3.1274,24.21,False,0.0599556784876487,0.9784484319451784,0.0868042226649005,0.037576923076923,0.1394599536062171,1.0,0.96,0.5873003818537345,0.6595238095238095,0.804404761904762,0,,ok,,2026-07-20T16:41:33.067887+00:00
credit-g,gaussian_copula,fresh,0.5,2,4,2000,3.356,24.21,False,0.0515006620090222,0.9358559251958712,0.0859147245873045,0.0388076923076923,0.1342259597207793,1.0,0.935,0.6024845244604656,0.68,0.804404761904762,0,,ok,,2026-07-20T16:41:33.067887+00:00
credit-g,gaussian_copula,fresh,0.35,2,11,2000,2.6337,24.21,False,0.0618247086070733,0.9319611789866784,0.1048319719825737,0.0391153846153846,0.145976034445401,1.0,0.93,0.6078719923674255,0.6160714285714286,0.804404761904762,0,,ok,,2026-07-20T16:41:33.067887+00:00
credit-g,gaussian_copula,fresh,0.5,2,5,2000,2.7783,24.21,False,0.0542609312022013,0.922551673111192,0.094824854203601,0.0434615384615384,0.1706303491349254,1.0,0.93,0.5856886980745302,0.6511904761904761,0.804404761904762,0,,ok,,2026-07-20T16:41:33.067887+00:00
credit-g,gaussian_copula,fresh,0.5,2,7,2000,3.3402,24.21,False,0.0470533579028499,0.9682081329433824,0.0769685317982852,0.045576923076923,0.1549162851419968,1.0,0.92,0.6540454669213859,0.5734523809523809,0.804404761904762,0,,ok,,2026-07-20T16:41:33.067887+00:00
credit-g,gaussian_copula,fresh,0.5,2,8,2000,2.6176,24.21,False,0.0571376162146937,0.9667569633711854,0.0884770221426252,0.0478846153846153,0.1454058637559816,1.0,0.94,0.5974700221191643,0.5611904761904762,0.804404761904762,0,,ok,,2026-07-20T16:41:33.067887+00:00
credit-g,gaussian_copula,fresh,0.5,2,9,2000,3.3129,24.21,False,0.0592976587233452,0.9594100577612046,0.0937687606193925,0.0448461538461538,0.1573526408477961,1.0,0.92,0.6125630328682233,0.631904761904762,0.804404761904762,0,,ok,,2026-07-20T16:41:33.067887+00:00
credit-g,gaussian_copula,fresh,0.5,2,10,2000,4.7796,24.21,False,0.0538173833626912,0.928011810351586,0.0857746971397861,0.0465384615384615,0.1457280985491834,1.0,0.935,0.5941999635472569,0.7063095238095238,0.804404761904762,0,,ok,,2026-07-20T16:41:33.067887+00:00
credit-g,gaussian_copula,fresh,0.5,2,11,2000,3.2589,24.21,False,0.0364653403750741,0.9750539637460044,0.070070944039389,0.0468846153846153,0.14816028625258,1.0,0.94,0.591441818496842,0.6704761904761906,0.804404761904762,0,,ok,,2026-07-20T16:41:33.067887+00:00
credit-g,gaussian_copula,fresh,0.5,2,12,2000,3.8424,24.21,False,0.051452181936149,0.9869166851426168,0.0902452291974023,0.0464615384615384,0.1663050292731294,1.0,0.94,0.6313300075830707,0.6090476190476191,0.804404761904762,0,,ok,,2026-07-20T16:41:33.067887+00:00
credit-g,gaussian_copula,fresh,0.5,2,6,2000,1.914,24.21,False,0.0557043183844285,0.902240734144339,0.0840602454383208,0.0426538461538461,0.1543192087633627,1.0,0.95,0.5638254903681502,0.6564285714285715,0.804404761904762,0,,ok,,2026-07-20T16:41:33.067887+00:00
credit-g,gaussian_copula,fresh,0.35,2,10,2000,2.7515,24.21,False,0.062610819306373,0.9091943210050406,0.0949178886683798,0.0392307692307692,0.1553663895864809,1.0,0.92,0.5342543276381548,0.6614285714285714,0.804404761904762,0,,ok,,2026-07-20T16:41:33.067887+00:00
credit-g,gaussian_copula,fresh,0.35,2,9,2000,3.3991,24.21,False,0.0601707784124509,0.9253869430560996,0.0982348213839072,0.0369230769230769,0.1901418979683087,1.0,0.915,0.6236175522208046,0.6335714285714286,0.804404761904762,0,,ok,,2026-07-20T16:41:33.067887+00:00
credit-g,gaussian_copula,fresh,0.35,2,8,2000,3.9559,24.21,False,0.0615298168975639,0.958705177769146,0.0983637830989182,0.0410384615384615,0.1809637445672887,1.0,0.94,0.5961407345902779,0.6611904761904762,0.804404761904762,0,,ok,,2026-07-20T16:41:33.067887+00:00
credit-g,gaussian_copula,fresh,0.2,2,6,2000,3.6142,24.21,False,0.07744714273759,0.9688026672916852,0.1020871307961967,0.0413846153846153,0.1692414951406918,1.0,0.94,0.5721106138236903,0.6766666666666666,0.804404761904762,0,,ok,,2026-07-20T16:41:33.067887+00:00
credit-g,gaussian_copula,fresh,0.2,2,7,2000,3.4904,24.21,False,0.0594053646953639,0.9659678402151756,0.0931626080625783,0.045576923076923,0.178180257082862,1.0,0.96,0.6021599375352995,0.6454761904761905,0.804404761904762,0,,ok,,2026-07-20T16:41:33.067887+00:00
credit-g,gaussian_copula,fresh,0.2,2,8,2000,2.5177,24.21,False,0.0813919006247209,0.9420296297196354,0.0998788491408658,0.0478461538461538,0.1684130687026722,1.0,0.94,0.5997275044947132,0.6038095238095238,0.804404761904762,0,,ok,,2026-07-20T16:41:33.067887+00:00
credit-g,gaussian_copula,fresh,0.2,2,9,2000,3.8842,24.21,False,0.0735085160486552,0.9514425765108172,0.0997541474637191,0.0446153846153846,0.1667449193430868,1.0,0.925,0.550868452851077,0.6833333333333332,0.804404761904762,0,,ok,,2026-07-20T16:41:33.067887+00:00
credit-g,gaussian_copula,fresh,0.2,2,10,2000,2.8201,24.21,False,0.0521852553067629,0.974236409487404,0.0891699617077035,0.0422692307692307,0.1887236080776793,1.0,0.955,0.5824788315320727,0.6280952380952382,0.804404761904762,0,,ok,,2026-07-20T16:41:33.067887+00:00
credit-g,gaussian_copula,fresh,0.2,2,11,2000,2.1515,24.21,False,0.0649418540758378,0.9249089661656243,0.0918824561498996,0.0418846153846153,0.1843662546950657,1.0,0.935,0.5712662377843932,0.6761904761904762,0.804404761904762,0,,ok,,2026-07-20T16:41:33.067887+00:00
credit-g,gaussian_copula,fresh,0.2,2,12,2000,2.7535,24.21,False,0.0608486922552091,0.9701063575112236,0.0981141871198157,0.0422307692307692,0.2014603689007151,1.0,0.96,0.5875951540353411,0.6185714285714285,0.804404761904762,0,,ok,,2026-07-20T16:41:33.067887+00:00
credit-g,gaussian_copula,fresh,0.35,2,0,2000,4.0503,23.75,True,0.0542425229102352,0.953392825610954,0.0900164304951048,0.044076923076923,0.1321453790199717,1.0,0.925,0.5052890229989807,0.6220238095238095,0.804404761904762,0,,ok,,2026-07-20T16:41:33.067887+00:00
credit-g,gaussian_copula,fresh,0.35,2,1,2000,3.7953,23.98,False,0.0521371172601576,0.9825099969538056,0.0861965443873399,0.0435384615384615,0.152673666667906,1.0,0.935,0.6125489693099405,0.5798809523809524,0.804404761904762,0,,ok,,2026-07-20T16:41:33.067887+00:00
credit-g,gaussian_copula,fresh,0.35,2,2,2000,3.4519,24.21,False,0.0549038773915736,0.95153213637246,0.0928378970544681,0.041076923076923,0.1505660643670529,1.0,0.92,0.619464864731071,0.6332142857142856,0.804404761904762,0,,ok,,2026-07-20T16:41:33.067887+00:00
credit-g,gaussian_copula,fresh,0.35,2,3,2000,2.6277,24.21,False,0.0738759293024268,0.931417232140903,0.1109460120480414,0.0373461538461538,0.1654886617371125,1.0,0.93,0.6092648471797503,0.6529761904761905,0.804404761904762,0,,ok,,2026-07-20T16:41:33.067887+00:00
credit-g,gaussian_copula,fresh,0.35,2,4,2000,2.8038,24.21,False,0.0561970926289739,0.9258126798089388,0.0962239154626296,0.0414615384615384,0.1689540251939778,1.0,0.925,0.5904444309434285,0.6388095238095237,0.804404761904762,0,,ok,,2026-07-20T16:41:33.067887+00:00
credit-g,gaussian_copula,fresh,0.35,2,5,2000,3.6205,24.21,False,0.0657842494567458,0.9419749096906448,0.0926159512842919,0.0438846153846153,0.1809706900508655,1.0,0.9,0.6481331470193132,0.6886904761904762,0.804404761904762,0,,ok,,2026-07-20T16:41:33.067887+00:00
credit-g,gaussian_copula,fresh,0.35,2,6,2000,3.6236,24.21,False,0.0614064799279146,0.9365182753911372,0.1007941298821553,0.0398076923076923,0.1847803113305505,1.0,0.95,0.627940127494594,0.6333333333333333,0.804404761904762,0,,ok,,2026-07-20T16:41:33.067887+00:00
credit-g,gaussian_copula,fresh,0.35,2,7,2000,2.8008,24.21,False,0.0650342737637207,0.9217713741149276,0.1025802124701475,0.0378461538461538,0.1621232089033538,1.0,0.92,0.5821705583345147,0.6564285714285714,0.804404761904762,0,,ok,,2026-07-20T16:41:33.067887+00:00
credit-g,gaussian_copula,fresh,0.75,2,1,2000,2.9127,23.98,False,0.0638946006052207,0.9564944472155384,0.1004861033670152,0.0469230769230769,0.1372045110755175,1.0,0.96,0.5723615077034546,0.6461904761904763,0.804404761904762,0,,ok,,2026-07-20T16:41:33.067887+00:00
credit-g,gaussian_copula,fresh,0.02,2,8,2000,4.6341,24.21,False,0.0835098476210506,0.9701818075780968,0.1052992062386832,0.0624230769230769,0.2112370239538624,1.0,0.94,0.7402607046180224,0.5685714285714285,0.804404761904762,0,,ok,,2026-07-20T16:41:33.067887+00:00
bank-marketing,gaussian_copula,fixed,0.05,0,9,2000,14.6857,39.8,False,0.0435336935162496,1.115817322186852,0.076834617880709,0.0441633983314288,0.4730486452556356,0.9545454545454546,0.86325,0.9481833903745884,0.6905572594171727,0.8995903827237507,0,,ok,,2026-07-20T16:41:33.067887+00:00
bank-marketing,gaussian_copula,fixed,0.05,0,11,2000,14.9695,39.8,False,0.0410665724457081,1.1396895969120675,0.0904742045163089,0.0520415668349982,0.45279741022497,0.9545454545454546,0.863,0.9595800032998976,0.6165785801118117,0.8995903827237507,0,,ok,,2026-07-20T16:41:33.067887+00:00
bank-marketing,gaussian_copula,fresh,0.0,0,12,2000,17.3483,39.8,False,0.0685213663026638,0.9347345594726384,0.0950786498211017,0.0652356334549743,0.4963198529524417,1.0,0.84825,0.9646053606951718,0.5451930190468186,0.8995903827237507,0,,ok,,2026-07-20T16:41:33.067887+00:00
bank-marketing,gaussian_copula,fresh,0.01,0,0,2000,16.9364,39.34,True,0.0173965683858213,1.0395661345971443,0.0330623055426054,0.0182281076830452,0.1450663447476722,1.0,0.905,0.8984456641838596,0.734570372378266,0.8995903827237507,0,,ok,,2026-07-20T16:41:33.067887+00:00
bank-marketing,gaussian_copula,fresh,0.01,0,1,2000,15.3926,39.57,False,0.0185706874051624,1.0746668932101666,0.0518298283064835,0.0314613144605403,0.204599852722185,1.0,0.89425,0.915341614235046,0.6424720618645783,0.8995903827237507,0,,ok,,2026-07-20T16:41:33.067887+00:00
bank-marketing,gaussian_copula,fresh,0.01,0,2,2000,15.095,40.18,False,0.0325018023838863,0.8966173586377426,0.047000726773917,0.0398424318380085,0.2813574761664402,1.0,0.906,0.9337210376492084,0.6655556318380518,0.8995903827237507,0,,ok,,2026-07-20T16:41:33.067887+00:00
bank-marketing,gaussian_copula,fresh,0.01,0,3,2000,14.3708,39.8,False,0.0299042099893914,0.8519635032181261,0.0557362291588446,0.0425790052465381,0.3665832015029381,1.0,0.893,0.941346081869898,0.6288282732391666,0.8995903827237507,0,,ok,,2026-07-20T16:41:33.067887+00:00
bank-marketing,gaussian_copula,fresh,0.01,0,4,2000,14.2943,39.8,False,0.0380225599298934,0.7806574850637137,0.0566692782427237,0.0389827122267684,0.4332985278754454,1.0,0.883,0.9457023585131944,0.5806822930044874,0.8995903827237507,0,,ok,,2026-07-20T16:41:33.067887+00:00
bank-marketing,gaussian_copula,fresh,0.0,0,11,2000,15.5577,39.8,False,0.065272142734964,0.9947845663705752,0.0940253125380473,0.0643841829776254,0.4815700764777617,1.0,0.85075,0.9634307968139554,0.4895617728420371,0.8995903827237507,0,,ok,,2026-07-20T16:41:33.067887+00:00
bank-marketing,gaussian_copula,fresh,0.01,0,5,2000,15.2669,39.8,False,0.0244950445804338,0.7982170926573053,0.0529783531145493,0.0400625038396795,0.4328136260991346,1.0,0.89575,0.9528556100049214,0.5859558860955028,0.8995903827237507,0,,ok,,2026-07-20T16:41:33.067887+00:00
bank-marketing,gaussian_copula,fresh,0.01,0,7,2000,14.3336,39.8,False,0.0323187380920455,0.788226240660536,0.0574099667350835,0.0470519431850295,0.4656932138325025,1.0,0.858,0.9538193734779852,0.5181572726745445,0.8995903827237507,0,,ok,,2026-07-20T16:41:33.067887+00:00
bank-marketing,gaussian_copula,fresh,0.01,0,8,2000,15.1977,39.8,False,0.0334444384326015,0.8573941459221734,0.0643416637253503,0.0444330359885485,0.4553527000091819,1.0,0.87175,0.9574806830998824,0.6053439636937405,0.8995903827237507,0,,ok,,2026-07-20T16:41:33.067887+00:00
bank-marketing,gaussian_copula,fresh,0.01,0,9,2000,14.8094,39.8,False,0.0212600136934776,0.9375426659948598,0.0643192460345855,0.0474247422807082,0.4724840891698313,1.0,0.87525,0.957685089003238,0.5274557801548982,0.8995903827237507,0,,ok,,2026-07-20T16:41:33.067887+00:00
bank-marketing,gaussian_copula,fresh,0.01,0,10,2000,16.7528,39.8,False,0.0351920025973727,0.91707001957543,0.0732717137696686,0.0529032032142725,0.4880917914273348,1.0,0.8475,0.957647819975277,0.6516078706175212,0.8995903827237507,0,,ok,,2026-07-20T16:41:33.067887+00:00
bank-marketing,gaussian_copula,fresh,0.01,0,11,2000,15.1196,39.8,False,0.0234024085506485,1.1064164314015252,0.0747241930121593,0.0428096501898337,0.5118345941333636,1.0,0.8505,0.957917702052756,0.5933305950547636,0.8995903827237507,0,,ok,,2026-07-20T16:41:33.067887+00:00
bank-marketing,gaussian_copula,fresh,0.01,0,12,2000,16.2342,39.8,False,0.0289928615156873,1.0980114197009114,0.0699772614886345,0.0450668349982183,0.5052899778295669,1.0,0.86025,0.9649738997216682,0.6107488876236516,0.8995903827237507,0,,ok,,2026-07-20T16:41:33.067887+00:00
bank-marketing,gaussian_copula,fresh,0.01,0,6,2000,15.8867,39.8,False,0.0320343628429242,0.8370759092277795,0.0536286522928981,0.0450513472667625,0.4872886041017895,1.0,0.8735,0.9564430891964276,0.6246362212702693,0.8995903827237507,0,,ok,,2026-07-20T16:41:33.067887+00:00
bank-marketing,gaussian_copula,fresh,0.02,0,0,2000,16.9364,39.34,True,0.0173965683858213,1.0395661345971443,0.0330623055426054,0.0182281076830452,0.1450663447476722,1.0,0.905,0.8984456641838596,0.734570372378266,0.8995903827237507,0,,ok,,2026-07-20T16:41:33.067887+00:00
bank-marketing,gaussian_copula,fresh,0.0,0,10,2000,16.1938,39.8,False,0.0778412505759692,0.9578993738780668,0.1025378135116814,0.0658995232653863,0.4950636867022392,1.0,0.84225,0.9611880862563617,0.5442825808788454,0.8995903827237507,0,,ok,,2026-07-20T16:41:33.067887+00:00
bank-marketing,gaussian_copula,fresh,0.0,0,8,2000,15.9138,39.8,False,0.0651078327179074,0.9164552695001836,0.0853468946406673,0.0530550640765724,0.4814450104125026,1.0,0.86,0.965910685674492,0.6057199048783577,0.8995903827237507,0,,ok,,2026-07-20T16:41:33.067887+00:00
bank-marketing,gaussian_copula,fixed,1.0,0,7,2000,12.6324,39.8,False,0.0344028159120003,1.0916582768977805,0.0444177051997309,0.0151678154987897,0.140019395332921,1.0,0.90025,0.8866838276095418,0.7563395686382668,0.8995903827237507,0,,ok,,2026-07-20T16:41:33.067887+00:00
bank-marketing,gaussian_copula,fixed,1.0,0,8,2000,13.0882,39.8,False,0.0148474012873648,0.9334516455242844,0.0339667843008876,0.0190838524580092,0.1513642888734254,1.0,0.90075,0.8878708936251379,0.7350704238689509,0.8995903827237507,0,,ok,,2026-07-20T16:41:33.067887+00:00
bank-marketing,gaussian_copula,fixed,1.0,0,9,2000,12.5199,39.8,False,0.0212340457682815,1.010143232131995,0.0370560593789975,0.0177061815769103,0.1424484330366588,1.0,0.89425,0.892101284923989,0.7322432301586268,0.8995903827237507,0,,ok,,2026-07-20T16:41:33.067887+00:00
bank-marketing,gaussian_copula,fixed,1.0,0,10,2000,13.9829,39.8,False,0.0286628114320554,1.2021055250601331,0.0474449983819423,0.0190833118311278,0.1546142862074939,1.0,0.89475,0.9065535643918116,0.7144676987688401,0.8995903827237507,0,,ok,,2026-07-20T16:41:33.067887+00:00
bank-marketing,gaussian_copula,fixed,1.0,0,11,2000,11.3534,39.8,False,0.025037774017778,1.0914598513292149,0.0394409433169336,0.0191900242053399,0.1621876674584086,1.0,0.89325,0.8964978467225095,0.768685200156721,0.8995903827237507,0,,ok,,2026-07-20T16:41:33.067887+00:00
bank-marketing,gaussian_copula,fixed,1.0,0,12,2000,13.1353,39.8,False,0.0286316779393122,1.1138090543627388,0.0392656152713719,0.0210734331035669,0.1663463639316011,1.0,0.89825,0.8960286921205264,0.7172734084347661,0.8995903827237507,0,,ok,,2026-07-20T16:41:33.067887+00:00
bank-marketing,gaussian_copula,fresh,0.0,0,9,2000,15.6152,39.8,False,0.0660420433515494,0.933483146276991,0.0921358181030927,0.0562944143413567,0.4927019598832158,1.0,0.859,0.9628955394123784,0.4802883596724955,0.8995903827237507,0,,ok,,2026-07-20T16:41:33.067887+00:00
bank-marketing,gaussian_copula,fresh,0.0,0,0,2000,16.9364,39.34,True,0.0173965683858213,1.0395661345971443,0.0330623055426054,0.0182281076830452,0.1450663447476722,1.0,0.905,0.8984456641838596,0.734570372378266,0.8995903827237507,0,,ok,,2026-07-20T16:41:33.067887+00:00
bank-marketing,gaussian_copula,fresh,0.0,0,2,2000,14.1657,40.18,False,0.0457296000367915,1.0061107870084245,0.0677001291236453,0.0274512391413862,0.2924234523512307,1.0,0.89775,0.9332781428169268,0.587228712152867,0.8995903827237507,0,,ok,,2026-07-20T16:41:33.067887+00:00
bank-marketing,gaussian_copula,fresh,0.0,0,3,2000,16.3992,39.8,False,0.0365313683882581,0.9355382680220016,0.0615086453310668,0.0320559180213056,0.3586779865920221,1.0,0.8855,0.9468737633920408,0.5635429379046014,0.8995903827237507,0,,ok,,2026-07-20T16:41:33.067887+00:00
bank-marketing,gaussian_copula,fresh,0.0,0,4,2000,30.0453,39.8,False,0.0502682260916551,0.9975844269690812,0.0776977737326135,0.0411109943848526,0.3937996615081209,1.0,0.8775,0.9574962621115708,0.6505898346734721,0.8995903827237507,0,,ok,,2026-07-20T16:41:33.067887+00:00
bank-marketing,gaussian_copula,fresh,0.0,0,5,2000,23.2958,39.8,False,0.0510339046191192,0.954855153101937,0.0801266585480759,0.0465788025114576,0.4396304265077327,1.0,0.8825,0.9625510956539596,0.594434803915186,0.8995903827237507,0,,ok,,2026-07-20T16:41:33.067887+00:00
bank-marketing,gaussian_copula,fresh,0.0,0,6,2000,15.9354,39.8,False,0.0561004839386361,0.9318811231908258,0.0774521198387744,0.045157537444555,0.4551706705927929,1.0,0.8725,0.956796286586414,0.5837353355121192,0.8995903827237507,0,,ok,,2026-07-20T16:41:33.067887+00:00
bank-marketing,gaussian_copula,fresh,0.0,0,7,2000,16.0659,39.8,False,0.064095627777023,0.9399788087221016,0.0808946420137126,0.0472796576848882,0.4881498720951175,1.0,0.87875,0.9619826226024628,0.5478405280221778,0.8995903827237507,0,,ok,,2026-07-20T16:41:33.067887+00:00
bank-marketing,gaussian_copula,fresh,0.0,0,1,2000,13.5471,39.57,False,0.0296255421932822,0.9128103609963476,0.0423162190366979,0.0210110582771204,0.2448787548349841,1.0,0.90475,0.9225733851606822,0.6447477725839919,0.8995903827237507,0,,ok,,2026-07-20T16:41:33.067887+00:00
bank-marketing,gaussian_copula,fresh,0.02,0,1,2000,14.9766,39.57,False,0.041294769467911,1.1763774513728529,0.057427943591608,0.0296296398687751,0.2113763171871446,1.0,0.90525,0.924359597375788,0.6527091202431781,0.8995903827237507,0,,ok,,2026-07-20T16:41:33.067887+00:00
bank-marketing,gaussian_copula,fresh,0.02,0,2,2000,12.5322,40.18,False,0.0312644268802337,0.9865499608784076,0.047585818238795,0.0318844287171169,0.2686959913591102,1.0,0.89025,0.9361669301092392,0.6265139149137147,0.8995903827237507,0,,ok,,2026-07-20T16:41:33.067887+00:00
bank-marketing,gaussian_copula,fresh,0.02,0,3,2000,15.0254,39.8,False,0.0458800078751864,1.1210188774833774,0.0610927778369231,0.0255259193728728,0.3493963948238908,1.0,0.88175,0.9480494657741118,0.58357766748381,0.8995903827237507,0,,ok,,2026-07-20T16:41:33.067887+00:00
bank-marketing,gaussian_copula,fresh,0.05,0,10,2000,15.9472,39.8,False,0.065158326303615,1.2369716850139003,0.0928571376881967,0.0309499428655682,0.4322022783614087,1.0,0.88875,0.9491318257111524,0.6542134768285999,0.8995903827237507,0,,ok,,2026-07-20T16:41:33.067887+00:00
bank-marketing,gaussian_copula,fresh,0.05,0,11,2000,14.9993,39.8,False,0.0563363070589631,1.2445561997189285,0.0882373903964564,0.0321239387125708,0.4270700102356807,1.0,0.88275,0.9476684336132424,0.655223877946954,0.8995903827237507,0,,ok,,2026-07-20T16:41:33.067887+00:00
bank-marketing,gaussian_copula,fresh,0.05,0,12,2000,14.885,39.8,False,0.0499170811246095,1.442736316298874,0.0841966461979023,0.0275657783184046,0.4678527703705757,1.0,0.86425,0.9470254135058166,0.5959463218487405,0.8995903827237507,0,,ok,,2026-07-20T16:41:33.067887+00:00
bank-marketing,gaussian_copula,fresh,0.1,0,0,2000,16.9364,39.34,True,0.0173965683858213,1.0395661345971443,0.0330623055426054,0.0182281076830452,0.1450663447476722,1.0,0.905,0.8984456641838596,0.734570372378266,0.8995903827237507,0,,ok,,2026-07-20T16:41:33.067887+00:00
bank-marketing,gaussian_copula,fresh,0.1,0,1,2000,14.8666,39.57,False,0.0445899702370129,1.0412875818477911,0.0574270629417025,0.0256649464902257,0.2408878845728002,1.0,0.90275,0.9231006123062344,0.6768357612868172,0.8995903827237507,0,,ok,,2026-07-20T16:41:33.067887+00:00
bank-marketing,gaussian_copula,fresh,0.1,0,2,2000,16.4847,40.18,False,0.0482630652018229,1.046251554622366,0.063763170740345,0.0272533144113924,0.3177439573953938,1.0,0.8885,0.9295657401566968,0.6343118536291463,0.8995903827237507,0,,ok,,2026-07-20T16:41:33.067887+00:00
bank-marketing,gaussian_copula,fresh,0.05,0,9,2000,14.8333,39.8,False,0.0762747899627443,1.2628394893330814,0.0989762730829667,0.0264709167311732,0.4243600172456276,1.0,0.88575,0.9488740655177677,0.5442407372992603,0.8995903827237507,0,,ok,,2026-07-20T16:41:33.067887+00:00
bank-marketing,gaussian_copula,fresh,0.1,0,3,2000,14.3209,39.8,False,0.0430797127046466,1.0841761672289316,0.0665360068804442,0.0318228464005308,0.3249044082289063,1.0,0.893,0.9274483085680936,0.653405960845773,0.8995903827237507,0,,ok,,2026-07-20T16:41:33.067887+00:00
bank-marketing,gaussian_copula,fresh,0.1,0,5,2000,20.1195,39.8,False,0.0359491452121652,1.0429075383786155,0.0605066832230828,0.0314635691203754,0.4001169178352049,1.0,0.903,0.9348539483741748,0.6961101450853622,0.8995903827237507,0,,ok,,2026-07-20T16:41:33.067887+00:00
bank-marketing,gaussian_copula,fresh,0.1,0,6,2000,26.9001,39.8,False,0.0398180086842008,1.0412127370986133,0.0738074597862597,0.0365789499551525,0.4282732971292923,1.0,0.8825,0.9454224290531776,0.6390930300551719,0.8995903827237507,0,,ok,,2026-07-20T16:41:33.067887+00:00
bank-marketing,gaussian_copula,fresh,0.1,0,7,2000,47.6484,39.8,False,0.0321961854087537,0.9737061400851622,0.0587740686427571,0.028860653421308,0.4551333227193467,1.0,0.875,0.9455258447557652,0.5940981613682554,0.8995903827237507,0,,ok,,2026-07-20T16:41:33.067887+00:00
bank-marketing,gaussian_copula,fresh,0.1,0,8,2000,18.2834,39.8,False,0.043587823420292,0.9577374672392917,0.0624982842951011,0.0307536338727315,0.4477184152273598,1.0,0.8855,0.9393112860932924,0.6306526414721364,0.8995903827237507,0,,ok,,2026-07-20T16:41:33.067887+00:00
bank-marketing,gaussian_copula,fresh,0.1,0,9,2000,16.7563,39.8,False,0.0203540310567187,1.020819749807432,0.0616976118758214,0.0351834936783515,0.4738011475007287,1.0,0.884,0.9470081987429012,0.6112491166684225,0.8995903827237507,0,,ok,,2026-07-20T16:41:33.067887+00:00
bank-marketing,gaussian_copula,fresh,0.1,0,10,2000,18.7017,39.8,False,0.0269050515669775,1.065785656641232,0.0573828916752994,0.0306965793062774,0.4553465336053895,1.0,0.8825,0.9427314270342532,0.6139686534179754,0.8995903827237507,0,,ok,,2026-07-20T16:41:33.067887+00:00
bank-marketing,gaussian_copula,fresh,0.1,0,4,2000,15.7165,39.8,False,0.0460096120186265,0.9854905399781586,0.0624042920235554,0.0322117660068561,0.3642536850150897,1.0,0.9,0.9305785266665396,0.6431252241620335,0.8995903827237507,0,,ok,,2026-07-20T16:41:33.067887+00:00
bank-marketing,gaussian_copula,fresh,0.05,0,8,2000,15.8813,39.8,False,0.0672857982504772,1.1740935980682,0.0912333857176604,0.0247159435782127,0.4306646083750398,1.0,0.8815,0.949423882680268,0.6628866388182947,0.8995903827237507,0,,ok,,2026-07-20T16:41:33.067887+00:00
bank-marketing,gaussian_copula,fresh,0.05,0,7,2000,15.4746,39.8,False,0.0578637488584414,1.3198557027249278,0.0919608306412246,0.0302120486072714,0.4521623153271076,1.0,0.881,0.9475612480328264,0.6250358955177062,0.8995903827237507,0,,ok,,2026-07-20T16:41:33.067887+00:00
bank-marketing,gaussian_copula,fresh,0.05,0,6,2000,16.0818,39.8,False,0.0612811158859382,1.0047579677540857,0.0791198587158358,0.0276330003563222,0.4428283939735502,1.0,0.8685,0.9413595605050104,0.6803025639993703,0.8995903827237507,0,,ok,,2026-07-20T16:41:33.067887+00:00
bank-marketing,gaussian_copula,fresh,0.02,0,4,2000,14.6125,39.8,False,0.0312236595528742,1.06144812931309,0.0542906410946687,0.0293959538992713,0.4021830948457982,1.0,0.8825,0.9515441526460005,0.541179231380199,0.8995903827237507,0,,ok,,2026-07-20T16:41:33.067887+00:00
bank-marketing,gaussian_copula,fresh,0.02,0,5,2000,15.0244,39.8,False,0.0347545093192078,1.2504810354579317,0.0763141639008861,0.0282877179402115,0.4332085813195985,1.0,0.8875,0.949106365817051,0.605725645793803,0.8995903827237507,0,,ok,,2026-07-20T16:41:33.067887+00:00
bank-marketing,gaussian_copula,fresh,0.02,0,6,2000,15.3068,39.8,False,0.0421742782384111,1.5863454947182436,0.0834394853214772,0.0355415299740744,0.4655582414057665,1.0,0.865,0.9491891782541808,0.624287623414886,0.8995903827237507,0,,ok,,2026-07-20T16:41:33.067887+00:00
bank-marketing,gaussian_copula,fresh,0.02,0,7,2000,14.8676,39.8,False,0.053605072858203,1.3541738430664814,0.0856732742328325,0.026298118864192,0.4604995376320662,1.0,0.85725,0.9496653798614512,0.632933086967175,0.8995903827237507,0,,ok,,2026-07-20T16:41:33.067887+00:00
bank-marketing,gaussian_copula,fresh,0.02,0,8,2000,15.3933,39.8,False,0.0724017245040744,1.398269306135948,0.0994018137429064,0.0254945753007237,0.4886225911881714,1.0,0.85775,0.9499552712039424,0.5954482826376961,0.8995903827237507,0,,ok,,2026-07-20T16:41:33.067887+00:00
bank-marketing,gaussian_copula,fresh,0.02,0,9,2000,14.7455,39.8,False,0.0747437298556644,1.642481163308991,0.1106954170976463,0.0388685047980635,0.477372810675839,1.0,0.85875,0.955880405399274,0.6327921090229435,0.8995903827237507,0,,ok,,2026-07-20T16:41:33.067887+00:00
bank-marketing,gaussian_copula,fresh,0.02,0,10,2000,16.1241,39.8,False,0.0676764743043827,1.3021270735314303,0.1017413649321157,0.0343996952830304,0.4712688016401919,1.0,0.86475,0.9601191678294058,0.6128613077687015,0.8995903827237507,0,,ok,,2026-07-20T16:41:33.067887+00:00
bank-marketing,gaussian_copula,fresh,0.02,0,11,2000,16.2795,39.8,False,0.0791830640352229,1.6290016163499834,0.1099144403859217,0.0325933502893582,0.4662867505411858,1.0,0.876,0.9592665533147317,0.6236505593545554,0.8995903827237507,0,,ok,,2026-07-20T16:41:33.067887+00:00
bank-marketing,gaussian_copula,fresh,0.02,0,12,2000,15.1412,39.8,False,0.0717271951612599,1.4689521722349446,0.1041226904290486,0.0388895278115669,0.4534011269740186,1.0,0.87175,0.9616894327574969,0.643899774269572,0.8995903827237507,0,,ok,,2026-07-20T16:41:33.067887+00:00
bank-marketing,gaussian_copula,fresh,0.05,0,0,2000,16.9364,39.34,True,0.0173965683858213,1.0395661345971443,0.0330623055426054,0.0182281076830452,0.1450663447476722,1.0,0.905,0.8984456641838596,0.734570372378266,0.8995903827237507,0,,ok,,2026-07-20T16:41:33.067887+00:00
bank-marketing,gaussian_copula,fresh,0.05,0,1,2000,13.4816,39.57,False,0.0289263244998142,1.1922430707943792,0.0450480421759469,0.0253068426161426,0.1995384997453054,1.0,0.894,0.9205749010363194,0.691993612787682,0.8995903827237507,0,,ok,,2026-07-20T16:41:33.067887+00:00
bank-marketing,gaussian_copula,fresh,0.05,0,2,2000,15.7724,40.18,False,0.0549074574944956,1.2258406970682658,0.0748416835804624,0.0356169474240357,0.2741027275968766,1.0,0.90675,0.9313674728834466,0.6680356481256798,0.8995903827237507,0,,ok,,2026-07-20T16:41:33.067887+00:00
bank-marketing,gaussian_copula,fresh,0.05,0,3,2000,14.494,39.8,False,0.0566455780839325,0.9798232631984446,0.0736800877010901,0.0256959403835993,0.3629904745034401,1.0,0.887,0.9340132172434162,0.6876661462359126,0.8995903827237507,0,,ok,,2026-07-20T16:41:33.067887+00:00
bank-marketing,gaussian_copula,fresh,0.05,0,4,2000,16.2153,39.8,False,0.0444878349852469,1.0691622175015123,0.0746602388081749,0.0283938466831312,0.4034702764082266,1.0,0.87725,0.9419051949143724,0.6265269355466832,0.8995903827237507,0,,ok,,2026-07-20T16:41:33.067887+00:00
bank-marketing,gaussian_copula,fresh,0.05,0,5,2000,14.4316,39.8,False,0.0425265169268994,0.9726768355196754,0.0717647524826097,0.0295480727880374,0.4071464619661492,1.0,0.879,0.936988574475678,0.549878138712354,0.8995903827237507,0,,ok,,2026-07-20T16:41:33.067887+00:00
bank-marketing,gaussian_copula,fixed,1.0,0,6,2000,13.2014,39.8,False,0.0168402272449904,1.0650767013925837,0.0392511429246007,0.0166657697175224,0.1381105293112778,1.0,0.89725,0.8923350960994059,0.7279381946063803,0.8995903827237507,0,,ok,,2026-07-20T16:41:33.067887+00:00
bank-marketing,gaussian_copula,fixed,0.05,0,10,2000,15.1,39.8,False,0.0436520596525297,1.1516804656266657,0.0883592460711,0.052464324769312,0.4797960529087929,0.9545454545454546,0.8515,0.9565137099994108,0.6413809920065151,0.8995903827237507,0,,ok,,2026-07-20T16:41:33.067887+00:00
bank-marketing,gaussian_copula,fixed,1.0,0,5,2000,14.2001,39.8,False,0.0188791300752942,1.102074109245905,0.0364113953544844,0.0164973337265165,0.1459831811191267,1.0,0.89575,0.885919310785963,0.7537453850733832,0.8995903827237507,0,,ok,,2026-07-20T16:41:33.067887+00:00
bank-marketing,gaussian_copula,fixed,1.0,0,3,2000,13.3226,39.8,False,0.0288443442001476,1.0547454592184626,0.0401102708388297,0.0207564660203718,0.1343842611105332,1.0,0.887,0.8923660212476073,0.6975196286042,0.8995903827237507,0,,ok,,2026-07-20T16:41:33.067887+00:00
bank-marketing,gaussian_copula,fixed,0.2,0,4,2000,15.5414,39.8,False,0.0468220788149495,0.8971281787859336,0.0604348731529234,0.0310005160529322,0.3505745231572917,1.0,0.886,0.9247402729113898,0.6021758069537282,0.8995903827237507,0,,ok,,2026-07-20T16:41:33.067887+00:00
bank-marketing,gaussian_copula,fixed,0.2,0,5,2000,15.4945,39.8,False,0.0424066293539242,0.8744863844614701,0.0579866342262763,0.0230009583840171,0.3678213882733726,1.0,0.881,0.9381319195834726,0.6822332871298146,0.8995903827237507,0,,ok,,2026-07-20T16:41:33.067887+00:00
bank-marketing,gaussian_copula,fixed,0.2,0,6,2000,17.827,39.8,False,0.033873576215205,0.8969829262015974,0.0504411150543926,0.0282586776757959,0.3574400912379453,1.0,0.90475,0.933834552484373,0.7166388301316386,0.8995903827237507,0,,ok,,2026-07-20T16:41:33.067887+00:00
bank-marketing,gaussian_copula,fixed,0.2,0,7,2000,15.7101,39.8,False,0.0431705984171201,0.8708902598552848,0.0573357445085823,0.0284432710383722,0.3860750168671549,1.0,0.88575,0.9318009874586908,0.7048589451156646,0.8995903827237507,0,,ok,,2026-07-20T16:41:33.067887+00:00
bank-marketing,gaussian_copula,fixed,0.2,0,8,2000,17.8755,39.8,False,0.0320859426844347,0.8986890554549293,0.0527231970671637,0.0303681239018516,0.3782809453740336,1.0,0.858,0.9344805313440188,0.6136617215880911,0.8995903827237507,0,,ok,,2026-07-20T16:41:33.067887+00:00
bank-marketing,gaussian_copula,fixed,0.2,0,9,2000,17.0684,39.8,False,0.0249401331292273,0.911983009438344,0.0530317679572754,0.0283758708393232,0.3891994976565388,1.0,0.8835,0.932394978904333,0.6808769514673662,0.8995903827237507,0,,ok,,2026-07-20T16:41:33.067887+00:00
bank-marketing,gaussian_copula,fixed,0.2,0,3,2000,14.8634,39.8,False,0.0349912843781967,0.982162308440809,0.0506951813023565,0.0236756730190325,0.3055713828205421,1.0,0.896,0.9143429048607644,0.6755787375431012,0.8995903827237507,0,,ok,,2026-07-20T16:41:33.067887+00:00
bank-marketing,gaussian_copula,fixed,0.2,0,10,2000,13.3364,39.8,False,0.0607913370396681,0.8673361642706444,0.0748590910856915,0.0301748682221976,0.3997715957435494,1.0,0.87725,0.929194692378318,0.5858736193690202,0.8995903827237507,0,,ok,,2026-07-20T16:41:33.067887+00:00
bank-marketing,gaussian_copula,fixed,0.2,0,12,2000,14.3898,39.8,False,0.0350800230653495,0.9289076725687934,0.0560805055725645,0.029586567879391,0.3931117183841455,1.0,0.89175,0.9360017057352796,0.6700499992305989,0.8995903827237507,0,,ok,,2026-07-20T16:41:33.067887+00:00
bank-marketing,gaussian_copula,fixed,0.35,0,0,2000,16.9364,39.34,True,0.0173965683858213,1.0395661345971443,0.0330623055426054,0.0182281076830452,0.1450663447476722,1.0,0.905,0.8984456641838596,0.734570372378266,0.8995903827237507,0,,ok,,2026-07-20T16:41:33.067887+00:00
bank-marketing,gaussian_copula,fixed,0.35,0,1,2000,13.1523,39.57,False,0.041105927176769,1.1002719190000392,0.0514270451495923,0.0254978927838598,0.2028124965216263,1.0,0.9055,0.9105204343679558,0.6515069015273202,0.8995903827237507,0,,ok,,2026-07-20T16:41:33.067887+00:00
bank-marketing,gaussian_copula,fixed,0.35,0,2,2000,12.1391,40.18,False,0.0439768220993143,1.1935342850414845,0.0617612690125608,0.0244388845884477,0.2470380105908541,1.0,0.90825,0.922526415250443,0.6915493724646757,0.8995903827237507,0,,ok,,2026-07-20T16:41:33.067887+00:00
bank-marketing,gaussian_copula,fixed,0.35,0,3,2000,12.5906,39.8,False,0.0354896733698152,1.1644588178775006,0.0629392280900639,0.0233545467949426,0.2535842479336495,1.0,0.90125,0.9191076434355095,0.7101734348311401,0.8995903827237507,0,,ok,,2026-07-20T16:41:33.067887+00:00
bank-marketing,gaussian_copula,fixed,0.35,0,4,2000,13.1938,39.8,False,0.0457242405066577,1.1757595607416735,0.0736668369850854,0.0321606521926106,0.2724463253970544,1.0,0.90225,0.9221387005845602,0.7259771097272414,0.8995903827237507,0,,ok,,2026-07-20T16:41:33.067887+00:00
bank-marketing,gaussian_copula,fixed,0.2,0,11,2000,13.8165,39.8,False,0.050888551579658,0.8251434943503556,0.071019159288405,0.0265815425067885,0.4147168509617851,1.0,0.8585,0.9357357071607142,0.7011744019090616,0.8995903827237507,0,,ok,,2026-07-20T16:41:33.067887+00:00
bank-marketing,gaussian_copula,fixed,0.35,0,5,2000,14.2452,39.8,False,0.0418379387465537,1.2556092396825862,0.0653772384642892,0.0265347291336454,0.2630760120257732,1.0,0.90225,0.9223404222359018,0.7261503433304174,0.8995903827237507,0,,ok,,2026-07-20T16:41:33.067887+00:00
bank-marketing,gaussian_copula,fixed,0.2,0,2,2000,13.9692,40.18,False,0.0397621462334654,1.0648199845260895,0.0550999480959725,0.0293315332915576,0.2644985733932759,1.0,0.89125,0.920765659554436,0.6814470776372996,0.8995903827237507,0,,ok,,2026-07-20T16:41:33.067887+00:00
bank-marketing,gaussian_copula,fixed,0.2,0,0,2000,16.9364,39.34,True,0.0173965683858213,1.0395661345971443,0.0330623055426054,0.0182281076830452,0.1450663447476722,1.0,0.905,0.8984456641838596,0.734570372378266,0.8995903827237507,0,,ok,,2026-07-20T16:41:33.067887+00:00
bank-marketing,gaussian_copula,fixed,0.05,0,12,2000,14.9907,39.8,False,0.0503599747642182,1.1276903665850706,0.0952271845619649,0.043890486195584,0.4805209383186254,0.9545454545454546,0.85075,0.9622553194320534,0.6104998976104772,0.8995903827237507,0,,ok,,2026-07-20T16:41:33.067887+00:00
bank-marketing,gaussian_copula,fixed,0.1,0,0,2000,16.9364,39.34,True,0.0173965683858213,1.0395661345971443,0.0330623055426054,0.0182281076830452,0.1450663447476722,1.0,0.905,0.8984456641838596,0.734570372378266,0.8995903827237507,0,,ok,,2026-07-20T16:41:33.067887+00:00
bank-marketing,gaussian_copula,fixed,0.1,0,1,2000,14.5105,39.57,False,0.0232160705719438,1.021038027068095,0.0417636570675403,0.0243317175961762,0.2239323143754362,1.0,0.9005,0.9136320179524214,0.6745281500166309,0.8995903827237507,0,,ok,,2026-07-20T16:41:33.067887+00:00
bank-marketing,gaussian_copula,fixed,0.1,0,2,2000,15.2327,40.18,False,0.0322890730101204,1.1187802311142785,0.0528387463388917,0.0265791895511568,0.2815344547421979,1.0,0.9065,0.9366368002117594,0.5694664973195251,0.8995903827237507,0,,ok,,2026-07-20T16:41:33.067887+00:00
bank-marketing,gaussian_copula,fixed,0.1,0,3,2000,14.7736,39.8,False,0.0642484837108391,1.408491191320627,0.0801844174281319,0.0202865998255249,0.3512777530364227,1.0,0.89725,0.9407731144400292,0.7052985690324368,0.8995903827237507,0,,ok,,2026-07-20T16:41:33.067887+00:00
bank-marketing,gaussian_copula,fixed,0.1,0,4,2000,13.8527,39.8,False,0.0382841139518133,1.1398354238507633,0.0631366261187549,0.0258304028898964,0.3926098102231313,1.0,0.8925,0.9438804848963338,0.6092990401426115,0.8995903827237507,0,,ok,,2026-07-20T16:41:33.067887+00:00
bank-marketing,gaussian_copula,fixed,0.2,0,1,2000,15.5229,39.57,False,0.0446004342741694,0.981469753501718,0.0644984571387842,0.0291318638111737,0.2142450674377994,1.0,0.895,0.9193567658724136,0.6899245750242954,0.8995903827237507,0,,ok,,2026-07-20T16:41:33.067887+00:00
bank-marketing,gaussian_copula,fixed,0.1,0,5,2000,14.7981,39.8,False,0.0392044071508477,1.1853621761780122,0.0631728132089136,0.0343832123066337,0.3969692624154682,1.0,0.8955,0.950648485474026,0.6708370373088482,0.8995903827237507,0,,ok,,2026-07-20T16:41:33.067887+00:00
bank-marketing,gaussian_copula,fixed,0.1,0,7,2000,14.4337,39.8,False,0.0598323387474532,1.0729768626015272,0.0831411982266453,0.0392571356604863,0.4074714772345021,1.0,0.891,0.9420268761306638,0.6033637029733208,0.8995903827237507,0,,ok,,2026-07-20T16:41:33.067887+00:00
bank-marketing,gaussian_copula,fixed,0.1,0,8,2000,15.8418,39.8,False,0.0518896716835538,1.1605543498374704,0.0763362209088406,0.0408259304311499,0.422141148100115,1.0,0.88725,0.9479620813335516,0.5475105141611221,0.8995903827237507,0,,ok,,2026-07-20T16:41:33.067887+00:00
bank-marketing,gaussian_copula,fixed,0.1,0,9,2000,15.2375,39.8,False,0.0520437061076964,1.226245142591546,0.074257366480166,0.0377688881516704,0.4281268945733928,1.0,0.88525,0.9496303462101672,0.6219383461192003,0.8995903827237507,0,,ok,,2026-07-20T16:41:33.067887+00:00
bank-marketing,gaussian_copula,fixed,0.1,0,10,2000,14.6434,39.8,False,0.0471874718466752,1.235902821348922,0.0809299000398115,0.0421648174769926,0.3980568376203454,1.0,0.89375,0.9522670286883383,0.619067947581299,0.8995903827237507,0,,ok,,2026-07-20T16:41:33.067887+00:00
bank-marketing,gaussian_copula,fixed,0.1,0,11,2000,15.2849,39.8,False,0.0508796831275047,1.2764427688831568,0.0981144533826698,0.0387742698465356,0.4262499316216317,1.0,0.87375,0.9570752327956936,0.6263155278150312,0.8995903827237507,0,,ok,,2026-07-20T16:41:33.067887+00:00
bank-marketing,gaussian_copula,fixed,0.1,0,12,2000,15.228,39.8,False,0.0602406637259976,1.545908853069046,0.0969347132778675,0.0328217282858441,0.4524713252534945,1.0,0.885,0.9551859210032374,0.6284913347687595,0.8995903827237507,0,,ok,,2026-07-20T16:41:33.067887+00:00
bank-marketing,gaussian_copula,fixed,0.1,0,6,2000,14.5457,39.8,False,0.0453730061731375,1.0904248295597272,0.0649808175502232,0.0418975450624792,0.3853325304389279,1.0,0.887,0.94367925374536,0.62503281791355,0.8995903827237507,0,,ok,,2026-07-20T16:41:33.067887+00:00
bank-marketing,gaussian_copula,fixed,0.35,0,6,2000,14.8867,39.8,False,0.0406096294947135,1.1502253313686506,0.0635096594555407,0.0257372430486441,0.2785559598012238,1.0,0.91725,0.9216536395956432,0.6784734018060802,0.8995903827237507,0,,ok,,2026-07-20T16:41:33.067887+00:00
bank-marketing,gaussian_copula,fixed,0.35,0,7,2000,15.6703,39.8,False,0.0360388118380774,1.20475002227974,0.0676419169585867,0.027323042992124,0.3096496499619434,1.0,0.89625,0.922148440841868,0.7017947758853142,0.8995903827237507,0,,ok,,2026-07-20T16:41:33.067887+00:00
bank-marketing,gaussian_copula,fixed,0.35,0,8,2000,16.2051,39.8,False,0.0328537291494236,1.1340784803948485,0.0573835296578663,0.0267630026908474,0.3109385338796083,1.0,0.91075,0.9220157312423024,0.649595176684071,0.8995903827237507,0,,ok,,2026-07-20T16:41:33.067887+00:00
bank-marketing,gaussian_copula,fixed,0.75,0,2,2000,15.805,40.18,False,0.0320497931414204,0.9368375563995508,0.0434034187274618,0.0241599456915723,0.1845650147171693,1.0,0.899,0.9013266754703384,0.7077410622232374,0.8995903827237507,0,,ok,,2026-07-20T16:41:33.067887+00:00
bank-marketing,gaussian_copula,fixed,0.75,0,3,2000,12.1498,39.8,False,0.0251232806011907,1.0813248840215333,0.0366939051351849,0.0194929411331048,0.1737797036158948,1.0,0.89475,0.9108886898942395,0.6404405471980189,0.8995903827237507,0,,ok,,2026-07-20T16:41:33.067887+00:00
bank-marketing,gaussian_copula,fixed,0.75,0,4,2000,11.0526,39.8,False,0.0259956960086871,1.0115759796501125,0.0407772405122663,0.0237648088761104,0.1620563383181158,1.0,0.89675,0.9072894184438862,0.6973755138711171,0.8995903827237507,0,,ok,,2026-07-20T16:41:33.067887+00:00
bank-marketing,gaussian_copula,fixed,0.75,0,5,2000,13.3882,39.8,False,0.0506947948476218,1.116248584910052,0.0587554993360946,0.023308083600575,0.1814465641201182,1.0,0.9005,0.899387941265803,0.691573579005058,0.8995903827237507,0,,ok,,2026-07-20T16:41:33.067887+00:00
bank-marketing,gaussian_copula,fixed,0.75,0,6,2000,12.3174,39.8,False,0.0547282057972799,1.1890891147598026,0.0648248667576094,0.0205526251121186,0.1748597983004601,1.0,0.905,0.9120166708655072,0.6976340326202366,0.8995903827237507,0,,ok,,2026-07-20T16:41:33.067887+00:00
bank-marketing,gaussian_copula,fixed,0.75,0,7,2000,11.791,39.8,False,0.0351865134225707,0.9665021454260656,0.048899436620459,0.0231165173799255,0.1892935774544674,1.0,0.89925,0.9024995574752928,0.7189331840300752,0.8995903827237507,0,,ok,,2026-07-20T16:41:33.067887+00:00
bank-marketing,gaussian_copula,fixed,0.75,0,1,2000,14.3709,39.57,False,0.0223885186950615,1.0491625980840933,0.0384680045836081,0.02308346541831,0.1609497678770473,1.0,0.9055,0.9087319417761393,0.732547853785394,0.8995903827237507,0,,ok,,2026-07-20T16:41:33.067887+00:00
bank-marketing,gaussian_copula,fixed,0.75,0,8,2000,11.8921,39.8,False,0.034147763422092,1.1364711368296938,0.0461873983876505,0.0197273336036467,0.1707169412495869,1.0,0.90875,0.90416462509951,0.6629217945273096,0.8995903827237507,0,,ok,,2026-07-20T16:41:33.067887+00:00
bank-marketing,gaussian_copula,fixed,0.75,0,10,2000,15.5003,39.8,False,0.0327256284993913,0.9986134007263344,0.0424747726745359,0.0220949721700025,0.1800645098518659,1.0,0.898,0.8980027153515372,0.7188560663720847,0.8995903827237507,0,,ok,,2026-07-20T16:41:33.067887+00:00
bank-marketing,gaussian_copula,fixed,0.75,0,11,2000,13.831,39.8,False,0.0433436303822699,0.9686920708337242,0.0523529150484324,0.0187942668976617,0.1935567472320079,1.0,0.902,0.9046467757112434,0.70730706085252,0.8995903827237507,0,,ok,,2026-07-20T16:41:33.067887+00:00
bank-marketing,gaussian_copula,fixed,0.75,0,12,2000,13.0587,39.8,False,0.03755863466663,1.0916598541730889,0.0459920327191305,0.0215810080233944,0.2064526473504991,0.9772727272727272,0.90025,0.9046591552205312,0.7106591044408644,0.8995903827237507,0,,ok,,2026-07-20T16:41:33.067887+00:00
bank-marketing,gaussian_copula,fixed,1.0,0,0,2000,16.9364,39.34,True,0.0173965683858213,1.0395661345971443,0.0330623055426054,0.0182281076830452,0.1450663447476722,1.0,0.905,0.8984456641838596,0.734570372378266,0.8995903827237507,0,,ok,,2026-07-20T16:41:33.067887+00:00
bank-marketing,gaussian_copula,fixed,1.0,0,1,2000,12.0296,39.57,False,0.0150393361749711,1.1238298638009434,0.0415732873118796,0.0210644513251502,0.1383715047009101,1.0,0.888,0.8892175016354306,0.7584221596968796,0.8995903827237507,0,,ok,,2026-07-20T16:41:33.067887+00:00
bank-marketing,gaussian_copula,fixed,1.0,0,2,2000,12.3331,40.18,False,0.0215333108218587,0.937835698430222,0.0360079473507283,0.0221596753781316,0.15353368467982,1.0,0.8995,0.8950379106271925,0.754693405522879,0.8995903827237507,0,,ok,,2026-07-20T16:41:33.067887+00:00
bank-marketing,gaussian_copula,fixed,0.75,0,9,2000,12.1058,39.8,False,0.0227734873383583,0.9985228677695528,0.0374641211117966,0.0189817538427513,0.1868600276510527,1.0,0.893,0.908614776313236,0.6980303333400408,0.8995903827237507,0,,ok,,2026-07-20T16:41:33.067887+00:00
bank-marketing,gaussian_copula,fixed,0.75,0,0,2000,16.9364,39.34,True,0.0173965683858213,1.0395661345971443,0.0330623055426054,0.0182281076830452,0.1450663447476722,1.0,0.905,0.8984456641838596,0.734570372378266,0.8995903827237507,0,,ok,,2026-07-20T16:41:33.067887+00:00
bank-marketing,gaussian_copula,fixed,0.5,0,12,2000,10.4552,39.8,False,0.0415025029263334,0.8923470194946467,0.0574210218317836,0.0226673178763193,0.2568894109327189,1.0,0.8935,0.9173705847572812,0.6800887888799059,0.8995903827237507,0,,ok,,2026-07-20T16:41:33.067887+00:00
bank-marketing,gaussian_copula,fixed,0.5,0,11,2000,12.3043,39.8,False,0.045275416344977,0.9767392318870208,0.0566112465660709,0.0244048865297897,0.2211887809585072,1.0,0.91,0.916277286437034,0.7204903925484101,0.8995903827237507,0,,ok,,2026-07-20T16:41:33.067887+00:00
bank-marketing,gaussian_copula,fixed,0.35,0,9,2000,16.1728,39.8,False,0.0358979084253387,1.0755180672623987,0.0573319838027701,0.0248063388501849,0.3128332055127214,1.0,0.914,0.9218122377146316,0.6696191938334283,0.8995903827237507,0,,ok,,2026-07-20T16:41:33.067887+00:00
bank-marketing,gaussian_copula,fixed,0.35,0,10,2000,13.8675,39.8,False,0.0418214238121121,1.1136143719050728,0.0690338057467817,0.0232475579638025,0.3135448028775473,1.0,0.89325,0.9221532108454464,0.670671734454844,0.8995903827237507,0,,ok,,2026-07-20T16:41:33.067887+00:00
bank-marketing,gaussian_copula,fixed,0.35,0,11,2000,15.0779,39.8,False,0.0516159590966514,0.9785857713101536,0.0674860729012257,0.0314005738017128,0.313163210317709,1.0,0.90425,0.9183814846407088,0.6994427169089491,0.8995903827237507,0,,ok,,2026-07-20T16:41:33.067887+00:00
bank-marketing,gaussian_copula,fixed,0.35,0,12,2000,13.4829,39.8,False,0.0633686290870574,1.2513058220159592,0.0735013035192908,0.0292522393011168,0.2835601660791682,1.0,0.8985,0.9301156248192474,0.6826953420461096,0.8995903827237507,0,,ok,,2026-07-20T16:41:33.067887+00:00
bank-marketing,gaussian_copula,fixed,0.5,0,0,2000,16.9364,39.34,True,0.0173965683858213,1.0395661345971443,0.0330623055426054,0.0182281076830452,0.1450663447476722,1.0,0.905,0.8984456641838596,0.734570372378266,0.8995903827237507,0,,ok,,2026-07-20T16:41:33.067887+00:00
bank-marketing,gaussian_copula,fixed,0.5,0,1,2000,12.0836,39.57,False,0.0307977568963663,0.9994685876320268,0.0429216505240442,0.0206339403098775,0.1906701644108047,1.0,0.89675,0.9078309421001644,0.72494534293388,0.8995903827237507,0,,ok,,2026-07-20T16:41:33.067887+00:00
bank-marketing,gaussian_copula,fixed,0.5,0,2,2000,16.9306,40.18,False,0.0394951350478842,0.9031893601567728,0.0550420500237171,0.0252317077665966,0.2023861270260458,1.0,0.906,0.9216535732205932,0.6789143277861491,0.8995903827237507,0,,ok,,2026-07-20T16:41:33.067887+00:00
bank-marketing,gaussian_copula,fixed,0.5,0,3,2000,13.1251,39.8,False,0.0509849201297586,1.0576661507889966,0.0695618491052983,0.0229170014867239,0.2235051733464289,1.0,0.90825,0.9065238171194938,0.6485877348004825,0.8995903827237507,0,,ok,,2026-07-20T16:41:33.067887+00:00
bank-marketing,gaussian_copula,fixed,0.5,0,4,2000,14.4566,39.8,False,0.0503294328606684,0.984547360421506,0.0746011740137583,0.0262617064150294,0.2337985402393028,1.0,0.89775,0.9142170386413332,0.6602746406601224,0.8995903827237507,0,,ok,,2026-07-20T16:41:33.067887+00:00
bank-marketing,gaussian_copula,fixed,0.5,0,5,2000,17.4141,39.8,False,0.0370563077263918,1.021426017770326,0.0644832558194619,0.0304347377345276,0.2646038395464967,1.0,0.88725,0.9107107743857584,0.704721932546019,0.8995903827237507,0,,ok,,2026-07-20T16:41:33.067887+00:00
bank-marketing,gaussian_copula,fixed,0.5,0,6,2000,16.1784,39.8,False,0.0472989562582588,0.9202119704744368,0.0616793778012195,0.0268190742993352,0.21925367647739,1.0,0.9015,0.9121737569833612,0.6708494660948636,0.8995903827237507,0,,ok,,2026-07-20T16:41:33.067887+00:00
bank-marketing,gaussian_copula,fixed,0.5,0,7,2000,14.8895,39.8,False,0.0415592586530832,0.8909594092721763,0.0588542431801683,0.0215859105262511,0.2399905086736977,1.0,0.89675,0.9105640776506992,0.7014771908102739,0.8995903827237507,0,,ok,,2026-07-20T16:41:33.067887+00:00
bank-marketing,gaussian_copula,fixed,0.5,0,8,2000,13.5074,39.8,False,0.0327749832167174,0.8908792879749728,0.0523115890387847,0.0200604457714376,0.2366811511255535,1.0,0.898,0.9003793471346052,0.7015867416812951,0.8995903827237507,0,,ok,,2026-07-20T16:41:33.067887+00:00
bank-marketing,gaussian_copula,fixed,0.5,0,9,2000,14.0597,39.8,False,0.0305989578387544,1.072374646577579,0.0565255943171872,0.0218713430891911,0.233510395878213,1.0,0.89625,0.9212778038136724,0.7186218133480426,0.8995903827237507,0,,ok,,2026-07-20T16:41:33.067887+00:00
bank-marketing,gaussian_copula,fixed,0.5,0,10,2000,14.0878,39.8,False,0.0370288334380074,1.0077604470351476,0.0555030443903849,0.0252381522847629,0.2308320648421773,1.0,0.89975,0.9128523394924678,0.7339469799825524,0.8995903827237507,0,,ok,,2026-07-20T16:41:33.067887+00:00
bank-marketing,gaussian_copula,fixed,1.0,0,4,2000,14.0505,39.8,False,0.0277135990707449,1.026582940749139,0.0373409316172921,0.0183274048680993,0.1445745598716681,1.0,0.8895,0.8979182851631934,0.7588344994691133,0.8995903827237507,0,,ok,,2026-07-20T16:41:33.067887+00:00
credit-g,gaussian_copula,fresh,0.02,2,7,2000,3.4033,24.21,False,0.0662283766609783,0.9574625500169296,0.094685382517482,0.061576923076923,0.1838343480107789,1.0,0.925,0.7489474832981182,0.5475000000000001,0.804404761904762,0,,ok,,2026-07-20T16:41:33.067887+00:00
credit-g,gaussian_copula,fresh,0.02,2,6,2000,2.8579,24.21,False,0.0637485357293943,0.9532621413609144,0.0932240432808531,0.0584999999999999,0.2039778070202604,1.0,0.925,0.7211162639988659,0.5652380952380952,0.804404761904762,0,,ok,,2026-07-20T16:41:33.067887+00:00
credit-g,gaussian_copula,fresh,0.02,2,5,2000,2.6076,24.21,False,0.0525665433952385,0.9200720523981676,0.0897827599934583,0.058076923076923,0.1941354979658413,1.0,0.905,0.6542997360551381,0.5397619047619048,0.804404761904762,0,,ok,,2026-07-20T16:41:33.067887+00:00
credit-g,gaussian_copula,fresh,0.5,1,2,2000,3.2595,24.21,False,0.0566222742686959,0.890290898327777,0.1007577853475511,0.0414615384615384,0.1330067475821606,1.0,0.95,0.5632196322773289,0.6379761904761906,0.7975,0,,ok,,2026-07-20T16:41:33.067887+00:00
credit-g,gaussian_copula,fresh,0.5,1,3,2000,3.1784,24.21,False,0.0501790651268858,0.9499107767646284,0.0903199691784339,0.039076923076923,0.1381326366958199,1.0,0.95,0.6013318752236106,0.6736904761904762,0.7975,0,,ok,,2026-07-20T16:41:33.067887+00:00
credit-g,gaussian_copula,fresh,0.5,1,4,2000,4.1818,24.21,False,0.0564793479991197,0.9613429453627782,0.0926748564295291,0.0438846153846154,0.1773118224633657,1.0,0.94,0.6314245146947308,0.6355952380952381,0.7975,0,,ok,,2026-07-20T16:41:33.067887+00:00
credit-g,gaussian_copula,fresh,0.5,1,5,2000,3.2125,24.21,False,0.052696066469647,0.9367385466533972,0.0808631794237794,0.0361538461538461,0.1419266122642496,1.0,0.93,0.6161616161616161,0.6926190476190476,0.7975,0,,ok,,2026-07-20T16:41:33.067887+00:00
credit-g,gaussian_copula,fresh,0.5,1,6,2000,2.6866,24.21,False,0.0563558038152552,0.939545173151025,0.092328703994003,0.0414230769230769,0.1391337715004602,1.0,0.905,0.6462728195296696,0.6816666666666669,0.7975,0,,ok,,2026-07-20T16:41:33.067887+00:00
credit-g,gaussian_copula,fresh,0.5,1,7,2000,2.8902,24.21,False,0.0622848850700182,0.9343817113946876,0.0899536756314417,0.038576923076923,0.1587817600220714,1.0,0.94,0.5803119184718649,0.6520238095238096,0.7975,0,,ok,,2026-07-20T16:41:33.067887+00:00
credit-g,gaussian_copula,fresh,0.5,1,1,2000,2.3087,23.98,False,0.0687289870441302,0.9235448555589132,0.1059601306140145,0.0416538461538461,0.1661417818117764,1.0,0.925,0.5900315248722466,0.6248809523809524,0.7975,0,,ok,,2026-07-20T16:41:33.067887+00:00
credit-g,gaussian_copula,fresh,0.5,1,8,2000,2.9128,24.21,False,0.0706102596527545,0.9398122640015244,0.095508641181219,0.0420384615384615,0.1278340985480014,1.0,0.895,0.5557378192709002,0.6603571428571429,0.7975,0,,ok,,2026-07-20T16:41:33.067887+00:00
credit-g,gaussian_copula,fresh,0.5,1,10,2000,3.0465,24.21,False,0.0426792300839779,0.952290308107563,0.0783727232048512,0.0441538461538461,0.15787750580851,1.0,0.96,0.6481607115935474,0.6703571428571429,0.7975,0,,ok,,2026-07-20T16:41:33.067887+00:00
credit-g,gaussian_copula,fresh,0.5,1,11,2000,2.6204,24.21,False,0.0521645904121372,0.9541796753149926,0.0775909202831556,0.0383076923076923,0.1387155028664694,1.0,0.955,0.5829508045480422,0.6945238095238097,0.7975,0,,ok,,2026-07-20T16:41:33.067887+00:00
credit-g,gaussian_copula,fresh,0.5,1,12,2000,3.4118,24.21,False,0.055330818094559,0.9062967710577678,0.0842614136383227,0.0389230769230769,0.1362247815270003,1.0,0.935,0.543123370033595,0.681904761904762,0.7975,0,,ok,,2026-07-20T16:41:33.067887+00:00
credit-g,gaussian_copula,fresh,0.75,1,0,2000,6.2563,23.75,True,0.0575423782055482,0.9348739697735906,0.0933394481654824,0.0386538461538461,0.1577329062438912,1.0,0.93,0.552794597793484,0.6910714285714286,0.7975,0,,ok,,2026-07-20T16:41:33.067887+00:00
credit-g,gaussian_copula,fresh,0.75,1,1,2000,2.0045,23.98,False,0.0531331223405867,0.9297971683905012,0.0851912736392517,0.0378461538461538,0.1445173865969575,1.0,0.945,0.5681418776762951,0.7003571428571429,0.7975,0,,ok,,2026-07-20T16:41:33.067887+00:00
credit-g,gaussian_copula,fresh,0.75,1,2,2000,4.0935,24.21,False,0.0560565752526207,0.9536659214827692,0.0930224387598657,0.0423076923076923,0.1582370389112336,1.0,0.94,0.5989793231940704,0.6790476190476192,0.7975,0,,ok,,2026-07-20T16:41:33.067887+00:00
credit-g,gaussian_copula,fresh,0.5,1,9,2000,2.7071,24.21,False,0.06961078062896,0.9200066795898824,0.1008688161971196,0.0397307692307692,0.1448126433654809,1.0,0.915,0.6579360096847288,0.6486904761904762,0.7975,0,,ok,,2026-07-20T16:41:33.067887+00:00
credit-g,gaussian_copula,fresh,0.75,1,3,2000,2.5372,24.21,False,0.051559482092175,0.9400778409630676,0.0853814579524549,0.0426538461538461,0.1379191078168603,1.0,0.95,0.595001023827043,0.6689285714285714,0.7975,0,,ok,,2026-07-20T16:41:33.067887+00:00
credit-g,gaussian_copula,fresh,0.5,1,0,2000,6.2563,23.75,True,0.0575423782055482,0.9348739697735906,0.0933394481654824,0.0386538461538461,0.1577329062438912,1.0,0.93,0.552794597793484,0.6910714285714286,0.7975,0,,ok,,2026-07-20T16:41:33.067887+00:00
credit-g,gaussian_copula,fresh,0.35,1,11,2000,4.227,24.21,False,0.0463866158134695,0.9532466699028792,0.0843526442422831,0.0404230769230769,0.1607459899991443,1.0,0.955,0.6439590829209898,0.6602380952380952,0.7975,0,,ok,,2026-07-20T16:41:33.067887+00:00
credit-g,gaussian_copula,fresh,0.2,1,10,2000,3.6546,24.21,False,0.0576823653471419,0.9243092711475436,0.0907490281284025,0.0439230769230769,0.1788862670258785,1.0,0.945,0.6575872334393162,0.6189285714285715,0.7975,0,,ok,,2026-07-20T16:41:33.067887+00:00
credit-g,gaussian_copula,fresh,0.2,1,11,2000,2.9311,24.21,False,0.0600320390541034,0.9700784060271536,0.0972973113547316,0.0447307692307692,0.1778612929531,1.0,0.92,0.6123014506841641,0.6929761904761904,0.7975,0,,ok,,2026-07-20T16:41:33.067887+00:00
credit-g,gaussian_copula,fresh,0.2,1,12,2000,3.0223,24.21,False,0.0673601476891767,0.9396534897051082,0.0996894240030545,0.042576923076923,0.1782955218578808,1.0,0.94,0.5895426755863379,0.6702380952380952,0.7975,0,,ok,,2026-07-20T16:41:33.067887+00:00
credit-g,gaussian_copula,fresh,0.35,1,0,2000,6.2563,23.75,True,0.0575423782055482,0.9348739697735906,0.0933394481654824,0.0386538461538461,0.1577329062438912,1.0,0.93,0.552794597793484,0.6910714285714286,0.7975,0,,ok,,2026-07-20T16:41:33.067887+00:00
credit-g,gaussian_copula,fresh,0.35,1,1,2000,3.7209,23.98,False,0.0465721009557844,0.976506095781206,0.0899534294133492,0.0404999999999999,0.1486041188254383,1.0,0.95,0.6546878902637423,0.6497619047619048,0.7975,0,,ok,,2026-07-20T16:41:33.067887+00:00
credit-g,gaussian_copula,fresh,0.35,1,2,2000,2.8834,24.21,False,0.0698755783527043,0.9801778689460888,0.0896048151082082,0.0409615384615384,0.1576103660744192,1.0,0.945,0.614077396824111,0.5788095238095238,0.7975,0,,ok,,2026-07-20T16:41:33.067887+00:00
credit-g,gaussian_copula,fresh,0.35,1,12,2000,3.6452,24.21,False,0.0725200832433883,0.8954950105337547,0.1098360156723491,0.0437692307692307,0.1513943334464268,1.0,0.92,0.5750723991980397,0.6259523809523811,0.7975,0,,ok,,2026-07-20T16:41:33.067887+00:00
credit-g,gaussian_copula,fresh,0.35,1,3,2000,2.1317,24.21,False,0.0617738152182741,0.9528570265002329,0.0929012206057667,0.0413461538461538,0.1389720069247973,1.0,0.95,0.5678954841351812,0.6649999999999999,0.7975,0,,ok,,2026-07-20T16:41:33.067887+00:00
credit-g,gaussian_copula,fresh,0.35,1,5,2000,2.3009,24.21,False,0.033493137168376,0.9923311189343772,0.0800246561534744,0.0411153846153846,0.1466861471494299,1.0,0.935,0.5348309335277479,0.6096428571428572,0.7975,0,,ok,,2026-07-20T16:41:33.067887+00:00
credit-g,gaussian_copula,fresh,0.35,1,6,2000,3.7314,24.21,False,0.0465520858527413,0.9510640752664145,0.0714112383955408,0.0435,0.1611180104329459,1.0,0.955,0.5618009005177639,0.6864285714285715,0.7975,0,,ok,,2026-07-20T16:41:33.067887+00:00
credit-g,gaussian_copula,fresh,0.35,1,7,2000,2.5203,24.21,False,0.0505139981967671,0.9638728156499952,0.0850958308189204,0.0420384615384615,0.1483870060656187,1.0,0.915,0.6239595779582413,0.6708333333333333,0.7975,0,,ok,,2026-07-20T16:41:33.067887+00:00
credit-g,gaussian_copula,fresh,0.35,1,8,2000,3.8251,24.21,False,0.0543958002469073,0.9876658138234006,0.0957029330880956,0.0468461538461538,0.1544606163198332,1.0,0.94,0.5911397332649282,0.6307142857142857,0.7975,0,,ok,,2026-07-20T16:41:33.067887+00:00
credit-g,gaussian_copula,fresh,0.35,1,9,2000,2.7912,24.21,False,0.0566086632876082,0.9271487471881024,0.0899118280713347,0.0447692307692307,0.1565584308637962,1.0,0.91,0.6339570802702904,0.6407142857142858,0.7975,0,,ok,,2026-07-20T16:41:33.067887+00:00
credit-g,gaussian_copula,fresh,0.35,1,10,2000,2.9846,24.21,False,0.0511764245257382,0.908469708353557,0.0883147697752381,0.0339615384615384,0.1636576671284385,1.0,0.95,0.5486216587798232,0.6336904761904761,0.7975,0,,ok,,2026-07-20T16:41:33.067887+00:00
credit-g,gaussian_copula,fresh,0.35,1,4,2000,2.9277,24.21,False,0.0505698221544116,0.9890637966804712,0.0723226003970533,0.0422692307692307,0.118622510937789,1.0,0.925,0.558035242151972,0.6973809523809524,0.7975,0,,ok,,2026-07-20T16:41:33.067887+00:00
credit-g,gaussian_copula,fresh,0.75,1,4,2000,2.2917,24.21,False,0.0562782141894966,0.9550389521127092,0.0887366859585175,0.0422307692307692,0.1371185520353787,1.0,0.95,0.5854451172450726,0.6634523809523809,0.7975,0,,ok,,2026-07-20T16:41:33.067887+00:00
credit-g,gaussian_copula,fresh,0.75,1,5,2000,3.0176,24.21,False,0.0784664573402371,0.9225338950397352,0.1086081444182638,0.0481538461538461,0.1604924931327538,1.0,0.94,0.5596609894894592,0.6507142857142857,0.7975,0,,ok,,2026-07-20T16:41:33.067887+00:00
credit-g,gaussian_copula,fresh,0.75,1,6,2000,2.4434,24.21,False,0.046467881818562,1.0009186743412253,0.0740172400815384,0.0378461538461538,0.1246953306271473,1.0,0.94,0.5670927362284011,0.7101190476190475,0.7975,0,,ok,,2026-07-20T16:41:33.067887+00:00
credit-g,gaussian_copula,fixed,0.0,2,0,2000,4.0503,23.75,True,0.0542425229102352,0.953392825610954,0.0900164304951048,0.044076923076923,0.1321453790199717,1.0,0.925,0.5052890229989807,0.6220238095238095,0.804404761904762,0,,ok,,2026-07-20T16:41:33.067887+00:00
credit-g,gaussian_copula,fixed,0.0,2,1,2000,2.6089,23.98,False,0.0632474706858379,0.9616535796545074,0.0927541004474375,0.0404999999999999,0.167621290253415,1.0,0.93,0.5850957784573289,0.6830952380952381,0.804404761904762,0,,ok,,2026-07-20T16:41:33.067887+00:00
credit-g,gaussian_copula,fixed,0.0,2,2,2000,2.1104,24.21,False,0.0737277242334722,0.9205420895499812,0.0936239467603188,0.0483076923076923,0.1833413781744192,1.0,0.92,0.6919979478455754,0.6492857142857142,0.804404761904762,0,,ok,,2026-07-20T16:41:33.067887+00:00
credit-g,gaussian_copula,fixed,0.0,2,3,2000,1.7169,24.21,False,0.0616676725259374,0.9087094892738904,0.1011811711909799,0.0523461538461538,0.2019963274630199,1.0,0.965,0.615209794537039,0.569047619047619,0.804404761904762,0,,ok,,2026-07-20T16:41:33.067887+00:00
credit-g,gaussian_copula,fixed,0.0,2,4,2000,3.5168,24.21,False,0.0378500089345817,0.925787128722442,0.0862636817120156,0.0472692307692307,0.2008334071399184,1.0,0.915,0.7042276181282642,0.5441666666666667,0.804404761904762,0,,ok,,2026-07-20T16:41:33.067887+00:00
credit-g,gaussian_copula,fixed,0.0,2,5,2000,2.6213,24.21,False,0.0735827797540816,0.9048867712194304,0.0937240286530697,0.0452307692307692,0.2361003832925138,1.0,0.91,0.7114810389481808,0.5526190476190476,0.804404761904762,0,,ok,,2026-07-20T16:41:33.067887+00:00
credit-g,gaussian_copula,fresh,1.0,1,12,2000,2.3754,24.21,False,0.0456243889385982,0.98702508225234,0.0777162647926407,0.0442692307692307,0.1498890738814784,1.0,0.93,0.5914918847643286,0.695952380952381,0.7975,0,,ok,,2026-07-20T16:41:33.067887+00:00
credit-g,gaussian_copula,fixed,0.0,2,6,2000,2.5886,24.21,False,0.0774655774748366,0.9144849892202386,0.1014225726290853,0.0575384615384615,0.2222094280908446,1.0,0.915,0.722029832744914,0.5783333333333334,0.804404761904762,0,,ok,,2026-07-20T16:41:33.067887+00:00
credit-g,gaussian_copula,fixed,0.0,2,8,2000,3.6263,24.21,False,0.0654287423417172,0.9494231749539166,0.0944386021040894,0.050076923076923,0.2230605794653728,1.0,0.955,0.7543377639167348,0.5766666666666667,0.804404761904762,0,,ok,,2026-07-20T16:41:33.067887+00:00
credit-g,gaussian_copula,fixed,0.0,2,9,2000,2.879,24.21,False,0.0742633877653478,0.9010997528707532,0.095883577760368,0.05,0.2495283520191135,1.0,0.89,0.8052725967629065,0.5519047619047619,0.804404761904762,0,,ok,,2026-07-20T16:41:33.067887+00:00
credit-g,gaussian_copula,fixed,0.0,2,10,2000,2.9818,24.21,False,0.0613310272819681,0.893634066409733,0.0935085151774935,0.059076923076923,0.2691465360207288,1.0,0.935,0.7629975405649274,0.5171428571428571,0.804404761904762,0,,ok,,2026-07-20T16:41:33.067887+00:00
credit-g,gaussian_copula,fixed,0.0,2,11,2000,2.453,24.21,False,0.0545142065691656,0.9175937171925942,0.0885191016160689,0.061076923076923,0.2677054562982073,1.0,0.91,0.7443695138059138,0.5773809523809524,0.804404761904762,0,,ok,,2026-07-20T16:41:33.067887+00:00
credit-g,gaussian_copula,fixed,0.0,2,12,2000,3.2546,24.21,False,0.0514469482946178,0.879294931281204,0.0902518375955205,0.0679230769230769,0.2795562444568047,1.0,0.915,0.7883333220824866,0.5817857142857142,0.804404761904762,0,,ok,,2026-07-20T16:41:33.067887+00:00
credit-g,gaussian_copula,fixed,0.01,2,0,2000,4.0503,23.75,True,0.0542425229102352,0.953392825610954,0.0900164304951048,0.044076923076923,0.1321453790199717,1.0,0.925,0.5052890229989807,0.6220238095238095,0.804404761904762,0,,ok,,2026-07-20T16:41:33.067887+00:00
credit-g,gaussian_copula,fixed,0.0,2,7,2000,3.6962,24.21,False,0.079060557045504,0.907778647999808,0.1018059366089092,0.0501153846153846,0.234410986838616,1.0,0.91,0.7745622858120074,0.58,0.804404761904762,0,,ok,,2026-07-20T16:41:33.067887+00:00
credit-g,gaussian_copula,fresh,1.0,1,11,2000,3.6829,24.21,False,0.045015037019678,0.9475158629773692,0.0781021670686181,0.0359615384615384,0.143286221902843,1.0,0.925,0.5251411418709259,0.6978571428571428,0.7975,0,,ok,,2026-07-20T16:41:33.067887+00:00
credit-g,gaussian_copula,fresh,1.0,1,10,2000,3.805,24.21,False,0.0659522835329179,0.9323642528779352,0.0972401148170776,0.0422692307692307,0.1387895578710254,1.0,0.945,0.4744926430713911,0.6147619047619048,0.7975,0,,ok,,2026-07-20T16:41:33.067887+00:00
credit-g,gaussian_copula,fresh,1.0,1,9,2000,3.2801,24.21,False,0.0605646184034896,0.941866541393054,0.0978192679811064,0.045,0.1423492700496956,1.0,0.935,0.5791002022902223,0.5521428571428572,0.7975,0,,ok,,2026-07-20T16:41:33.067887+00:00
credit-g,gaussian_copula,fresh,0.75,1,7,2000,3.0497,24.21,False,0.0415430520394898,0.9887247607518792,0.0875022123013269,0.0355384615384615,0.1222151640076263,1.0,0.955,0.5619668505055007,0.6873809523809523,0.7975,0,,ok,,2026-07-20T16:41:33.067887+00:00
credit-g,gaussian_copula,fresh,0.75,1,8,2000,4.2257,24.21,False,0.0499666063659965,0.9664062408370312,0.0840941763959994,0.0432307692307692,0.1375881153204895,1.0,0.91,0.5583828933127218,0.6226190476190476,0.7975,0,,ok,,2026-07-20T16:41:33.067887+00:00
credit-g,gaussian_copula,fresh,0.75,1,9,2000,3.3401,24.21,False,0.059884901853757,0.9278276971503978,0.0866539846561494,0.0453846153846153,0.1443680143140896,1.0,0.965,0.5717849018138615,0.688452380952381,0.7975,0,,ok,,2026-07-20T16:41:33.067887+00:00
credit-g,gaussian_copula,fresh,0.75,1,10,2000,3.6534,24.21,False,0.0640675386451366,0.9043068665452444,0.0951048542068825,0.0479615384615384,0.1361926547157538,1.0,0.925,0.5689080603315398,0.5848809523809523,0.7975,0,,ok,,2026-07-20T16:41:33.067887+00:00
credit-g,gaussian_copula,fresh,0.75,1,11,2000,3.2361,24.21,False,0.0548566263897129,0.9496937365384744,0.0909597782561631,0.0383461538461538,0.1417929393026792,1.0,0.925,0.5568111500390404,0.6159523809523809,0.7975,0,,ok,,2026-07-20T16:41:33.067887+00:00
credit-g,gaussian_copula,fresh,0.75,1,12,2000,2.1573,24.21,False,0.0584023407990731,0.946667192437054,0.0903888025967044,0.0447307692307692,0.1505388544768022,1.0,0.93,0.5912297400379379,0.6660714285714286,0.7975,0,,ok,,2026-07-20T16:41:33.067887+00:00
credit-g,gaussian_copula,fresh,1.0,1,0,2000,6.2563,23.75,True,0.0575423782055482,0.9348739697735906,0.0933394481654824,0.0386538461538461,0.1577329062438912,1.0,0.93,0.552794597793484,0.6910714285714286,0.7975,0,,ok,,2026-07-20T16:41:33.067887+00:00
credit-g,gaussian_copula,fresh,1.0,1,1,2000,2.8115,23.98,False,0.0523687772763398,0.9656850852601778,0.0884906831954719,0.0424230769230769,0.1419836865687997,1.0,0.92,0.5641287006847265,0.6942857142857143,0.7975,0,,ok,,2026-07-20T16:41:33.067887+00:00
credit-g,gaussian_copula,fresh,1.0,1,2,2000,3.6909,24.21,False,0.0524367919952653,0.96916526461475,0.0904490738159336,0.0448076923076923,0.1355003148202986,1.0,0.945,0.5960473525632805,0.6411904761904762,0.7975,0,,ok,,2026-07-20T16:41:33.067887+00:00
credit-g,gaussian_copula,fresh,1.0,1,3,2000,3.9674,24.21,False,0.0494917041906284,0.9652485718468676,0.0774767466233045,0.040576923076923,0.1435552151008245,1.0,0.95,0.5694812909671452,0.6817857142857142,0.7975,0,,ok,,2026-07-20T16:41:33.067887+00:00
credit-g,gaussian_copula,fresh,1.0,1,4,2000,2.4983,24.21,False,0.0540130463263603,0.9652766699016612,0.0840494633722037,0.0436923076923077,0.1327066144835023,1.0,0.92,0.5837659283861111,0.689047619047619,0.7975,0,,ok,,2026-07-20T16:41:33.067887+00:00
credit-g,gaussian_copula,fresh,1.0,1,5,2000,2.6086,24.21,False,0.0618180126791206,0.9956340048632606,0.0855429353898902,0.0409230769230769,0.1429449117072896,1.0,0.94,0.5594967271287165,0.6564285714285715,0.7975,0,,ok,,2026-07-20T16:41:33.067887+00:00
credit-g,gaussian_copula,fresh,1.0,1,6,2000,2.5269,24.21,False,0.0581193992667082,0.9078323022065032,0.0937393227703964,0.0443461538461538,0.1312632592882597,1.0,0.915,0.5608693304171138,0.6758333333333333,0.7975,0,,ok,,2026-07-20T16:41:33.067887+00:00
credit-g,gaussian_copula,fresh,1.0,1,7,2000,3.1575,24.21,False,0.0488150127542782,0.9270842621037196,0.0752715488293692,0.0424999999999999,0.1530459988199422,1.0,0.915,0.5495026000706553,0.6221428571428571,0.7975,0,,ok,,2026-07-20T16:41:33.067887+00:00
credit-g,gaussian_copula,fresh,1.0,1,8,2000,3.935,24.21,False,0.068077294177874,0.9355904097736258,0.0959292835402342,0.0381538461538461,0.1285040743396442,1.0,0.93,0.6434353560105398,0.6028571428571429,0.7975,0,,ok,,2026-07-20T16:41:33.067887+00:00
credit-g,gaussian_copula,fresh,0.2,1,9,2000,3.0531,24.21,False,0.0674823869118403,0.9153394836195996,0.0910780694612446,0.0429230769230769,0.160973931212823,1.0,0.925,0.6526053585532311,0.6483333333333334,0.7975,0,,ok,,2026-07-20T16:41:33.067887+00:00
credit-g,gaussian_copula,fixed,0.01,2,1,2000,2.6817,23.98,False,0.0679458511804488,0.9548356408249956,0.104841234191527,0.0501923076923076,0.1493486033986006,1.0,0.925,0.6634950530027385,0.6592857142857143,0.804404761904762,0,,ok,,2026-07-20T16:41:33.067887+00:00
credit-g,gaussian_copula,fresh,0.2,1,8,2000,3.5171,24.21,False,0.0625885857787621,0.9266645178960212,0.0995690408904825,0.0447307692307692,0.1570991935156938,1.0,0.945,0.652124947402292,0.6361904761904762,0.7975,0,,ok,,2026-07-20T16:41:33.067887+00:00
credit-g,gaussian_copula,fresh,0.2,1,6,2000,3.217,24.21,False,0.0564637495910791,0.923725512731278,0.0953894503434906,0.043076923076923,0.1509768623508212,1.0,0.95,0.6372248886728727,0.6386904761904761,0.7975,0,,ok,,2026-07-20T16:41:33.067887+00:00
credit-g,gaussian_copula,fresh,0.01,1,7,2000,3.4714,24.21,False,0.0713280996275876,0.9092651613337458,0.1255077480215504,0.0605384615384615,0.1946087748206476,1.0,0.925,0.6489257691641296,0.5229761904761905,0.7975,0,,ok,,2026-07-20T16:41:33.067887+00:00
credit-g,gaussian_copula,fresh,0.01,1,8,2000,3.5478,24.21,False,0.0563131013692157,0.9257001666045443,0.1068266334644254,0.065076923076923,0.2170730830682922,1.0,0.915,0.7542275056197979,0.5205952380952381,0.7975,0,,ok,,2026-07-20T16:41:33.067887+00:00
credit-g,gaussian_copula,fresh,0.01,1,9,2000,3.9357,24.21,False,0.0803691569908199,0.9198586852701892,0.1364124426902684,0.0657307692307692,0.2310542499616055,1.0,0.9,0.7265965513904922,0.49,0.7975,0,,ok,,2026-07-20T16:41:33.067887+00:00
credit-g,gaussian_copula,fresh,0.01,1,10,2000,4.2313,24.21,False,0.0580083912592121,0.8778350034470662,0.1212104441924712,0.0640384615384615,0.2236912811842621,1.0,0.905,0.7003832038360885,0.5184523809523811,0.7975,0,,ok,,2026-07-20T16:41:33.067887+00:00
credit-g,gaussian_copula,fresh,0.01,1,11,2000,4.4918,24.21,False,0.0634279458454351,0.9080707221052978,0.1234259495911226,0.0610384615384615,0.2333998881703434,1.0,0.945,0.7297119108212894,0.5715476190476191,0.7975,0,,ok,,2026-07-20T16:41:33.067887+00:00
credit-g,gaussian_copula,fresh,0.01,1,12,2000,4.9719,24.21,False,0.0792448204198744,0.9256682684306756,0.1309027283453391,0.0643461538461538,0.2516576775965465,1.0,0.935,0.7466208082158182,0.5453571428571428,0.7975,0,,ok,,2026-07-20T16:41:33.067887+00:00
credit-g,gaussian_copula,fresh,0.01,1,6,2000,3.5625,24.21,False,0.0497175653763468,0.9156295698375064,0.1018193222185007,0.0546153846153846,0.2315058770334574,1.0,0.915,0.6838399589569115,0.5657142857142857,0.7975,0,,ok,,2026-07-20T16:41:33.067887+00:00
credit-g,gaussian_copula,fresh,0.02,1,0,2000,6.2563,23.75,True,0.0575423782055482,0.9348739697735906,0.0933394481654824,0.0386538461538461,0.1577329062438912,1.0,0.93,0.552794597793484,0.6910714285714286,0.7975,0,,ok,,2026-07-20T16:41:33.067887+00:00
credit-g,gaussian_copula,fresh,0.02,1,2,2000,3.3355,24.21,False,0.0482279673098229,0.9572058932659064,0.0923492839595028,0.0428846153846153,0.1755591412703678,1.0,0.9,0.6416054058067869,0.6235714285714286,0.7975,0,,ok,,2026-07-20T16:41:33.067887+00:00
credit-g,gaussian_copula,fresh,0.02,1,3,2000,4.0816,24.21,False,0.057373570917796,0.9431056736140074,0.1000145132467029,0.0428846153846153,0.1859125833600172,1.0,0.915,0.6914489065302164,0.6111904761904762,0.7975,0,,ok,,2026-07-20T16:41:33.067887+00:00
credit-g,gaussian_copula,fresh,0.02,1,4,2000,4.4498,24.21,False,0.0780682627945444,0.9340288427132392,0.1106446489577587,0.0463461538461538,0.197534932032533,1.0,0.94,0.6736264403896394,0.6375000000000001,0.7975,0,,ok,,2026-07-20T16:41:33.067887+00:00
credit-g,gaussian_copula,fresh,0.02,1,5,2000,5.6221,24.21,False,0.0889931710352662,0.9182030307085156,0.1187334064500025,0.0455384615384615,0.2315408663119221,1.0,0.93,0.6853115696956196,0.5001190476190476,0.7975,0,,ok,,2026-07-20T16:41:33.067887+00:00
credit-g,gaussian_copula,fresh,0.02,1,6,2000,4.3756,24.21,False,0.1009725884077862,0.934757615138649,0.1209344623986992,0.0383461538461538,0.2210435503237747,1.0,0.905,0.6749191626669907,0.595,0.7975,0,,ok,,2026-07-20T16:41:33.067887+00:00
credit-g,gaussian_copula,fresh,0.02,1,7,2000,3.3527,24.21,False,0.1204789993464896,0.9219347587357846,0.1425159739766207,0.0473076923076923,0.2285699380928646,1.0,0.925,0.6852946934256803,0.6125,0.7975,0,,ok,,2026-07-20T16:41:33.067887+00:00
credit-g,gaussian_copula,fresh,0.02,1,1,2000,3.704,23.98,False,0.0759628899883579,0.976327819818122,0.1106180202683907,0.0450384615384615,0.1465012285049634,1.0,0.905,0.6538755791373301,0.6347619047619049,0.7975,0,,ok,,2026-07-20T16:41:33.067887+00:00
credit-g,gaussian_copula,fresh,0.02,1,8,2000,3.3715,24.21,False,0.1199056524528846,0.9198000031499436,0.1413057796393692,0.0492307692307692,0.2485574734007365,1.0,0.875,0.7137919628452041,0.5378571428571428,0.7975,0,,ok,,2026-07-20T16:41:33.067887+00:00
credit-g,gaussian_copula,fresh,0.01,1,5,2000,4.6116,24.21,False,0.0579446325009394,0.902792696626686,0.105455548597758,0.0569230769230769,0.219848718768836,1.0,0.95,0.6952438170972366,0.5455952380952381,0.7975,0,,ok,,2026-07-20T16:41:33.067887+00:00
credit-g,gaussian_copula,fresh,0.01,1,3,2000,3.7798,24.21,False,0.0415060547761897,0.959123211703232,0.094909323333581,0.0509615384615384,0.1755989476023876,1.0,0.92,0.6831289054501352,0.5798809523809525,0.7975,0,,ok,,2026-07-20T16:41:33.067887+00:00
credit-g,gaussian_copula,fresh,0.0,1,2,2000,3.8806,24.21,False,0.074570674142678,0.962386908344842,0.1002228259639054,0.0448076923076923,0.1950204316787369,1.0,0.93,0.6120516818890621,0.6366666666666667,0.7975,0,,ok,,2026-07-20T16:41:33.067887+00:00
credit-g,gaussian_copula,fresh,0.0,1,3,2000,3.0581,24.21,False,0.0736396072511766,0.9229874837426544,0.1045084814332911,0.0443846153846153,0.19502772207202,1.0,0.925,0.6103033003233493,0.5138095238095238,0.7975,0,,ok,,2026-07-20T16:41:33.067887+00:00
credit-g,gaussian_copula,fresh,0.0,1,4,2000,4.1553,24.21,False,0.0974630981723763,0.8981811974190678,0.1282495601544016,0.0498461538461538,0.2068694010719813,1.0,0.945,0.7030912826190171,0.5542857142857145,0.7975,0,,ok,,2026-07-20T16:41:33.067887+00:00
credit-g,gaussian_copula,fresh,0.0,1,5,2000,2.5903,24.21,False,0.0829001615622534,0.9232804824055804,0.114540347306768,0.0570384615384615,0.2483360357208186,1.0,0.94,0.6892876188933217,0.6158333333333333,0.7975,0,,ok,,2026-07-20T16:41:33.067887+00:00
credit-g,gaussian_copula,fresh,0.0,1,6,2000,5.5553,24.21,False,0.099288124938554,0.9054336999679672,0.1239768930890753,0.0564615384615384,0.2626492160974836,1.0,0.96,0.7670669717896272,0.6163095238095239,0.7975,0,,ok,,2026-07-20T16:41:33.067887+00:00
credit-g,gaussian_copula,fresh,0.0,1,7,2000,5.059,24.21,False,0.1214435621273992,0.8928127980378308,0.1412658645859161,0.0601538461538461,0.2538343156698361,1.0,0.92,0.7557452448296734,0.5891666666666666,0.7975,0,,ok,,2026-07-20T16:41:33.067887+00:00
credit-g,gaussian_copula,fresh,0.01,1,4,2000,3.9421,24.21,False,0.053950735417273,0.9530650606937956,0.1049078520498626,0.0514230769230769,0.1865372636144869,1.0,0.95,0.7154402118759435,0.5553571428571429,0.7975,0,,ok,,2026-07-20T16:41:33.067887+00:00
credit-g,gaussian_copula,fresh,0.0,1,8,2000,4.3964,24.21,False,0.1142582577141383,0.9221813253487964,0.1410197501556511,0.0544615384615384,0.2515105715406497,1.0,0.905,0.7207753633460917,0.5695238095238097,0.7975,0,,ok,,2026-07-20T16:41:33.067887+00:00
credit-g,gaussian_copula,fresh,0.0,1,10,2000,4.9747,24.21,False,0.0946967985531326,0.9009162503183764,0.1285099794402975,0.0544230769230769,0.2459601109473732,0.9814814814814816,0.895,0.7611906545967583,0.544404761904762,0.7975,0,,ok,,2026-07-20T16:41:33.067887+00:00
credit-g,gaussian_copula,fresh,0.0,1,11,2000,3.2462,24.21,False,0.0935644004704773,0.9051183049014856,0.1285180932174341,0.0550384615384615,0.2481358234395582,1.0,0.915,0.7120885846659961,0.5767857142857143,0.7975,0,,ok,,2026-07-20T16:41:33.067887+00:00
credit-g,gaussian_copula,fresh,0.0,1,12,2000,4.4563,24.21,False,0.1083575506919673,0.8586143426527316,0.1369462701143241,0.0559615384615384,0.2376650208132112,1.0,0.955,0.7348096694276244,0.5752380952380952,0.7975,0,,ok,,2026-07-20T16:41:33.067887+00:00
credit-g,gaussian_copula,fresh,0.01,1,0,2000,6.2563,23.75,True,0.0575423782055482,0.9348739697735906,0.0933394481654824,0.0386538461538461,0.1577329062438912,1.0,0.93,0.552794597793484,0.6910714285714286,0.7975,0,,ok,,2026-07-20T16:41:33.067887+00:00
credit-g,gaussian_copula,fresh,0.01,1,1,2000,2.4335,23.98,False,0.0640919539935269,0.9160068731335852,0.0980603729478561,0.0468461538461538,0.1383518829590043,1.0,0.94,0.5628691684049225,0.6057142857142856,0.7975,0,,ok,,2026-07-20T16:41:33.067887+00:00
credit-g,gaussian_copula,fresh,0.01,1,2,2000,2.9969,24.21,False,0.0668408662727832,0.9332650311657624,0.1028437298058637,0.0484999999999999,0.1421249046399025,1.0,0.96,0.6601265495228515,0.5882142857142857,0.7975,0,,ok,,2026-07-20T16:41:33.067887+00:00
credit-g,gaussian_copula,fresh,0.0,1,9,2000,4.6513,24.21,False,0.1051825102088239,0.9226304899322524,0.13927014500435,0.0642307692307692,0.2408635984506057,1.0,0.945,0.7687152208203667,0.6422619047619048,0.7975,0,,ok,,2026-07-20T16:41:33.067887+00:00
credit-g,gaussian_copula,fresh,0.02,1,9,2000,2.592,24.21,False,0.0994326758200636,0.9264701962800392,0.13315572507642,0.0524615384615384,0.2471163830769191,1.0,0.945,0.6729165119675256,0.5386904761904762,0.7975,0,,ok,,2026-07-20T16:41:33.067887+00:00
credit-g,gaussian_copula,fresh,0.02,1,10,2000,3.9147,24.21,False,0.1241180821664358,0.9184750167051262,0.147220549443688,0.0527307692307692,0.2234933817299706,1.0,0.93,0.7484738226551548,0.5463095238095238,0.7975,0,,ok,,2026-07-20T16:41:33.067887+00:00
credit-g,gaussian_copula,fresh,0.02,1,11,2000,3.623,24.21,False,0.0922183332373326,0.9185462722620746,0.1188610894350249,0.0479615384615384,0.2398719954351674,1.0,0.91,0.6722954652337588,0.6146428571428573,0.7975,0,,ok,,2026-07-20T16:41:33.067887+00:00
credit-g,gaussian_copula,fresh,0.1,1,5,2000,4.328,24.21,False,0.090468122401192,0.9332228364983178,0.1134060096045327,0.0481153846153846,0.1970168114684559,1.0,0.94,0.6476009819738935,0.5852380952380952,0.7975,0,,ok,,2026-07-20T16:41:33.067887+00:00
credit-g,gaussian_copula,fresh,0.1,1,6,2000,3.423,24.21,False,0.0934898504507829,0.91827947898323,0.1133676731436009,0.0489615384615384,0.1822333989024473,1.0,0.93,0.6608730431965005,0.5789285714285713,0.7975,0,,ok,,2026-07-20T16:41:33.067887+00:00
credit-g,gaussian_copula,fresh,0.1,1,7,2000,3.1438,24.21,False,0.09466458961621,0.9444735724578092,0.1193590879297656,0.0471538461538461,0.1848656048967498,1.0,0.955,0.5324997581067975,0.6117857142857142,0.7975,0,,ok,,2026-07-20T16:41:33.067887+00:00
credit-g,gaussian_copula,fresh,0.1,1,8,2000,4.1929,24.21,False,0.0583228947305591,0.957084003434684,0.0893823877452607,0.0489230769230769,0.1976548660319213,1.0,0.935,0.6523904673826705,0.5644047619047619,0.7975,0,,ok,,2026-07-20T16:41:33.067887+00:00
credit-g,gaussian_copula,fresh,0.1,1,9,2000,3.7383,24.21,False,0.0749948003245331,0.9095307269736764,0.102269698827858,0.0506923076923076,0.2393704079971164,1.0,0.94,0.6262851279558787,0.6146428571428572,0.7975,0,,ok,,2026-07-20T16:41:33.067887+00:00
credit-g,gaussian_copula,fresh,0.1,1,10,2000,3.5539,24.21,False,0.0795564745017646,0.9142008520202572,0.1059311462891387,0.0534615384615384,0.1963706980706293,1.0,0.885,0.6418529244325635,0.6446428571428571,0.7975,0,,ok,,2026-07-20T16:41:33.067887+00:00
credit-g,gaussian_copula,fresh,0.1,1,4,2000,3.0309,24.21,False,0.0707856362064605,0.9409499004307688,0.1054986078870061,0.0489615384615384,0.179169522252764,1.0,0.935,0.6440097117308078,0.6308333333333334,0.7975,0,,ok,,2026-07-20T16:41:33.067887+00:00
credit-g,gaussian_copula,fresh,0.1,1,11,2000,5.2883,24.21,False,0.0794477341063208,0.933121212374004,0.0963038508214611,0.0471538461538461,0.1969112398242648,1.0,0.955,0.5539866249935308,0.6070238095238095,0.7975,0,,ok,,2026-07-20T16:41:33.067887+00:00
credit-g,gaussian_copula,fresh,0.2,1,0,2000,6.2563,23.75,True,0.0575423782055482,0.9348739697735906,0.0933394481654824,0.0386538461538461,0.1577329062438912,1.0,0.93,0.552794597793484,0.6910714285714286,0.7975,0,,ok,,2026-07-20T16:41:33.067887+00:00
credit-g,gaussian_copula,fresh,0.2,1,1,2000,10.081,23.98,False,0.0463484298530022,0.93576995028064,0.0921604693199015,0.0354230769230769,0.1630742176835238,1.0,0.92,0.552981361847479,0.6782142857142857,0.7975,0,,ok,,2026-07-20T16:41:33.067887+00:00
credit-g,gaussian_copula,fresh,0.2,1,2,2000,4.6432,24.21,False,0.0418917917449289,0.96712994096626,0.0883374971042641,0.0402692307692307,0.1710148007608858,1.0,0.93,0.5676738424566449,0.5933333333333333,0.7975,0,,ok,,2026-07-20T16:41:33.067887+00:00
credit-g,gaussian_copula,fresh,0.2,1,3,2000,3.8453,24.21,False,0.0563718384103754,0.9452076700678854,0.0852945161994172,0.0401538461538461,0.1516480328036845,1.0,0.94,0.5388885513634901,0.6757142857142857,0.7975,0,,ok,,2026-07-20T16:41:33.067887+00:00
credit-g,gaussian_copula,fresh,0.2,1,4,2000,2.526,24.21,False,0.0673647840407794,0.9299235717376312,0.0911654853507796,0.0441538461538461,0.1599200361891408,1.0,0.94,0.5890437005384656,0.6828571428571428,0.7975,0,,ok,,2026-07-20T16:41:33.067887+00:00
credit-g,gaussian_copula,fresh,0.2,1,5,2000,3.2231,24.21,False,0.0560967984952321,0.9372322797730024,0.0961293165498804,0.0439615384615384,0.1874431367081392,1.0,0.925,0.6408538492521562,0.6194047619047619,0.7975,0,,ok,,2026-07-20T16:41:33.067887+00:00
credit-g,gaussian_copula,fresh,0.1,1,12,2000,9.0615,24.21,False,0.0786745344389931,0.9096627697029644,0.1024896455568588,0.0486538461538461,0.1999625263055676,1.0,0.925,0.6621055734444017,0.6242857142857143,0.7975,0,,ok,,2026-07-20T16:41:33.067887+00:00
credit-g,gaussian_copula,fresh,0.1,1,3,2000,2.9734,24.21,False,0.0768648211990544,0.9327166949916929,0.1108153681725331,0.0540384615384615,0.1795403548131557,1.0,0.93,0.6902518164491879,0.5673809523809524,0.7975,0,,ok,,2026-07-20T16:41:33.067887+00:00
credit-g,gaussian_copula,fresh,0.1,1,2,2000,4.7212,24.21,False,0.0726474799388493,0.9503484302062324,0.1065991247446363,0.0463461538461538,0.1812788896448742,1.0,0.935,0.6727702509613848,0.6255952380952381,0.7975,0,,ok,,2026-07-20T16:41:33.067887+00:00
credit-g,gaussian_copula,fresh,0.1,1,1,2000,2.7207,23.98,False,0.0712879607467514,0.9408767492186584,0.1020515883516912,0.0468846153846153,0.1661449874692646,1.0,0.93,0.591193737328734,0.6791666666666667,0.7975,0,,ok,,2026-07-20T16:41:33.067887+00:00
credit-g,gaussian_copula,fresh,0.02,1,12,2000,3.4705,24.21,False,0.0982094931845918,0.8979337879149513,0.1276653638667274,0.052,0.2552470168163017,1.0,0.915,0.7031407863441723,0.5886904761904761,0.7975,0,,ok,,2026-07-20T16:41:33.067887+00:00
credit-g,gaussian_copula,fresh,0.05,1,0,2000,6.2563,23.75,True,0.0575423782055482,0.9348739697735906,0.0933394481654824,0.0386538461538461,0.1577329062438912,1.0,0.93,0.552794597793484,0.6910714285714286,0.7975,0,,ok,,2026-07-20T16:41:33.067887+00:00
credit-g,gaussian_copula,fresh,0.05,1,1,2000,2.4794,23.98,False,0.0389383219329489,0.9399359547242544,0.0848305287607638,0.0433076923076923,0.1553539570986311,1.0,0.94,0.5973181356897106,0.705,0.7975,0,,ok,,2026-07-20T16:41:33.067887+00:00
credit-g,gaussian_copula,fresh,0.05,1,2,2000,2.4036,24.21,False,0.0558775382561845,0.9101955739501112,0.0952351412217049,0.0412307692307692,0.2095923984077273,1.0,0.94,0.5914316927348783,0.5975,0.7975,0,,ok,,2026-07-20T16:41:33.067887+00:00
credit-g,gaussian_copula,fresh,0.05,1,3,2000,3.8265,24.21,False,0.0640308378217204,0.8875301295933566,0.1018455694027312,0.0494999999999999,0.2049398265047841,1.0,0.91,0.6317935424640705,0.6428571428571429,0.7975,0,,ok,,2026-07-20T16:41:33.067887+00:00
credit-g,gaussian_copula,fresh,0.05,1,4,2000,3.0243,24.21,False,0.0490180681938855,0.9233034128998204,0.0831755998488163,0.0438846153846154,0.2065814804383506,1.0,0.93,0.6435833046436744,0.6464285714285714,0.7975,0,,ok,,2026-07-20T16:41:33.067887+00:00
credit-g,gaussian_copula,fresh,0.05,1,5,2000,2.7099,24.21,False,0.05480895807867,0.8807053120362863,0.095797724323773,0.0436153846153846,0.2145291685404365,1.0,0.94,0.6642038563401895,0.5692857142857143,0.7975,0,,ok,,2026-07-20T16:41:33.067887+00:00
credit-g,gaussian_copula,fresh,0.05,1,6,2000,2.5845,24.21,False,0.0507849994811736,0.881889161675179,0.0981853322607668,0.0473461538461538,0.2209627664104108,1.0,0.92,0.573848307085108,0.6488095238095238,0.7975,0,,ok,,2026-07-20T16:41:33.067887+00:00
credit-g,gaussian_copula,fresh,0.05,1,7,2000,3.1705,24.21,False,0.0663156800010245,0.8833210119373867,0.1027844442951597,0.047076923076923,0.2233398518779042,1.0,0.895,0.6356075794703552,0.5246428571428572,0.7975,0,,ok,,2026-07-20T16:41:33.067887+00:00
credit-g,gaussian_copula,fresh,0.05,1,8,2000,3.145,24.21,False,0.057428157043902,0.8912465808624831,0.0973893444413806,0.049076923076923,0.2180126305521299,1.0,0.92,0.6463881407075882,0.6388095238095238,0.7975,0,,ok,,2026-07-20T16:41:33.067887+00:00
credit-g,gaussian_copula,fresh,0.05,1,9,2000,4.0262,24.21,False,0.058104958095485,0.9175414870246807,0.0881757898551938,0.0508846153846153,0.244789544553466,1.0,0.93,0.710993877289266,0.545595238095238,0.7975,0,,ok,,2026-07-20T16:41:33.067887+00:00
credit-g,gaussian_copula,fresh,0.05,1,10,2000,3.4517,24.21,False,0.0585924147425803,0.9318286233128144,0.0928351388621254,0.0485,0.2411112332967943,1.0,0.965,0.6882435403264097,0.6166666666666666,0.7975,0,,ok,,2026-07-20T16:41:33.067887+00:00
credit-g,gaussian_copula,fresh,0.05,1,11,2000,3.0682,24.21,False,0.0678210260280966,0.9023700776532152,0.1012376038457563,0.0470384615384615,0.2493075841005982,1.0,0.925,0.6450807923296228,0.5780952380952381,0.7975,0,,ok,,2026-07-20T16:41:33.067887+00:00
credit-g,gaussian_copula,fresh,0.05,1,12,2000,5.629,24.21,False,0.086259675750799,0.8588642511371012,0.1156288212537063,0.0517307692307692,0.2549549027519834,1.0,0.91,0.7189178485681046,0.5945238095238097,0.7975,0,,ok,,2026-07-20T16:41:33.067887+00:00
credit-g,gaussian_copula,fresh,0.1,1,0,2000,6.2563,23.75,True,0.0575423782055482,0.9348739697735906,0.0933394481654824,0.0386538461538461,0.1577329062438912,1.0,0.93,0.552794597793484,0.6910714285714286,0.7975,0,,ok,,2026-07-20T16:41:33.067887+00:00
credit-g,gaussian_copula,fresh,0.2,1,7,2000,2.9854,24.21,False,0.0592371947090018,0.9271757512302896,0.0879882448173979,0.0427307692307692,0.1935562313275369,1.0,0.92,0.7151105620697958,0.6204761904761904,0.7975,0,,ok,,2026-07-20T16:41:33.067887+00:00
credit-g,gaussian_copula,fixed,0.01,2,2,2000,1.9776,24.21,False,0.073052107166171,0.9905341165881756,0.0997217486019312,0.0534615384615384,0.1688813954832446,1.0,0.905,0.6523330880648769,0.6041666666666666,0.804404761904762,0,,ok,,2026-07-20T16:41:33.067887+00:00
credit-g,gaussian_copula,fixed,0.01,2,3,2000,2.8127,24.21,False,0.0633235747927724,0.9445416526446996,0.0945953371710832,0.0549230769230769,0.1721425965000449,1.0,0.93,0.6990376025795942,0.520357142857143,0.804404761904762,0,,ok,,2026-07-20T16:41:33.067887+00:00
credit-g,gaussian_copula,fixed,0.01,2,4,2000,3.5363,24.21,False,0.0544032196324653,0.9641634485652978,0.0872985553774842,0.0565384615384615,0.1866672137541869,1.0,0.925,0.6716541669760648,0.6020238095238096,0.804404761904762,0,,ok,,2026-07-20T16:41:33.067887+00:00
credit-g,gaussian_copula,fixed,0.75,2,6,2000,6.0024,24.21,False,0.0611951689073986,0.983043829675202,0.0918572580487248,0.0468076923076923,0.1250090038358567,1.0,0.935,0.5608085758453324,0.7007142857142856,0.804404761904762,0,,ok,,2026-07-20T16:41:33.067887+00:00
credit-g,gaussian_copula,fixed,0.75,2,7,2000,4.833,24.21,False,0.0650411565330514,0.9919156144752476,0.0976856353500146,0.0432307692307692,0.1436258453020182,1.0,0.905,0.5900152111446385,0.6796428571428571,0.804404761904762,0,,ok,,2026-07-20T16:41:33.067887+00:00
credit-g,gaussian_copula,fixed,0.75,2,8,2000,3.3267,24.21,False,0.0577031683646621,0.970227281589139,0.096887763241247,0.0431538461538461,0.1417778146806108,1.0,0.94,0.5929927477042648,0.6920238095238095,0.804404761904762,0,,ok,,2026-07-20T16:41:33.067887+00:00
credit-g,gaussian_copula,fixed,0.75,2,9,2000,2.5334,24.21,False,0.0614387900753255,0.980874555698222,0.1000921436765465,0.0396923076923076,0.1529489947027819,1.0,0.95,0.5424320055084145,0.6869047619047619,0.804404761904762,0,,ok,,2026-07-20T16:41:33.067887+00:00
credit-g,gaussian_copula,fixed,0.75,2,10,2000,2.4954,24.21,False,0.0624257114820704,0.9880401353705428,0.0961197829319894,0.0433846153846153,0.1424136995079259,1.0,0.94,0.5543950307260621,0.6540476190476191,0.804404761904762,0,,ok,,2026-07-20T16:41:33.067887+00:00
credit-g,gaussian_copula,fixed,0.75,2,11,2000,3.4488,24.21,False,0.0641576907589569,0.9878495747203928,0.097823315797349,0.0399615384615384,0.1494860830833776,1.0,0.95,0.5941037688086029,0.6055952380952381,0.804404761904762,0,,ok,,2026-07-20T16:41:33.067887+00:00
credit-g,gaussian_copula,fixed,0.75,2,5,2000,2.9864,24.21,False,0.0694476184352841,1.0000465014772248,0.0930890796360041,0.0429615384615384,0.1532193975243289,1.0,0.93,0.5690745728616079,0.6819047619047619,0.804404761904762,0,,ok,,2026-07-20T16:41:33.067887+00:00
credit-g,gaussian_copula,fixed,0.75,2,12,2000,2.7375,24.21,False,0.0623289042170924,0.9720045829853154,0.1023237076792188,0.046076923076923,0.1448996517254452,1.0,0.94,0.5569506605372054,0.6835714285714286,0.804404761904762,0,,ok,,2026-07-20T16:41:33.067887+00:00
credit-g,gaussian_copula,fixed,1.0,2,1,2000,3.6846,23.98,False,0.0702364648948914,0.9091239193879508,0.094947868069517,0.0356923076923076,0.144192018998943,1.0,0.92,0.5348894379302043,0.6588095238095238,0.804404761904762,0,,ok,,2026-07-20T16:41:33.067887+00:00
credit-g,gaussian_copula,fixed,1.0,2,2,2000,4.7634,24.21,False,0.0514302179485784,0.9360586655427712,0.089443998446918,0.0414230769230769,0.1442301615311664,1.0,0.93,0.6550175400698903,0.6221428571428572,0.804404761904762,0,,ok,,2026-07-20T16:41:33.067887+00:00
credit-g,gaussian_copula,fixed,1.0,2,3,2000,3.7664,24.21,False,0.0563608297309981,0.9453565021717422,0.0893437820962903,0.0429615384615384,0.1427513505969957,1.0,0.905,0.5990423279351771,0.6895238095238095,0.804404761904762,0,,ok,,2026-07-20T16:41:33.067887+00:00
credit-g,gaussian_copula,fixed,1.0,2,4,2000,4.5985,24.21,False,0.0620759662513891,0.952187545401762,0.101105472130756,0.042076923076923,0.1524586529182104,1.0,0.94,0.5749638285280967,0.6192857142857142,0.804404761904762,0,,ok,,2026-07-20T16:41:33.067887+00:00
credit-g,gaussian_copula,fixed,1.0,2,5,2000,4.0666,24.21,False,0.0603890511573377,0.9159905337653302,0.1053116192423443,0.0352692307692307,0.1391219425609852,1.0,0.945,0.5683252664763023,0.6885714285714285,0.804404761904762,0,,ok,,2026-07-20T16:41:33.067887+00:00
credit-g,gaussian_copula,fixed,1.0,2,6,2000,2.5265,24.21,False,0.0660407525383945,0.9112778349366428,0.1017512082783939,0.0366923076923076,0.1397954538925615,1.0,0.89,0.5668266537056913,0.6603571428571429,0.804404761904762,0,,ok,,2026-07-20T16:41:33.067887+00:00
credit-g,gaussian_copula,fixed,1.0,2,0,2000,4.0503,23.75,True,0.0542425229102352,0.953392825610954,0.0900164304951048,0.044076923076923,0.1321453790199717,1.0,0.925,0.5052890229989807,0.6220238095238095,0.804404761904762,0,,ok,,2026-07-20T16:41:33.067887+00:00
credit-g,gaussian_copula,fixed,1.0,2,7,2000,3.1572,24.21,False,0.0530540600553851,0.9276703870409284,0.0851733802822482,0.0348076923076922,0.1213691658985842,1.0,0.95,0.5620956726993707,0.6398809523809523,0.804404761904762,0,,ok,,2026-07-20T16:41:33.067887+00:00
credit-g,gaussian_copula,fixed,0.75,2,4,2000,7.691,24.21,False,0.0566094963725891,0.9813063531231904,0.0944341424081275,0.0454230769230769,0.1613363156455825,1.0,0.93,0.6417820440988184,0.6604761904761905,0.804404761904762,0,,ok,,2026-07-20T16:41:33.067887+00:00
credit-g,gaussian_copula,fixed,0.75,2,2,2000,6.0407,24.21,False,0.0571798674498692,0.9750455291453156,0.0981494895576421,0.0379615384615384,0.1295601210517888,1.0,0.89,0.5871141803420707,0.5933333333333333,0.804404761904762,0,,ok,,2026-07-20T16:41:33.067887+00:00
credit-g,gaussian_copula,fixed,0.5,2,1,2000,3.4242,23.98,False,0.0604267579108656,0.9446748065563184,0.0906007701502088,0.0437307692307692,0.1163235814877606,1.0,0.945,0.6086347997686826,0.7182142857142858,0.804404761904762,0,,ok,,2026-07-20T16:41:33.067887+00:00
credit-g,gaussian_copula,fixed,0.5,2,2,2000,6.8642,24.21,False,0.0523027862958606,0.9368809064853114,0.0880271493538432,0.0439230769230769,0.1639496779558233,1.0,0.94,0.6073240761367293,0.649047619047619,0.804404761904762,0,,ok,,2026-07-20T16:41:33.067887+00:00
credit-g,gaussian_copula,fixed,0.5,2,3,2000,4.3755,24.21,False,0.0637676216084805,0.9446256335233546,0.0858507549477462,0.038576923076923,0.1525419546760229,1.0,0.94,0.6029643730690735,0.6544047619047619,0.804404761904762,0,,ok,,2026-07-20T16:41:33.067887+00:00
credit-g,gaussian_copula,fixed,0.5,2,4,2000,5.6204,24.21,False,0.0554235620286083,0.9042518845325908,0.0882633731960295,0.0348461538461538,0.1382118807563989,1.0,0.93,0.6315966526481117,0.6959523809523811,0.804404761904762,0,,ok,,2026-07-20T16:41:33.067887+00:00
credit-g,gaussian_copula,fixed,0.5,2,5,2000,3.2151,24.21,False,0.0631791055474719,0.9066606686015584,0.0931874297731029,0.0380384615384615,0.1617039922577526,1.0,0.92,0.592976996518988,0.7161904761904762,0.804404761904762,0,,ok,,2026-07-20T16:41:33.067887+00:00
credit-g,gaussian_copula,fixed,0.5,2,6,2000,3.3373,24.21,False,0.0614849281855172,0.9306522176608948,0.0923384250236298,0.0353846153846153,0.1408935068684166,1.0,0.915,0.5465661291012148,0.6471428571428571,0.804404761904762,0,,ok,,2026-07-20T16:41:33.067887+00:00
credit-g,gaussian_copula,fixed,0.75,2,3,2000,6.7529,24.21,False,0.0570122924326896,0.9822778038086274,0.0947830238938891,0.041,0.1330425188408122,1.0,0.93,0.6217139089716501,0.630952380952381,0.804404761904762,0,,ok,,2026-07-20T16:41:33.067887+00:00
credit-g,gaussian_copula,fixed,0.5,2,7,2000,5.3373,24.21,False,0.0488501763638236,0.9121365103296544,0.0786439393885619,0.0369999999999999,0.1384268659773894,1.0,0.915,0.5671174880909788,0.636547619047619,0.804404761904762,0,,ok,,2026-07-20T16:41:33.067887+00:00
credit-g,gaussian_copula,fixed,0.5,2,9,2000,3.7517,24.21,False,0.0531377174283056,0.9265031839672448,0.0897267039080277,0.0413846153846153,0.1377086034643026,1.0,0.96,0.5806618198019401,0.7019047619047619,0.804404761904762,0,,ok,,2026-07-20T16:41:33.067887+00:00
credit-g,gaussian_copula,fixed,0.5,2,10,2000,4.8291,24.21,False,0.0622543338399929,0.9257070839466676,0.0873070956509143,0.0403076923076923,0.1561037901873024,1.0,0.925,0.563578534284705,0.6079761904761904,0.804404761904762,0,,ok,,2026-07-20T16:41:33.067887+00:00
credit-g,gaussian_copula,fixed,0.5,2,11,2000,5.4799,24.21,False,0.0377184107457803,0.9404539982987156,0.0739283723465482,0.0403461538461538,0.159590223766733,1.0,0.965,0.6375731023759538,0.5973809523809523,0.804404761904762,0,,ok,,2026-07-20T16:41:33.067887+00:00
credit-g,gaussian_copula,fixed,0.5,2,12,2000,4.733,24.21,False,0.0662889804963519,0.9274502494496598,0.0958718144817374,0.0422692307692307,0.1668809130458582,1.0,0.925,0.634302481261715,0.6784523809523809,0.804404761904762,0,,ok,,2026-07-20T16:41:33.067887+00:00
credit-g,gaussian_copula,fixed,0.75,2,0,2000,4.0503,23.75,True,0.0542425229102352,0.953392825610954,0.0900164304951048,0.044076923076923,0.1321453790199717,1.0,0.925,0.5052890229989807,0.6220238095238095,0.804404761904762,0,,ok,,2026-07-20T16:41:33.067887+00:00
credit-g,gaussian_copula,fixed,0.75,2,1,2000,4.9004,23.98,False,0.0522604176900676,0.9532595878122662,0.093668889321238,0.0460384615384615,0.1624885825778133,1.0,0.935,0.6167252835775893,0.6861904761904762,0.804404761904762,0,,ok,,2026-07-20T16:41:33.067887+00:00
credit-g,gaussian_copula,fixed,0.5,2,8,2000,3.0996,24.21,False,0.0496933128496856,0.9253384903078228,0.0807831565513285,0.043076923076923,0.1660578488147527,1.0,0.94,0.6088969444950733,0.6533333333333334,0.804404761904762,0,,ok,,2026-07-20T16:41:33.067887+00:00
credit-g,gaussian_copula,fixed,1.0,2,8,2000,3.2484,24.21,False,0.0573910584517292,0.9332517720792508,0.0952518247305576,0.0397307692307692,0.1335006687528561,1.0,0.9,0.6442853574731499,0.5902380952380952,0.804404761904762,0,,ok,,2026-07-20T16:41:33.067887+00:00
credit-g,gaussian_copula,fixed,1.0,2,9,2000,4.3095,24.21,False,0.0616793432223165,0.9117745875817652,0.1037929159971105,0.0384999999999999,0.120634717004211,1.0,0.945,0.5735152820249724,0.7126190476190476,0.804404761904762,0,,ok,,2026-07-20T16:41:33.067887+00:00
credit-g,gaussian_copula,fixed,1.0,2,10,2000,3.7354,24.21,False,0.0655635535646933,0.915852518143278,0.0990926047462068,0.0374615384615384,0.1290687565604067,1.0,0.92,0.6418945525650805,0.6510714285714286,0.804404761904762,0,,ok,,2026-07-20T16:41:33.067887+00:00
credit-g,gaussian_copula,fresh,0.01,2,4,2000,4.9106,24.21,False,0.0507250570924506,0.96362121354795,0.0842423720900991,0.0471923076923076,0.1971619761205434,1.0,0.935,0.7215921748111546,0.5815476190476191,0.804404761904762,0,,ok,,2026-07-20T16:41:33.067887+00:00
credit-g,gaussian_copula,fresh,0.01,2,5,2000,2.6675,24.21,False,0.0523051497001446,0.9559304777333444,0.0873996991571501,0.0541153846153846,0.2142885791858284,1.0,0.92,0.5916640227177093,0.5913095238095238,0.804404761904762,0,,ok,,2026-07-20T16:41:33.067887+00:00
credit-g,gaussian_copula,fresh,0.01,2,6,2000,4.9283,24.21,False,0.0812919275485808,0.9841723426426492,0.1054349820892736,0.0539615384615384,0.211359432796131,1.0,0.935,0.7344395165736222,0.596547619047619,0.804404761904762,0,,ok,,2026-07-20T16:41:33.067887+00:00
credit-g,gaussian_copula,fresh,0.01,2,7,2000,2.8022,24.21,False,0.0664745905632675,0.9839572087418688,0.1021915722671521,0.0528076923076923,0.2369486321958241,1.0,0.885,0.6401219816791214,0.5603571428571428,0.804404761904762,0,,ok,,2026-07-20T16:41:33.067887+00:00
credit-g,gaussian_copula,fresh,0.01,2,8,2000,4.6275,24.21,False,0.0762551235337712,0.98774363219427,0.0972963358320548,0.0537307692307692,0.2304365997992374,1.0,0.925,0.751651061742396,0.5016666666666667,0.804404761904762,0,,ok,,2026-07-20T16:41:33.067887+00:00
credit-g,gaussian_copula,fresh,0.01,2,9,2000,3.1956,24.21,False,0.0739906645370053,0.9988123319448758,0.1098315094855825,0.0594230769230769,0.2385305369689799,1.0,0.91,0.7009704980299767,0.510357142857143,0.804404761904762,0,,ok,,2026-07-20T16:41:33.067887+00:00
credit-g,gaussian_copula,fresh,0.01,2,3,2000,2.1758,24.21,False,0.0670403283004032,0.9698629833824356,0.1026046020057563,0.0508076923076923,0.1678153481192244,1.0,0.925,0.6518335504746732,0.6504761904761905,0.804404761904762,0,,ok,,2026-07-20T16:41:33.067887+00:00
credit-g,gaussian_copula,fresh,0.01,2,10,2000,2.7094,24.21,False,0.0766932031926695,0.9922026141356504,0.1054996565806717,0.0559615384615384,0.2615890044057716,1.0,0.93,0.6986449480323395,0.5642857142857143,0.804404761904762,0,,ok,,2026-07-20T16:41:33.067887+00:00
credit-g,gaussian_copula,fresh,0.01,2,12,2000,4.7336,24.21,False,0.0776055426749556,0.9719664328994508,0.1018096486825719,0.0596538461538461,0.2600945692077779,1.0,0.9,0.7609318851243557,0.6141666666666666,0.804404761904762,0,,ok,,2026-07-20T16:41:33.067887+00:00
credit-g,gaussian_copula,fresh,0.02,2,0,2000,4.0503,23.75,True,0.0542425229102352,0.953392825610954,0.0900164304951048,0.044076923076923,0.1321453790199717,1.0,0.925,0.5052890229989807,0.6220238095238095,0.804404761904762,0,,ok,,2026-07-20T16:41:33.067887+00:00
credit-g,gaussian_copula,fresh,0.02,2,1,2000,2.9372,23.98,False,0.0615514036183589,0.9666371293728092,0.0965686108226298,0.044,0.1561852227198085,1.0,0.905,0.5893756005139387,0.6158333333333333,0.804404761904762,0,,ok,,2026-07-20T16:41:33.067887+00:00
credit-g,gaussian_copula,fresh,0.02,2,2,2000,2.5826,24.21,False,0.0354978389190891,0.9367361744152736,0.0969009423245903,0.0441923076923076,0.1757589673821329,1.0,0.925,0.5799997074779878,0.6522619047619047,0.804404761904762,0,,ok,,2026-07-20T16:41:33.067887+00:00
credit-g,gaussian_copula,fresh,0.02,2,3,2000,3.1602,24.21,False,0.062577781890021,0.922363864394332,0.0973731113283801,0.048,0.1725846821656217,1.0,0.915,0.7310237595379051,0.6122619047619048,0.804404761904762,0,,ok,,2026-07-20T16:41:33.067887+00:00
credit-g,gaussian_copula,fresh,0.02,2,4,2000,2.5992,24.21,False,0.0723039080743345,0.8977757544679079,0.1002395549470575,0.0583461538461538,0.1683012387244909,1.0,0.905,0.6532714086735026,0.5175,0.804404761904762,0,,ok,,2026-07-20T16:41:33.067887+00:00
credit-g,gaussian_copula,fresh,0.01,2,11,2000,2.7745,24.21,False,0.0627334691320806,0.9609589635872862,0.115782804815039,0.0586538461538461,0.257300226051401,1.0,0.925,0.6947274032370935,0.6071428571428571,0.804404761904762,0,,ok,,2026-07-20T16:41:33.067887+00:00
credit-g,gaussian_copula,fresh,0.01,2,2,2000,4.0115,24.21,False,0.0487827342491825,0.9705613127539868,0.0950490801718071,0.0481538461538461,0.1625038841777205,1.0,0.905,0.6187695624095713,0.6649999999999999,0.804404761904762,0,,ok,,2026-07-20T16:41:33.067887+00:00
credit-g,gaussian_copula,fresh,0.01,2,1,2000,3.0717,23.98,False,0.060055857072914,0.9416533375140836,0.1038761474191698,0.0459615384615384,0.1360804069025896,1.0,0.925,0.6485123005506165,0.7013095238095238,0.804404761904762,0,,ok,,2026-07-20T16:41:33.067887+00:00
credit-g,gaussian_copula,fresh,0.01,2,0,2000,4.0503,23.75,True,0.0542425229102352,0.953392825610954,0.0900164304951048,0.044076923076923,0.1321453790199717,1.0,0.925,0.5052890229989807,0.6220238095238095,0.804404761904762,0,,ok,,2026-07-20T16:41:33.067887+00:00
credit-g,gaussian_copula,fixed,1.0,2,11,2000,2.5265,24.21,False,0.0593294513569574,0.9271590468814148,0.09336776107544,0.0376153846153846,0.1302947538801075,1.0,0.945,0.5616321378183708,0.6852380952380953,0.804404761904762,0,,ok,,2026-07-20T16:41:33.067887+00:00
credit-g,gaussian_copula,fixed,1.0,2,12,2000,2.6628,24.21,False,0.0671857883025317,0.9433646947750914,0.0996926350762963,0.0379999999999999,0.1189668240610058,1.0,0.95,0.5566035719187868,0.6001190476190477,0.804404761904762,0,,ok,,2026-07-20T16:41:33.067887+00:00
credit-g,gaussian_copula,fresh,0.0,2,0,2000,4.0503,23.75,True,0.0542425229102352,0.953392825610954,0.0900164304951048,0.044076923076923,0.1321453790199717,1.0,0.925,0.5052890229989807,0.6220238095238095,0.804404761904762,0,,ok,,2026-07-20T16:41:33.067887+00:00
credit-g,gaussian_copula,fresh,0.0,2,1,2000,2.5984,23.98,False,0.0626472000952131,0.9200360451104658,0.1036024919592716,0.0488461538461538,0.1575038979441242,1.0,0.935,0.6054187452605809,0.6567857142857142,0.804404761904762,0,,ok,,2026-07-20T16:41:33.067887+00:00
credit-g,gaussian_copula,fresh,0.0,2,2,2000,4.3847,24.21,False,0.0775469771583816,0.9611928735283384,0.106969562568952,0.0469230769230769,0.1793505096622822,1.0,0.925,0.703053029740488,0.5466666666666666,0.804404761904762,0,,ok,,2026-07-20T16:41:33.067887+00:00
credit-g,gaussian_copula,fresh,0.0,2,3,2000,4.0896,24.21,False,0.0605357329014108,0.9189032882407424,0.1108844522196764,0.0471923076923077,0.213002002195542,1.0,0.94,0.6213010029004683,0.5998809523809524,0.804404761904762,0,,ok,,2026-07-20T16:41:33.067887+00:00
credit-g,gaussian_copula,fresh,0.0,2,4,2000,3.6362,24.21,False,0.0607678354131443,0.9568477720388688,0.1032423986235256,0.0485384615384615,0.1980332958344031,1.0,0.905,0.6577402449534328,0.6567857142857143,0.804404761904762,0,,ok,,2026-07-20T16:41:33.067887+00:00
credit-g,gaussian_copula,fresh,0.0,2,5,2000,3.6577,24.21,False,0.0380105412510165,0.9234173795328292,0.1025111145457466,0.047,0.2234112552505625,1.0,0.945,0.694298745980635,0.5532142857142857,0.804404761904762,0,,ok,,2026-07-20T16:41:33.067887+00:00
credit-g,gaussian_copula,fresh,0.0,2,6,2000,4.5048,24.21,False,0.0638454104052291,0.947465245223754,0.1043545057061206,0.0507307692307692,0.2543888983465048,1.0,0.895,0.7456003564268211,0.6086904761904762,0.804404761904762,0,,ok,,2026-07-20T16:41:33.067887+00:00
credit-g,gaussian_copula,fresh,0.0,2,7,2000,5.6172,24.21,False,0.0626601085664064,0.9480697641185436,0.1165994989087366,0.0541923076923076,0.2410395796376074,1.0,0.925,0.7432961830377737,0.4913095238095238,0.804404761904762,0,,ok,,2026-07-20T16:41:33.067887+00:00
credit-g,gaussian_copula,fresh,0.0,2,8,2000,3.8172,24.21,False,0.0545977407941982,0.9529758158264166,0.1066168874068549,0.0459230769230769,0.2226422648461804,1.0,0.91,0.7562650339438042,0.5445238095238095,0.804404761904762,0,,ok,,2026-07-20T16:41:33.067887+00:00
credit-g,gaussian_copula,fresh,0.0,2,9,2000,6.106,24.21,False,0.066588463404992,0.9677662813395164,0.1181555657351126,0.0543076923076922,0.2327825442302764,1.0,0.935,0.7727812767910786,0.5544047619047618,0.804404761904762,0,,ok,,2026-07-20T16:41:33.067887+00:00
credit-g,gaussian_copula,fresh,0.0,2,10,2000,4.7645,24.21,False,0.0740207407650937,0.9841087530918446,0.1233135838803217,0.0562692307692307,0.247953676538523,1.0,0.88,0.7812632900625772,0.535952380952381,0.804404761904762,0,,ok,,2026-07-20T16:41:33.067887+00:00
credit-g,gaussian_copula,fresh,0.0,2,11,2000,5.2184,24.21,False,0.0881101640722011,1.0066954703306514,0.1358731471543914,0.0631923076923076,0.25188379494913,1.0,0.905,0.8448181975693672,0.5701190476190476,0.804404761904762,0,,ok,,2026-07-20T16:41:33.067887+00:00
credit-g,gaussian_copula,fresh,0.0,2,12,2000,4.8001,24.21,False,0.0738138852703767,0.9568646604143566,0.1255279882668349,0.0546153846153846,0.2540915758083281,1.0,0.905,0.7268913235720987,0.4714285714285715,0.804404761904762,0,,ok,,2026-07-20T16:41:33.067887+00:00
credit-g,gaussian_copula,fixed,0.5,2,0,2000,4.0503,23.75,True,0.0542425229102352,0.953392825610954,0.0900164304951048,0.044076923076923,0.1321453790199717,1.0,0.925,0.5052890229989807,0.6220238095238095,0.804404761904762,0,,ok,,2026-07-20T16:41:33.067887+00:00
credit-g,gaussian_copula,fixed,0.35,2,12,2000,2.7839,24.21,False,0.0645833423181189,0.9908763387708828,0.0895927453452649,0.0384615384615384,0.1548510488779179,1.0,0.93,0.6407750933257729,0.6213095238095239,0.804404761904762,0,,ok,,2026-07-20T16:41:33.067887+00:00
credit-g,gaussian_copula,fixed,0.35,2,11,2000,7.1777,24.21,False,0.054991958659471,0.9625260625706248,0.0821561841325259,0.0463461538461538,0.1706088702654143,1.0,0.915,0.5774913312226745,0.6280952380952382,0.804404761904762,0,,ok,,2026-07-20T16:41:33.067887+00:00
credit-g,gaussian_copula,fixed,0.35,2,10,2000,17.4815,24.21,False,0.0415042659776786,0.9659327434120232,0.0716121479076435,0.0418461538461538,0.1400463411755933,1.0,0.935,0.60996014950125,0.6516666666666666,0.804404761904762,0,,ok,,2026-07-20T16:41:33.067887+00:00
credit-g,gaussian_copula,fixed,0.02,2,11,2000,2.3065,24.21,False,0.0812093528783584,0.9361130803799032,0.1025885910355537,0.0520384615384615,0.2678277294540765,1.0,0.905,0.6927000006750509,0.5197619047619048,0.804404761904762,0,,ok,,2026-07-20T16:41:33.067887+00:00
credit-g,gaussian_copula,fixed,0.02,2,12,2000,3.6367,24.21,False,0.0814772062174637,0.9410576508132752,0.1055181399004828,0.0524230769230769,0.2541787637168243,1.0,0.92,0.7518322003730781,0.5996428571428573,0.804404761904762,0,,ok,,2026-07-20T16:41:33.067887+00:00
credit-g,gaussian_copula,fixed,0.05,2,0,2000,4.0503,23.75,True,0.0542425229102352,0.953392825610954,0.0900164304951048,0.044076923076923,0.1321453790199717,1.0,0.925,0.5052890229989807,0.6220238095238095,0.804404761904762,0,,ok,,2026-07-20T16:41:33.067887+00:00
credit-g,gaussian_copula,fixed,0.05,2,1,2000,2.0745,23.98,False,0.0874051157477193,0.9962448217823232,0.1067551528273251,0.0477307692307692,0.1213617957601381,1.0,0.905,0.6681484031673383,0.6775,0.804404761904762,0,,ok,,2026-07-20T16:41:33.067887+00:00
credit-g,gaussian_copula,fixed,0.05,2,2,2000,2.9522,24.21,False,0.0863619722554982,0.9629860505786868,0.117383833418162,0.0431923076923077,0.1576466100268601,1.0,0.935,0.7076962541431242,0.6120238095238095,0.804404761904762,0,,ok,,2026-07-20T16:41:33.067887+00:00
credit-g,gaussian_copula,fixed,0.05,2,3,2000,2.099,24.21,False,0.0884217645500254,0.948085329602476,0.1219979552933238,0.042,0.175736503327647,1.0,0.92,0.6512530067887609,0.5921428571428573,0.804404761904762,0,,ok,,2026-07-20T16:41:33.067887+00:00
credit-g,gaussian_copula,fixed,0.02,2,10,2000,2.4738,24.21,False,0.0653441984440098,0.9241329264267144,0.1060499796661981,0.0484230769230769,0.2700971367671742,1.0,0.895,0.6660107423083587,0.5894047619047619,0.804404761904762,0,,ok,,2026-07-20T16:41:33.067887+00:00
credit-g,gaussian_copula,fixed,0.05,2,4,2000,2.309,24.21,False,0.0851129872512259,0.9107812028560084,0.1210361632412687,0.0477692307692307,0.1835945545940348,1.0,0.93,0.6803071931162821,0.5758333333333333,0.804404761904762,0,,ok,,2026-07-20T16:41:33.067887+00:00
credit-g,gaussian_copula,fixed,0.05,2,6,2000,1.8089,24.21,False,0.0810517739164557,0.928474083067064,0.1130751710226498,0.0476923076923077,0.1984848765437577,1.0,0.945,0.6136065488928042,0.6008333333333333,0.804404761904762,0,,ok,,2026-07-20T16:41:33.067887+00:00
credit-g,gaussian_copula,fixed,0.05,2,7,2000,2.6027,24.21,False,0.0974077931706472,0.9326554349026038,0.1272655888883384,0.0517307692307692,0.1870446944879406,1.0,0.915,0.7495089005447659,0.6161904761904762,0.804404761904762,0,,ok,,2026-07-20T16:41:33.067887+00:00
credit-g,gaussian_copula,fixed,0.05,2,8,2000,2.6169,24.21,False,0.1096130307887842,0.9572176784215984,0.138463035854768,0.0518076923076923,0.1664539625012319,1.0,0.935,0.7522361057669591,0.6216666666666667,0.804404761904762,0,,ok,,2026-07-20T16:41:33.067887+00:00
credit-g,gaussian_copula,fixed,0.05,2,9,2000,2.3716,24.21,False,0.112464831717255,0.9429149797858712,0.133405560651928,0.0572692307692307,0.2108487841743609,1.0,0.92,0.6768976240462093,0.6522619047619048,0.804404761904762,0,,ok,,2026-07-20T16:41:33.067887+00:00
credit-g,gaussian_copula,fixed,0.05,2,10,2000,3.5798,24.21,False,0.1189549598837613,0.978314165808049,0.1392154227849939,0.0603461538461538,0.216374801416002,1.0,0.91,0.6893348724491517,0.6019047619047619,0.804404761904762,0,,ok,,2026-07-20T16:41:33.067887+00:00
credit-g,gaussian_copula,fixed,0.05,2,11,2000,2.9569,24.21,False,0.1011320120631151,0.9781147028084184,0.1226388394001412,0.0560384615384615,0.2323066583940339,1.0,0.915,0.684408126711535,0.5127380952380952,0.804404761904762,0,,ok,,2026-07-20T16:41:33.067887+00:00
credit-g,gaussian_copula,fixed,0.05,2,5,2000,2.2415,24.21,False,0.0692547137552087,0.93343039951825,0.1086216220262758,0.0474615384615384,0.1941390275854398,1.0,0.925,0.6609748633584677,0.5607142857142857,0.804404761904762,0,,ok,,2026-07-20T16:41:33.067887+00:00
credit-g,gaussian_copula,fixed,0.02,2,9,2000,2.0863,24.21,False,0.0703816085980064,0.9069223946507956,0.1018325753324965,0.0489615384615384,0.241078956411127,1.0,0.925,0.7024364833453718,0.5242857142857144,0.804404761904762,0,,ok,,2026-07-20T16:41:33.067887+00:00
credit-g,gaussian_copula,fixed,0.02,2,8,2000,3.1079,24.21,False,0.0691888920007084,0.9595210665024722,0.1100225003126123,0.0526923076923076,0.2363112186002817,1.0,0.91,0.742369113275774,0.4586904761904762,0.804404761904762,0,,ok,,2026-07-20T16:41:33.067887+00:00
credit-g,gaussian_copula,fixed,0.02,2,7,2000,2.2149,24.21,False,0.0602175306121556,0.9433481456277863,0.1094638475815696,0.0488076923076923,0.2370088315963769,1.0,0.925,0.6622484591965545,0.4961904761904762,0.804404761904762,0,,ok,,2026-07-20T16:41:33.067887+00:00
credit-g,gaussian_copula,fixed,0.01,2,5,2000,2.3586,24.21,False,0.0678948658924102,0.946812266582781,0.1057444319507754,0.062076923076923,0.1927883301327576,1.0,0.945,0.725944002286172,0.6441666666666668,0.804404761904762,0,,ok,,2026-07-20T16:41:33.067887+00:00
credit-g,gaussian_copula,fixed,0.01,2,6,2000,2.506,24.21,False,0.0510596907131545,0.9757115369716776,0.0942782543248211,0.0557307692307692,0.2171714172772361,1.0,0.9,0.7002706953698264,0.5579761904761905,0.804404761904762,0,,ok,,2026-07-20T16:41:33.067887+00:00
credit-g,gaussian_copula,fixed,0.01,2,7,2000,3.0164,24.21,False,0.0482056279084418,0.9759964821696766,0.0902182627236482,0.0615384615384615,0.223235917935671,1.0,0.95,0.6303545591805784,0.6366666666666667,0.804404761904762,0,,ok,,2026-07-20T16:41:33.067887+00:00
credit-g,gaussian_copula,fixed,0.01,2,8,2000,2.7292,24.21,False,0.0639811871962923,0.969035390086086,0.1049987459843861,0.0632692307692307,0.2351688661202846,1.0,0.9,0.7423319854819076,0.548452380952381,0.804404761904762,0,,ok,,2026-07-20T16:41:33.067887+00:00
credit-g,gaussian_copula,fixed,0.01,2,9,2000,2.236,24.21,False,0.0796597764637034,0.9828183064659444,0.1124561747486043,0.063576923076923,0.2264525440354979,0.9814814814814816,0.94,0.7065250410093359,0.5511904761904762,0.804404761904762,0,,ok,,2026-07-20T16:41:33.067887+00:00
credit-g,gaussian_copula,fixed,0.01,2,10,2000,2.8197,24.21,False,0.0668709396350841,0.980170048573738,0.1083998935176891,0.0663076923076923,0.2384913634384489,0.9814814814814816,0.925,0.6947538427266652,0.5688095238095238,0.804404761904762,0,,ok,,2026-07-20T16:41:33.067887+00:00
credit-g,gaussian_copula,fixed,0.01,2,11,2000,2.396,24.21,False,0.0838837905187129,1.0076757273247807,0.1075347669779497,0.0595,0.2433960650565587,0.9814814814814816,0.925,0.6857700416956375,0.6004761904761905,0.804404761904762,0,,ok,,2026-07-20T16:41:33.067887+00:00
credit-g,gaussian_copula,fixed,0.01,2,12,2000,2.7375,24.21,False,0.07128354450958,0.9912166896705256,0.105632082493878,0.0721538461538461,0.2533845773016875,0.9814814814814816,0.925,0.7583138131144369,0.6127380952380952,0.804404761904762,0,,ok,,2026-07-20T16:41:33.067887+00:00
credit-g,gaussian_copula,fixed,0.02,2,0,2000,4.0503,23.75,True,0.0542425229102352,0.953392825610954,0.0900164304951048,0.044076923076923,0.1321453790199717,1.0,0.925,0.5052890229989807,0.6220238095238095,0.804404761904762,0,,ok,,2026-07-20T16:41:33.067887+00:00
credit-g,gaussian_copula,fixed,0.02,2,1,2000,2.3578,23.98,False,0.080646180100951,0.9760257348620188,0.1064365328752284,0.0497692307692307,0.1685947976937692,1.0,0.935,0.6494629970905311,0.5945238095238096,0.804404761904762,0,,ok,,2026-07-20T16:41:33.067887+00:00
credit-g,gaussian_copula,fixed,0.02,2,2,2000,2.5436,24.21,False,0.0573017434682483,0.935524796031116,0.0952869490111205,0.0517692307692307,0.148154879046102,1.0,0.955,0.6524647229704035,0.6713095238095239,0.804404761904762,0,,ok,,2026-07-20T16:41:33.067887+00:00
credit-g,gaussian_copula,fixed,0.02,2,3,2000,2.4332,24.21,False,0.0552406154934321,0.9623416289381188,0.0881001173911683,0.0456153846153846,0.1772340948953331,1.0,0.945,0.6968875657893255,0.5603571428571429,0.804404761904762,0,,ok,,2026-07-20T16:41:33.067887+00:00
credit-g,gaussian_copula,fixed,0.02,2,4,2000,1.9357,24.21,False,0.0679776878665635,0.9577604175897868,0.0997767930835645,0.041076923076923,0.1710410156066368,1.0,0.915,0.5914463188354923,0.5672619047619047,0.804404761904762,0,,ok,,2026-07-20T16:41:33.067887+00:00
credit-g,gaussian_copula,fixed,0.02,2,5,2000,1.8684,24.21,False,0.0630167932949953,0.9325610795182744,0.1019076864126721,0.0466923076923076,0.213504854770573,1.0,0.935,0.6387251890704775,0.4723809523809524,0.804404761904762,0,,ok,,2026-07-20T16:41:33.067887+00:00
credit-g,gaussian_copula,fixed,0.02,2,6,2000,1.7528,24.21,False,0.0576916270963491,0.9570677802937858,0.0986667077440202,0.0472307692307692,0.228347225307837,1.0,0.925,0.6607250945633659,0.5438095238095239,0.804404761904762,0,,ok,,2026-07-20T16:41:33.067887+00:00
credit-g,gaussian_copula,fixed,0.05,2,12,2000,2.8793,24.21,False,0.0960196761080016,0.9844029575224642,0.1257262157893006,0.0659615384615384,0.2435511272421192,1.0,0.885,0.7019065684692775,0.5301190476190476,0.804404761904762,0,,ok,,2026-07-20T16:41:33.067887+00:00
bank-marketing,gaussian_copula,fresh,0.1,0,11,2000,46.9266,39.8,False,0.0421347138913023,1.0996331510868729,0.065386332857109,0.029787705653237,0.4633590271355048,1.0,0.8955,0.9456151135727388,0.6432772696442882,0.8995903827237507,0,,ok,,2026-07-20T16:41:33.067887+00:00
credit-g,gaussian_copula,fixed,0.1,2,0,2000,4.0503,23.75,True,0.0542425229102352,0.953392825610954,0.0900164304951048,0.044076923076923,0.1321453790199717,1.0,0.925,0.5052890229989807,0.6220238095238095,0.804404761904762,0,,ok,,2026-07-20T16:41:33.067887+00:00
credit-g,gaussian_copula,fixed,0.1,2,2,2000,1.9513,24.21,False,0.0360777555521795,0.9841432852384248,0.0829487421665872,0.0486153846153846,0.1388577635430916,1.0,0.95,0.5386393451107195,0.5938095238095239,0.804404761904762,0,,ok,,2026-07-20T16:41:33.067887+00:00
credit-g,gaussian_copula,fixed,0.2,2,9,2000,6.2867,24.21,False,0.0310580872495898,0.9813645936039463,0.0649994148147926,0.0373461538461538,0.1660830375188329,1.0,0.935,0.6678885086102729,0.6088095238095238,0.804404761904762,0,,ok,,2026-07-20T16:41:33.067887+00:00
credit-g,gaussian_copula,fixed,0.2,2,10,2000,5.314,24.21,False,0.0568524701702893,0.9768125452174006,0.0892823019529148,0.0396538461538461,0.1859584065377152,1.0,0.91,0.6882806681202761,0.6430952380952382,0.804404761904762,0,,ok,,2026-07-20T16:41:33.067887+00:00
credit-g,gaussian_copula,fixed,0.2,2,11,2000,5.029,24.21,False,0.0612827717805918,0.9926006676096604,0.0909726411319492,0.0441538461538461,0.1702846229762698,1.0,0.9,0.6285251715191569,0.5855952380952381,0.804404761904762,0,,ok,,2026-07-20T16:41:33.067887+00:00
credit-g,gaussian_copula,fixed,0.2,2,12,2000,17.3858,24.21,False,0.0634806153562657,0.987694956316435,0.0939272234192568,0.0461538461538461,0.2019490420072513,1.0,0.94,0.7215077934614579,0.6633333333333333,0.804404761904762,0,,ok,,2026-07-20T16:41:33.067887+00:00
credit-g,gaussian_copula,fixed,0.35,2,0,2000,4.0503,23.75,True,0.0542425229102352,0.953392825610954,0.0900164304951048,0.044076923076923,0.1321453790199717,1.0,0.925,0.5052890229989807,0.6220238095238095,0.804404761904762,0,,ok,,2026-07-20T16:41:33.067887+00:00
credit-g,gaussian_copula,fixed,0.35,2,1,2000,17.8248,23.98,False,0.0674292013011066,0.985052546551491,0.0892616941054732,0.0429230769230769,0.1273281094090713,1.0,0.935,0.5819927949578205,0.705,0.804404761904762,0,,ok,,2026-07-20T16:41:33.067887+00:00
credit-g,gaussian_copula,fixed,0.2,2,8,2000,4.0697,24.21,False,0.045371688664038,0.9641542232897518,0.0774091278684081,0.0413461538461538,0.1602833611406229,1.0,0.92,0.618883195960496,0.6185714285714287,0.804404761904762,0,,ok,,2026-07-20T16:41:33.067887+00:00
credit-g,gaussian_copula,fixed,0.35,2,2,2000,892.5426,24.21,False,0.0522287676046884,0.9545959945156608,0.0856575329961373,0.0395384615384615,0.143919766667994,1.0,0.925,0.550960709793412,0.684047619047619,0.804404761904762,0,,ok,,2026-07-20T16:41:33.067887+00:00
credit-g,gaussian_copula,fixed,0.35,2,4,2000,4.7022,24.21,False,0.0578402919261274,0.9624024349434942,0.0888897657521453,0.042576923076923,0.1524729485829176,1.0,0.905,0.5608760809250896,0.6410714285714286,0.804404761904762,0,,ok,,2026-07-20T16:41:33.067887+00:00
credit-g,gaussian_copula,fixed,0.35,2,5,2000,7.337,24.21,False,0.0578035012700623,0.954967662479131,0.0942743817792574,0.0419230769230769,0.1521373343566644,1.0,0.945,0.5587732976906512,0.7001190476190476,0.804404761904762,0,,ok,,2026-07-20T16:41:33.067887+00:00
credit-g,gaussian_copula,fixed,0.35,2,6,2000,33.2364,24.21,False,0.0516353438413821,0.9527974696147968,0.0951991212420639,0.0436923076923077,0.1536926247038578,1.0,0.935,0.6672753374691446,0.6445238095238095,0.804404761904762,0,,ok,,2026-07-20T16:41:33.067887+00:00
credit-g,gaussian_copula,fixed,0.35,2,7,2000,524.4933,24.21,False,0.0603213208596415,0.9310126881046406,0.09012769068635,0.0412692307692307,0.1494034329402581,1.0,0.945,0.5824625178044648,0.6207142857142857,0.804404761904762,0,,ok,,2026-07-20T16:41:33.067887+00:00
credit-g,gaussian_copula,fixed,0.35,2,8,2000,14.9832,24.21,False,0.060718342756026,0.933620507244282,0.0929043132867218,0.0496153846153846,0.1417215385848314,1.0,0.955,0.6400505388030449,0.6233333333333333,0.804404761904762,0,,ok,,2026-07-20T16:41:33.067887+00:00
credit-g,gaussian_copula,fixed,0.35,2,9,2000,2.795,24.21,False,0.0637138029348371,0.9549662341741796,0.0857796366420104,0.0438076923076923,0.1456022270433793,1.0,0.91,0.5595934844097018,0.6811904761904763,0.804404761904762,0,,ok,,2026-07-20T16:41:33.067887+00:00
credit-g,gaussian_copula,fixed,0.35,2,3,2000,7.2087,24.21,False,0.0609637015930428,0.9524717060610276,0.0918545291034239,0.0402307692307692,0.1595281625791831,1.0,0.92,0.6013093735303582,0.6980952380952381,0.804404761904762,0,,ok,,2026-07-20T16:41:33.067887+00:00
credit-g,gaussian_copula,fixed,0.2,2,7,2000,7.9893,24.21,False,0.0499833676917718,0.9443801574443536,0.0939305662808289,0.0443846153846154,0.1586989076275658,1.0,0.96,0.5976393473608889,0.6772619047619047,0.804404761904762,0,,ok,,2026-07-20T16:41:33.067887+00:00
credit-g,gaussian_copula,fixed,0.2,2,6,2000,7.9998,24.21,False,0.0632450945852384,0.963397029710318,0.0906718198319365,0.041076923076923,0.1630065024033198,1.0,0.94,0.5720723609451611,0.6278571428571429,0.804404761904762,0,,ok,,2026-07-20T16:41:33.067887+00:00
credit-g,gaussian_copula,fixed,0.2,2,5,2000,3.3927,24.21,False,0.0465412862324998,0.9530666573100838,0.0900263220331634,0.0438076923076923,0.1759217981577299,1.0,0.93,0.671253636836172,0.6063095238095239,0.804404761904762,0,,ok,,2026-07-20T16:41:33.067887+00:00
credit-g,gaussian_copula,fixed,0.1,2,3,2000,2.0428,24.21,False,0.050550641604196,1.0057609872521336,0.0876104212910601,0.0482692307692307,0.1699265990688484,1.0,0.885,0.613363530605678,0.6382142857142857,0.804404761904762,0,,ok,,2026-07-20T16:41:33.067887+00:00
credit-g,gaussian_copula,fixed,0.1,2,4,2000,2.1013,24.21,False,0.0566728576278039,0.9974470482565452,0.0967769911432977,0.0497307692307692,0.1644509909598221,1.0,0.94,0.6325540996960022,0.5772619047619048,0.804404761904762,0,,ok,,2026-07-20T16:41:33.067887+00:00
credit-g,gaussian_copula,fixed,0.1,2,5,2000,2.2749,24.21,False,0.0388767585189209,1.007021148496556,0.0849102217803905,0.0492692307692307,0.1755651342310775,1.0,0.94,0.7287747152973262,0.6104761904761905,0.804404761904762,0,,ok,,2026-07-20T16:41:33.067887+00:00
credit-g,gaussian_copula,fixed,0.1,2,6,2000,1.9723,24.21,False,0.0288104418211433,1.0136744081090563,0.0771543223753754,0.0450384615384615,0.1946167860682246,1.0,0.92,0.7006858516103337,0.6979761904761905,0.804404761904762,0,,ok,,2026-07-20T16:41:33.067887+00:00
credit-g,gaussian_copula,fixed,0.1,2,7,2000,3.1794,24.21,False,0.042276011949065,0.9888037643339926,0.093387100443838,0.0551923076923077,0.1917114466581915,1.0,0.925,0.6074129578250763,0.6028571428571429,0.804404761904762,0,,ok,,2026-07-20T16:41:33.067887+00:00
credit-g,gaussian_copula,fixed,0.1,2,8,2000,2.1132,24.21,False,0.0587914885955557,0.9903299158547092,0.0922200940493107,0.055076923076923,0.1994867779404373,1.0,0.9,0.6316956600984224,0.6057142857142858,0.804404761904762,0,,ok,,2026-07-20T16:41:33.067887+00:00
credit-g,gaussian_copula,fixed,0.1,2,9,2000,1.6192,24.21,False,0.0256395889396074,0.994555900033084,0.0712887701860694,0.0522692307692307,0.2173697455040762,1.0,0.935,0.6522419562072046,0.5603571428571428,0.804404761904762,0,,ok,,2026-07-20T16:41:33.067887+00:00
credit-g,gaussian_copula,fixed,0.1,2,10,2000,1.5839,24.21,False,0.0495855708000614,1.0082459801382313,0.0922315540999626,0.0592307692307692,0.199363361942244,1.0,0.915,0.6302054854627811,0.5909523809523811,0.804404761904762,0,,ok,,2026-07-20T16:41:33.067887+00:00
credit-g,gaussian_copula,fixed,0.1,2,11,2000,2.5337,24.21,False,0.0325643263457269,1.005709668602815,0.076290585315967,0.0568076923076923,0.2061000246059563,1.0,0.895,0.6612223819842443,0.6051190476190477,0.804404761904762,0,,ok,,2026-07-20T16:41:33.067887+00:00
credit-g,gaussian_copula,fixed,0.1,2,12,2000,2.3904,24.21,False,0.0385953464032521,1.030421341948797,0.0769922583142967,0.0561923076923077,0.2258814880704965,1.0,0.935,0.6495158760696742,0.6197619047619048,0.804404761904762,0,,ok,,2026-07-20T16:41:33.067887+00:00
credit-g,gaussian_copula,fixed,0.2,2,0,2000,4.0503,23.75,True,0.0542425229102352,0.953392825610954,0.0900164304951048,0.044076923076923,0.1321453790199717,1.0,0.925,0.5052890229989807,0.6220238095238095,0.804404761904762,0,,ok,,2026-07-20T16:41:33.067887+00:00
credit-g,gaussian_copula,fixed,0.2,2,1,2000,2.6959,23.98,False,0.0682461104193527,0.9530148044596402,0.0989103553144789,0.0412307692307692,0.156489259859198,1.0,0.91,0.6115915222620503,0.5695238095238094,0.804404761904762,0,,ok,,2026-07-20T16:41:33.067887+00:00
credit-g,gaussian_copula,fixed,0.2,2,2,2000,3.2064,24.21,False,0.0605918412613825,0.983654093715403,0.0860595731730206,0.0419615384615384,0.1767314738990674,1.0,0.915,0.6135367936437217,0.6051190476190477,0.804404761904762,0,,ok,,2026-07-20T16:41:33.067887+00:00
credit-g,gaussian_copula,fixed,0.2,2,3,2000,3.1206,24.21,False,0.0462497853906091,0.9462937840781488,0.0818547596529769,0.0442692307692307,0.1598488591951558,1.0,0.935,0.592748604332476,0.6136904761904762,0.804404761904762,0,,ok,,2026-07-20T16:41:33.067887+00:00
credit-g,gaussian_copula,fixed,0.2,2,4,2000,2.4799,24.21,False,0.0584475899157982,0.9402390229968786,0.0938518891711065,0.0426153846153846,0.1560102302985702,1.0,0.91,0.6198260169077724,0.635952380952381,0.804404761904762,0,,ok,,2026-07-20T16:41:33.067887+00:00
credit-g,gaussian_copula,fixed,0.1,2,1,2000,2.9859,23.98,False,0.0565382347746063,0.9955631716246393,0.0851692330226877,0.0517307692307692,0.1673960615754748,1.0,0.945,0.6717981778128804,0.5897619047619048,0.804404761904762,0,,ok,,2026-07-20T16:41:33.067887+00:00
credit-g,gaussian_copula,fresh,0.0,1,1,2000,3.4045,23.98,False,0.0823556237762906,0.9377168291978152,0.1112390351963978,0.0423461538461538,0.1807348353154752,1.0,0.935,0.6644119970027744,0.6283333333333333,0.7975,0,,ok,,2026-07-20T16:41:33.067887+00:00
bank-marketing,gaussian_copula,fresh,0.1,0,12,2000,15.9473,39.8,False,0.0512610156667083,1.1649131581804433,0.0750262282150574,0.0271520758843549,0.4637706648771452,1.0,0.888,0.9423129098452608,0.6256765106597555,0.8995903827237507,0,,ok,,2026-07-20T16:41:33.067887+00:00
bank-marketing,gaussian_copula,fresh,0.2,0,1,2000,55.4612,39.57,False,0.0326255296731667,0.940647384610612,0.0495998167072477,0.0211841571749788,0.2242125909538007,1.0,0.8965,0.9182854365686488,0.6368914777589834,0.8995903827237507,0,,ok,,2026-07-20T16:41:33.067887+00:00
bank-marketing,gaussian_copula,fixed,0.1,2,9,2000,13.6196,39.8,False,0.0321870151614241,0.8572008628067845,0.0679869456815672,0.0501402312408615,0.4169987703565018,1.0,0.8865,0.9535425940203311,0.6302223687372235,0.8950931152811331,0,,ok,,2026-07-20T16:41:33.067887+00:00
bank-marketing,gaussian_copula,fixed,0.1,2,10,2000,15.144,39.8,False,0.0279124191782033,0.9032060538903596,0.071012704574646,0.0435439136471426,0.4357554867088587,1.0,0.8785,0.9583479901255796,0.6052407455851176,0.8950931152811331,0,,ok,,2026-07-20T16:41:33.067887+00:00
bank-marketing,gaussian_copula,fixed,0.1,2,11,2000,16.0976,39.8,False,0.0537851100573843,0.9564013474874812,0.088246753634584,0.0455563787828523,0.4254958547505131,1.0,0.868,0.9555406855193992,0.6755749497226013,0.8950931152811331,0,,ok,,2026-07-20T16:41:33.067887+00:00
bank-marketing,gaussian_copula,fixed,0.1,2,12,2000,15.9156,39.8,False,0.0604104941045735,0.995292293755264,0.0886992604144375,0.0493956651553688,0.4367302018824991,1.0,0.88175,0.9574366415668404,0.6023549590264354,0.8950931152811331,0,,ok,,2026-07-20T16:41:33.067887+00:00
bank-marketing,gaussian_copula,fixed,0.2,2,0,2000,16.5792,39.34,True,0.0166859111525821,0.9368115412545333,0.0362660500390612,0.0217365119736567,0.160485768630609,1.0,0.89225,0.9046565418435706,0.7270726776221483,0.8950931152811331,0,,ok,,2026-07-20T16:41:33.067887+00:00
bank-marketing,gaussian_copula,fixed,0.2,2,1,2000,12.5232,39.57,False,0.0255743859397046,1.0101039843262245,0.0473221681637029,0.0230712583090665,0.2062319042020027,1.0,0.896,0.9100310556257996,0.6855738488872686,0.8950931152811331,0,,ok,,2026-07-20T16:41:33.067887+00:00
bank-marketing,gaussian_copula,fixed,0.1,2,8,2000,15.2005,39.8,False,0.0507149948051907,0.8877029067192647,0.0729957790328629,0.0404304618673743,0.4052477295485145,1.0,0.87175,0.9489334824373452,0.6113098993505073,0.8950931152811331,0,,ok,,2026-07-20T16:41:33.067887+00:00
bank-marketing,gaussian_copula,fixed,0.2,2,2,2000,14.039,40.18,False,0.0372981264386198,0.9048074822971904,0.0517873417006181,0.0191768832860284,0.2724406113615715,1.0,0.9075,0.9271880576228404,0.6471848799675195,0.8950931152811331,0,,ok,,2026-07-20T16:41:33.067887+00:00
bank-marketing,gaussian_copula,fixed,0.2,2,4,2000,15.1483,39.8,False,0.0396414482853887,0.8894338640572449,0.0492777936593082,0.0251305368179193,0.3205241891040764,1.0,0.9,0.9259794995911196,0.6499670933094068,0.8950931152811331,0,,ok,,2026-07-20T16:41:33.067887+00:00
bank-marketing,gaussian_copula,fixed,0.2,2,5,2000,16.4245,39.8,False,0.0465325866499063,0.9621099337409068,0.0591728960429643,0.027206728347279,0.3468169976367631,1.0,0.8895,0.9218480059914664,0.6710391530433362,0.8950931152811331,0,,ok,,2026-07-20T16:41:33.067887+00:00
bank-marketing,gaussian_copula,fixed,0.2,2,6,2000,17.5432,39.8,False,0.0240263784744974,0.9518774282440244,0.0470931499227132,0.0265467826557066,0.3652677034363641,1.0,0.89075,0.9365637899069832,0.6472341216340185,0.8950931152811331,0,,ok,,2026-07-20T16:41:33.067887+00:00
bank-marketing,gaussian_copula,fixed,0.2,2,7,2000,16.9643,39.8,False,0.0350471081084043,0.9834885486292364,0.0531052798310765,0.0306280425620799,0.3691113704680669,1.0,0.88725,0.9393044325881506,0.6726648974388415,0.8950931152811331,0,,ok,,2026-07-20T16:41:33.067887+00:00
bank-marketing,gaussian_copula,fixed,0.2,2,8,2000,16.4964,39.8,False,0.0259909711858539,0.9468342604100662,0.0517888908143373,0.0295569316967083,0.3848344983548386,1.0,0.88075,0.9307041701358036,0.6309049458282484,0.8950931152811331,0,,ok,,2026-07-20T16:41:33.067887+00:00
bank-marketing,gaussian_copula,fixed,0.2,2,9,2000,14.2938,39.8,False,0.0427720472653164,0.8747397711445501,0.0612728214278491,0.0319134996989691,0.3691891777324894,1.0,0.875,0.9416051459392608,0.6809641305235595,0.8950931152811331,0,,ok,,2026-07-20T16:41:33.067887+00:00
bank-marketing,gaussian_copula,fixed,0.2,2,3,2000,14.929,39.8,False,0.0446728139120906,0.8850169255685645,0.0607854415964097,0.0229682996055881,0.315716358995344,1.0,0.89,0.920919997295228,0.6783311809832472,0.8950931152811331,0,,ok,,2026-07-20T16:41:33.067887+00:00
bank-marketing,gaussian_copula,fixed,0.2,2,10,2000,13.3881,39.8,False,0.0418143428974771,0.949632085915874,0.0737525802850193,0.0307497081843537,0.3978142963325943,1.0,0.87775,0.9374392858138242,0.6043922737931353,0.8950931152811331,0,,ok,,2026-07-20T16:41:33.067887+00:00
bank-marketing,gaussian_copula,fixed,0.1,2,7,2000,14.6907,39.8,False,0.0360740619735812,0.8696128623000171,0.0690379255783102,0.0380270067701229,0.4036701999365921,1.0,0.8885,0.9420377683888356,0.6615527933400646,0.8950931152811331,0,,ok,,2026-07-20T16:41:33.067887+00:00
bank-marketing,gaussian_copula,fixed,0.1,2,5,2000,14.454,39.8,False,0.0313471948305987,0.9632499362378668,0.0658139759535617,0.0357860161942324,0.3745939697614673,1.0,0.87975,0.9422265682804828,0.6032477009705106,0.8950931152811331,0,,ok,,2026-07-20T16:41:33.067887+00:00
bank-marketing,gaussian_copula,fixed,0.05,2,4,2000,14.819,39.8,False,0.0631458871553506,1.1087492864408433,0.0753314498699785,0.0396317593718898,0.3347799027177071,1.0,0.884,0.9493947024083754,0.5708205247788565,0.8950931152811331,0,,ok,,2026-07-20T16:41:33.067887+00:00
bank-marketing,gaussian_copula,fixed,0.05,2,5,2000,15.8738,39.8,False,0.048089119859346,1.045785054954152,0.064067969099624,0.0345068315578655,0.3838794060365509,1.0,0.8875,0.9517004456382594,0.58273724481039,0.8950931152811331,0,,ok,,2026-07-20T16:41:33.067887+00:00
bank-marketing,gaussian_copula,fixed,0.05,2,6,2000,14.9904,39.8,False,0.0362926735148314,1.0098542233285828,0.0578676603378214,0.0415344403897428,0.4462899843819332,1.0,0.87375,0.9595879300558444,0.6267033059387107,0.8950931152811331,0,,ok,,2026-07-20T16:41:33.067887+00:00
bank-marketing,gaussian_copula,fixed,0.05,2,7,2000,16.8466,39.8,False,0.0480837618627659,1.1458394747094371,0.0645451848589292,0.0432981372946539,0.4359376615319774,0.9772727272727272,0.87375,0.9550586226577316,0.6252858324860058,0.8950931152811331,0,,ok,,2026-07-20T16:41:33.067887+00:00
bank-marketing,gaussian_copula,fixed,0.05,2,8,2000,14.0622,39.8,False,0.0516086524344536,1.1249911278938964,0.0694559943890527,0.0505147320825193,0.4508258561581441,0.9772727272727272,0.885,0.9565990446884332,0.6623336170253062,0.8950931152811331,0,,ok,,2026-07-20T16:41:33.067887+00:00
bank-marketing,gaussian_copula,fixed,0.05,2,9,2000,14.5572,39.8,False,0.0687494396897613,1.1680969534616403,0.0813616848180762,0.0456979861648666,0.4694707765190314,0.9772727272727272,0.86325,0.9657181744050604,0.6329200071495112,0.8950931152811331,0,,ok,,2026-07-20T16:41:33.067887+00:00
bank-marketing,gaussian_copula,fixed,0.1,2,6,2000,14.8821,39.8,False,0.0235088330878026,0.9712498895369476,0.0679524665669982,0.0388338616732402,0.3858175507696968,1.0,0.89175,0.942670181988304,0.6534431288344285,0.8950931152811331,0,,ok,,2026-07-20T16:41:33.067887+00:00
bank-marketing,gaussian_copula,fixed,0.05,2,10,2000,15.7781,39.8,False,0.0592476922248441,1.1092184927720727,0.0781868951871631,0.053186583852458,0.4801170201661303,0.9772727272727272,0.85825,0.9585061168692142,0.5793258389726483,0.8950931152811331,0,,ok,,2026-07-20T16:41:33.067887+00:00
bank-marketing,gaussian_copula,fixed,0.05,2,12,2000,14.1567,39.8,False,0.0860546765252271,1.1370526174324174,0.1023544117680485,0.0549816309730055,0.4691479312929013,0.9772727272727272,0.8635,0.9621735206206838,0.6007353106545472,0.8950931152811331,0,,ok,,2026-07-20T16:41:33.067887+00:00
bank-marketing,gaussian_copula,fixed,0.1,2,0,2000,16.5792,39.34,True,0.0166859111525821,0.9368115412545333,0.0362660500390612,0.0217365119736567,0.160485768630609,1.0,0.89225,0.9046565418435706,0.7270726776221483,0.8950931152811331,0,,ok,,2026-07-20T16:41:33.067887+00:00
bank-marketing,gaussian_copula,fixed,0.1,2,1,2000,14.4023,39.57,False,0.0415991439596306,0.8740169185766884,0.0523761678221125,0.0274883580915871,0.2278310197478248,1.0,0.9075,0.922597595178846,0.6581251117111124,0.8950931152811331,0,,ok,,2026-07-20T16:41:33.067887+00:00
bank-marketing,gaussian_copula,fixed,0.1,2,2,2000,14.8761,40.18,False,0.0284804506046205,1.0178492850533534,0.0460126653152772,0.0304346332952437,0.2750283374869051,1.0,0.90675,0.9367373707872124,0.6520441801913559,0.8950931152811331,0,,ok,,2026-07-20T16:41:33.067887+00:00
bank-marketing,gaussian_copula,fixed,0.1,2,3,2000,14.8862,39.8,False,0.0190943022258001,0.9753435551376582,0.0429839241986483,0.0290501615737157,0.3167288369638995,1.0,0.9035,0.932897508906356,0.6571367272994142,0.8950931152811331,0,,ok,,2026-07-20T16:41:33.067887+00:00
bank-marketing,gaussian_copula,fixed,0.1,2,4,2000,13.8843,39.8,False,0.0302291937737641,0.9179312985277458,0.0503108779268291,0.0328403000479192,0.3582022071810056,1.0,0.892,0.9373767087668758,0.6204317405153565,0.8950931152811331,0,,ok,,2026-07-20T16:41:33.067887+00:00
bank-marketing,gaussian_copula,fixed,0.05,2,11,2000,15.7253,39.8,False,0.078353520822201,1.1663691054691938,0.1009259503656399,0.0537949979726492,0.4698275297048593,0.9545454545454546,0.87525,0.9617162764026363,0.5823663343248743,0.8950931152811331,0,,ok,,2026-07-20T16:41:33.067887+00:00
bank-marketing,gaussian_copula,fixed,0.2,2,11,2000,14.9397,39.8,False,0.0597456450004223,0.9569604947825764,0.0780253675368239,0.0342246550431887,0.3735897590595806,1.0,0.8815,0.9382841940727166,0.6156876728932912,0.8950931152811331,0,,ok,,2026-07-20T16:41:33.067887+00:00
bank-marketing,gaussian_copula,fixed,0.2,2,12,2000,12.8202,39.8,False,0.0476114650764803,0.8973016442090646,0.0632374744403774,0.0342279172349392,0.3727775873519155,1.0,0.8685,0.9308007525832648,0.5875512687423134,0.8950931152811331,0,,ok,,2026-07-20T16:41:33.067887+00:00
bank-marketing,gaussian_copula,fixed,0.35,2,0,2000,16.5792,39.34,True,0.0166859111525821,0.9368115412545333,0.0362660500390612,0.0217365119736567,0.160485768630609,1.0,0.89225,0.9046565418435706,0.7270726776221483,0.8950931152811331,0,,ok,,2026-07-20T16:41:33.067887+00:00
bank-marketing,gaussian_copula,fixed,0.5,2,7,2000,14.2034,39.8,False,0.0490489267471716,1.0288677585994848,0.0619631055614996,0.0217614238146141,0.2087375190227273,1.0,0.897,0.9106617265989604,0.7219762243241995,0.8950931152811331,0,,ok,,2026-07-20T16:41:33.067887+00:00
bank-marketing,gaussian_copula,fixed,0.5,2,8,2000,14.4967,39.8,False,0.041006621982766,1.0345560952415462,0.0579868282542424,0.025280057011562,0.2196075535952235,1.0,0.90275,0.9104440164356232,0.6829202438882925,0.8950931152811331,0,,ok,,2026-07-20T16:41:33.067887+00:00
bank-marketing,gaussian_copula,fixed,0.5,2,9,2000,13.5679,39.8,False,0.0492370440697369,1.1819526631896058,0.064620498255975,0.020526539865089,0.2193704149406975,1.0,0.89925,0.9101596117222488,0.7450304386887986,0.8950931152811331,0,,ok,,2026-07-20T16:41:33.067887+00:00
bank-marketing,gaussian_copula,fixed,0.5,2,10,2000,10.3846,39.8,False,0.0675763222535525,1.01997465174642,0.0786729833070659,0.0275963360241807,0.2437278458787717,1.0,0.90775,0.9143969015262752,0.6958106705270872,0.8950931152811331,0,,ok,,2026-07-20T16:41:33.067887+00:00
bank-marketing,gaussian_copula,fixed,0.5,2,11,2000,11.8377,39.8,False,0.0554259211046685,1.1019586302720852,0.0651744156015325,0.0186937225846879,0.2374684783753172,1.0,0.90125,0.9051622589729847,0.7195976506043349,0.8950931152811331,0,,ok,,2026-07-20T16:41:33.067887+00:00
bank-marketing,gaussian_copula,fixed,0.5,2,12,2000,16.2127,39.8,False,0.0476805628591006,1.0478896822543875,0.0577030611219725,0.025110429184022,0.2368953321881838,1.0,0.91075,0.9151280969498548,0.7137223267160898,0.8950931152811331,0,,ok,,2026-07-20T16:41:33.067887+00:00
bank-marketing,gaussian_copula,fixed,0.5,2,6,2000,11.9631,39.8,False,0.0526678483001714,1.0112067284989146,0.0673683357718188,0.0246565667735633,0.2264542527697059,1.0,0.901,0.9124713399566228,0.6822818777646651,0.8950931152811331,0,,ok,,2026-07-20T16:41:33.067887+00:00
bank-marketing,gaussian_copula,fixed,0.75,2,0,2000,16.5792,39.34,True,0.0166859111525821,0.9368115412545333,0.0362660500390612,0.0217365119736567,0.160485768630609,1.0,0.89225,0.9046565418435706,0.7270726776221483,0.8950931152811331,0,,ok,,2026-07-20T16:41:33.067887+00:00
bank-marketing,gaussian_copula,fixed,0.75,2,2,2000,13.1332,40.18,False,0.0419507653557375,4.499034880441783,0.0562438285169095,0.0214581382776119,0.1739749395710501,1.0,0.8955,0.8999035100276084,0.7435875158171098,0.8950931152811331,0,,ok,,2026-07-20T16:41:33.067887+00:00
bank-marketing,gaussian_copula,fixed,0.75,2,3,2000,11.8908,39.8,False,0.028549803646327,3.1460559231356515,0.0482647534437099,0.0243378856574145,0.1529069039783808,1.0,0.9035,0.8897693550494585,0.7264557363582236,0.8950931152811331,0,,ok,,2026-07-20T16:41:33.067887+00:00
bank-marketing,gaussian_copula,fixed,0.75,2,4,2000,13.0985,39.8,False,0.0234436160348884,1.0524780610605806,0.0390515095083303,0.0200711231523461,0.1754965632766135,1.0,0.9,0.9011783227340366,0.7452559323779345,0.8950931152811331,0,,ok,,2026-07-20T16:41:33.067887+00:00
bank-marketing,gaussian_copula,fixed,0.75,2,5,2000,11.5553,39.8,False,0.0091409391805366,1.1200136166407142,0.0349376441616023,0.02353510388637,0.1878567145019694,1.0,0.902,0.9024621781972492,0.7028681495194795,0.8950931152811331,0,,ok,,2026-07-20T16:41:33.067887+00:00
bank-marketing,gaussian_copula,fixed,0.75,2,6,2000,13.5998,39.8,False,0.0355650937796705,2.4267882571976864,0.0475038708248196,0.0200322594517551,0.1757232774066522,1.0,0.91175,0.8904912444660562,0.7627069540833298,0.8950931152811331,0,,ok,,2026-07-20T16:41:33.067887+00:00
bank-marketing,gaussian_copula,fixed,0.75,2,7,2000,12.4303,39.8,False,0.0654240788704007,6.876206767880173,0.0779954342795976,0.0248610896089055,0.17307084598415,1.0,0.909,0.8955912715423514,0.7479838141695263,0.8950931152811331,0,,ok,,2026-07-20T16:41:33.067887+00:00
bank-marketing,gaussian_copula,fixed,0.75,2,1,2000,12.7416,39.57,False,0.0193808614829216,1.706342801524239,0.0409981376376837,0.0181820069544276,0.1534193287729292,1.0,0.90075,0.8972205236396978,0.699428808505551,0.8950931152811331,0,,ok,,2026-07-20T16:41:33.067887+00:00
bank-marketing,gaussian_copula,fixed,0.5,2,5,2000,17.7041,39.8,False,0.0386292775155722,0.9373726147681168,0.0555185400957499,0.0230416282698711,0.2137622574420613,1.0,0.90375,0.9096717641062412,0.6602506708585213,0.8950931152811331,0,,ok,,2026-07-20T16:41:33.067887+00:00
bank-marketing,gaussian_copula,fixed,0.5,2,4,2000,17.0091,39.8,False,0.0554967697965183,1.0529491803108602,0.0688062857110073,0.0249731099561355,0.1850264224578366,1.0,0.89375,0.9179130624142752,0.6963316733999123,0.8950931152811331,0,,ok,,2026-07-20T16:41:33.067887+00:00
bank-marketing,gaussian_copula,fixed,0.5,2,3,2000,14.2897,39.8,False,0.0502952753851059,1.0587909631216768,0.0633468570596557,0.019176895573003,0.2131765359494555,1.0,0.90425,0.9135397577582032,0.7337399519183535,0.8950931152811331,0,,ok,,2026-07-20T16:41:33.067887+00:00
bank-marketing,gaussian_copula,fixed,0.35,2,1,2000,13.2844,39.57,False,0.0289181917056618,0.9353150995517336,0.0436187306193957,0.0261415643776033,0.1969017159320947,1.0,0.8955,0.9144293443006154,0.649300673640202,0.8950931152811331,0,,ok,,2026-07-20T16:41:33.067887+00:00
bank-marketing,gaussian_copula,fixed,0.35,2,2,2000,13.0945,40.18,False,0.0308893100703893,0.8564077488732329,0.041945397774801,0.0230452467838844,0.2273330583318216,1.0,0.8975,0.9108265572226246,0.6271421012697485,0.8950931152811331,0,,ok,,2026-07-20T16:41:33.067887+00:00
bank-marketing,gaussian_copula,fixed,0.35,2,3,2000,14.1104,39.8,False,0.0336009521496794,0.9159645281792008,0.0503914569182172,0.0273496565790605,0.2885765602513983,1.0,0.891,0.9282143452678124,0.6877898422491131,0.8950931152811331,0,,ok,,2026-07-20T16:41:33.067887+00:00
bank-marketing,gaussian_copula,fixed,0.35,2,4,2000,14.4502,39.8,False,0.0385686896123817,0.8857179222751014,0.0572639757805929,0.0264819811517809,0.2530041745716114,1.0,0.89875,0.9314260955524282,0.6892135300948258,0.8950931152811331,0,,ok,,2026-07-20T16:41:33.067887+00:00
bank-marketing,gaussian_copula,fixed,0.35,2,5,2000,15.4395,39.8,False,0.0415781872574808,0.8599899586872256,0.0566316514289887,0.0326755870102104,0.2653920265996684,1.0,0.897,0.9361264334538568,0.647405165403468,0.8950931152811331,0,,ok,,2026-07-20T16:41:33.067887+00:00
bank-marketing,gaussian_copula,fixed,0.35,2,6,2000,14.425,39.8,False,0.0282510382260992,0.9202738499730146,0.0542536175247956,0.0269517981987295,0.2795371182975308,1.0,0.9035,0.922230703153585,0.7430082752040984,0.8950931152811331,0,,ok,,2026-07-20T16:41:33.067887+00:00
bank-marketing,gaussian_copula,fixed,0.35,2,7,2000,16.0441,39.8,False,0.0511539912872444,0.860261084242362,0.0743602957595141,0.0233209910673694,0.3103149446665273,1.0,0.903,0.9298420561140026,0.6319648253518826,0.8950931152811331,0,,ok,,2026-07-20T16:41:33.067887+00:00
bank-marketing,gaussian_copula,fixed,0.35,2,8,2000,16.2086,39.8,False,0.0423212794378059,0.944812953865534,0.062008042903384,0.0294832712841117,0.2824482943704637,1.0,0.905,0.9281926575015412,0.6826090507603457,0.8950931152811331,0,,ok,,2026-07-20T16:41:33.067887+00:00
bank-marketing,gaussian_copula,fixed,0.35,2,9,2000,13.7597,39.8,False,0.0449041037361939,0.8745414836464361,0.0633644772670553,0.025008330568764,0.2880733163650978,1.0,0.907,0.926735673408439,0.5879013462150795,0.8950931152811331,0,,ok,,2026-07-20T16:41:33.067887+00:00
bank-marketing,gaussian_copula,fixed,0.35,2,10,2000,14.4261,39.8,False,0.0284316576495888,0.8296802740392933,0.0607738506660106,0.0258659245334021,0.3090628621222172,1.0,0.8995,0.9331564323506134,0.681221465578773,0.8950931152811331,0,,ok,,2026-07-20T16:41:33.067887+00:00
bank-marketing,gaussian_copula,fixed,0.35,2,11,2000,13.558,39.8,False,0.0379308490259387,0.8314277431155846,0.0601441847233162,0.0237978362637767,0.294938831207982,1.0,0.912,0.9308679297586644,0.6319710397448903,0.8950931152811331,0,,ok,,2026-07-20T16:41:33.067887+00:00
bank-marketing,gaussian_copula,fixed,0.35,2,12,2000,14.3231,39.8,False,0.03330016384935,0.8763337613004517,0.0597555119834886,0.025135205868259,0.3258111578574425,1.0,0.89725,0.9290707330353176,0.670067873008583,0.8950931152811331,0,,ok,,2026-07-20T16:41:33.067887+00:00
bank-marketing,gaussian_copula,fixed,0.5,2,0,2000,16.5792,39.34,True,0.0166859111525821,0.9368115412545333,0.0362660500390612,0.0217365119736567,0.160485768630609,1.0,0.89225,0.9046565418435706,0.7270726776221483,0.8950931152811331,0,,ok,,2026-07-20T16:41:33.067887+00:00
bank-marketing,gaussian_copula,fixed,0.5,2,1,2000,17.1584,39.57,False,0.0423269523932512,1.055210144582022,0.0550456685876907,0.0224680784400457,0.1429034937668953,1.0,0.90475,0.9037403512811985,0.6843101372729823,0.8950931152811331,0,,ok,,2026-07-20T16:41:33.067887+00:00
bank-marketing,gaussian_copula,fixed,0.5,2,2,2000,14.5928,40.18,False,0.0517359715822109,1.0756753882366052,0.0624362928223827,0.018782606558787,0.2008102983031987,1.0,0.887,0.9107013840037134,0.6594533346432879,0.8950931152811331,0,,ok,,2026-07-20T16:41:33.067887+00:00
bank-marketing,gaussian_copula,fixed,0.05,2,3,2000,14.0014,39.8,False,0.0328804802678784,0.9897040867482972,0.0546757121867537,0.0348762517355351,0.3224924066675952,1.0,0.8985,0.9396705539878332,0.6066653212012599,0.8950931152811331,0,,ok,,2026-07-20T16:41:33.067887+00:00
bank-marketing,gaussian_copula,fixed,0.75,2,8,2000,12.8937,39.8,False,0.0517591750190033,3.2348290825285906,0.0611945083028861,0.0203227358177596,0.1876895911538032,1.0,0.91575,0.8979155964111762,0.738048420182928,0.8950931152811331,0,,ok,,2026-07-20T16:41:33.067887+00:00
bank-marketing,gaussian_copula,fixed,0.05,2,2,2000,14.9861,40.18,False,0.0414039104203792,1.0006173344384153,0.0530904012082646,0.0263455404425768,0.2679915731245366,1.0,0.901,0.9338872846489352,0.6657081507978688,0.8950931152811331,0,,ok,,2026-07-20T16:41:33.067887+00:00
bank-marketing,gaussian_copula,fixed,0.05,2,0,2000,16.5792,39.34,True,0.0166859111525821,0.9368115412545333,0.0362660500390612,0.0217365119736567,0.160485768630609,1.0,0.89225,0.9046565418435706,0.7270726776221483,0.8950931152811331,0,,ok,,2026-07-20T16:41:33.067887+00:00
bank-marketing,gaussian_copula,fresh,1.0,1,1,2000,8.293,39.57,False,0.019980262329329,0.9683538053331482,0.0419850394871294,0.0230129504712054,0.1250267328864497,1.0,0.9005,0.8837509076591185,0.7284461176615417,0.8978258502177405,0,,ok,,2026-07-20T16:41:33.067887+00:00
bank-marketing,gaussian_copula,fresh,1.0,1,2,2000,8.8544,40.18,False,0.0148232512309423,0.9418132910524476,0.0321524517756359,0.0225247459668006,0.1497808402767625,1.0,0.888,0.8881786634810421,0.7375921653667734,0.8978258502177405,0,,ok,,2026-07-20T16:41:33.067887+00:00
bank-marketing,gaussian_copula,fresh,1.0,1,3,2000,9.2214,39.8,False,0.0277953980969771,1.0936711905331509,0.0393088468439399,0.0139864536105274,0.1321197910821217,1.0,0.89475,0.8991100896823448,0.7195254452760551,0.8978258502177405,0,,ok,,2026-07-20T16:41:33.067887+00:00
bank-marketing,gaussian_copula,fresh,1.0,1,4,2000,9.7173,39.8,False,0.0200045934904233,1.014521104556789,0.0363711511789586,0.0148249904775947,0.1508420133254109,1.0,0.9065,0.8968227649662794,0.7255347633144851,0.8978258502177405,0,,ok,,2026-07-20T16:41:33.067887+00:00
bank-marketing,gaussian_copula,fresh,1.0,1,5,2000,9.1087,39.8,False,0.0200203666964202,1.034284561478107,0.0382905296866991,0.0164011635764925,0.1291682586115184,1.0,0.90575,0.8973114529579176,0.7688368313461085,0.8978258502177405,0,,ok,,2026-07-20T16:41:33.067887+00:00
bank-marketing,gaussian_copula,fresh,1.0,1,6,2000,10.0969,39.8,False,0.0195614892035136,1.0071291709384822,0.0363643793602167,0.02055688254881,0.1457736838813439,1.0,0.906,0.8980099086069339,0.7633591102409645,0.8978258502177405,0,,ok,,2026-07-20T16:41:33.067887+00:00
bank-marketing,gaussian_copula,fresh,1.0,1,0,2000,16.6935,39.34,True,0.0313684085632817,1.0645290212874408,0.0456074418296493,0.0211733876417609,0.1533702139422047,1.0,0.88975,0.9023393607301052,0.7826034873989864,0.8978258502177405,0,,ok,,2026-07-20T16:41:33.067887+00:00
bank-marketing,gaussian_copula,fresh,1.0,1,7,2000,10.0922,39.8,False,0.0256369637406111,0.92725339479173,0.0385925242922118,0.0201054038114195,0.1326484860145686,1.0,0.89675,0.901859337494968,0.7037307664536411,0.8978258502177405,0,,ok,,2026-07-20T16:41:33.067887+00:00
bank-marketing,gaussian_copula,fresh,1.0,1,9,2000,8.3239,39.8,False,0.0312032806020504,1.074738864789981,0.0458004128379382,0.0195594198090604,0.1327099500170131,1.0,0.9055,0.8938651467473265,0.7304849712303196,0.8978258502177405,0,,ok,,2026-07-20T16:41:33.067887+00:00
bank-marketing,gaussian_copula,fresh,1.0,1,10,2000,9.6996,39.8,False,0.0201063570765735,0.984212729590323,0.0393797449848989,0.0244464287908388,0.1368955703226085,1.0,0.87725,0.8979379051779134,0.7912736309692204,0.8978258502177405,0,,ok,,2026-07-20T16:41:33.067887+00:00
bank-marketing,gaussian_copula,fresh,1.0,1,11,2000,7.5137,39.8,False,0.0195737708426383,1.1162609022652643,0.0364830424137539,0.0165375428508238,0.1536057525299908,1.0,0.89975,0.8980662430241987,0.7983110463499024,0.8978258502177405,0,,ok,,2026-07-20T16:41:33.067887+00:00
bank-marketing,gaussian_copula,fresh,1.0,1,12,2000,7.3201,39.8,False,0.0183777603160228,0.9245403034045968,0.035149138275412,0.0168175261405384,0.1527811673062029,1.0,0.89775,0.8930397201280501,0.7106893478201685,0.8978258502177405,0,,ok,,2026-07-20T16:41:33.067887+00:00
bank-marketing,gaussian_copula,fixed,0.0,2,0,2000,16.5792,39.34,True,0.0166859111525821,0.9368115412545333,0.0362660500390612,0.0217365119736567,0.160485768630609,1.0,0.89225,0.9046565418435706,0.7270726776221483,0.8950931152811331,0,,ok,,2026-07-20T16:41:33.067887+00:00
bank-marketing,gaussian_copula,fixed,0.0,2,1,2000,15.3328,39.95,False,0.0447153044342254,1.0129123376958789,0.0614435169344488,0.0219376005996043,0.187008239190255,1.0,0.908,0.9305232340000564,0.6906041336958593,0.8950931152811331,0,,ok,,2026-07-20T16:41:33.067887+00:00
bank-marketing,gaussian_copula,fresh,1.0,1,8,2000,9.3819,39.8,False,0.0160723036753055,0.974095035169981,0.0354009783032335,0.0135094425399633,0.1588519562021115,1.0,0.9045,0.8967882375653753,0.6802300035629187,0.8978258502177405,0,,ok,,2026-07-20T16:41:33.067887+00:00
bank-marketing,gaussian_copula,fixed,0.0,2,2,2000,13.7315,40.18,False,0.023697555197048,0.9670335552808196,0.0483132049823976,0.0253910513964146,0.2940572246890294,1.0,0.905,0.9408462237448796,0.6941648625198712,0.8950931152811331,0,,ok,,2026-07-20T16:41:33.067887+00:00
bank-marketing,gaussian_copula,fresh,0.75,1,12,2000,9.0875,39.8,False,0.0226371226002406,0.959584891758394,0.0376881330760963,0.0175976445869733,0.1589892286051731,1.0,0.9055,0.8930825792852052,0.7411198691308017,0.8978258502177405,0,,ok,,2026-07-20T16:41:33.067887+00:00
bank-marketing,gaussian_copula,fresh,0.75,1,10,2000,9.2149,39.8,False,0.0223682619074609,1.0933148668086965,0.0363383445376621,0.0211528991116517,0.1856328410605924,1.0,0.90725,0.9057857445657548,0.7230044992205376,0.8978258502177405,0,,ok,,2026-07-20T16:41:33.067887+00:00
bank-marketing,gaussian_copula,fresh,0.5,1,9,2000,9.8743,39.8,False,0.0248007406354002,1.0826578094766557,0.0440053389878921,0.0196322631378475,0.2565160433912714,1.0,0.9025,0.9074732559568104,0.6675148819916359,0.8978258502177405,0,,ok,,2026-07-20T16:41:33.067887+00:00
bank-marketing,gaussian_copula,fresh,0.5,1,10,2000,9.6716,39.8,False,0.0376033224415616,1.0427541621120775,0.0462800083941223,0.0199185312150589,0.2455678620086483,1.0,0.892,0.9175378363827617,0.7699502730189994,0.8978258502177405,0,,ok,,2026-07-20T16:41:33.067887+00:00
bank-marketing,gaussian_copula,fresh,0.5,1,11,2000,8.6077,39.8,False,0.0297694827466538,0.8612939161435932,0.0440663612671116,0.0166339464533647,0.2599849568402096,1.0,0.89475,0.9039665653259158,0.7071427641383359,0.8978258502177405,0,,ok,,2026-07-20T16:41:33.067887+00:00
bank-marketing,gaussian_copula,fresh,0.5,1,12,2000,9.9311,39.8,False,0.0112043649936173,0.9792189005548833,0.0289939741556145,0.0206813496012876,0.2168158958639906,1.0,0.908,0.9111628188499048,0.6931377713174395,0.8978258502177405,0,,ok,,2026-07-20T16:41:33.067887+00:00
bank-marketing,gaussian_copula,fresh,0.75,1,0,2000,16.6935,39.34,True,0.0313684085632817,1.0645290212874408,0.0456074418296493,0.0211733876417609,0.1533702139422047,1.0,0.88975,0.9023393607301052,0.7826034873989864,0.8978258502177405,0,,ok,,2026-07-20T16:41:33.067887+00:00
bank-marketing,gaussian_copula,fresh,0.75,1,1,2000,9.4079,39.57,False,0.029515986017212,1.0865265571791387,0.0473092449646786,0.020197740425375,0.1662261429631885,1.0,0.8955,0.9048095419583588,0.6719490585490517,0.8978258502177405,0,,ok,,2026-07-20T16:41:33.067887+00:00
bank-marketing,gaussian_copula,fresh,0.75,1,11,2000,9.1246,39.8,False,0.0335313438554408,1.132721773128369,0.0462113329053194,0.0179719918414488,0.161773479507259,1.0,0.9025,0.9002348486511952,0.7483443081486671,0.8978258502177405,0,,ok,,2026-07-20T16:41:33.067887+00:00
bank-marketing,gaussian_copula,fresh,0.75,1,2,2000,11.0424,40.18,False,0.0339545344513313,0.98173660630582,0.0452698577444275,0.0184501456006487,0.1789377452225757,1.0,0.9075,0.913061096899088,0.6973956366675229,0.8978258502177405,0,,ok,,2026-07-20T16:41:33.067887+00:00
bank-marketing,gaussian_copula,fresh,0.75,1,4,2000,10.217,39.8,False,0.0243283180361748,0.9585519489284736,0.0395823693559464,0.0220840736235516,0.1815755498631704,1.0,0.91075,0.9051662853510056,0.6821699595058315,0.8978258502177405,0,,ok,,2026-07-20T16:41:33.067887+00:00
bank-marketing,gaussian_copula,fresh,0.75,1,5,2000,10.6203,39.8,False,0.041861193151614,1.006700601465656,0.0508680510805905,0.0150190755280327,0.1862582947165309,1.0,0.894,0.906981279587705,0.7007185613857742,0.8978258502177405,0,,ok,,2026-07-20T16:41:33.067887+00:00
bank-marketing,gaussian_copula,fresh,0.75,1,6,2000,8.6755,39.8,False,0.0380939731129655,1.007756978112171,0.0526401396407065,0.0265976691609225,0.1646424999189356,1.0,0.898,0.899957191692883,0.7123537990064073,0.8978258502177405,0,,ok,,2026-07-20T16:41:33.067887+00:00
bank-marketing,gaussian_copula,fresh,0.75,1,7,2000,10.3604,39.8,False,0.0316754342620546,1.2411410227594308,0.0414059120442043,0.0178103198299482,0.187346395853471,1.0,0.915,0.9043906546440886,0.7180813978951555,0.8978258502177405,0,,ok,,2026-07-20T16:41:33.067887+00:00
bank-marketing,gaussian_copula,fresh,0.75,1,8,2000,9.3645,39.8,False,0.0270454016292501,1.1151110066532337,0.0425422611635526,0.0223063695676213,0.1853691180048362,1.0,0.90275,0.9081583814708256,0.7508717313772397,0.8978258502177405,0,,ok,,2026-07-20T16:41:33.067887+00:00
bank-marketing,gaussian_copula,fresh,0.75,1,9,2000,9.4316,39.8,False,0.0278869108709009,1.058426214940861,0.0376588893400828,0.0202451497167852,0.1693107805395431,1.0,0.9015,0.9073898720192514,0.6754871196347594,0.8978258502177405,0,,ok,,2026-07-20T16:41:33.067887+00:00
bank-marketing,gaussian_copula,fresh,0.75,1,3,2000,10.5857,39.8,False,0.0151921939518943,0.9168649667187544,0.0285885010938547,0.0169974873136987,0.181286586694704,1.0,0.9035,0.912026519122896,0.6495789008928603,0.8978258502177405,0,,ok,,2026-07-20T16:41:33.067887+00:00
bank-marketing,gaussian_copula,fixed,0.0,2,3,2000,14.6667,39.8,False,0.0380876095426047,0.9667657047349696,0.0578073505377779,0.03016452873309,0.3385767256266031,1.0,0.89375,0.9519543605787588,0.6330155312477436,0.8950931152811331,0,,ok,,2026-07-20T16:41:33.067887+00:00
bank-marketing,gaussian_copula,fixed,0.0,2,4,2000,15.9313,39.8,False,0.0357725117800746,0.830203536617969,0.0571570689263852,0.0356665499404081,0.3919079992804334,1.0,0.898,0.9522257839073944,0.5564011799060857,0.8950931152811331,0,,ok,,2026-07-20T16:41:33.067887+00:00
bank-marketing,gaussian_copula,fixed,0.0,2,5,2000,14.4274,39.8,False,0.0427426736099864,0.8382628591517985,0.063536253925784,0.0346187904702225,0.4369754050825912,1.0,0.88,0.9521499431004948,0.5487787829969473,0.8950931152811331,0,,ok,,2026-07-20T16:41:33.067887+00:00
bank-marketing,gaussian_copula,fixed,0.01,2,12,2000,14.4395,39.8,False,0.0409690774254687,0.74814934550916,0.0807323979452992,0.0527302701905709,0.4997181064870482,0.9772727272727272,0.846,0.9707618434390732,0.5104737971598449,0.8950931152811331,0,,ok,,2026-07-20T16:41:33.067887+00:00
bank-marketing,gaussian_copula,fixed,0.02,2,0,2000,16.5792,39.34,True,0.0166859111525821,0.9368115412545333,0.0362660500390612,0.0217365119736567,0.160485768630609,1.0,0.89225,0.9046565418435706,0.7270726776221483,0.8950931152811331,0,,ok,,2026-07-20T16:41:33.067887+00:00
bank-marketing,gaussian_copula,fixed,0.02,2,1,2000,14.853,39.57,False,0.0289971578093485,0.9030605271205135,0.0444807828648973,0.0195375305638492,0.2159108809239757,1.0,0.8945,0.9248157289680008,0.5963600820536615,0.8950931152811331,0,,ok,,2026-07-20T16:41:33.067887+00:00
bank-marketing,gaussian_copula,fixed,0.02,2,2,2000,14.552,40.18,False,0.0352712239075711,0.96119595604596,0.0540538289533711,0.0283308329340066,0.2883308942134908,1.0,0.89725,0.9300651201563565,0.5784305520866748,0.8950931152811331,0,,ok,,2026-07-20T16:41:33.067887+00:00
bank-marketing,gaussian_copula,fixed,0.02,2,3,2000,14.9913,39.8,False,0.0336328818676211,0.9509309795782004,0.0598509816559854,0.0284796834875348,0.375113011975733,1.0,0.8935,0.949933460812579,0.5604856932836024,0.8950931152811331,0,,ok,,2026-07-20T16:41:33.067887+00:00
bank-marketing,gaussian_copula,fixed,0.02,2,4,2000,14.4877,39.8,False,0.0317407867371578,1.0266220953767664,0.0603295907679449,0.0408215071203017,0.3878215264661558,1.0,0.89325,0.9514336618131046,0.6026153125011097,0.8950931152811331,0,,ok,,2026-07-20T16:41:33.067887+00:00
bank-marketing,gaussian_copula,fixed,0.01,2,11,2000,14.1239,39.8,False,0.0340806634201341,0.778851029449935,0.0766146108715696,0.0558950385196653,0.5128761464725724,0.9772727272727272,0.8465,0.9639426159479476,0.5954352620047277,0.8950931152811331,0,,ok,,2026-07-20T16:41:33.067887+00:00
bank-marketing,gaussian_copula,fixed,0.02,2,5,2000,14.3735,39.8,False,0.0514348025087731,0.9519806473446948,0.0718258365342561,0.0378101846732279,0.4333181629959137,1.0,0.89825,0.9502708035656704,0.6150700214130228,0.8950931152811331,0,,ok,,2026-07-20T16:41:33.067887+00:00
bank-marketing,gaussian_copula,fixed,0.02,2,7,2000,14.7994,39.8,False,0.0522890565285035,0.9155047190143266,0.0722676245047381,0.0474297185054124,0.4464255055969085,1.0,0.87075,0.9556796636236676,0.5671363366804252,0.8950931152811331,0,,ok,,2026-07-20T16:41:33.067887+00:00
bank-marketing,gaussian_copula,fixed,0.02,2,8,2000,14.5668,39.8,False,0.05509629352012,0.9762385871173908,0.0731356344786318,0.0451314767714745,0.4732593491859955,1.0,0.8735,0.9592908297079448,0.5812927831366231,0.8950931152811331,0,,ok,,2026-07-20T16:41:33.067887+00:00
bank-marketing,gaussian_copula,fixed,0.02,2,9,2000,15.3157,39.8,False,0.0743811494641548,0.968898208320353,0.0887567080177412,0.0451058707164535,0.4597861665954234,1.0,0.86725,0.9637182356546063,0.5748328920127885,0.8950931152811331,0,,ok,,2026-07-20T16:41:33.067887+00:00
bank-marketing,gaussian_copula,fixed,0.02,2,10,2000,12.7437,39.8,False,0.0584885080514336,0.9254151648053562,0.07657459613553,0.0597967427230393,0.4858627675746748,1.0,0.8665,0.9626881646317954,0.6170641313521454,0.8950931152811331,0,,ok,,2026-07-20T16:41:33.067887+00:00
bank-marketing,gaussian_copula,fixed,0.02,2,11,2000,15.7501,39.8,False,0.0590531466772317,0.9803409191055352,0.0796272093833604,0.0547268114072272,0.4871705482723301,1.0,0.85175,0.9624630069628708,0.4982197835497323,0.8950931152811331,0,,ok,,2026-07-20T16:41:33.067887+00:00
bank-marketing,gaussian_copula,fixed,0.02,2,12,2000,14.2114,39.8,False,0.0686594962478213,0.9607115126889338,0.0898471303419201,0.061217522454446,0.478923019626719,1.0,0.8505,0.9688731931471132,0.574394510974618,0.8950931152811331,0,,ok,,2026-07-20T16:41:33.067887+00:00
bank-marketing,gaussian_copula,fixed,0.02,2,6,2000,14.7745,39.8,False,0.0411377716362051,0.9059825573758704,0.0572185018538088,0.0407780665216803,0.4478800747933809,1.0,0.87125,0.9578254576085496,0.5559322003804392,0.8950931152811331,0,,ok,,2026-07-20T16:41:33.067887+00:00
bank-marketing,gaussian_copula,fixed,0.01,2,10,2000,14.4932,39.8,False,0.0398231507245342,0.8313585847168972,0.0761125632020711,0.0482127305343605,0.4843270429075906,0.9772727272727272,0.85725,0.9648109489744144,0.5784303153478936,0.8950931152811331,0,,ok,,2026-07-20T16:41:33.067887+00:00
bank-marketing,gaussian_copula,fixed,0.01,2,9,2000,14.0387,39.8,False,0.0538972156649887,0.8538017657899495,0.0773823145828116,0.0421223045449518,0.4934956718138975,0.9772727272727272,0.85125,0.962804507719082,0.5262934519236802,0.8950931152811331,0,,ok,,2026-07-20T16:41:33.067887+00:00
bank-marketing,gaussian_copula,fixed,0.01,2,8,2000,15.5167,39.8,False,0.0503544313803222,0.8420434804823133,0.0736434486552274,0.0414129160676766,0.4751608305172984,0.9772727272727272,0.85975,0.9610575344084152,0.537252090107515,0.8950931152811331,0,,ok,,2026-07-20T16:41:33.067887+00:00
bank-marketing,gaussian_copula,fixed,0.0,2,6,2000,14.4259,39.8,False,0.0340732259349754,0.8752293937954496,0.0615503716521131,0.0427074102743681,0.4718840952589695,1.0,0.88375,0.959312914599514,0.6222772376845527,0.8950931152811331,0,,ok,,2026-07-20T16:41:33.067887+00:00
bank-marketing,gaussian_copula,fixed,0.0,2,7,2000,15.1906,39.8,False,0.0378003002926733,0.8549133222270708,0.0686332759648046,0.0321830943516777,0.4840820767866116,1.0,0.85625,0.965981119727335,0.6096458032724401,0.8950931152811331,0,,ok,,2026-07-20T16:41:33.067887+00:00
bank-marketing,gaussian_copula,fixed,0.0,2,8,2000,15.1462,39.8,False,0.0601299684728949,0.8025669292848623,0.0836581047431208,0.0396814110361605,0.4788108668635554,1.0,0.868,0.9684534080821696,0.6057699159458957,0.8950931152811331,0,,ok,,2026-07-20T16:41:33.067887+00:00
bank-marketing,gaussian_copula,fixed,0.0,2,9,2000,16.4688,39.8,False,0.0436176296811027,0.921937863816029,0.0801053071562597,0.0381190423532013,0.4973597729573967,1.0,0.8735,0.9700376578957528,0.5860147156826422,0.8950931152811331,0,,ok,,2026-07-20T16:41:33.067887+00:00
bank-marketing,gaussian_copula,fixed,0.0,2,10,2000,17.1547,39.8,False,0.0538174452333302,0.8607371380820437,0.0831485269882236,0.0411656837087004,0.5097229018248264,1.0,0.86375,0.9677257867862716,0.4462767500026633,0.8950931152811331,0,,ok,,2026-07-20T16:41:33.067887+00:00
bank-marketing,gaussian_copula,fixed,0.0,2,11,2000,14.4913,39.8,False,0.044722118217976,0.94824570798768,0.0816361988169204,0.0395141484512268,0.4968645479871453,1.0,0.863,0.9680202658822044,0.5788521246713769,0.8950931152811331,0,,ok,,2026-07-20T16:41:33.067887+00:00
bank-marketing,gaussian_copula,fixed,0.0,2,12,2000,16.5316,39.8,False,0.0664204673500855,0.9739674835666284,0.0959537637024438,0.0437941624583778,0.5000842695614333,1.0,0.85525,0.9677557421837456,0.5861946371563884,0.8950931152811331,0,,ok,,2026-07-20T16:41:33.067887+00:00
bank-marketing,gaussian_copula,fixed,0.01,2,0,2000,16.5792,39.34,True,0.0166859111525821,0.9368115412545333,0.0362660500390612,0.0217365119736567,0.160485768630609,1.0,0.89225,0.9046565418435706,0.7270726776221483,0.8950931152811331,0,,ok,,2026-07-20T16:41:33.067887+00:00
bank-marketing,gaussian_copula,fixed,0.01,2,1,2000,15.2306,39.57,False,0.0259979178515897,0.8430468846828675,0.0492770263809764,0.0255057687345644,0.2419445964747179,1.0,0.895,0.9219970674783,0.5922305883077084,0.8950931152811331,0,,ok,,2026-07-20T16:41:33.067887+00:00
bank-marketing,gaussian_copula,fixed,0.01,2,2,2000,14.5156,40.18,False,0.0205328614581389,0.8229958375272427,0.0430095565716828,0.025172177374765,0.2957969794735595,1.0,0.89125,0.9347644973070642,0.6521323062026745,0.8950931152811331,0,,ok,,2026-07-20T16:41:33.067887+00:00
bank-marketing,gaussian_copula,fixed,0.01,2,3,2000,16.1761,39.8,False,0.0408282794596986,0.7895748847536794,0.0641643353226303,0.0367721441999336,0.3907946810706701,1.0,0.88475,0.9527460067976916,0.5999274395635483,0.8950931152811331,0,,ok,,2026-07-20T16:41:33.067887+00:00
bank-marketing,gaussian_copula,fixed,0.01,2,4,2000,15.9677,39.8,False,0.0280451990108566,0.8253762818696762,0.055700982446548,0.0276668079668743,0.4092763593570908,1.0,0.88025,0.951925480682092,0.4882452684795333,0.8950931152811331,0,,ok,,2026-07-20T16:41:33.067887+00:00
bank-marketing,gaussian_copula,fixed,0.01,2,5,2000,14.2191,39.8,False,0.0363758949745683,0.8120039890194207,0.0580566562729941,0.0355746863749738,0.4480564681341197,1.0,0.87475,0.9552053317678002,0.5605629293109836,0.8950931152811331,0,,ok,,2026-07-20T16:41:33.067887+00:00
bank-marketing,gaussian_copula,fixed,0.01,2,6,2000,14.8275,39.8,False,0.0361723559150776,0.8013490025802231,0.0623356919162617,0.0393345128828928,0.4640416046392599,1.0,0.87725,0.9558056985932252,0.533086730436203,0.8950931152811331,0,,ok,,2026-07-20T16:41:33.067887+00:00
bank-marketing,gaussian_copula,fixed,0.01,2,7,2000,15.8049,39.8,False,0.0622768580011164,0.8445452611376145,0.0800079412321905,0.0404953493801221,0.4788021247623723,1.0,0.863,0.956973711594527,0.4692967556133723,0.8950931152811331,0,,ok,,2026-07-20T16:41:33.067887+00:00
bank-marketing,gaussian_copula,fixed,0.05,2,1,2000,14.0936,39.57,False,0.0407419268995381,0.948555403929405,0.0497632413984223,0.0210138904247607,0.1847321256991202,1.0,0.90375,0.9248261374758096,0.586963860641349,0.8950931152811331,0,,ok,,2026-07-20T16:41:33.067887+00:00
bank-marketing,gaussian_copula,fresh,0.5,1,8,2000,9.0032,39.8,False,0.0233294302382462,1.026293813239435,0.0408078563554527,0.023294230036738,0.2327877149051002,1.0,0.913,0.9095942346730748,0.7090927814794517,0.8978258502177405,0,,ok,,2026-07-20T16:41:33.067887+00:00
bank-marketing,gaussian_copula,fixed,0.75,2,9,2000,14.4368,39.8,False,0.0295955376194884,0.9175592935439866,0.0407680281732268,0.0200169314509688,0.1647534516113048,1.0,0.89075,0.8951389267029798,0.7461474906281034,0.8950931152811331,0,,ok,,2026-07-20T16:41:33.067887+00:00
bank-marketing,gaussian_copula,fixed,0.75,2,11,2000,13.8205,39.8,False,0.0368723300976371,2.429542435540662,0.0521629345230384,0.0222130192782631,0.1751478096908819,1.0,0.89775,0.9053113328348276,0.7378156467762689,0.8950931152811331,0,,ok,,2026-07-20T16:41:33.067887+00:00
bank-marketing,gaussian_copula,fresh,0.2,2,12,2000,9.0926,39.8,False,0.0327610471635087,0.8706969280287966,0.0553516976943618,0.0213542211901163,0.3737364163440048,1.0,0.8945,0.930815637469432,0.6697984050908308,0.8950931152811331,0,,ok,,2026-07-20T16:41:33.067887+00:00
bank-marketing,gaussian_copula,fresh,0.35,2,0,2000,16.5792,39.34,True,0.0166859111525821,0.9368115412545333,0.0362660500390612,0.0217365119736567,0.160485768630609,1.0,0.89225,0.9046565418435706,0.7270726776221483,0.8950931152811331,0,,ok,,2026-07-20T16:41:33.067887+00:00
bank-marketing,gaussian_copula,fresh,0.35,2,1,2000,9.309,39.57,False,0.0291230344133434,0.9094645759223728,0.0469854662445883,0.0221966898890486,0.2053607541274537,1.0,0.9035,0.9135509357665894,0.6617288678086156,0.8950931152811331,0,,ok,,2026-07-20T16:41:33.067887+00:00
bank-marketing,gaussian_copula,fresh,0.35,2,2,2000,9.3027,40.18,False,0.0297069521522293,0.9295926242365647,0.0508643904606577,0.0165724317151387,0.2454440071339921,1.0,0.9035,0.9169324183035468,0.6442447026738461,0.8950931152811331,0,,ok,,2026-07-20T16:41:33.067887+00:00
bank-marketing,gaussian_copula,fresh,0.35,2,3,2000,9.1524,39.8,False,0.0241656671668531,0.9548759783496444,0.0398894272817621,0.0192001671028542,0.2462637719961059,1.0,0.897,0.917629822076774,0.7048780025875548,0.8950931152811331,0,,ok,,2026-07-20T16:41:33.067887+00:00
bank-marketing,gaussian_copula,fresh,0.35,2,4,2000,9.2182,39.8,False,0.0283204181192768,1.0027877826292175,0.0549562390573856,0.0243759261307088,0.2260852959824679,1.0,0.90075,0.9032575819190009,0.6929103837180535,0.8950931152811331,0,,ok,,2026-07-20T16:41:33.067887+00:00
bank-marketing,gaussian_copula,fresh,0.2,2,11,2000,8.99,39.8,False,0.0424270721072312,0.8740373437607937,0.0572543745458046,0.0228913462838045,0.3863126832867778,1.0,0.888,0.9350515727724424,0.6507215206205397,0.8950931152811331,0,,ok,,2026-07-20T16:41:33.067887+00:00
bank-marketing,gaussian_copula,fresh,0.35,2,5,2000,9.7531,39.8,False,0.030995640439413,0.9733342979633316,0.0475578157616968,0.0215312089154287,0.270027244243986,1.0,0.903,0.9132409935340554,0.6925715513373965,0.8950931152811331,0,,ok,,2026-07-20T16:41:33.067887+00:00
bank-marketing,gaussian_copula,fresh,0.35,2,7,2000,11.9096,39.8,False,0.0498331755339997,1.0249526899341663,0.0599385444820255,0.0192242004251293,0.2683875336982838,1.0,0.901,0.9186461084642428,0.6694474398476349,0.8950931152811331,0,,ok,,2026-07-20T16:41:33.067887+00:00
bank-marketing,gaussian_copula,fresh,0.35,2,8,2000,10.228,39.8,False,0.0272999488110912,0.9658220977621452,0.048483914525641,0.0241302050696057,0.3072440798488828,1.0,0.89275,0.9270956579285172,0.6783653897371371,0.8950931152811331,0,,ok,,2026-07-20T16:41:33.067887+00:00
bank-marketing,gaussian_copula,fresh,0.35,2,9,2000,10.3722,39.8,False,0.0199971441730047,0.9834598888167234,0.0397783488467392,0.0209806418715519,0.3142394609208502,1.0,0.89425,0.9165223116208644,0.6911876356069331,0.8950931152811331,0,,ok,,2026-07-20T16:41:33.067887+00:00
bank-marketing,gaussian_copula,fresh,0.35,2,10,2000,9.7708,39.8,False,0.0291909252428695,0.9289521128224756,0.0421337926040684,0.0168725226387506,0.2967804035228735,1.0,0.90475,0.9149958486006354,0.6867419180339318,0.8950931152811331,0,,ok,,2026-07-20T16:41:33.067887+00:00
bank-marketing,gaussian_copula,fresh,0.35,2,11,2000,10.8387,39.8,False,0.0334702664155403,1.0288569530741372,0.0487986771010994,0.0174142614913929,0.3038860390684941,1.0,0.9035,0.9174100329118772,0.6762210098566191,0.8950931152811331,0,,ok,,2026-07-20T16:41:33.067887+00:00
bank-marketing,gaussian_copula,fresh,0.35,2,12,2000,11.2933,39.8,False,0.0274685607051421,2.154547811610912,0.0454020983697229,0.0148588349490704,0.299399319563841,1.0,0.904,0.921034079130818,0.7288185077644402,0.8950931152811331,0,,ok,,2026-07-20T16:41:33.067887+00:00
bank-marketing,gaussian_copula,fresh,0.35,2,6,2000,10.1592,39.8,False,0.0247557651426119,1.007364347758929,0.0457570342087654,0.020248737513362,0.3049492424193743,1.0,0.9005,0.9186105021875294,0.6822954902445868,0.8950931152811331,0,,ok,,2026-07-20T16:41:33.067887+00:00
bank-marketing,gaussian_copula,fresh,0.5,2,0,2000,16.5792,39.34,True,0.0166859111525821,0.9368115412545333,0.0362660500390612,0.0217365119736567,0.160485768630609,1.0,0.89225,0.9046565418435706,0.7270726776221483,0.8950931152811331,0,,ok,,2026-07-20T16:41:33.067887+00:00
bank-marketing,gaussian_copula,fresh,0.2,2,10,2000,10.2265,39.8,False,0.0349010983472805,0.8455734526359588,0.047723488055153,0.0217060341332153,0.3642848370283015,1.0,0.88625,0.9269397755615664,0.678246546868952,0.8950931152811331,0,,ok,,2026-07-20T16:41:33.067887+00:00
bank-marketing,gaussian_copula,fresh,0.2,2,8,2000,13.4644,39.8,False,0.0372543614938515,0.9654388741226614,0.0569749265739456,0.0225363633012643,0.356412091581724,1.0,0.8955,0.9283348958582556,0.6992311908079065,0.8950931152811331,0,,ok,,2026-07-20T16:41:33.067887+00:00
bank-marketing,gaussian_copula,fresh,0.1,2,7,2000,18.1429,39.8,False,0.028269950276817,0.9187757187570952,0.0537033520305599,0.0292580756140415,0.4236160874355764,1.0,0.8725,0.9440751246673624,0.6741499006288966,0.8950931152811331,0,,ok,,2026-07-20T16:41:33.067887+00:00
bank-marketing,gaussian_copula,fresh,0.1,2,8,2000,15.3286,39.8,False,0.0346774785878866,0.9467690903538064,0.0506759509637051,0.0283028800668411,0.4182173507597918,1.0,0.88,0.9405123617443992,0.6875339276265872,0.8950931152811331,0,,ok,,2026-07-20T16:41:33.067887+00:00
bank-marketing,gaussian_copula,fresh,0.1,2,9,2000,49.3973,39.8,False,0.0403634386300905,1.042246151302166,0.0626169689427473,0.0342513239215108,0.4247300755026036,1.0,0.887,0.9499249648062048,0.6028213936101835,0.8950931152811331,0,,ok,,2026-07-20T16:41:33.067887+00:00
bank-marketing,gaussian_copula,fresh,0.1,2,10,2000,14.6746,39.8,False,0.0271515373587792,0.947217635783633,0.0609912968765062,0.0345172140513841,0.4354545408419668,1.0,0.87025,0.9507108116457864,0.6118590741383004,0.8950931152811331,0,,ok,,2026-07-20T16:41:33.067887+00:00
bank-marketing,gaussian_copula,fresh,0.1,2,11,2000,32.0624,39.8,False,0.0328438812174166,0.9206510265286854,0.0666580345947461,0.0369313833904677,0.4392284431564816,1.0,0.892,0.9549511985771368,0.5855216479860039,0.8950931152811331,0,,ok,,2026-07-20T16:41:33.067887+00:00
bank-marketing,gaussian_copula,fresh,0.1,2,12,2000,39.5827,39.8,False,0.0265121343712793,0.990504898233538,0.0571913078908459,0.0311533352992492,0.4359563439302536,1.0,0.86825,0.947313930097276,0.6283088683531148,0.8950931152811331,0,,ok,,2026-07-20T16:41:33.067887+00:00
bank-marketing,gaussian_copula,fresh,0.2,2,9,2000,12.57,39.8,False,0.0449688462501134,0.8932571914600876,0.0588992543155839,0.0237520058485999,0.3662773379947588,1.0,0.9,0.9297810945682664,0.7035760576600976,0.8950931152811331,0,,ok,,2026-07-20T16:41:33.067887+00:00
bank-marketing,gaussian_copula,fresh,0.2,2,0,2000,16.5792,39.34,True,0.0166859111525821,0.9368115412545333,0.0362660500390612,0.0217365119736567,0.160485768630609,1.0,0.89225,0.9046565418435706,0.7270726776221483,0.8950931152811331,0,,ok,,2026-07-20T16:41:33.067887+00:00
bank-marketing,gaussian_copula,fresh,0.2,2,2,2000,27.7251,40.18,False,0.0263608156835008,0.9498791008200426,0.0443974026967814,0.0229087999311929,0.2458991031795452,1.0,0.916,0.92691005641427,0.6615809060703375,0.8950931152811331,0,,ok,,2026-07-20T16:41:33.067887+00:00
bank-marketing,gaussian_copula,fresh,0.2,2,3,2000,31.6134,39.8,False,0.0470950551117361,0.9219347248058624,0.0558703977325128,0.0194145748092447,0.3056722091929849,1.0,0.88125,0.9310690990345916,0.6368044762568759,0.8950931152811331,0,,ok,,2026-07-20T16:41:33.067887+00:00
bank-marketing,gaussian_copula,fresh,0.2,2,4,2000,19.4389,39.8,False,0.0290378276531287,0.995783565509336,0.043597194725208,0.0241742907343924,0.3400556277525477,1.0,0.905,0.9352123623930748,0.6182790747774951,0.8950931152811331,0,,ok,,2026-07-20T16:41:33.067887+00:00
bank-marketing,gaussian_copula,fresh,0.2,2,5,2000,12.7032,39.8,False,0.026644511960919,0.9817797020584784,0.0450187941324057,0.0208717977072505,0.3443281554472751,1.0,0.8975,0.9263496349938136,0.7099855826082222,0.8950931152811331,0,,ok,,2026-07-20T16:41:33.067887+00:00
bank-marketing,gaussian_copula,fresh,0.2,2,6,2000,45.5333,39.8,False,0.0178151251105859,0.9371206021196914,0.0363015956711197,0.0202828277243294,0.391314986048099,1.0,0.903,0.9285001562322422,0.6160505934449398,0.8950931152811331,0,,ok,,2026-07-20T16:41:33.067887+00:00
bank-marketing,gaussian_copula,fresh,0.2,2,7,2000,12.7933,39.8,False,0.0240906579583557,0.8660838879317436,0.0447533414763306,0.0270094978313489,0.3712721939928265,1.0,0.88525,0.927279137691173,0.711870023306933,0.8950931152811331,0,,ok,,2026-07-20T16:41:33.067887+00:00
bank-marketing,gaussian_copula,fresh,0.2,2,1,2000,53.6107,39.57,False,0.0391744889338547,0.8868039788759025,0.0491356613715709,0.0172683782422254,0.1852894665193874,1.0,0.90375,0.908851897241136,0.6943230632104382,0.8950931152811331,0,,ok,,2026-07-20T16:41:33.067887+00:00
bank-marketing,gaussian_copula,fresh,0.5,2,1,2000,11.4418,39.57,False,0.031543720986443,1.0455168754818849,0.0466970798291097,0.0226052256502881,0.1795115153270167,1.0,0.89775,0.91333908685765,0.7480434131577047,0.8950931152811331,0,,ok,,2026-07-20T16:41:33.067887+00:00
bank-marketing,gaussian_copula,fresh,0.5,2,2,2000,9.4898,40.18,False,0.0283844628593518,1.0500512252664291,0.0399785986216098,0.0217003944118839,0.1944588632525868,1.0,0.89875,0.9038949297721712,0.7098206348623897,0.8950931152811331,0,,ok,,2026-07-20T16:41:33.067887+00:00
bank-marketing,gaussian_copula,fresh,0.5,2,3,2000,10.4149,39.8,False,0.0251414773798866,1.1333544910335789,0.0388229799827294,0.0183350227923378,0.2124251983719903,1.0,0.90975,0.9124703848309064,0.704932038214374,0.8950931152811331,0,,ok,,2026-07-20T16:41:33.067887+00:00
bank-marketing,gaussian_copula,fresh,0.75,2,10,2000,8.2453,39.8,False,0.0347733792878359,1.103428265493014,0.045503099146107,0.0161777925221472,0.1579853731841648,1.0,0.893,0.895565647398127,0.7397264246643931,0.8950931152811331,0,,ok,,2026-07-20T16:41:33.067887+00:00
bank-marketing,gaussian_copula,fresh,0.75,2,11,2000,9.4293,39.8,False,0.016678206935651,1.2305561941745455,0.0376372878580081,0.0200755894676054,0.1869549861460717,1.0,0.9085,0.9082276837728196,0.6866501817561993,0.8950931152811331,0,,ok,,2026-07-20T16:41:33.067887+00:00
bank-marketing,gaussian_copula,fresh,0.75,2,12,2000,8.0172,39.8,False,0.0407751108342204,2.476402950287764,0.0604327209855937,0.0208723690515684,0.1528223300865099,1.0,0.902,0.9062118690104548,0.7379550859184222,0.8950931152811331,0,,ok,,2026-07-20T16:41:33.067887+00:00
bank-marketing,gaussian_copula,fresh,1.0,2,0,2000,16.5792,39.34,True,0.0166859111525821,0.9368115412545333,0.0362660500390612,0.0217365119736567,0.160485768630609,1.0,0.89225,0.9046565418435706,0.7270726776221483,0.8950931152811331,0,,ok,,2026-07-20T16:41:33.067887+00:00
bank-marketing,gaussian_copula,fresh,1.0,2,1,2000,9.2688,39.57,False,0.0348652728320229,1.0842639893204526,0.0462986782705837,0.0228798886800103,0.1428833756431848,1.0,0.9135,0.8972479837852999,0.7417981849237643,0.8950931152811331,0,,ok,,2026-07-20T16:41:33.067887+00:00
bank-marketing,gaussian_copula,fresh,1.0,2,2,2000,8.5757,40.18,False,0.0367433398876085,1.087152865369928,0.0462816407566825,0.0173313244129897,0.1369337148411642,1.0,0.90125,0.8762372846470227,0.7324085921973265,0.8950931152811331,0,,ok,,2026-07-20T16:41:33.067887+00:00
bank-marketing,gaussian_copula,fresh,0.75,2,9,2000,9.5009,39.8,False,0.0314179173323707,0.9370986164761514,0.040604239603006,0.0154139788909776,0.2030019159600896,1.0,0.895,0.9037360751529904,0.7201532765239171,0.8950931152811331,0,,ok,,2026-07-20T16:41:33.067887+00:00
bank-marketing,gaussian_copula,fresh,1.0,2,3,2000,9.6059,39.8,False,0.0239010389541533,0.9905379137064072,0.0397905074649135,0.019449875287208,0.1465328419270404,1.0,0.90275,0.8961420843305987,0.7202721785767975,0.8950931152811331,0,,ok,,2026-07-20T16:41:33.067887+00:00
bank-marketing,gaussian_copula,fresh,1.0,2,5,2000,8.8986,39.8,False,0.0280646162061097,1.0630516778434325,0.0412428533620457,0.0213033469718751,0.1317275099835277,1.0,0.899,0.9011618650966892,0.7394966696771949,0.8950931152811331,0,,ok,,2026-07-20T16:41:33.067887+00:00
bank-marketing,gaussian_copula,fresh,1.0,2,6,2000,9.3499,39.8,False,0.0134972937804358,1.0438064955351831,0.0315070341139529,0.01983481391377,0.1607190903815918,1.0,0.9065,0.8944924123429324,0.7921895141291624,0.8950931152811331,0,,ok,,2026-07-20T16:41:33.067887+00:00
bank-marketing,gaussian_copula,fresh,1.0,2,7,2000,8.9947,39.8,False,0.0142382761570119,0.957357727436707,0.0333977058712179,0.0158117205450501,0.1488689164174091,1.0,0.89475,0.8992511647881863,0.6873753126431529,0.8950931152811331,0,,ok,,2026-07-20T16:41:33.067887+00:00
bank-marketing,gaussian_copula,fresh,1.0,2,8,2000,8.9389,39.8,False,0.0164615949910597,0.921551072651979,0.0313542297932905,0.012807807143647,0.1502649825892109,1.0,0.89525,0.893424838291985,0.7152761617067919,0.8950931152811331,0,,ok,,2026-07-20T16:41:33.067887+00:00
bank-marketing,gaussian_copula,fresh,1.0,2,9,2000,9.4279,39.8,False,0.0242352168242033,1.1614481488240556,0.0380883979418094,0.0146220588054603,0.1157939056392786,1.0,0.893,0.8965920621681946,0.7195949872930458,0.8950931152811331,0,,ok,,2026-07-20T16:41:33.067887+00:00
bank-marketing,gaussian_copula,fresh,1.0,2,10,2000,9.4583,39.8,False,0.0276929037563138,1.1205393713894356,0.0390482397954716,0.0175021993684495,0.1232278287255271,1.0,0.8905,0.8886019506736136,0.7175018021739723,0.8950931152811331,0,,ok,,2026-07-20T16:41:33.067887+00:00
bank-marketing,gaussian_copula,fresh,1.0,2,4,2000,10.2802,39.8,False,0.0182063259335005,0.9751934016651832,0.0379546714008387,0.0168326575497315,0.1405993032240295,1.0,0.8955,0.9036505199638024,0.7291616014431597,0.8950931152811331,0,,ok,,2026-07-20T16:41:33.067887+00:00
bank-marketing,gaussian_copula,fresh,0.75,2,8,2000,8.9913,39.8,False,0.0216767333914587,1.0459958890157115,0.0383556831778972,0.0149570815977981,0.1583174949426218,1.0,0.89475,0.9050654852753804,0.7266747197308753,0.8950931152811331,0,,ok,,2026-07-20T16:41:33.067887+00:00
bank-marketing,gaussian_copula,fresh,0.75,2,7,2000,10.7825,39.8,False,0.0353922870646125,0.9964056967955338,0.0499462272609977,0.0171653396734122,0.1850486967518769,1.0,0.89375,0.9045696377783706,0.6764846184895356,0.8950931152811331,0,,ok,,2026-07-20T16:41:33.067887+00:00
bank-marketing,gaussian_copula,fresh,0.75,2,6,2000,9.8601,39.8,False,0.0300335660512578,1.0174688158501086,0.0385345484975004,0.0135292921473945,0.1878658635025843,1.0,0.908,0.9010949219214652,0.7398757476506636,0.8950931152811331,0,,ok,,2026-07-20T16:41:33.067887+00:00
bank-marketing,gaussian_copula,fresh,0.5,2,4,2000,9.3926,39.8,False,0.0410978265945803,1.881028274155376,0.0544481437243794,0.0173954992812119,0.2332961615094258,1.0,0.90675,0.9106439673356364,0.6971393669368251,0.8950931152811331,0,,ok,,2026-07-20T16:41:33.067887+00:00
bank-marketing,gaussian_copula,fresh,0.5,2,5,2000,11.1425,39.8,False,0.02597102410073,1.1617362305880492,0.0389435039591394,0.0182310319829948,0.2060469179319148,1.0,0.9005,0.9068687277532632,0.7484568774391493,0.8950931152811331,0,,ok,,2026-07-20T16:41:33.067887+00:00
bank-marketing,gaussian_copula,fresh,0.5,2,6,2000,9.3775,39.8,False,0.0474808928596038,1.8003364477077917,0.0599414042059993,0.0160752392888299,0.2116794329696581,1.0,0.90275,0.9034350620521552,0.6843403214675909,0.8950931152811331,0,,ok,,2026-07-20T16:41:33.067887+00:00
bank-marketing,gaussian_copula,fresh,0.5,2,7,2000,9.6125,39.8,False,0.0151435090722429,1.268261559752394,0.0461753199655066,0.015046174450465,0.231829602931427,1.0,0.915,0.9134858792177808,0.6523995251020048,0.8950931152811331,0,,ok,,2026-07-20T16:41:33.067887+00:00
bank-marketing,gaussian_copula,fresh,0.5,2,8,2000,9.3743,39.8,False,0.0320491131431186,0.93039416873376,0.0413405013302418,0.0195017140329536,0.2347239637538382,1.0,0.90225,0.8963904878919635,0.7304191578491335,0.8950931152811331,0,,ok,,2026-07-20T16:41:33.067887+00:00
bank-marketing,gaussian_copula,fresh,0.5,2,9,2000,9.8712,39.8,False,0.0265600359680146,0.9774289663296676,0.0452904883517109,0.0204322557656628,0.2543623829864646,1.0,0.89825,0.9066877184924608,0.7040373431753537,0.8950931152811331,0,,ok,,2026-07-20T16:41:33.067887+00:00
bank-marketing,gaussian_copula,fresh,0.5,2,10,2000,8.4603,39.8,False,0.0415103542578853,0.8954562590020393,0.0491335017108264,0.0270806639881062,0.2497703664047312,1.0,0.8975,0.912587598668846,0.667211027765908,0.8950931152811331,0,,ok,,2026-07-20T16:41:33.067887+00:00
bank-marketing,gaussian_copula,fresh,0.5,2,11,2000,9.3149,39.8,False,0.0504762943145653,1.0514900939866616,0.0566194030617722,0.0185733470947448,0.2291199168012387,1.0,0.90875,0.9108587918718086,0.6922327189567395,0.8950931152811331,0,,ok,,2026-07-20T16:41:33.067887+00:00
bank-marketing,gaussian_copula,fresh,0.5,2,12,2000,10.2193,39.8,False,0.0288518184211226,0.9426370687356752,0.0441289799875541,0.0263137110349318,0.2282591858761402,1.0,0.91625,0.9122826154400322,0.6858108244072948,0.8950931152811331,0,,ok,,2026-07-20T16:41:33.067887+00:00
bank-marketing,gaussian_copula,fresh,0.75,2,0,2000,16.5792,39.34,True,0.0166859111525821,0.9368115412545333,0.0362660500390612,0.0217365119736567,0.160485768630609,1.0,0.89225,0.9046565418435706,0.7270726776221483,0.8950931152811331,0,,ok,,2026-07-20T16:41:33.067887+00:00
bank-marketing,gaussian_copula,fresh,0.75,2,1,2000,9.8856,39.57,False,0.0258901417708327,1.0085031713235135,0.0442411242714889,0.0206388428127342,0.1624008890645604,1.0,0.8995,0.903384465139195,0.704595099743967,0.8950931152811331,0,,ok,,2026-07-20T16:41:33.067887+00:00
bank-marketing,gaussian_copula,fresh,0.75,2,2,2000,11.2849,40.18,False,0.0256775829323037,1.013128866111365,0.0392096582573401,0.0151483222136213,0.1604319868307493,1.0,0.882,0.8994417455561695,0.7730720289578876,0.8950931152811331,0,,ok,,2026-07-20T16:41:33.067887+00:00
bank-marketing,gaussian_copula,fresh,0.75,2,3,2000,9.9786,39.8,False,0.0207959530222031,1.0813294355630816,0.0422041330147109,0.0215452590708589,0.1750041545627554,1.0,0.9105,0.9062759096835014,0.7143187900754369,0.8950931152811331,0,,ok,,2026-07-20T16:41:33.067887+00:00
bank-marketing,gaussian_copula,fresh,0.75,2,4,2000,9.258,39.8,False,0.0255414261322728,1.083132262865513,0.0386006865860754,0.0214113003305196,0.1827539703271063,1.0,0.9135,0.9044186581650984,0.755680783794757,0.8950931152811331,0,,ok,,2026-07-20T16:41:33.067887+00:00
bank-marketing,gaussian_copula,fresh,0.75,2,5,2000,10.3079,39.8,False,0.0218537642803532,1.0500150352015882,0.0377707683866208,0.0172722240652684,0.1748969635566621,1.0,0.90775,0.8972149920105478,0.708454001062957,0.8950931152811331,0,,ok,,2026-07-20T16:41:33.067887+00:00
bank-marketing,gaussian_copula,fresh,0.1,2,6,2000,47.5118,39.8,False,0.0300008782958173,0.8586747186863338,0.0539904024723992,0.0358208067627508,0.4199658734210897,1.0,0.87825,0.9433781157694314,0.5823098721255473,0.8950931152811331,0,,ok,,2026-07-20T16:41:33.067887+00:00
bank-marketing,gaussian_copula,fixed,0.75,2,10,2000,14.238,39.8,False,0.0422189115884675,2.549187493968365,0.056280475302261,0.019436722080922,0.185683266632921,1.0,0.90325,0.8993419613563066,0.7284664180120334,0.8950931152811331,0,,ok,,2026-07-20T16:41:33.067887+00:00
bank-marketing,gaussian_copula,fresh,0.1,2,5,2000,18.8209,39.8,False,0.0579768072676237,0.940536837760572,0.0684456902758177,0.0314576652290906,0.4102782430056512,1.0,0.8765,0.9374164932967242,0.6188842974717482,0.8950931152811331,0,,ok,,2026-07-20T16:41:33.067887+00:00
bank-marketing,gaussian_copula,fresh,0.1,2,3,2000,15.0956,39.8,False,0.0295131598715572,0.9030811161778998,0.0552693932083806,0.0338623674542617,0.3251085110273167,1.0,0.87875,0.9337085208898178,0.6151761395717159,0.8950931152811331,0,,ok,,2026-07-20T16:41:33.067887+00:00
bank-marketing,gaussian_copula,fresh,0.0,2,4,2000,22.7639,39.8,False,0.0309901984247361,0.885620529949065,0.0521280940344344,0.0290858736653273,0.4055419126331584,1.0,0.85825,0.9534441868215012,0.5171713740200494,0.8950931152811331,0,,ok,,2026-07-20T16:41:33.067887+00:00
bank-marketing,gaussian_copula,fresh,0.0,2,5,2000,15.4067,39.8,False,0.0311356914002593,0.9264070785547648,0.0606019954362997,0.0336042549792964,0.4330615714250907,1.0,0.87075,0.9521127336975784,0.5247352964502203,0.8950931152811331,0,,ok,,2026-07-20T16:41:33.067887+00:00
bank-marketing,gaussian_copula,fresh,0.0,2,6,2000,15.1113,39.8,False,0.0271025371750986,0.9254367570231132,0.057221787585123,0.0409627213191296,0.4434170562390009,1.0,0.868,0.9594368255674784,0.5785318171003524,0.8950931152811331,0,,ok,,2026-07-20T16:41:33.067887+00:00
bank-marketing,gaussian_copula,fresh,0.0,2,7,2000,16.4436,39.8,False,0.0416240897381508,0.979522723272198,0.0745872776740284,0.0448725594996744,0.4848211163261143,0.9772727272727272,0.85225,0.964219909530987,0.5835988556047315,0.8950931152811331,0,,ok,,2026-07-20T16:41:33.067887+00:00
bank-marketing,gaussian_copula,fresh,0.0,2,8,2000,16.8075,39.8,False,0.0415100419647812,0.9630414708263196,0.0799535102779168,0.0470098295796626,0.4714956099242404,1.0,0.855,0.9616970366382018,0.4154360787535229,0.8950931152811331,0,,ok,,2026-07-20T16:41:33.067887+00:00
bank-marketing,gaussian_copula,fresh,0.0,2,9,2000,16.4033,39.8,False,0.050972647522955,0.9237309570942698,0.0807090537076942,0.0493216729944585,0.473595838366993,0.9772727272727272,0.8445,0.9625301076382132,0.5270833900519997,0.8950931152811331,0,,ok,,2026-07-20T16:41:33.067887+00:00
bank-marketing,gaussian_copula,fresh,0.0,2,3,2000,29.0051,39.8,False,0.0473692529198896,0.8335766532485206,0.0631491363246127,0.0294949131925246,0.3485170174611458,1.0,0.8775,0.9509436856955,0.5781264019374701,0.8950931152811331,0,,ok,,2026-07-20T16:41:33.067887+00:00
bank-marketing,gaussian_copula,fresh,0.0,2,10,2000,15.0971,39.8,False,0.0559282176668643,1.002404824670182,0.0877018421856153,0.0510201690687702,0.5128633846473747,0.9772727272727272,0.8245,0.972273771448397,0.5505554483654963,0.8950931152811331,0,,ok,,2026-07-20T16:41:33.067887+00:00
bank-marketing,gaussian_copula,fresh,0.0,2,12,2000,16.8964,39.8,False,0.0708937178500426,0.9957561736481784,0.1030564631130578,0.0531068229569832,0.4872545480268889,0.9772727272727272,0.8595,0.9694542875830792,0.6072910218000906,0.8950931152811331,0,,ok,,2026-07-20T16:41:33.067887+00:00
bank-marketing,gaussian_copula,fresh,0.01,2,0,2000,16.5792,39.34,True,0.0166859111525821,0.9368115412545333,0.0362660500390612,0.0217365119736567,0.160485768630609,1.0,0.89225,0.9046565418435706,0.7270726776221483,0.8950931152811331,0,,ok,,2026-07-20T16:41:33.067887+00:00
bank-marketing,gaussian_copula,fresh,0.01,2,1,2000,15.1038,39.57,False,0.0215804590737274,0.8599348957172686,0.0395817365900799,0.0189561907921412,0.2108701051909321,1.0,0.89575,0.9126063209328924,0.5759086330347662,0.8950931152811331,0,,ok,,2026-07-20T16:41:33.067887+00:00
bank-marketing,gaussian_copula,fresh,0.01,2,2,2000,14.14,40.18,False,0.0431147257982238,0.8567817656243212,0.0546675222704007,0.0233141595095039,0.2890051518801816,0.9772727272727272,0.89575,0.9331963440055572,0.6596610729238305,0.8950931152811331,0,,ok,,2026-07-20T16:41:33.067887+00:00
bank-marketing,gaussian_copula,fresh,0.01,2,3,2000,15.0352,39.8,False,0.0546492372459837,0.9295597824991144,0.0632739694832912,0.0258025974664258,0.3423930715175576,1.0,0.893,0.9506873913782156,0.5098663846318652,0.8950931152811331,0,,ok,,2026-07-20T16:41:33.067887+00:00
bank-marketing,gaussian_copula,fresh,0.01,2,4,2000,15.1926,39.8,False,0.0423943007037498,0.9948096118900356,0.0654719600756759,0.0295717927924607,0.3817406582666016,0.9772727272727272,0.87275,0.9596794117494788,0.5993361252726934,0.8950931152811331,0,,ok,,2026-07-20T16:41:33.067887+00:00
bank-marketing,gaussian_copula,fresh,0.0,2,11,2000,17.6082,39.8,False,0.0748769268769328,1.0088604797630596,0.1047396496786975,0.0550814749284283,0.4951549924995017,0.9772727272727272,0.8485,0.9687490819289988,0.5761948502212916,0.8950931152811331,0,,ok,,2026-07-20T16:41:33.067887+00:00
bank-marketing,gaussian_copula,fresh,0.01,2,5,2000,15.5039,39.8,False,0.0643698673099221,1.0051799000910282,0.0773072630070258,0.0312680219199626,0.3950188972702618,0.9772727272727272,0.881,0.9580426187714748,0.6020849584464254,0.8950931152811331,0,,ok,,2026-07-20T16:41:33.067887+00:00
bank-marketing,gaussian_copula,fresh,0.0,2,2,2000,17.5819,40.18,False,0.0331067157530455,0.9463472082372052,0.0534952312089071,0.0315435143204688,0.2842314169828168,1.0,0.88925,0.9392936775800816,0.6330213313478841,0.8950931152811331,0,,ok,,2026-07-20T16:41:33.067887+00:00
bank-marketing,gaussian_copula,fresh,0.0,2,0,2000,16.5792,39.34,True,0.0166859111525821,0.9368115412545333,0.0362660500390612,0.0217365119736567,0.160485768630609,1.0,0.89225,0.9046565418435706,0.7270726776221483,0.8950931152811331,0,,ok,,2026-07-20T16:41:33.067887+00:00
bank-marketing,gaussian_copula,fixed,0.75,2,12,2000,12.1196,39.8,False,0.0336179721197796,3.875362774795469,0.0565457653556123,0.0234802671188273,0.1710851017011658,1.0,0.89525,0.9002475634107344,0.7410774337042636,0.8950931152811331,0,,ok,,2026-07-20T16:41:33.067887+00:00
bank-marketing,gaussian_copula,fixed,1.0,2,0,2000,16.5792,39.34,True,0.0166859111525821,0.9368115412545333,0.0362660500390612,0.0217365119736567,0.160485768630609,1.0,0.89225,0.9046565418435706,0.7270726776221483,0.8950931152811331,0,,ok,,2026-07-20T16:41:33.067887+00:00
bank-marketing,gaussian_copula,fixed,1.0,2,1,2000,12.7062,39.57,False,0.0163118987436977,1.0374355907163255,0.0294913039401168,0.0148433165001781,0.1541719436305626,1.0,0.904,0.8955952551703401,0.7628206478830226,0.8950931152811331,0,,ok,,2026-07-20T16:41:33.067887+00:00
bank-marketing,gaussian_copula,fixed,1.0,2,2,2000,13.7484,40.18,False,0.0182921652112926,0.9712689234802312,0.0340374754015527,0.0153366876773932,0.1708057750165419,1.0,0.89775,0.8935313679969088,0.7263983272037717,0.8950931152811331,0,,ok,,2026-07-20T16:41:33.067887+00:00
bank-marketing,gaussian_copula,fixed,1.0,2,3,2000,12.4252,39.8,False,0.0263165653554788,1.1595050547093406,0.0397170125983637,0.0181788737759101,0.1540115639549062,1.0,0.899,0.8982974745726803,0.7265332683090814,0.8950931152811331,0,,ok,,2026-07-20T16:41:33.067887+00:00
bank-marketing,gaussian_copula,fixed,1.0,2,4,2000,13.6648,39.8,False,0.0310918742811341,1.1375990321311849,0.0431881288368175,0.0214743386535933,0.1488264378456128,1.0,0.89925,0.902750281913399,0.7883852994686398,0.8950931152811331,0,,ok,,2026-07-20T16:41:33.067887+00:00
bank-marketing,gaussian_copula,fresh,0.0,2,1,2000,12.9056,39.57,False,0.0455794625854311,0.9724513035312654,0.0604299532007135,0.0248116161057662,0.2039162951940334,1.0,0.89775,0.9242879674470476,0.5975659110359334,0.8950931152811331,0,,ok,,2026-07-20T16:41:33.067887+00:00
bank-marketing,gaussian_copula,fixed,1.0,2,5,2000,12.6402,39.8,False,0.0263226146260498,0.997209513484031,0.0370989497451373,0.0134189489721945,0.1467660463760125,1.0,0.8985,0.8904220760391626,0.7446800652925558,0.8950931152811331,0,,ok,,2026-07-20T16:41:33.067887+00:00
bank-marketing,gaussian_copula,fixed,1.0,2,7,2000,12.691,39.8,False,0.0337890093445385,1.103570802773176,0.0437570216391413,0.0205242852052539,0.1362312510586188,1.0,0.897,0.8981855549887126,0.761941340864783,0.8950931152811331,0,,ok,,2026-07-20T16:41:33.067887+00:00
bank-marketing,gaussian_copula,fixed,1.0,2,8,2000,11.8336,39.8,False,0.0307950780738957,1.0531942125402696,0.0431983175313121,0.0175107019548576,0.1479617457092791,1.0,0.907,0.8886050635509489,0.7085968729174386,0.8950931152811331,0,,ok,,2026-07-20T16:41:33.067887+00:00
bank-marketing,gaussian_copula,fixed,1.0,2,9,2000,12.4812,39.8,False,0.017162064860062,1.0096494045860744,0.0333923412677904,0.0230478700529568,0.1376489686908864,1.0,0.895,0.8916075771785849,0.7635043494832584,0.8950931152811331,0,,ok,,2026-07-20T16:41:33.067887+00:00
bank-marketing,gaussian_copula,fixed,1.0,2,10,2000,13.1357,39.8,False,0.0292301749397676,0.8768195007721589,0.0374602771640261,0.018983449445243,0.1458130485305326,1.0,0.905,0.9001001444251333,0.7195940403379208,0.8950931152811331,0,,ok,,2026-07-20T16:41:33.067887+00:00
bank-marketing,gaussian_copula,fixed,1.0,2,11,2000,13.5041,39.8,False,0.0291109292443249,0.9518620224572796,0.0383688041133677,0.0189497769914114,0.1598605604304195,1.0,0.89675,0.8941341614491546,0.7497571060104427,0.8950931152811331,0,,ok,,2026-07-20T16:41:33.067887+00:00
bank-marketing,gaussian_copula,fixed,1.0,2,12,2000,13.5421,39.8,False,0.0339649606729913,1.078602913011053,0.0444038731178029,0.0178792804747686,0.1418810297046961,1.0,0.89625,0.893506185978016,0.689592903991771,0.8950931152811331,0,,ok,,2026-07-20T16:41:33.067887+00:00
bank-marketing,gaussian_copula,fixed,1.0,2,6,2000,13.0319,39.8,False,0.0162078219024713,1.0372231618610992,0.0328193126600728,0.0154463304950421,0.1512807086625579,1.0,0.89825,0.8912139933832987,0.7705067867090113,0.8950931152811331,0,,ok,,2026-07-20T16:41:33.067887+00:00
bank-marketing,gaussian_copula,fresh,0.01,2,6,2000,15.0418,39.8,False,0.0671904252825818,1.0342667039684923,0.0859511308854182,0.0311996019020236,0.4353175594411667,0.9772727272727272,0.88425,0.9572060377688296,0.6066145407326828,0.8950931152811331,0,,ok,,2026-07-20T16:41:33.067887+00:00
bank-marketing,gaussian_copula,fresh,0.01,2,7,2000,15.7508,39.8,False,0.0626977624145981,0.9511903529269088,0.0787019216980765,0.037088011598904,0.4552818442060524,0.9772727272727272,0.85975,0.9605395570198024,0.6287198468773563,0.8950931152811331,0,,ok,,2026-07-20T16:41:33.067887+00:00
bank-marketing,gaussian_copula,fresh,0.01,2,8,2000,15.9925,39.8,False,0.0629240122387671,0.9748074072466072,0.0887853282869853,0.0366904173885264,0.4828421522049528,0.9772727272727272,0.86825,0.9605190021293812,0.6236903314698046,0.8950931152811331,0,,ok,,2026-07-20T16:41:33.067887+00:00
bank-marketing,gaussian_copula,fresh,0.05,2,2,2000,15.5023,40.18,False,0.0234897163378218,0.9624318567920296,0.0578742830036183,0.0213162175777458,0.2925933350169446,1.0,0.8815,0.929512106866458,0.5672792677196019,0.8950931152811331,0,,ok,,2026-07-20T16:41:33.067887+00:00
bank-marketing,gaussian_copula,fresh,0.05,2,3,2000,15.7516,39.8,False,0.056071837454138,1.1317449221635525,0.0747721508109048,0.0254001867620135,0.3196795552584317,1.0,0.8935,0.9435958000577492,0.6130116368947921,0.8950931152811331,0,,ok,,2026-07-20T16:41:33.067887+00:00
bank-marketing,gaussian_copula,fresh,0.05,2,4,2000,15.9932,39.8,False,0.0531498761385472,0.9165108882530856,0.0662337586190194,0.0280155061619177,0.3728425889906391,1.0,0.87475,0.9404078210409677,0.5349113945926495,0.8950931152811331,0,,ok,,2026-07-20T16:41:33.067887+00:00
bank-marketing,gaussian_copula,fresh,0.05,2,5,2000,14.9532,39.8,False,0.0642309714853788,0.9686816234259092,0.0786430272657043,0.0247718063081327,0.4077342791458772,1.0,0.87775,0.9484782969708424,0.5510085663927994,0.8950931152811331,0,,ok,,2026-07-20T16:41:33.067887+00:00
bank-marketing,gaussian_copula,fresh,0.05,2,6,2000,14.9302,39.8,False,0.0473157792724152,1.0136129598778252,0.0646355148747174,0.0256802929214739,0.4252593533647857,1.0,0.8755,0.9423818892720124,0.6109266784483667,0.8950931152811331,0,,ok,,2026-07-20T16:41:33.067887+00:00
bank-marketing,gaussian_copula,fresh,0.05,2,7,2000,15.2096,39.8,False,0.0432740528396718,0.951033033104726,0.0608203098996249,0.026872147886026,0.4295173493001723,0.9772727272727272,0.87175,0.95120690439298,0.6484712001354145,0.8950931152811331,0,,ok,,2026-07-20T16:41:33.067887+00:00
bank-marketing,gaussian_copula,fresh,0.05,2,1,2000,13.9944,39.57,False,0.0388667085637851,0.9593298636763752,0.0472434665007159,0.0165154324400702,0.1993336921328123,1.0,0.895,0.9189509713179662,0.6217777780408208,0.8950931152811331,0,,ok,,2026-07-20T16:41:33.067887+00:00
bank-marketing,gaussian_copula,fresh,0.05,2,8,2000,14.9975,39.8,False,0.0527441707050998,0.8585289653117194,0.069991217187478,0.0316650202120731,0.4433608068146345,1.0,0.85975,0.9501806853730592,0.6413187888917429,0.8950931152811331,0,,ok,,2026-07-20T16:41:33.067887+00:00
bank-marketing,gaussian_copula,fresh,0.05,2,10,2000,15.0403,39.8,False,0.0425530739606146,0.9544160981145712,0.0683673841252079,0.0358239092238318,0.4710194213369242,1.0,0.86025,0.9583824815264568,0.5538707382580523,0.8950931152811331,0,,ok,,2026-07-20T16:41:33.067887+00:00
bank-marketing,gaussian_copula,fresh,0.05,2,11,2000,14.4073,39.8,False,0.0634692690741978,0.9178304975038964,0.0830708633904305,0.0347729981446668,0.451238511661907,1.0,0.862,0.956919009553487,0.5784265275273937,0.8950931152811331,0,,ok,,2026-07-20T16:41:33.067887+00:00
bank-marketing,gaussian_copula,fresh,0.05,2,12,2000,14.945,39.8,False,0.0554740763381291,0.9319375287849196,0.0783503997206946,0.0324608106945826,0.4421132768103001,0.9772727272727272,0.8495,0.948753006426943,0.6118873052379639,0.8950931152811331,0,,ok,,2026-07-20T16:41:33.067887+00:00
bank-marketing,gaussian_copula,fresh,0.1,2,0,2000,16.5792,39.34,True,0.0166859111525821,0.9368115412545333,0.0362660500390612,0.0217365119736567,0.160485768630609,1.0,0.89225,0.9046565418435706,0.7270726776221483,0.8950931152811331,0,,ok,,2026-07-20T16:41:33.067887+00:00
bank-marketing,gaussian_copula,fresh,0.1,2,1,2000,15.7867,39.57,False,0.0299342243121928,0.8930853202225747,0.0452904675147504,0.0199244965412166,0.2156379546344369,1.0,0.90875,0.9135580142719002,0.6613784352276776,0.8950931152811331,0,,ok,,2026-07-20T16:41:33.067887+00:00
bank-marketing,gaussian_copula,fresh,0.1,2,2,2000,15.5109,40.18,False,0.0243314458021319,0.910216454238044,0.0412603799106557,0.0251571319743939,0.2821987357512636,1.0,0.9045,0.9318691568848352,0.6819594987293046,0.8950931152811331,0,,ok,,2026-07-20T16:41:33.067887+00:00
bank-marketing,gaussian_copula,fresh,0.05,2,9,2000,15.608,39.8,False,0.0585302709379723,0.9928078105848764,0.0817945539798658,0.0355867644709843,0.442042922850708,1.0,0.857,0.9495656350366176,0.5864048020094388,0.8950931152811331,0,,ok,,2026-07-20T16:41:33.067887+00:00
bank-marketing,gaussian_copula,fresh,0.05,2,0,2000,16.5792,39.34,True,0.0166859111525821,0.9368115412545333,0.0362660500390612,0.0217365119736567,0.160485768630609,1.0,0.89225,0.9046565418435706,0.7270726776221483,0.8950931152811331,0,,ok,,2026-07-20T16:41:33.067887+00:00
bank-marketing,gaussian_copula,fresh,0.02,2,12,2000,16.3172,39.8,False,0.0675979422528856,0.8797632297644696,0.0835036841162594,0.0451630235787042,0.47882520483182,1.0,0.87175,0.9635346051418376,0.598667693323848,0.8950931152811331,0,,ok,,2026-07-20T16:41:33.067887+00:00
bank-marketing,gaussian_copula,fresh,0.02,2,11,2000,14.8169,39.8,False,0.0680735751385281,0.8831616589362087,0.0785597772244799,0.0394418088883974,0.4825474305525143,1.0,0.8825,0.9583471621249584,0.6133206993737076,0.8950931152811331,0,,ok,,2026-07-20T16:41:33.067887+00:00
bank-marketing,gaussian_copula,fresh,0.01,2,9,2000,15.2756,39.8,False,0.0724290294449821,0.9459954973372512,0.0935593925623619,0.0389501333136741,0.4908961411455629,0.9772727272727272,0.8585,0.9669419975732336,0.4838047591597194,0.8950931152811331,0,,ok,,2026-07-20T16:41:33.067887+00:00
bank-marketing,gaussian_copula,fresh,0.01,2,10,2000,14.5862,39.8,False,0.0703721607850687,0.8900547878627879,0.090406713689746,0.0376223536928502,0.4860534934898258,0.9772727272727272,0.85675,0.9640477990268612,0.5787723437020973,0.8950931152811331,0,,ok,,2026-07-20T16:41:33.067887+00:00
bank-marketing,gaussian_copula,fresh,0.01,2,11,2000,17.5695,39.8,False,0.0783170529991527,0.8214650629336434,0.094176562231428,0.0386194785407989,0.5103038037393515,0.9772727272727272,0.84575,0.9660116342502286,0.5400933697753231,0.8950931152811331,0,,ok,,2026-07-20T16:41:33.067887+00:00
bank-marketing,gaussian_copula,fresh,0.01,2,12,2000,16.0619,39.8,False,0.0757286163263902,0.878289945675057,0.0956162488697821,0.0389502684703945,0.4970195515834502,0.9772727272727272,0.84525,0.9663792159010068,0.6477067114260789,0.8950931152811331,0,,ok,,2026-07-20T16:41:33.067887+00:00
bank-marketing,gaussian_copula,fresh,0.02,2,0,2000,16.5792,39.34,True,0.0166859111525821,0.9368115412545333,0.0362660500390612,0.0217365119736567,0.160485768630609,1.0,0.89225,0.9046565418435706,0.7270726776221483,0.8950931152811331,0,,ok,,2026-07-20T16:41:33.067887+00:00
bank-marketing,gaussian_copula,fresh,0.02,2,1,2000,14.1374,39.57,False,0.0401823712265262,0.8995561853144759,0.0591542335339856,0.0165321242950348,0.2188861301262387,1.0,0.9045,0.9219300770530404,0.5999740179187584,0.8950931152811331,0,,ok,,2026-07-20T16:41:33.067887+00:00
bank-marketing,gaussian_copula,fresh,0.02,2,2,2000,15.0525,40.18,False,0.0454719351465313,0.8736790090253709,0.0562879869336396,0.0242124479339452,0.291970676180695,1.0,0.9065,0.9303190958469016,0.6021766355394625,0.8950931152811331,0,,ok,,2026-07-20T16:41:33.067887+00:00
bank-marketing,gaussian_copula,fresh,0.02,2,3,2000,14.1829,39.8,False,0.0479539605630572,0.7683073680577043,0.0665826876816529,0.0189025642915944,0.365735505287043,1.0,0.89575,0.942371521264234,0.6390656275412429,0.8950931152811331,0,,ok,,2026-07-20T16:41:33.067887+00:00
bank-marketing,gaussian_copula,fresh,0.02,2,4,2000,16.2751,39.8,False,0.049610488348653,0.8560832416398904,0.0623953634041566,0.0315819479769496,0.4168361163799869,1.0,0.88825,0.9489101060448072,0.5388742242366062,0.8950931152811331,0,,ok,,2026-07-20T16:41:33.067887+00:00
bank-marketing,gaussian_copula,fresh,0.02,2,5,2000,15.2406,39.8,False,0.033131271415644,0.9222822054894748,0.0571755260716686,0.0312143401280302,0.4342458986276902,1.0,0.88075,0.9538030193407152,0.5389706361052683,0.8950931152811331,0,,ok,,2026-07-20T16:41:33.067887+00:00
bank-marketing,gaussian_copula,fresh,0.02,2,6,2000,15.2216,39.8,False,0.0442305813157177,0.8979390318688906,0.0613568553013951,0.0309138068733335,0.4539220015560905,1.0,0.89375,0.9502207354031068,0.5881889246495969,0.8950931152811331,0,,ok,,2026-07-20T16:41:33.067887+00:00
bank-marketing,gaussian_copula,fresh,0.02,2,7,2000,14.1437,39.8,False,0.0520016807962569,0.8026719162932368,0.0741061131598899,0.0416795434160246,0.4637226939001088,1.0,0.8805,0.944580982421882,0.6765659974455885,0.8950931152811331,0,,ok,,2026-07-20T16:41:33.067887+00:00
bank-marketing,gaussian_copula,fresh,0.02,2,8,2000,16.0603,39.8,False,0.0509579399267107,0.796252702849297,0.0799228417138037,0.0301914433509037,0.4559997541786401,1.0,0.86825,0.9608466338751872,0.6192593508859356,0.8950931152811331,0,,ok,,2026-07-20T16:41:33.067887+00:00
bank-marketing,gaussian_copula,fresh,0.02,2,9,2000,14.4978,39.8,False,0.0427653863395165,0.8163641551750465,0.0717707631352533,0.0392210733900991,0.4576720499691631,1.0,0.87875,0.9599120394240076,0.6019106595187337,0.8950931152811331,0,,ok,,2026-07-20T16:41:33.067887+00:00
bank-marketing,gaussian_copula,fresh,0.02,2,10,2000,14.7189,39.8,False,0.0661351125244324,0.8942542514456301,0.0793527336808407,0.0442055979456178,0.4719467318697892,1.0,0.8675,0.9562307610371285,0.6081721043591894,0.8950931152811331,0,,ok,,2026-07-20T16:41:33.067887+00:00
bank-marketing,gaussian_copula,fresh,0.1,2,4,2000,30.0771,39.8,False,0.0422164214312145,0.9230254611032792,0.0564793888335821,0.0285606423630309,0.3603368143736405,1.0,0.88675,0.9375372418873158,0.6367055786310106,0.8950931152811331,0,,ok,,2026-07-20T16:41:33.067887+00:00
bank-marketing,gaussian_copula,fresh,0.5,1,7,2000,8.6586,39.8,False,0.0145780468150449,1.1011784648323446,0.0409284095777329,0.0205584061336577,0.2223176033762913,1.0,0.903,0.9137815845646338,0.7283051989020055,0.8978258502177405,0,,ok,,2026-07-20T16:41:33.067887+00:00
bank-marketing,gaussian_copula,fresh,0.5,1,6,2000,9.037,39.8,False,0.0146425268818709,1.13146805141309,0.0347641426063127,0.0196755317188248,0.2596546365317969,1.0,0.90325,0.9105957700494764,0.7047954399375956,0.8978258502177405,0,,ok,,2026-07-20T16:41:33.067887+00:00
bank-marketing,gaussian_copula,fresh,0.5,1,5,2000,8.7449,39.8,False,0.0213937871335704,1.0697721921919088,0.036791867642317,0.0208174278447417,0.2358412478455991,1.0,0.912,0.9100467853876008,0.7580401224886454,0.8978258502177405,0,,ok,,2026-07-20T16:41:33.067887+00:00
bank-marketing,gaussian_copula,fixed,0.02,1,2,2000,14.2466,40.18,False,0.0405144090323494,1.0792378863886358,0.0605259270092062,0.0219000086008822,0.2804786798668475,1.0,0.8855,0.9445773419191508,0.5631451575674143,0.8978258502177405,0,,ok,,2026-07-20T16:41:33.067887+00:00
bank-marketing,gaussian_copula,fixed,0.02,1,3,2000,14.3524,39.8,False,0.034171231450317,1.103141446863925,0.0617451909307215,0.0314945261528253,0.3249062532769666,0.9772727272727272,0.90825,0.9449166399237092,0.5549842391156387,0.8978258502177405,0,,ok,,2026-07-20T16:41:33.067887+00:00
bank-marketing,gaussian_copula,fixed,0.02,1,4,2000,13.7205,39.8,False,0.0449370148754849,1.046948913519288,0.0791228670718828,0.0393534962586162,0.3865471320236548,0.9772727272727272,0.89,0.952531294761604,0.573882089882613,0.8978258502177405,0,,ok,,2026-07-20T16:41:33.067887+00:00
bank-marketing,gaussian_copula,fixed,0.02,1,5,2000,15.4558,39.8,False,0.0595226273546102,1.187041528285232,0.0913974726677994,0.0382534802855492,0.410977691220099,0.9772727272727272,0.897,0.9548820256502396,0.5658961213901774,0.8978258502177405,0,,ok,,2026-07-20T16:41:33.067887+00:00
bank-marketing,gaussian_copula,fixed,0.02,1,6,2000,14.6305,39.8,False,0.0599705609803822,1.2033708844897455,0.0942020479914906,0.0476094032216447,0.4242083097162828,0.9772727272727272,0.8995,0.9596126721994072,0.4729653781369368,0.8978258502177405,0,,ok,,2026-07-20T16:41:33.067887+00:00
bank-marketing,gaussian_copula,fixed,0.02,1,7,2000,14.131,39.8,False,0.0563121761097233,1.1468721263434505,0.0896383187453484,0.0500746003661518,0.4674450551687315,0.9772727272727272,0.87475,0.9626154637022516,0.5200642035574736,0.8978258502177405,0,,ok,,2026-07-20T16:41:33.067887+00:00
bank-marketing,gaussian_copula,fixed,0.02,1,1,2000,14.8747,39.57,False,0.0361026650728923,1.0571456311180576,0.0496036298485168,0.0248235283276198,0.2155239122412515,1.0,0.90425,0.9182037390073552,0.6869973591788953,0.8978258502177405,0,,ok,,2026-07-20T16:41:33.067887+00:00
bank-marketing,gaussian_copula,fixed,0.02,1,8,2000,14.9809,39.8,False,0.0829215817727121,1.2687915049594112,0.1052014609656037,0.047771665007925,0.4875334139885043,0.9772727272727272,0.874,0.9710383528965242,0.5593796496976253,0.8978258502177405,0,,ok,,2026-07-20T16:41:33.067887+00:00
bank-marketing,gaussian_copula,fixed,0.02,1,10,2000,13.9182,39.8,False,0.0726189514505523,1.1930292757434169,0.1060843578451088,0.0475517343064617,0.4679031164141481,0.9772727272727272,0.868,0.968410025799622,0.4528069525445276,0.8978258502177405,0,,ok,,2026-07-20T16:41:33.067887+00:00
bank-marketing,gaussian_copula,fixed,0.02,1,11,2000,15.6825,39.8,False,0.0703698142373045,1.2515372988429525,0.1049858551314452,0.0586321955594873,0.4919698204444648,0.9772727272727272,0.86475,0.9747078716495808,0.4280131816153397,0.8978258502177405,0,,ok,,2026-07-20T16:41:33.067887+00:00
bank-marketing,gaussian_copula,fixed,0.02,1,12,2000,15.3842,39.8,False,0.0706364021311485,1.2508656366754811,0.0994913324074256,0.0547267622593288,0.4943291869689543,0.9772727272727272,0.8515,0.97137720765075,0.5651612250284974,0.8978258502177405,0,,ok,,2026-07-20T16:41:33.067887+00:00
bank-marketing,gaussian_copula,fixed,0.05,1,0,2000,16.6935,39.34,True,0.0313684085632817,1.0645290212874408,0.0456074418296493,0.0211733876417609,0.1533702139422047,1.0,0.88975,0.9023393607301052,0.7826034873989864,0.8978258502177405,0,,ok,,2026-07-20T16:41:33.067887+00:00
bank-marketing,gaussian_copula,fixed,0.05,1,1,2000,12.9698,39.57,False,0.0172995902335273,1.0525026598096356,0.0377911929040043,0.0242325678548171,0.2281291266364957,1.0,0.906,0.9173494471164227,0.6387525996877416,0.8978258502177405,0,,ok,,2026-07-20T16:41:33.067887+00:00
bank-marketing,gaussian_copula,fixed,0.05,1,2,2000,15.7009,40.18,False,0.0523041529875042,1.0405249163595691,0.0629496781935268,0.0265523916596016,0.2878738549884762,1.0,0.88925,0.9318325707323862,0.6283475159591532,0.8978258502177405,0,,ok,,2026-07-20T16:41:33.067887+00:00
bank-marketing,gaussian_copula,fixed,0.02,1,9,2000,15.5645,39.8,False,0.0708438540331506,1.1863424152987023,0.0996456362295226,0.0502611166402496,0.4924552227683619,0.9772727272727272,0.87875,0.9703693092695742,0.5267987708522478,0.8978258502177405,0,,ok,,2026-07-20T16:41:33.067887+00:00
bank-marketing,gaussian_copula,fixed,0.05,1,3,2000,14.3343,39.8,False,0.0555940554852159,1.0176317149806575,0.072190203786568,0.0267794303758585,0.3315747392454704,1.0,0.885,0.9332588704274676,0.6479787242857294,0.8978258502177405,0,,ok,,2026-07-20T16:41:33.067887+00:00
bank-marketing,gaussian_copula,fixed,0.02,1,0,2000,16.6935,39.34,True,0.0313684085632817,1.0645290212874408,0.0456074418296493,0.0211733876417609,0.1533702139422047,1.0,0.88975,0.9023393607301052,0.7826034873989864,0.8978258502177405,0,,ok,,2026-07-20T16:41:33.067887+00:00
bank-marketing,gaussian_copula,fixed,0.01,1,11,2000,15.3314,39.8,False,0.0759679114976762,1.228949681282691,0.1044943122082944,0.0410988302800201,0.4776848724877869,1.0,0.8635,0.9655654836655042,0.6033508007097428,0.8978258502177405,0,,ok,,2026-07-20T16:41:33.067887+00:00
bank-marketing,gaussian_copula,fixed,0.0,1,10,2000,17.9182,39.8,False,0.0381565872599644,0.9598996484166448,0.0703860959594785,0.0521582685195424,0.4887032831934825,1.0,0.871,0.9717803134531804,0.5473969387308197,0.8978258502177405,0,,ok,,2026-07-20T16:41:33.067887+00:00
bank-marketing,gaussian_copula,fixed,0.0,1,11,2000,14.1996,39.8,False,0.0220184176057714,0.9101651084275176,0.0551790014123304,0.0560343789548699,0.4805491459080739,1.0,0.879,0.971515705379658,0.5643676174490686,0.8978258502177405,0,,ok,,2026-07-20T16:41:33.067887+00:00
bank-marketing,gaussian_copula,fixed,0.0,1,12,2000,15.878,39.8,False,0.0356940714625513,1.0347644526071196,0.0761757913754184,0.0633937545308218,0.4880151447947016,0.9772727272727272,0.874,0.973587998559396,0.5511635711098196,0.8978258502177405,0,,ok,,2026-07-20T16:41:33.067887+00:00
bank-marketing,gaussian_copula,fixed,0.01,1,0,2000,16.6935,39.34,True,0.0313684085632817,1.0645290212874408,0.0456074418296493,0.0211733876417609,0.1533702139422047,1.0,0.88975,0.9023393607301052,0.7826034873989864,0.8978258502177405,0,,ok,,2026-07-20T16:41:33.067887+00:00
bank-marketing,gaussian_copula,fixed,0.01,1,1,2000,14.3504,39.57,False,0.0260266480483683,0.9227866892976124,0.0405614932216919,0.0265554941206826,0.2130179996645311,1.0,0.90225,0.932099670682778,0.6141703548595961,0.8978258502177405,0,,ok,,2026-07-20T16:41:33.067887+00:00
bank-marketing,gaussian_copula,fixed,0.01,1,2,2000,14.5547,40.18,False,0.0215393452360835,0.927261304726696,0.049084988998088,0.0277985304778404,0.2843799577935499,1.0,0.90525,0.9325811991690448,0.5955538681341315,0.8978258502177405,0,,ok,,2026-07-20T16:41:33.067887+00:00
bank-marketing,gaussian_copula,fixed,0.01,1,12,2000,14.5166,39.8,False,0.065845661315483,1.0216039130289831,0.0934966180567752,0.0389849607431162,0.4693372603055354,1.0,0.8675,0.9639489834527248,0.5657656191370162,0.8978258502177405,0,,ok,,2026-07-20T16:41:33.067887+00:00
bank-marketing,gaussian_copula,fixed,0.01,1,3,2000,15.5413,39.8,False,0.0299825435410853,0.9415462833598724,0.0535832380822124,0.0259551771167385,0.3440339148675513,1.0,0.90225,0.9449642285844124,0.6193637526884648,0.8978258502177405,0,,ok,,2026-07-20T16:41:33.067887+00:00
bank-marketing,gaussian_copula,fixed,0.01,1,5,2000,14.2653,39.8,False,0.0466536914270584,0.9894565789653492,0.073320017721444,0.0293496442920859,0.4644706435626114,1.0,0.87525,0.9538447354970128,0.6290606323529586,0.8978258502177405,0,,ok,,2026-07-20T16:41:33.067887+00:00
bank-marketing,gaussian_copula,fixed,0.01,1,6,2000,13.2798,39.8,False,0.0407872279162648,0.9897327218506554,0.0816929964766672,0.0457994458574465,0.4385848417950472,1.0,0.87675,0.957407589545044,0.5877070428603726,0.8978258502177405,0,,ok,,2026-07-20T16:41:33.067887+00:00
bank-marketing,gaussian_copula,fixed,0.01,1,7,2000,14.9876,39.8,False,0.0868949287674532,1.0300134986571945,0.099508913167095,0.0371401083711157,0.477240851162716,1.0,0.86675,0.9606487822267488,0.6266669073510942,0.8978258502177405,0,,ok,,2026-07-20T16:41:33.067887+00:00
bank-marketing,gaussian_copula,fixed,0.01,1,8,2000,14.7003,39.8,False,0.0645783084289767,1.0616318007977414,0.0801889175309024,0.0446625812476194,0.4634149991910387,1.0,0.86075,0.954878431272543,0.6314368978697061,0.8978258502177405,0,,ok,,2026-07-20T16:41:33.067887+00:00
bank-marketing,gaussian_copula,fixed,0.01,1,9,2000,15.242,39.8,False,0.0639692360306117,0.891333604370374,0.0875994027312862,0.0371635027707127,0.4918811788269762,1.0,0.84825,0.9637939774614316,0.6110646379731373,0.8978258502177405,0,,ok,,2026-07-20T16:41:33.067887+00:00
bank-marketing,gaussian_copula,fixed,0.01,1,10,2000,14.2284,39.8,False,0.0798870601886336,1.106352294307234,0.1071284290780465,0.0357114895499281,0.4674273796090618,1.0,0.85025,0.9633381046194128,0.474208730216036,0.8978258502177405,0,,ok,,2026-07-20T16:41:33.067887+00:00
bank-marketing,gaussian_copula,fixed,0.01,1,4,2000,15.3215,39.8,False,0.0504765109396814,0.8896841889068149,0.0633434042181158,0.0262701168491282,0.4132155015677724,1.0,0.894,0.9542205454039642,0.5468947565911035,0.8978258502177405,0,,ok,,2026-07-20T16:41:33.067887+00:00
bank-marketing,gaussian_copula,fixed,0.05,1,4,2000,14.5302,39.8,False,0.0528134767414097,1.033776872229444,0.0662585908234109,0.0314367835157949,0.3551025578702354,1.0,0.87525,0.9444045845395396,0.6311072391168223,0.8978258502177405,0,,ok,,2026-07-20T16:41:33.067887+00:00
bank-marketing,gaussian_copula,fixed,0.05,1,5,2000,14.8835,39.8,False,0.0409377571350509,1.0241201168703644,0.0585919800793457,0.0318904063302493,0.4147210873643463,1.0,0.88325,0.944777768694521,0.6168145494920177,0.8978258502177405,0,,ok,,2026-07-20T16:41:33.067887+00:00
bank-marketing,gaussian_copula,fixed,0.05,1,6,2000,15.1826,39.8,False,0.0581328827292179,1.0359997089569115,0.0795634386821849,0.0359537702581493,0.4424870489907059,1.0,0.87075,0.951203947890762,0.5994088040785357,0.8978258502177405,0,,ok,,2026-07-20T16:41:33.067887+00:00
bank-marketing,gaussian_copula,fixed,0.2,1,0,2000,16.6935,39.34,True,0.0313684085632817,1.0645290212874408,0.0456074418296493,0.0211733876417609,0.1533702139422047,1.0,0.88975,0.9023393607301052,0.7826034873989864,0.8978258502177405,0,,ok,,2026-07-20T16:41:33.067887+00:00
bank-marketing,gaussian_copula,fixed,0.2,1,1,2000,13.7441,39.57,False,0.0166537203155114,0.9643766960408822,0.0331844397637904,0.0278999655964711,0.1916219631681976,1.0,0.903,0.9115587437719476,0.6474182452211318,0.8978258502177405,0,,ok,,2026-07-20T16:41:33.067887+00:00
bank-marketing,gaussian_copula,fixed,0.2,1,2,2000,14.3439,40.18,False,0.0251511347191935,0.9362505768873746,0.0442587586431545,0.0241713480039809,0.2667279587467908,1.0,0.909,0.9180450160132732,0.6181154290949595,0.8978258502177405,0,,ok,,2026-07-20T16:41:33.067887+00:00
bank-marketing,gaussian_copula,fixed,0.2,1,3,2000,15.6464,39.8,False,0.0211043288988102,0.9242647705625112,0.0424893759305926,0.0238683082064703,0.3050622602614783,1.0,0.9045,0.929155070973592,0.6196842378135753,0.8978258502177405,0,,ok,,2026-07-20T16:41:33.067887+00:00
bank-marketing,gaussian_copula,fixed,0.2,1,4,2000,16.2859,39.8,False,0.0384879942875566,0.8403521271855111,0.0548261486330141,0.0273702925528647,0.35165676482811,1.0,0.89775,0.9386491128464968,0.6051951141850327,0.8978258502177405,0,,ok,,2026-07-20T16:41:33.067887+00:00
bank-marketing,gaussian_copula,fixed,0.2,1,5,2000,17.4843,39.8,False,0.0241937363282863,0.8201984456521593,0.0449582704558352,0.0296418899824296,0.3529911996340384,1.0,0.895,0.927853264996912,0.6049834697145995,0.8978258502177405,0,,ok,,2026-07-20T16:41:33.067887+00:00
bank-marketing,gaussian_copula,fixed,0.1,1,12,2000,16.5916,39.8,False,0.0461021721354413,0.9181413102759036,0.0656835130538876,0.0394785592293609,0.4622278311452452,0.9772727272727272,0.8605,0.9546524433529956,0.6217161075883065,0.8978258502177405,0,,ok,,2026-07-20T16:41:33.067887+00:00
bank-marketing,gaussian_copula,fixed,0.2,1,6,2000,16.2992,39.8,False,0.033328446483979,0.840231357268374,0.04947047117141,0.0320349441557005,0.3756148389293922,1.0,0.889,0.9341997030083272,0.6684244915738748,0.8978258502177405,0,,ok,,2026-07-20T16:41:33.067887+00:00
bank-marketing,gaussian_copula,fixed,0.2,1,8,2000,16.1692,39.8,False,0.0661749027465232,0.7990176088186688,0.0729396578155947,0.0258839188076719,0.392502943937322,1.0,0.888,0.938054840150644,0.653135782711677,0.8978258502177405,0,,ok,,2026-07-20T16:41:33.067887+00:00
bank-marketing,gaussian_copula,fixed,0.2,1,9,2000,13.6673,39.8,False,0.07522557298221,0.7956034583258276,0.0777514692908673,0.0289223708946146,0.410924562943285,1.0,0.8755,0.9414070647906504,0.6345355717774229,0.8978258502177405,0,,ok,,2026-07-20T16:41:33.067887+00:00
bank-marketing,gaussian_copula,fixed,0.2,1,10,2000,14.2312,39.8,False,0.0698441038125639,0.7836502332413743,0.0773398979183256,0.0238532320886628,0.3876155053525725,1.0,0.8815,0.9365338176344968,0.6534383348741082,0.8978258502177405,0,,ok,,2026-07-20T16:41:33.067887+00:00
bank-marketing,gaussian_copula,fixed,0.2,1,11,2000,14.0014,39.8,False,0.0572843605073443,0.7865077433328017,0.0786106401417731,0.0313724857778269,0.3520791606697409,1.0,0.88375,0.9347779084421258,0.6068207993958427,0.8978258502177405,0,,ok,,2026-07-20T16:41:33.067887+00:00
bank-marketing,gaussian_copula,fixed,0.2,1,12,2000,12.9025,39.8,False,0.0670005565233169,0.8036870247984564,0.0779348481162862,0.0295831152395345,0.3948310917825205,1.0,0.87625,0.9369801808443806,0.6660846246447438,0.8978258502177405,0,,ok,,2026-07-20T16:41:33.067887+00:00
bank-marketing,gaussian_copula,fixed,0.35,1,0,2000,16.6935,39.34,True,0.0313684085632817,1.0645290212874408,0.0456074418296493,0.0211733876417609,0.1533702139422047,1.0,0.88975,0.9023393607301052,0.7826034873989864,0.8978258502177405,0,,ok,,2026-07-20T16:41:33.067887+00:00
bank-marketing,gaussian_copula,fixed,0.2,1,7,2000,17.1638,39.8,False,0.0316334682496692,0.8647595684116961,0.0522056278546117,0.0237932593657463,0.387043957217183,1.0,0.89025,0.9377751660658182,0.6334234913525242,0.8978258502177405,0,,ok,,2026-07-20T16:41:33.067887+00:00
bank-marketing,gaussian_copula,fixed,0.1,1,11,2000,15.9871,39.8,False,0.0543665795125742,0.869270475268494,0.0815520977763979,0.0413089928366938,0.4461730402214445,0.9772727272727272,0.869,0.9489518784511468,0.6223773781890194,0.8978258502177405,0,,ok,,2026-07-20T16:41:33.067887+00:00
bank-marketing,gaussian_copula,fixed,0.1,1,10,2000,14.7673,39.8,False,0.0584399390995657,0.8631947559783121,0.0833046959979938,0.0439278078808655,0.4511430781859212,0.9772727272727272,0.86225,0.9456285550828234,0.6195373413998126,0.8978258502177405,0,,ok,,2026-07-20T16:41:33.067887+00:00
bank-marketing,gaussian_copula,fixed,0.1,1,9,2000,14.9559,39.8,False,0.0682330557284449,0.7808863252708056,0.0849906785614273,0.0463465541179795,0.4544698377760498,0.9772727272727272,0.85675,0.95010469831605,0.64254651621128,0.8978258502177405,0,,ok,,2026-07-20T16:41:33.067887+00:00
bank-marketing,gaussian_copula,fixed,0.05,1,7,2000,15.7208,39.8,False,0.0647821919209806,1.073951638798058,0.0828513686402199,0.0446362502610982,0.458970023904035,1.0,0.85975,0.947464242585048,0.5715551844017551,0.8978258502177405,0,,ok,,2026-07-20T16:41:33.067887+00:00
bank-marketing,gaussian_copula,fixed,0.05,1,8,2000,15.714,39.8,False,0.0654124386722991,0.972185461875028,0.0827416916759417,0.0387806160689053,0.4569142174494142,1.0,0.8545,0.9538218214798216,0.5839314735923807,0.8978258502177405,0,,ok,,2026-07-20T16:41:33.067887+00:00
bank-marketing,gaussian_copula,fixed,0.05,1,9,2000,14.8052,39.8,False,0.0735324547174895,1.1518024831082525,0.0863542514443483,0.0337922272598818,0.4631609904865129,1.0,0.878,0.9503749898938364,0.5866516021888868,0.8978258502177405,0,,ok,,2026-07-20T16:41:33.067887+00:00
bank-marketing,gaussian_copula,fixed,0.05,1,10,2000,14.9178,39.8,False,0.0546822480946425,1.0360210681682664,0.0786451288530333,0.0329612591691547,0.4684618740336998,1.0,0.8585,0.955573427543964,0.5602066374452097,0.8978258502177405,0,,ok,,2026-07-20T16:41:33.067887+00:00
bank-marketing,gaussian_copula,fixed,0.05,1,11,2000,14.7803,39.8,False,0.083573329199805,1.060635591159252,0.0956272967966911,0.0326464914544091,0.450668919450548,1.0,0.871,0.9631001196908648,0.6268140996883335,0.8978258502177405,0,,ok,,2026-07-20T16:41:33.067887+00:00
bank-marketing,gaussian_copula,fixed,0.05,1,12,2000,15.3314,39.8,False,0.0816313789317855,1.1260191188451811,0.0999395272490204,0.045319473626009,0.4701638475319116,1.0,0.86225,0.955808255720144,0.6180664833519371,0.8978258502177405,0,,ok,,2026-07-20T16:41:33.067887+00:00
bank-marketing,gaussian_copula,fixed,0.1,1,0,2000,16.6935,39.34,True,0.0313684085632817,1.0645290212874408,0.0456074418296493,0.0211733876417609,0.1533702139422047,1.0,0.88975,0.9023393607301052,0.7826034873989864,0.8978258502177405,0,,ok,,2026-07-20T16:41:33.067887+00:00
bank-marketing,gaussian_copula,fixed,0.1,1,1,2000,13.964,39.57,False,0.0349846230118933,1.1087836470101529,0.0511912675680069,0.0252726663963532,0.1977817240537728,1.0,0.898,0.922819696220477,0.6857160105254062,0.8978258502177405,0,,ok,,2026-07-20T16:41:33.067887+00:00
bank-marketing,gaussian_copula,fixed,0.1,1,2,2000,15.3518,40.18,False,0.0399334730673844,1.2070552991442889,0.0587241048407878,0.0233239645152174,0.2462499815652246,1.0,0.91225,0.9288094864643172,0.6459334195851627,0.8978258502177405,0,,ok,,2026-07-20T16:41:33.067887+00:00
bank-marketing,gaussian_copula,fixed,0.1,1,3,2000,14.3195,39.8,False,0.0314611456932566,1.0996431084919902,0.0512870775533354,0.0286612112499539,0.2696508322739721,1.0,0.89925,0.9339302495561695,0.6395396377659909,0.8978258502177405,0,,ok,,2026-07-20T16:41:33.067887+00:00
bank-marketing,gaussian_copula,fixed,0.1,1,4,2000,14.8875,39.8,False,0.0565039594272644,0.9658103842606762,0.077284751324309,0.0317936955533439,0.327278455208782,0.9772727272727272,0.8945,0.9400512508984512,0.6337531501054079,0.8978258502177405,0,,ok,,2026-07-20T16:41:33.067887+00:00
bank-marketing,gaussian_copula,fixed,0.1,1,5,2000,14.0172,39.8,False,0.0553641037152392,0.96666247470116,0.0802777936627784,0.0310522995072923,0.3796923047930634,1.0,0.886,0.9452954985829476,0.6422838545334885,0.8978258502177405,0,,ok,,2026-07-20T16:41:33.067887+00:00
bank-marketing,gaussian_copula,fixed,0.1,1,6,2000,14.4735,39.8,False,0.0594919690549839,0.9120521016641224,0.0705350375516565,0.031385811001757,0.3748623725038503,0.9772727272727272,0.87875,0.9426374084637156,0.6182145042749105,0.8978258502177405,0,,ok,,2026-07-20T16:41:33.067887+00:00
bank-marketing,gaussian_copula,fixed,0.1,1,7,2000,14.6143,39.8,False,0.0462903871703644,0.9336564976035778,0.0654592498890104,0.0361218376399179,0.4117177893657146,0.9772727272727272,0.8815,0.943438829814982,0.6726289723287875,0.8978258502177405,0,,ok,,2026-07-20T16:41:33.067887+00:00
bank-marketing,gaussian_copula,fixed,0.1,1,8,2000,16.2702,39.8,False,0.0530814566786172,0.9147925893547724,0.0787113286230999,0.0477117598633688,0.461192397895618,0.9772727272727272,0.86325,0.9397937494552604,0.6377182879524818,0.8978258502177405,0,,ok,,2026-07-20T16:41:33.067887+00:00
bank-marketing,gaussian_copula,fixed,0.0,1,9,2000,17.0556,39.8,False,0.0405457056537367,1.0089191461169549,0.0734379036617941,0.0453554498875741,0.5118179811336878,1.0,0.848,0.9676636878646816,0.5534274448901709,0.8978258502177405,0,,ok,,2026-07-20T16:41:33.067887+00:00
bank-marketing,gaussian_copula,fixed,0.35,1,1,2000,13.0476,39.57,False,0.0340372990757634,0.9151302310398552,0.0503759684822622,0.0241166525366458,0.1988563373999475,1.0,0.89175,0.9162458145384224,0.6807312979322051,0.8978258502177405,0,,ok,,2026-07-20T16:41:33.067887+00:00
bank-marketing,gaussian_copula,fixed,0.0,1,8,2000,14.968,39.8,False,0.0477020815035893,1.026476063617311,0.0733234447433308,0.0456641232629289,0.4690990636997877,1.0,0.87075,0.9658048242200694,0.5675283169174716,0.8978258502177405,0,,ok,,2026-07-20T16:41:33.067887+00:00
bank-marketing,gaussian_copula,fixed,0.0,1,6,2000,14.753,39.8,False,0.0427898718080534,1.0061413221403686,0.0712585841942037,0.0463116591101773,0.4651228723548852,1.0,0.8825,0.9639569147086752,0.553684720760689,0.8978258502177405,0,,ok,,2026-07-20T16:41:33.067887+00:00
bank-marketing,gaussian_copula,fresh,0.35,0,7,2000,10.4776,39.8,False,0.0256551902875932,1.062692294280679,0.0509826989770719,0.0207832823423888,0.2584864066064188,1.0,0.9005,0.9176188881935708,0.6394825245350154,0.8995903827237507,0,,ok,,2026-07-20T16:41:33.067887+00:00
bank-marketing,gaussian_copula,fresh,0.35,0,8,2000,12.3216,39.8,False,0.0193661696260618,1.0268645271924046,0.0452387510380026,0.0188448339415385,0.2819418787812254,1.0,0.8925,0.918598869678802,0.6776919862738855,0.8995903827237507,0,,ok,,2026-07-20T16:41:33.067887+00:00
bank-marketing,gaussian_copula,fresh,0.35,0,9,2000,8.8431,39.8,False,0.0277232566954635,1.1245760667088227,0.0495278646710175,0.0258772469804759,0.3368341321415247,1.0,0.89025,0.9182204407698856,0.6831910730540368,0.8995903827237507,0,,ok,,2026-07-20T16:41:33.067887+00:00
bank-marketing,gaussian_copula,fresh,0.35,0,10,2000,9.2234,39.8,False,0.0368606620519522,1.098105017002142,0.0539413631044088,0.0207418076596999,0.28593152383804,1.0,0.8975,0.9202507241681058,0.6703536167175457,0.8995903827237507,0,,ok,,2026-07-20T16:41:33.067887+00:00
bank-marketing,gaussian_copula,fresh,0.35,0,11,2000,9.7978,39.8,False,0.0448840774420188,1.0892006164893453,0.0636249746501346,0.0177372246181822,0.3077352094962863,1.0,0.88825,0.9154437721866904,0.710626316119662,0.8995903827237507,0,,ok,,2026-07-20T16:41:33.067887+00:00
bank-marketing,gaussian_copula,fresh,0.35,0,12,2000,10.3479,39.8,False,0.0327755910629654,0.9501087532340532,0.0440674222629671,0.0260015174413604,0.30399853063982,1.0,0.8955,0.918394871025752,0.6934016758738324,0.8995903827237507,0,,ok,,2026-07-20T16:41:33.067887+00:00
bank-marketing,gaussian_copula,fresh,0.35,0,6,2000,8.699,39.8,False,0.0497479205315971,1.1957726071691113,0.057678643949262,0.0245315468072296,0.3065693513783539,1.0,0.90275,0.921894050026011,0.6784283622529482,0.8995903827237507,0,,ok,,2026-07-20T16:41:33.067887+00:00
bank-marketing,gaussian_copula,fresh,0.5,0,0,2000,16.9364,39.34,True,0.0173965683858213,1.0395661345971443,0.0330623055426054,0.0182281076830452,0.1450663447476722,1.0,0.905,0.8984456641838596,0.734570372378266,0.8995903827237507,0,,ok,,2026-07-20T16:41:33.067887+00:00
bank-marketing,gaussian_copula,fresh,0.5,0,2,2000,10.7068,40.18,False,0.0346990841490877,1.049374993524737,0.0526532748720518,0.0196270411736518,0.2243446522233952,1.0,0.90825,0.9042948450722076,0.6442141041863703,0.8995903827237507,0,,ok,,2026-07-20T16:41:33.067887+00:00
bank-marketing,gaussian_copula,fresh,0.5,0,3,2000,10.1611,39.8,False,0.0299836490866308,1.012578280174888,0.0452224821911575,0.0182061877203976,0.2379882446722979,1.0,0.90225,0.9173732307592664,0.7710135852549618,0.8995903827237507,0,,ok,,2026-07-20T16:41:33.067887+00:00
bank-marketing,gaussian_copula,fresh,0.5,0,4,2000,10.4422,39.8,False,0.031098504129825,0.9637797756347644,0.0435118888338205,0.0199531559094204,0.2094135544259743,1.0,0.89925,0.908798701576226,0.691788656187819,0.8995903827237507,0,,ok,,2026-07-20T16:41:33.067887+00:00
bank-marketing,gaussian_copula,fresh,0.5,0,5,2000,9.5283,39.8,False,0.0218047061133909,1.2302387419969152,0.0456587737244662,0.0266924017349208,0.2392665439802198,1.0,0.906,0.9121968532506892,0.7080852212264725,0.8995903827237507,0,,ok,,2026-07-20T16:41:33.067887+00:00
bank-marketing,gaussian_copula,fresh,0.5,0,6,2000,8.6414,39.8,False,0.0221178019398101,1.0294188441871917,0.0369075686490586,0.0212565888901175,0.2113600701410563,1.0,0.90725,0.913721953894896,0.6888116068289669,0.8995903827237507,0,,ok,,2026-07-20T16:41:33.067887+00:00
bank-marketing,gaussian_copula,fresh,0.5,0,7,2000,7.7047,39.8,False,0.0306087040671344,0.9701185122540702,0.0487756887385419,0.0268734810227677,0.2203265281757745,1.0,0.8965,0.908833005101962,0.6982462982932317,0.8995903827237507,0,,ok,,2026-07-20T16:41:33.067887+00:00
bank-marketing,gaussian_copula,fresh,0.5,0,1,2000,12.2555,39.57,False,0.0458240614160039,0.9752821187974704,0.0590895707663507,0.0209635506899136,0.1954239242378458,1.0,0.90225,0.8990335884999497,0.7078520927116415,0.8995903827237507,0,,ok,,2026-07-20T16:41:33.067887+00:00
bank-marketing,gaussian_copula,fresh,0.5,0,8,2000,9.5398,39.8,False,0.0307781093954947,1.0835068944141923,0.0452092699173877,0.0283961689213265,0.2406555267904096,1.0,0.903,0.9105988435517824,0.6961541193139783,0.8995903827237507,0,,ok,,2026-07-20T16:41:33.067887+00:00
bank-marketing,gaussian_copula,fresh,0.35,0,5,2000,9.5191,39.8,False,0.0271639039113615,1.031511984123609,0.0412441964097909,0.0171751876835366,0.2538621697785921,1.0,0.90175,0.9064067821566884,0.6703555106277957,0.8995903827237507,0,,ok,,2026-07-20T16:41:33.067887+00:00
bank-marketing,gaussian_copula,fresh,0.35,0,3,2000,9.5128,39.8,False,0.0231621669266361,1.0402541596399288,0.0364181182521993,0.0280168024377357,0.2502616558652566,1.0,0.91425,0.9152304394016372,0.6303493790933614,0.8995903827237507,0,,ok,,2026-07-20T16:41:33.067887+00:00
bank-marketing,gaussian_copula,fresh,0.2,0,2,2000,44.735,40.18,False,0.030180551230651,1.0427899677931534,0.0450110747436204,0.0188867939597232,0.2511158943436625,1.0,0.9035,0.9128509051163916,0.6128057333398041,0.8995903827237507,0,,ok,,2026-07-20T16:41:33.067887+00:00
bank-marketing,gaussian_copula,fresh,0.2,0,3,2000,39.8149,39.8,False,0.0417522448163287,1.2796707844023394,0.0548650615472468,0.0224993365033727,0.27932644141978,1.0,0.8995,0.9237417514122492,0.7412983701718604,0.8995903827237507,0,,ok,,2026-07-20T16:41:33.067887+00:00
bank-marketing,gaussian_copula,fresh,0.2,0,4,2000,23.524,39.8,False,0.0459786883349146,1.1628955651565491,0.0613051433792271,0.022049977269097,0.3162133706651596,1.0,0.892,0.9090981880509156,0.6852920705528915,0.8995903827237507,0,,ok,,2026-07-20T16:41:33.067887+00:00
bank-marketing,gaussian_copula,fresh,0.2,0,5,2000,29.2075,39.8,False,0.0406586573014905,1.3520510206296064,0.057743127541819,0.0201943983682897,0.3220221846382163,1.0,0.892,0.9200542978957368,0.6589963696107897,0.8995903827237507,0,,ok,,2026-07-20T16:41:33.067887+00:00
bank-marketing,gaussian_copula,fresh,0.2,0,6,2000,13.2754,39.8,False,0.0378130866401972,1.1552742992041891,0.0594824002135393,0.0288220600341577,0.3447327978689963,1.0,0.89425,0.9271843754950776,0.6461320434226273,0.8995903827237507,0,,ok,,2026-07-20T16:41:33.067887+00:00
bank-marketing,gaussian_copula,fresh,0.2,0,7,2000,45.8507,39.8,False,0.0467279742886169,1.1472385858005585,0.0606213851354801,0.0341229557546045,0.3890204087190068,1.0,0.884,0.9352544250496324,0.6631269878659538,0.8995903827237507,0,,ok,,2026-07-20T16:41:33.067887+00:00
bank-marketing,gaussian_copula,fresh,0.35,0,4,2000,10.4668,39.8,False,0.0224520455162975,1.0011662791362517,0.0378634335394599,0.0266531509946305,0.2716474817073039,1.0,0.907,0.92005295576973,0.6325212798571992,0.8995903827237507,0,,ok,,2026-07-20T16:41:33.067887+00:00
bank-marketing,gaussian_copula,fresh,0.2,0,8,2000,14.0236,39.8,False,0.0299494874885061,1.1568655314300218,0.0515478061483349,0.0228931954734785,0.3960048267473722,1.0,0.89725,0.9345481450197458,0.6193806203266284,0.8995903827237507,0,,ok,,2026-07-20T16:41:33.067887+00:00
bank-marketing,gaussian_copula,fresh,0.2,0,10,2000,13.2799,39.8,False,0.0292884683558198,1.1448233005078543,0.049829185716399,0.02749424355241,0.3847996222269647,1.0,0.895,0.9347999517086638,0.6863834363344314,0.8995903827237507,0,,ok,,2026-07-20T16:41:33.067887+00:00
bank-marketing,gaussian_copula,fresh,0.2,0,11,2000,9.3176,39.8,False,0.0250740361491986,1.100867519979147,0.0468202037672706,0.0283660228291987,0.3481916135947318,0.9772727272727272,0.89375,0.9315632185303048,0.5849089680201417,0.8995903827237507,0,,ok,,2026-07-20T16:41:33.067887+00:00
bank-marketing,gaussian_copula,fresh,0.2,0,12,2000,8.7582,39.8,False,0.0297924999443044,0.9693919458032492,0.0468585556076508,0.0262807942300367,0.3776043334784387,1.0,0.8925,0.9243975459042588,0.6705376219352686,0.8995903827237507,0,,ok,,2026-07-20T16:41:33.067887+00:00
bank-marketing,gaussian_copula,fresh,0.35,0,0,2000,16.9364,39.34,True,0.0173965683858213,1.0395661345971443,0.0330623055426054,0.0182281076830452,0.1450663447476722,1.0,0.905,0.8984456641838596,0.734570372378266,0.8995903827237507,0,,ok,,2026-07-20T16:41:33.067887+00:00
bank-marketing,gaussian_copula,fresh,0.35,0,1,2000,8.7354,39.57,False,0.0383382257712862,1.1499619360484086,0.0553618526849159,0.0231491270104562,0.2262119555455392,1.0,0.9005,0.9130618281496364,0.6803392585104633,0.8995903827237507,0,,ok,,2026-07-20T16:41:33.067887+00:00
bank-marketing,gaussian_copula,fresh,0.35,0,2,2000,8.6512,40.18,False,0.0313388599420971,0.9784233680436883,0.0441148959680781,0.0248854669664688,0.2236160448636804,1.0,0.90075,0.9125317637519558,0.6666453404481228,0.8995903827237507,0,,ok,,2026-07-20T16:41:33.067887+00:00
bank-marketing,gaussian_copula,fresh,0.2,0,9,2000,13.9807,39.8,False,0.0336004171780889,1.0832539096247766,0.050983913711382,0.0200969503729096,0.385080265194391,1.0,0.88575,0.9324826007200712,0.6745949695376372,0.8995903827237507,0,,ok,,2026-07-20T16:41:33.067887+00:00
bank-marketing,gaussian_copula,fresh,0.5,0,9,2000,8.4846,39.8,False,0.0183720626530722,0.970720933217514,0.0357322016481495,0.0176153624043151,0.217012102462461,1.0,0.89725,0.9105294084996888,0.6814168934426909,0.8995903827237507,0,,ok,,2026-07-20T16:41:33.067887+00:00
bank-marketing,gaussian_copula,fresh,0.5,0,10,2000,9.2045,39.8,False,0.0286888220973932,1.038976144937248,0.0396155420632011,0.0155836374359541,0.2211645801106837,1.0,0.8995,0.9093516113660464,0.6960870630541908,0.8995903827237507,0,,ok,,2026-07-20T16:41:33.067887+00:00
bank-marketing,gaussian_copula,fresh,0.5,0,11,2000,9.0346,39.8,False,0.0238640154013073,1.076856898820877,0.0381315017165118,0.0217372921965424,0.2401256440212916,1.0,0.90675,0.9158888911456404,0.7326733845241491,0.8995903827237507,0,,ok,,2026-07-20T16:41:33.067887+00:00
bank-marketing,gaussian_copula,fresh,1.0,0,5,2000,9.1898,39.8,False,0.0277462240951246,1.0095355470299274,0.0376070708476961,0.0169858884096968,0.1603168274225463,1.0,0.89275,0.8947581982923382,0.7450198446283378,0.8995903827237507,0,,ok,,2026-07-20T16:41:33.067887+00:00
bank-marketing,gaussian_copula,fresh,1.0,0,6,2000,9.1645,39.8,False,0.0246875043237485,0.9697266018905542,0.0355130110974279,0.0167954218732721,0.1441113365289865,1.0,0.89575,0.8983241078426619,0.6908553727274556,0.8995903827237507,0,,ok,,2026-07-20T16:41:33.067887+00:00
bank-marketing,gaussian_copula,fresh,1.0,0,7,2000,9.2993,39.8,False,0.0257500222838735,0.997264369854892,0.0407804050381286,0.0182169081057171,0.1629987930446839,1.0,0.88875,0.8974500676869134,0.7464208055510508,0.8995903827237507,0,,ok,,2026-07-20T16:41:33.067887+00:00
bank-marketing,gaussian_copula,fresh,1.0,0,8,2000,9.0503,39.8,False,0.018673655771362,0.9169544442906358,0.0311426282923545,0.0148649477189231,0.1567930074703855,1.0,0.895,0.8978292154713688,0.7852357859076506,0.8995903827237507,0,,ok,,2026-07-20T16:41:33.067887+00:00
bank-marketing,gaussian_copula,fresh,1.0,0,9,2000,9.1454,39.8,False,0.0228844844760257,0.9634153554769702,0.037941476801041,0.0185416958482312,0.137532070457613,1.0,0.90275,0.907425170045734,0.6998458830534093,0.8995903827237507,0,,ok,,2026-07-20T16:41:33.067887+00:00
bank-marketing,gaussian_copula,fresh,1.0,0,10,2000,9.5247,39.8,False,0.016746929226478,0.9580507365477126,0.0335607492240604,0.0161114244289628,0.1535199030528253,1.0,0.89775,0.8939587501925522,0.7079085549109685,0.8995903827237507,0,,ok,,2026-07-20T16:41:33.067887+00:00
bank-marketing,gaussian_copula,fresh,1.0,0,4,2000,9.5692,39.8,False,0.0227672407000114,1.249723285217298,0.0400692643419478,0.0223510941550861,0.1514084542612824,1.0,0.90075,0.8993046720783302,0.7416257799063225,0.8995903827237507,0,,ok,,2026-07-20T16:41:33.067887+00:00
bank-marketing,gaussian_copula,fresh,1.0,0,11,2000,8.4909,39.8,False,0.0308382933189759,0.8835453585160191,0.039472465312578,0.0158154004939363,0.1618353159491091,1.0,0.89275,0.8892284051436109,0.7437255345265756,0.8995903827237507,0,,ok,,2026-07-20T16:41:33.067887+00:00
bank-marketing,gaussian_copula,fixed,0.0,1,0,2000,16.6935,39.34,True,0.0313684085632817,1.0645290212874408,0.0456074418296493,0.0211733876417609,0.1533702139422047,1.0,0.88975,0.9023393607301052,0.7826034873989864,0.8978258502177405,0,,ok,,2026-07-20T16:41:33.067887+00:00
bank-marketing,gaussian_copula,fixed,0.0,1,1,2000,14.993,39.95,False,0.0340667993467509,0.9661362924434594,0.0510919478759552,0.0273135205868258,0.2038888630528024,1.0,0.886,0.93385912700281,0.6110414967572705,0.8978258502177405,0,,ok,,2026-07-20T16:41:33.067887+00:00
bank-marketing,gaussian_copula,fixed,0.0,1,2,2000,14.4692,40.18,False,0.0390977769919036,0.9841210218557191,0.0584084265616298,0.0301349662722547,0.2970464218338744,1.0,0.89575,0.9335123139926136,0.6032802525529318,0.8978258502177405,0,,ok,,2026-07-20T16:41:33.067887+00:00
bank-marketing,gaussian_copula,fixed,0.0,1,3,2000,15.1197,39.8,False,0.037938993148481,0.9407501811491558,0.0578156125913288,0.0304731775344956,0.3510670346832689,1.0,0.88725,0.9492908558304648,0.5153068193789632,0.8978258502177405,0,,ok,,2026-07-20T16:41:33.067887+00:00
bank-marketing,gaussian_copula,fixed,0.0,1,4,2000,14.7626,39.8,False,0.0346804338533269,0.9662144916880496,0.0675949757235482,0.0366086352857335,0.3824217409104135,1.0,0.88675,0.9587404680450362,0.5709715049365953,0.8978258502177405,0,,ok,,2026-07-20T16:41:33.067887+00:00
bank-marketing,gaussian_copula,fixed,0.0,1,5,2000,15.1954,39.8,False,0.0424645160000961,0.9873095998767508,0.0715424035012499,0.0465124405617604,0.4376820197875117,1.0,0.86925,0.9648383089949414,0.6210550145416797,0.8978258502177405,0,,ok,,2026-07-20T16:41:33.067887+00:00
bank-marketing,gaussian_copula,fresh,1.0,0,12,2000,8.4641,39.8,False,0.0204739438993319,0.9018353844984972,0.0361088097748987,0.0252582660621475,0.1493828504270305,1.0,0.8865,0.9002531625399351,0.7351264717754106,0.8995903827237507,0,,ok,,2026-07-20T16:41:33.067887+00:00
bank-marketing,gaussian_copula,fresh,1.0,0,3,2000,9.4982,39.8,False,0.0270201007094188,0.9375487949642978,0.0387829217731655,0.0183082679051937,0.1636948499363036,1.0,0.89425,0.9028331416005644,0.7478289278218967,0.8995903827237507,0,,ok,,2026-07-20T16:41:33.067887+00:00
bank-marketing,gaussian_copula,fresh,1.0,0,2,2000,8.5001,40.18,False,0.027367626127417,1.0461341269361166,0.0396963707288174,0.0179706648481944,0.1514574645282868,1.0,0.897,0.8812619546667815,0.7187903713602892,0.8995903827237507,0,,ok,,2026-07-20T16:41:33.067887+00:00
bank-marketing,gaussian_copula,fresh,1.0,0,1,2000,9.3432,39.57,False,0.0311435434570465,0.887258944396803,0.0387466936704631,0.01705382309214,0.1442445834991584,1.0,0.8865,0.8928790126324793,0.7597384865052975,0.8995903827237507,0,,ok,,2026-07-20T16:41:33.067887+00:00
bank-marketing,gaussian_copula,fresh,0.5,0,12,2000,9.3942,39.8,False,0.0299905677044332,1.1276743140902563,0.0409742728488779,0.0174532787791662,0.2354283904300786,1.0,0.90975,0.9070819694132476,0.6952954085697072,0.8995903827237507,0,,ok,,2026-07-20T16:41:33.067887+00:00
bank-marketing,gaussian_copula,fresh,0.75,0,0,2000,16.9364,39.34,True,0.0173965683858213,1.0395661345971443,0.0330623055426054,0.0182281076830452,0.1450663447476722,1.0,0.905,0.8984456641838596,0.734570372378266,0.8995903827237507,0,,ok,,2026-07-20T16:41:33.067887+00:00
bank-marketing,gaussian_copula,fresh,0.75,0,1,2000,9.9108,39.57,False,0.0304195383446526,0.8908169943513435,0.0419977409138219,0.0207709892243232,0.1676901305908353,1.0,0.89375,0.9009805869606854,0.7140708062020826,0.8995903827237507,0,,ok,,2026-07-20T16:41:33.067887+00:00
bank-marketing,gaussian_copula,fresh,0.75,0,2,2000,9.1427,40.18,False,0.0336713706384498,1.135402988841116,0.0459735421386956,0.0169094941452566,0.1605369500225064,1.0,0.90525,0.9020639301484636,0.7187599504268992,0.8995903827237507,0,,ok,,2026-07-20T16:41:33.067887+00:00
bank-marketing,gaussian_copula,fresh,0.75,0,3,2000,10.0456,39.8,False,0.0214377688667199,0.9535509087641436,0.0352310211883045,0.0192721073390099,0.1724690423464087,1.0,0.897,0.8895052588513205,0.7151144691192015,0.8995903827237507,0,,ok,,2026-07-20T16:41:33.067887+00:00
bank-marketing,gaussian_copula,fresh,0.75,0,4,2000,9.6813,39.8,False,0.0336464078123929,1.0519957611583652,0.048467070308729,0.0146745057564476,0.1596194376930695,1.0,0.89675,0.9038656358751932,0.7417272816587813,0.8995903827237507,0,,ok,,2026-07-20T16:41:33.067887+00:00
bank-marketing,gaussian_copula,fresh,0.75,0,5,2000,9.5169,39.8,False,0.0260407386173047,1.0099557928856189,0.0396783466554518,0.0159148205487362,0.1818147273236666,1.0,0.894,0.8990587435188223,0.7509803944778312,0.8995903827237507,0,,ok,,2026-07-20T16:41:33.067887+00:00
bank-marketing,gaussian_copula,fresh,0.75,0,6,2000,10.2354,39.8,False,0.0596954656740629,3.634774588329534,0.0674975644263423,0.0192207416417855,0.1549251862095383,1.0,0.903,0.9029017182770142,0.7089406176278064,0.8995903827237507,0,,ok,,2026-07-20T16:41:33.067887+00:00
bank-marketing,gaussian_copula,fresh,0.75,0,7,2000,9.9916,39.8,False,0.0196271002259402,1.0571288306044548,0.0348277644908603,0.0198014793517392,0.1737092721367186,1.0,0.897,0.8982100530070922,0.731969086649945,0.8995903827237507,0,,ok,,2026-07-20T16:41:33.067887+00:00
bank-marketing,gaussian_copula,fresh,0.75,0,8,2000,9.9448,39.8,False,0.0333232245066228,0.9591241654659324,0.0409367965821692,0.0172632975782373,0.145993705699659,1.0,0.89725,0.8948622946204366,0.6929541212078886,0.8995903827237507,0,,ok,,2026-07-20T16:41:33.067887+00:00
bank-marketing,gaussian_copula,fresh,0.75,0,9,2000,10.9438,39.8,False,0.0197043785488402,1.0059476183142944,0.03736017373102,0.0178918561932495,0.1555034860616853,1.0,0.90325,0.8979115925331724,0.7517460076963779,0.8995903827237507,0,,ok,,2026-07-20T16:41:33.067887+00:00
bank-marketing,gaussian_copula,fresh,0.75,0,10,2000,8.0628,39.8,False,0.0372017881972718,1.0114835238887976,0.04653354718923,0.0284817415557767,0.1802088151219049,1.0,0.911,0.9030832382881996,0.7470403509415693,0.8995903827237507,0,,ok,,2026-07-20T16:41:33.067887+00:00
bank-marketing,gaussian_copula,fresh,0.75,0,11,2000,9.494,39.8,False,0.0447705179447052,1.0194365558041063,0.0527928819364592,0.0157047992922702,0.185374592722697,1.0,0.89925,0.8912815058089497,0.7079818255637639,0.8995903827237507,0,,ok,,2026-07-20T16:41:33.067887+00:00
bank-marketing,gaussian_copula,fresh,0.75,0,12,2000,8.6878,39.8,False,0.031431598270678,0.9961557222131716,0.0469358325946149,0.0163086549448929,0.1751422817016333,1.0,0.90275,0.8987633216721821,0.7441434376601687,0.8995903827237507,0,,ok,,2026-07-20T16:41:33.067887+00:00
bank-marketing,gaussian_copula,fresh,1.0,0,0,2000,16.9364,39.34,True,0.0173965683858213,1.0395661345971443,0.0330623055426054,0.0182281076830452,0.1450663447476722,1.0,0.905,0.8984456641838596,0.734570372378266,0.8995903827237507,0,,ok,,2026-07-20T16:41:33.067887+00:00
bank-marketing,gaussian_copula,fixed,0.0,1,7,2000,14.4429,39.8,False,0.0489690002852602,1.0672117898968412,0.0676880738857671,0.0429747379802671,0.4752939458215706,1.0,0.87175,0.9651406574717782,0.5556623773545151,0.8978258502177405,0,,ok,,2026-07-20T16:41:33.067887+00:00
bank-marketing,gaussian_copula,fixed,0.35,1,2,2000,12.8329,40.18,False,0.029344321337467,0.9612055793972852,0.0478031611690628,0.0248481514246747,0.226000611824405,1.0,0.884,0.9186976470029096,0.660152305894914,0.8978258502177405,0,,ok,,2026-07-20T16:41:33.067887+00:00
bank-marketing,gaussian_copula,fixed,0.35,1,3,2000,13.7518,39.8,False,0.0171350611092226,0.8968411442729651,0.0393569414425688,0.0264150355707914,0.2572055955097033,1.0,0.89125,0.9142058190079156,0.685521647986004,0.8978258502177405,0,,ok,,2026-07-20T16:41:33.067887+00:00
bank-marketing,gaussian_copula,fixed,0.35,1,4,2000,14.3585,39.8,False,0.0368795816680335,0.9982008926588288,0.0531283400195982,0.0228467199921363,0.2652495055753291,1.0,0.89225,0.9124337446784172,0.7322484975965095,0.8978258502177405,0,,ok,,2026-07-20T16:41:33.067887+00:00
bank-marketing,gaussian_copula,fresh,0.05,1,6,2000,13.318,39.8,False,0.0381203437809769,0.9448789921133702,0.0576691237102159,0.0349866870630444,0.4266947197170749,1.0,0.8945,0.9492918019561744,0.63751924982215,0.8978258502177405,0,,ok,,2026-07-20T16:41:33.067887+00:00
bank-marketing,gaussian_copula,fresh,0.05,1,7,2000,17.1995,39.8,False,0.0330004617391143,1.143771204158007,0.0620111207825698,0.0373265324929042,0.4543866253163773,1.0,0.87,0.9500589636567376,0.5813802581162931,0.8978258502177405,0,,ok,,2026-07-20T16:41:33.067887+00:00
bank-marketing,gaussian_copula,fresh,0.05,1,8,2000,15.0656,39.8,False,0.0354726075128205,1.3008254542031683,0.0640675331879928,0.0324732328258813,0.450590211212621,1.0,0.8755,0.9519008735386304,0.6051134393055031,0.8978258502177405,0,,ok,,2026-07-20T16:41:33.067887+00:00
bank-marketing,gaussian_copula,fresh,0.05,1,9,2000,15.3745,39.8,False,0.06623886653031,1.263072290924132,0.078801831706975,0.0409546303463698,0.4516392085364161,0.9772727272727272,0.88375,0.9533475807490224,0.58448271984451,0.8978258502177405,0,,ok,,2026-07-20T16:41:33.067887+00:00
bank-marketing,gaussian_copula,fresh,0.05,1,10,2000,16.741,39.8,False,0.0555021611034794,1.0702249468840184,0.0751123087426196,0.043287982110165,0.4861828835735172,0.9772727272727272,0.87,0.9603306477380684,0.55040216000464,0.8978258502177405,0,,ok,,2026-07-20T16:41:33.067887+00:00
bank-marketing,gaussian_copula,fresh,0.05,1,11,2000,15.0049,39.8,False,0.06003268681547,1.1528633074111467,0.0807495571600335,0.0411696769754383,0.4573987506589614,0.9772727272727272,0.881,0.9540317590123272,0.6218496282609287,0.8978258502177405,0,,ok,,2026-07-20T16:41:33.067887+00:00
bank-marketing,gaussian_copula,fresh,0.05,1,5,2000,16.1686,39.8,False,0.0395626350682748,0.9220882863182078,0.0503314902453133,0.0315872559499674,0.4008335589472802,1.0,0.88625,0.950172211866702,0.6509636452090581,0.8978258502177405,0,,ok,,2026-07-20T16:41:33.067887+00:00
bank-marketing,gaussian_copula,fresh,0.05,1,12,2000,14.9567,39.8,False,0.0624922620527175,1.0385321837499073,0.0801091251761699,0.0382397987393564,0.4711250171016219,0.9772727272727272,0.87075,0.9532112407717334,0.6527448677991461,0.8978258502177405,0,,ok,,2026-07-20T16:41:33.067887+00:00
bank-marketing,gaussian_copula,fresh,0.1,1,1,2000,17.6829,39.57,False,0.0128866579984139,1.0271099471272662,0.0377047434972398,0.0246970953592096,0.2038982018562044,1.0,0.9025,0.9189137529150432,0.6385662270822063,0.8978258502177405,0,,ok,,2026-07-20T16:41:33.067887+00:00
bank-marketing,gaussian_copula,fresh,0.1,1,2,2000,14.9002,40.18,False,0.0380560310871187,0.939166738860932,0.0505138156399068,0.0211470750857016,0.2890776655046595,1.0,0.904,0.9277804560672872,0.6443629536950781,0.8978258502177405,0,,ok,,2026-07-20T16:41:33.067887+00:00
bank-marketing,gaussian_copula,fresh,0.1,1,3,2000,14.9565,39.8,False,0.0274991011446709,0.961189451508802,0.0447417584964188,0.0250177915391893,0.3132611958404299,1.0,0.90025,0.9345745161645308,0.6091786584723483,0.8978258502177405,0,,ok,,2026-07-20T16:41:33.067887+00:00
bank-marketing,gaussian_copula,fresh,0.1,1,4,2000,30.0961,39.8,False,0.0269845250879841,1.0164413764021354,0.0548217100099911,0.0282248454912946,0.3613041125839873,1.0,0.87575,0.9482699693145444,0.5940205702327025,0.8978258502177405,0,,ok,,2026-07-20T16:41:33.067887+00:00
bank-marketing,gaussian_copula,fresh,0.1,1,5,2000,19.8728,39.8,False,0.037664140303151,0.9894704123784408,0.056906892813979,0.0298319387617187,0.3888760483641818,1.0,0.89625,0.9308520469967482,0.5636619583268724,0.8978258502177405,0,,ok,,2026-07-20T16:41:33.067887+00:00
bank-marketing,gaussian_copula,fresh,0.1,1,6,2000,48.6991,39.8,False,0.0301484187306683,0.9869877644216632,0.0526287965192296,0.0231898337572339,0.416152226974844,1.0,0.88775,0.9358682885101836,0.5984120154401034,0.8978258502177405,0,,ok,,2026-07-20T16:41:33.067887+00:00
bank-marketing,gaussian_copula,fresh,0.1,1,0,2000,16.6935,39.34,True,0.0313684085632817,1.0645290212874408,0.0456074418296493,0.0211733876417609,0.1533702139422047,1.0,0.88975,0.9023393607301052,0.7826034873989864,0.8978258502177405,0,,ok,,2026-07-20T16:41:33.067887+00:00
bank-marketing,gaussian_copula,fresh,0.1,1,7,2000,18.3144,39.8,False,0.0320553800922359,1.0373578995012551,0.0471655195988411,0.0228511187290353,0.428244616625906,1.0,0.8935,0.9435679191618314,0.6255999848487179,0.8978258502177405,0,,ok,,2026-07-20T16:41:33.067887+00:00
bank-marketing,gaussian_copula,fresh,0.05,1,4,2000,14.4522,39.8,False,0.0285734514336985,1.0874322320852952,0.0525491176923161,0.0274212712103898,0.3822637758814497,1.0,0.89,0.9433848668994964,0.6058843199619324,0.8978258502177405,0,,ok,,2026-07-20T16:41:33.067887+00:00
bank-marketing,gaussian_copula,fresh,0.05,1,2,2000,14.8805,40.18,False,0.0293372055780187,0.9721455724267144,0.0501433832972726,0.0322686792731025,0.3009034515109093,1.0,0.89425,0.937194195379945,0.5675575541569555,0.8978258502177405,0,,ok,,2026-07-20T16:41:33.067887+00:00
bank-marketing,gaussian_copula,fresh,0.02,1,1,2000,15.2566,39.57,False,0.0130922218891691,1.0243355828976115,0.0362445233690436,0.0206813680317495,0.2358184662150161,1.0,0.9065,0.9176758852363328,0.7078926342279297,0.8978258502177405,0,,ok,,2026-07-20T16:41:33.067887+00:00
bank-marketing,gaussian_copula,fresh,0.02,1,2,2000,14.624,40.18,False,0.0546933399741526,1.003462775085788,0.0659912427145797,0.0248240566675267,0.2802951073893042,1.0,0.89225,0.9404055024142282,0.5672993905160078,0.8978258502177405,0,,ok,,2026-07-20T16:41:33.067887+00:00
bank-marketing,gaussian_copula,fresh,0.02,1,3,2000,15.4376,39.8,False,0.0426519870138421,1.0019945164954247,0.064496358794253,0.0256783884404143,0.3202268941406884,1.0,0.899,0.9446346213371246,0.632782521102303,0.8978258502177405,0,,ok,,2026-07-20T16:41:33.067887+00:00
bank-marketing,gaussian_copula,fresh,0.02,1,4,2000,14.8812,39.8,False,0.0315242919561303,0.998125660416526,0.0573129766666496,0.03740873849632,0.371520239235123,0.9772727272727272,0.886,0.9560954538106142,0.6374641488708152,0.8978258502177405,0,,ok,,2026-07-20T16:41:33.067887+00:00
bank-marketing,gaussian_copula,fresh,0.02,1,5,2000,15.3432,39.8,False,0.0340001975865386,0.9833511392358252,0.057848790596659,0.0330042942976151,0.4285112170617915,0.9772727272727272,0.883,0.9612859534547864,0.5583710241201307,0.8978258502177405,0,,ok,,2026-07-20T16:41:33.067887+00:00
bank-marketing,gaussian_copula,fresh,0.02,1,6,2000,14.7517,39.8,False,0.0470062049620438,0.8790960571434316,0.0658216515314897,0.0307689741604924,0.4404353284810863,1.0,0.86075,0.9572543644300868,0.6157706498361176,0.8978258502177405,0,,ok,,2026-07-20T16:41:33.067887+00:00
bank-marketing,gaussian_copula,fresh,0.05,1,3,2000,14.7211,39.8,False,0.0307679971968985,0.9646312469059184,0.0527945863779178,0.0277189907479081,0.3351895744799226,1.0,0.88875,0.9424800793456796,0.6052881525260619,0.8978258502177405,0,,ok,,2026-07-20T16:41:33.067887+00:00
bank-marketing,gaussian_copula,fresh,0.02,1,7,2000,16.4631,39.8,False,0.0708436094450356,1.0056931219891685,0.0874517773482534,0.0319248282895302,0.4632437282750322,1.0,0.8475,0.9549804260990647,0.6104450333979236,0.8978258502177405,0,,ok,,2026-07-20T16:41:33.067887+00:00
bank-marketing,gaussian_copula,fresh,0.02,1,9,2000,15.1406,39.8,False,0.0714388282610809,1.120482858413178,0.097239902280315,0.0309306953198913,0.4570963407399823,1.0,0.855,0.961268158191436,0.5895802976516696,0.8978258502177405,0,,ok,,2026-07-20T16:41:33.067887+00:00
bank-marketing,gaussian_copula,fresh,0.02,1,10,2000,14.0184,39.8,False,0.0769289863969804,1.127527001540987,0.1031655236966559,0.0322328627422069,0.4435496531603232,1.0,0.85,0.9578468652496106,0.5581146952047376,0.8978258502177405,0,,ok,,2026-07-20T16:41:33.067887+00:00
bank-marketing,gaussian_copula,fresh,0.02,1,11,2000,14.9361,39.8,False,0.0808844777653315,1.2669113669266738,0.1013932924023619,0.0349123201494096,0.4769859896526948,1.0,0.85725,0.9610752385466976,0.5556376381518751,0.8978258502177405,0,,ok,,2026-07-20T16:41:33.067887+00:00
bank-marketing,gaussian_copula,fresh,0.02,1,12,2000,14.9006,39.8,False,0.0639995969060588,1.1845400235288377,0.0922378141839674,0.0349676914003465,0.4696500970730294,0.9772727272727272,0.8425,0.9640399543959758,0.5748956277898185,0.8978258502177405,0,,ok,,2026-07-20T16:41:33.067887+00:00
bank-marketing,gaussian_copula,fresh,0.05,1,0,2000,16.6935,39.34,True,0.0313684085632817,1.0645290212874408,0.0456074418296493,0.0211733876417609,0.1533702139422047,1.0,0.88975,0.9023393607301052,0.7826034873989864,0.8978258502177405,0,,ok,,2026-07-20T16:41:33.067887+00:00
bank-marketing,gaussian_copula,fresh,0.05,1,1,2000,15.7032,39.57,False,0.0239271036200963,0.959323174730773,0.0428423138027311,0.0214210131839237,0.2180841257543089,1.0,0.89875,0.927168367858068,0.626654123456907,0.8978258502177405,0,,ok,,2026-07-20T16:41:33.067887+00:00
bank-marketing,gaussian_copula,fresh,0.02,1,8,2000,15.4712,39.8,False,0.0654002579934251,0.9794901287301478,0.0942384540289252,0.027625898485016,0.448838294149294,1.0,0.84975,0.9576259319588556,0.5640378995114895,0.8978258502177405,0,,ok,,2026-07-20T16:41:33.067887+00:00
bank-marketing,gaussian_copula,fresh,0.1,1,8,2000,16.8702,39.8,False,0.0327613610844913,1.0589292682547442,0.0507736180071245,0.02770436924816,0.457817125537887,1.0,0.88875,0.9477197460267396,0.6705977535857046,0.8978258502177405,0,,ok,,2026-07-20T16:41:33.067887+00:00
bank-marketing,gaussian_copula,fresh,0.1,1,9,2000,48.6936,39.8,False,0.0314160334220846,1.0327604840697064,0.0535993054550472,0.0353581345915195,0.469926055275559,1.0,0.8795,0.9376026381863792,0.590730137912177,0.8978258502177405,0,,ok,,2026-07-20T16:41:33.067887+00:00
bank-marketing,gaussian_copula,fresh,0.1,1,10,2000,16.8607,39.8,False,0.0428282812042426,3.281838515674054,0.0617426811011254,0.0244258972563185,0.4369140954258241,1.0,0.896,0.9479356415637152,0.5999977509815781,0.8978258502177405,0,,ok,,2026-07-20T16:41:33.067887+00:00
bank-marketing,gaussian_copula,fresh,0.35,1,4,2000,9.4583,39.8,False,0.014732376449146,1.0884595130167871,0.0397715640174567,0.0170387285438706,0.2544650818460765,1.0,0.898,0.910682227489341,0.6428389477908127,0.8978258502177405,0,,ok,,2026-07-20T16:41:33.067887+00:00
bank-marketing,gaussian_copula,fresh,0.35,1,5,2000,9.4152,39.8,False,0.0326882563826675,2.280674907051447,0.0499597539484611,0.0264850651824001,0.2650681635663963,1.0,0.9145,0.930964254580932,0.6791244334545041,0.8978258502177405,0,,ok,,2026-07-20T16:41:33.067887+00:00
bank-marketing,gaussian_copula,fresh,0.35,1,6,2000,10.1937,39.8,False,0.0254117211054582,1.7414031541641883,0.0508810306463396,0.0204109317212822,0.2992258031135524,1.0,0.90025,0.9232179015192306,0.688950809232339,0.8978258502177405,0,,ok,,2026-07-20T16:41:33.067887+00:00
bank-marketing,gaussian_copula,fresh,0.35,1,7,2000,12.0025,39.8,False,0.0129230117015375,0.9710995940083992,0.039063245385955,0.015519954046715,0.2762162089528283,1.0,0.9095,0.9075257439961892,0.6934368907675426,0.8978258502177405,0,,ok,,2026-07-20T16:41:33.067887+00:00
bank-marketing,gaussian_copula,fresh,0.35,1,8,2000,10.3031,39.8,False,0.0226196328268303,0.9172716114578152,0.0370753600976249,0.0228801651369383,0.2874939053631547,1.0,0.899,0.918414426915424,0.6551917406573999,0.8978258502177405,0,,ok,,2026-07-20T16:41:33.067887+00:00
bank-marketing,gaussian_copula,fresh,0.35,1,9,2000,9.7845,39.8,False,0.0256165255126464,1.0341207062934974,0.0421185501500658,0.0204734539914237,0.2523951894050433,1.0,0.90775,0.9098275575981252,0.6918696800357,0.8978258502177405,0,,ok,,2026-07-20T16:41:33.067887+00:00
bank-marketing,gaussian_copula,fresh,0.35,1,3,2000,9.5253,39.8,False,0.0291691597177245,1.3083027306837989,0.0546901985658719,0.0250493260594443,0.2711205335187321,1.0,0.89875,0.9134693034553448,0.6690916214594235,0.8978258502177405,0,,ok,,2026-07-20T16:41:33.067887+00:00
bank-marketing,gaussian_copula,fresh,0.35,1,10,2000,9.5265,39.8,False,0.0571158940459336,4.541878456123435,0.0752781604086177,0.0194984518412031,0.2750652424757794,1.0,0.9015,0.9216449905891544,0.6846328714165146,0.8978258502177405,0,,ok,,2026-07-20T16:41:33.067887+00:00
bank-marketing,gaussian_copula,fresh,0.35,1,12,2000,13.3366,39.8,False,0.054774130369503,5.4506762407592575,0.0652882887126315,0.0227207662157347,0.2776013878558936,1.0,0.902,0.9235594090254468,0.7081523366709556,0.8978258502177405,0,,ok,,2026-07-20T16:41:33.067887+00:00
bank-marketing,gaussian_copula,fresh,0.5,1,0,2000,16.6935,39.34,True,0.0313684085632817,1.0645290212874408,0.0456074418296493,0.0211733876417609,0.1533702139422047,1.0,0.88975,0.9023393607301052,0.7826034873989864,0.8978258502177405,0,,ok,,2026-07-20T16:41:33.067887+00:00
bank-marketing,gaussian_copula,fresh,0.5,1,1,2000,10.1915,39.57,False,0.0289303976683624,0.9984651721767,0.0437649581171572,0.022145637509676,0.1808153704088757,1.0,0.9025,0.91464257246059,0.7601395220007269,0.8978258502177405,0,,ok,,2026-07-20T16:41:33.067887+00:00
bank-marketing,gaussian_copula,fresh,0.5,1,2,2000,9.3723,40.18,False,0.0156037987691198,1.0114231643047469,0.0348957979028902,0.0266643444284713,0.2109605975642025,1.0,0.9005,0.9069970025995012,0.70442074163158,0.8978258502177405,0,,ok,,2026-07-20T16:41:33.067887+00:00
bank-marketing,gaussian_copula,fresh,0.5,1,3,2000,10.1282,39.8,False,0.0314789811480019,0.9121904349238056,0.0468162946212533,0.0145263678474449,0.2220942372181877,1.0,0.907,0.9062735876817593,0.6595058906527244,0.8978258502177405,0,,ok,,2026-07-20T16:41:33.067887+00:00
bank-marketing,gaussian_copula,fresh,0.5,1,4,2000,10.0555,39.8,False,0.0203325070010428,1.0063120251768036,0.0357099994998692,0.0159527074348483,0.22807214362005,1.0,0.906,0.9076993788764592,0.7477039297453992,0.8978258502177405,0,,ok,,2026-07-20T16:41:33.067887+00:00
bank-marketing,gaussian_copula,fresh,0.35,1,11,2000,9.5092,39.8,False,0.0545935601499535,4.751127241692383,0.0672826887442272,0.024346904296755,0.2827330678203492,1.0,0.90825,0.9230081124868365,0.6862618709702621,0.8978258502177405,0,,ok,,2026-07-20T16:41:33.067887+00:00
bank-marketing,gaussian_copula,fresh,0.35,1,2,2000,9.2017,40.18,False,0.0249873716259651,1.131646399160238,0.0438855627403672,0.0249954722498679,0.2122889015740138,1.0,0.90525,0.905284287814537,0.7105024425523755,0.8978258502177405,0,,ok,,2026-07-20T16:41:33.067887+00:00
bank-marketing,gaussian_copula,fresh,0.35,1,1,2000,9.7501,39.57,False,0.0239862989946745,1.0036673337273958,0.0404638271198528,0.0190219813975204,0.1772735159582061,1.0,0.8995,0.9180531148943496,0.6953837121351116,0.8978258502177405,0,,ok,,2026-07-20T16:41:33.067887+00:00
bank-marketing,gaussian_copula,fresh,0.35,1,0,2000,16.6935,39.34,True,0.0313684085632817,1.0645290212874408,0.0456074418296493,0.0211733876417609,0.1533702139422047,1.0,0.88975,0.9023393607301052,0.7826034873989864,0.8978258502177405,0,,ok,,2026-07-20T16:41:33.067887+00:00
bank-marketing,gaussian_copula,fresh,0.1,1,11,2000,47.8706,39.8,False,0.0735183695014393,3.6167449714573,0.0894480856415094,0.0276255913106515,0.4579605458952018,1.0,0.8715,0.94400198611249,0.6351758318113002,0.8978258502177405,0,,ok,,2026-07-20T16:41:33.067887+00:00
bank-marketing,gaussian_copula,fresh,0.1,1,12,2000,22.1048,39.8,False,0.0651764053202105,1.3053052155146212,0.0742727205661853,0.0262651467679113,0.4298185681970399,1.0,0.891,0.9437142795216382,0.6246414887081521,0.8978258502177405,0,,ok,,2026-07-20T16:41:33.067887+00:00
bank-marketing,gaussian_copula,fresh,0.2,1,0,2000,16.6935,39.34,True,0.0313684085632817,1.0645290212874408,0.0456074418296493,0.0211733876417609,0.1533702139422047,1.0,0.88975,0.9023393607301052,0.7826034873989864,0.8978258502177405,0,,ok,,2026-07-20T16:41:33.067887+00:00
bank-marketing,gaussian_copula,fresh,0.2,1,1,2000,59.0886,39.57,False,0.0326741140305651,1.0285433538752942,0.0471533548615934,0.0257292995195792,0.1860477087488431,1.0,0.892,0.9215405995108348,0.6859745884592211,0.8978258502177405,0,,ok,,2026-07-20T16:41:33.067887+00:00
bank-marketing,gaussian_copula,fresh,0.2,1,2,2000,20.8568,40.18,False,0.0298968006955051,1.03541551430805,0.0463191692900398,0.0238678781623601,0.2187068283091781,1.0,0.892,0.9229180302942522,0.6661505563953206,0.8978258502177405,0,,ok,,2026-07-20T16:41:33.067887+00:00
bank-marketing,gaussian_copula,fresh,0.2,1,3,2000,32.0785,39.8,False,0.0278691292506209,1.0209321221022027,0.044040033492108,0.0270428016759433,0.2835488672546218,1.0,0.89675,0.927997373105029,0.6828509977947783,0.8978258502177405,0,,ok,,2026-07-20T16:41:33.067887+00:00
bank-marketing,gaussian_copula,fresh,0.2,1,4,2000,20.9718,39.8,False,0.023398056389738,2.4285676725782195,0.0414213922175378,0.0263490545173062,0.3232929651217724,1.0,0.90375,0.9336992970078976,0.6554371204041605,0.8978258502177405,0,,ok,,2026-07-20T16:41:33.067887+00:00
bank-marketing,gaussian_copula,fresh,0.2,1,5,2000,12.5659,39.8,False,0.0477686482753556,2.6971369595389274,0.0624184203060908,0.0272520488530109,0.3231715451296797,1.0,0.8955,0.9266797518664838,0.6879773393638592,0.8978258502177405,0,,ok,,2026-07-20T16:41:33.067887+00:00
bank-marketing,gaussian_copula,fresh,0.2,1,6,2000,47.2614,39.8,False,0.0367324336172751,1.1226222583694738,0.0547590853064641,0.0316842063228771,0.3428665726209036,1.0,0.893,0.930437148935471,0.6136704217383018,0.8978258502177405,0,,ok,,2026-07-20T16:41:33.067887+00:00
bank-marketing,gaussian_copula,fresh,0.2,1,7,2000,13.3804,39.8,False,0.0413648962654672,1.1265061185521934,0.0673245302764163,0.0265767874476267,0.3706084029077955,1.0,0.89875,0.94088249264709,0.696340018441951,0.8978258502177405,0,,ok,,2026-07-20T16:41:33.067887+00:00
bank-marketing,gaussian_copula,fresh,0.2,1,8,2000,11.6322,39.8,False,0.0267661372761482,1.0231168087454274,0.0418683086355883,0.029912774767469,0.3748883722019672,1.0,0.89475,0.9271928928764678,0.6887698224340771,0.8978258502177405,0,,ok,,2026-07-20T16:41:33.067887+00:00
bank-marketing,gaussian_copula,fresh,0.2,1,9,2000,12.3484,39.8,False,0.0209781409904847,0.9521559010387802,0.0454681277841772,0.0283630432378635,0.3584227267543653,1.0,0.90425,0.93155896040211,0.58647825021632,0.8978258502177405,0,,ok,,2026-07-20T16:41:33.067887+00:00
bank-marketing,gaussian_copula,fresh,0.2,1,10,2000,9.9071,39.8,False,0.0325960827458744,1.0584367818363836,0.0498373558129565,0.0312721933478319,0.3836414903425238,1.0,0.8875,0.9303433756151176,0.6246392396897302,0.8978258502177405,0,,ok,,2026-07-20T16:41:33.067887+00:00
bank-marketing,gaussian_copula,fresh,0.2,1,11,2000,8.8674,39.8,False,0.0272316887180895,1.0782300802342613,0.0512683985763529,0.0279943234177448,0.3789934526716452,1.0,0.888,0.9304582370762924,0.670540581170034,0.8978258502177405,0,,ok,,2026-07-20T16:41:33.067887+00:00
bank-marketing,gaussian_copula,fresh,0.2,1,12,2000,9.2516,39.8,False,0.0370613160968547,1.0685389780960497,0.0547214735268738,0.0256663963532259,0.3705205630228161,1.0,0.88625,0.9327558375500672,0.6223187853406612,0.8978258502177405,0,,ok,,2026-07-20T16:41:33.067887+00:00
bank-marketing,gaussian_copula,fresh,0.02,1,0,2000,16.6935,39.34,True,0.0313684085632817,1.0645290212874408,0.0456074418296493,0.0211733876417609,0.1533702139422047,1.0,0.88975,0.9023393607301052,0.7826034873989864,0.8978258502177405,0,,ok,,2026-07-20T16:41:33.067887+00:00
bank-marketing,gaussian_copula,fresh,0.01,1,12,2000,15.2699,39.8,False,0.0405590646406915,1.050766510883716,0.0778200563647135,0.0471207072382567,0.484918227554023,0.9772727272727272,0.84925,0.9689982133659096,0.6032552174268152,0.8978258502177405,0,,ok,,2026-07-20T16:41:33.067887+00:00
bank-marketing,gaussian_copula,fresh,0.01,1,11,2000,15.6002,39.8,False,0.0617471334427788,1.0798488134981723,0.0945943292418825,0.0479019745168147,0.4777608898807722,0.9772727272727272,0.86675,0.966177804749898,0.5400688081267688,0.8978258502177405,0,,ok,,2026-07-20T16:41:33.067887+00:00
bank-marketing,gaussian_copula,fresh,0.01,1,10,2000,14.8246,39.8,False,0.0628076147733084,1.0745896293277262,0.0952958383725432,0.0431355744774964,0.4829589894942624,0.9772727272727272,0.84875,0.9681393303465324,0.5781018994736113,0.8978258502177405,0,,ok,,2026-07-20T16:41:33.067887+00:00
bank-marketing,gaussian_copula,fixed,0.5,1,11,2000,12.3431,39.8,False,0.0265662229655022,0.942270759235851,0.0455043036915293,0.0289773981102633,0.245060383892528,1.0,0.89725,0.9219549598217086,0.6169192472180234,0.8978258502177405,0,,ok,,2026-07-20T16:41:33.067887+00:00
bank-marketing,gaussian_copula,fixed,0.5,1,12,2000,16.8287,39.8,False,0.0437734604108651,1.2112356313050274,0.056138130919181,0.0237584626537407,0.2295437160629725,1.0,0.89875,0.9256367883340004,0.6957135484420813,0.8978258502177405,0,,ok,,2026-07-20T16:41:33.067887+00:00
bank-marketing,gaussian_copula,fixed,0.75,1,0,2000,16.6935,39.34,True,0.0313684085632817,1.0645290212874408,0.0456074418296493,0.0211733876417609,0.1533702139422047,1.0,0.88975,0.9023393607301052,0.7826034873989864,0.8978258502177405,0,,ok,,2026-07-20T16:41:33.067887+00:00
bank-marketing,gaussian_copula,fixed,0.75,1,1,2000,12.6674,39.57,False,0.0157315489773266,0.9054967228133476,0.0304867445896247,0.0168926917075208,0.1696041317268372,1.0,0.9015,0.9022128206351686,0.710662241229716,0.8978258502177405,0,,ok,,2026-07-20T16:41:33.067887+00:00
bank-marketing,gaussian_copula,fixed,0.75,1,2,2000,12.828,40.18,False,0.0306846205316409,0.9664658615485344,0.0440834068487792,0.0263411109882413,0.1519683185580206,1.0,0.89275,0.9004218035414581,0.7173524200030066,0.8978258502177405,0,,ok,,2026-07-20T16:41:33.067887+00:00
bank-marketing,gaussian_copula,fixed,0.75,1,3,2000,13.6112,39.8,False,0.0186619808091109,0.971137943417185,0.0337986333276141,0.0203568628896506,0.1729696615347919,1.0,0.90475,0.9036400473309456,0.753929804583973,0.8978258502177405,0,,ok,,2026-07-20T16:41:33.067887+00:00
bank-marketing,gaussian_copula,fixed,0.5,1,10,2000,9.4605,39.8,False,0.0313819652068443,1.035306801449903,0.049945727305458,0.0253394522466733,0.2190132430957921,1.0,0.90025,0.9057836464391807,0.7038573625169119,0.8978258502177405,0,,ok,,2026-07-20T16:41:33.067887+00:00
bank-marketing,gaussian_copula,fixed,0.75,1,4,2000,12.7604,39.8,False,0.0155809479281375,0.909725545162596,0.032635986869528,0.0225082691338911,0.1752662759064617,1.0,0.91075,0.8987369831524217,0.7586651128711325,0.8978258502177405,0,,ok,,2026-07-20T16:41:33.067887+00:00
bank-marketing,gaussian_copula,fixed,0.75,1,6,2000,12.3829,39.8,False,0.0179000706875413,1.0087749876963354,0.0449518016228327,0.0195743730571221,0.1698850257285475,1.0,0.90425,0.9088477369880148,0.7190619699270726,0.8978258502177405,0,,ok,,2026-07-20T16:41:33.067887+00:00
bank-marketing,gaussian_copula,fixed,0.75,1,7,2000,12.3277,39.8,False,0.0076035067474594,1.0303793818369815,0.0378630338788004,0.0206866575743054,0.1758060118411153,1.0,0.89375,0.8962933328190729,0.735775491144194,0.8978258502177405,0,,ok,,2026-07-20T16:41:33.067887+00:00
bank-marketing,gaussian_copula,fixed,0.75,1,8,2000,13.3874,39.8,False,0.0076082794145889,0.9666388056101266,0.0299297494415618,0.018155307358669,0.190574335943647,1.0,0.899,0.890763941295647,0.7230375834652165,0.8978258502177405,0,,ok,,2026-07-20T16:41:33.067887+00:00
bank-marketing,gaussian_copula,fixed,0.75,1,9,2000,12.3279,39.8,False,0.0356267386738805,0.9473911357574792,0.0478925575434812,0.0199289198520648,0.1607624542493639,1.0,0.90775,0.9028662402503967,0.725509491449587,0.8978258502177405,0,,ok,,2026-07-20T16:41:33.067887+00:00
bank-marketing,gaussian_copula,fixed,0.75,1,10,2000,12.4579,39.8,False,0.0418869099311284,0.9833994876665036,0.0504781820049704,0.0220750488407239,0.1535684893319162,1.0,0.90475,0.8905841672857716,0.778555905271344,0.8978258502177405,0,,ok,,2026-07-20T16:41:33.067887+00:00
bank-marketing,gaussian_copula,fixed,0.75,1,11,2000,14.1232,39.8,False,0.0292869213993648,0.9637420750426132,0.0426819025415518,0.0156850602676103,0.153182882110883,1.0,0.8965,0.8929714843268561,0.7353227282250627,0.8978258502177405,0,,ok,,2026-07-20T16:41:33.067887+00:00
bank-marketing,gaussian_copula,fixed,0.75,1,5,2000,12.5174,39.8,False,0.018727136490943,1.0002207104099994,0.0357722576048301,0.0217536707336552,0.1758680078920489,1.0,0.90425,0.8943324732229381,0.7619474368884002,0.8978258502177405,0,,ok,,2026-07-20T16:41:33.067887+00:00
bank-marketing,gaussian_copula,fixed,0.5,1,9,2000,14.7269,39.8,False,0.0193386614591542,0.9589421288345789,0.0397528974935724,0.0275663988106208,0.2316733364641458,1.0,0.88575,0.917123829322153,0.6759916099775928,0.8978258502177405,0,,ok,,2026-07-20T16:41:33.067887+00:00
bank-marketing,gaussian_copula,fixed,0.5,1,8,2000,14.1843,39.8,False,0.0344377060958094,0.8133570144833884,0.0490340299732812,0.0278885079926769,0.2487835660971742,1.0,0.8845,0.9160620029005178,0.6569463301345979,0.8978258502177405,0,,ok,,2026-07-20T16:41:33.067887+00:00
bank-marketing,gaussian_copula,fixed,0.5,1,7,2000,13.3914,39.8,False,0.0200137558509803,1.030924274966873,0.0535246519665125,0.0222617432759531,0.2531736947022502,1.0,0.88975,0.9145871031689742,0.7348981372208998,0.8978258502177405,0,,ok,,2026-07-20T16:41:33.067887+00:00
bank-marketing,gaussian_copula,fixed,0.35,1,5,2000,14.8207,39.8,False,0.0364022024581991,0.8372987324931008,0.0625679081615377,0.0256691486355314,0.2828849726315997,1.0,0.88925,0.9157334149039944,0.6833006831097532,0.8978258502177405,0,,ok,,2026-07-20T16:41:33.067887+00:00
bank-marketing,gaussian_copula,fixed,0.35,1,6,2000,16.6498,39.8,False,0.0374500866756949,0.948310161448247,0.0520610668751141,0.0243784756779338,0.2901881149974485,1.0,0.903,0.9208330493549952,0.6807401756365018,0.8978258502177405,0,,ok,,2026-07-20T16:41:33.067887+00:00
bank-marketing,gaussian_copula,fixed,0.35,1,7,2000,16.7032,39.8,False,0.039185078401343,0.9656375349800131,0.059403194256199,0.0223338248123164,0.2831369963869058,1.0,0.8925,0.9173836111420544,0.7147880063398646,0.8978258502177405,0,,ok,,2026-07-20T16:41:33.067887+00:00
bank-marketing,gaussian_copula,fixed,0.35,1,8,2000,16.6519,39.8,False,0.0413401159915327,0.95426409103817,0.0596693789880395,0.0240827281998353,0.2827262350938316,1.0,0.8845,0.9244060576606448,0.6442159389119249,0.8978258502177405,0,,ok,,2026-07-20T16:41:33.067887+00:00
bank-marketing,gaussian_copula,fixed,0.35,1,9,2000,14.3165,39.8,False,0.0315118525039383,0.960332937664904,0.0495269457136463,0.0268940064138007,0.3072142752183925,1.0,0.88975,0.9204131292899502,0.634959570934633,0.8978258502177405,0,,ok,,2026-07-20T16:41:33.067887+00:00
bank-marketing,gaussian_copula,fixed,0.35,1,10,2000,14.3791,39.8,False,0.0364724884620995,0.9226742635258488,0.0585179254853605,0.0253236757713148,0.2914142246194997,1.0,0.88925,0.9215734641604916,0.6851819870196126,0.8978258502177405,0,,ok,,2026-07-20T16:41:33.067887+00:00
bank-marketing,gaussian_copula,fixed,0.35,1,11,2000,13.4697,39.8,False,0.0564897646710202,0.8784634499902516,0.0686142189354041,0.0242204221804465,0.2831791375671166,1.0,0.88775,0.9212075531359668,0.6542103400397485,0.8978258502177405,0,,ok,,2026-07-20T16:41:33.067887+00:00
bank-marketing,gaussian_copula,fixed,0.35,1,12,2000,13.4596,39.8,False,0.0466431810945164,0.9369378022741014,0.0627449850365848,0.0300899652278619,0.2892308718499771,1.0,0.9035,0.9167378595325792,0.6114710000911444,0.8978258502177405,0,,ok,,2026-07-20T16:41:33.067887+00:00
bank-marketing,gaussian_copula,fixed,0.5,1,0,2000,16.6935,39.34,True,0.0313684085632817,1.0645290212874408,0.0456074418296493,0.0211733876417609,0.1533702139422047,1.0,0.88975,0.9023393607301052,0.7826034873989864,0.8978258502177405,0,,ok,,2026-07-20T16:41:33.067887+00:00
bank-marketing,gaussian_copula,fixed,0.5,1,1,2000,15.7067,39.57,False,0.0339532231324477,1.0336802703137054,0.0437888818378039,0.0189567682799464,0.1927215744308544,1.0,0.9035,0.901370452628182,0.6877232002821926,0.8978258502177405,0,,ok,,2026-07-20T16:41:33.067887+00:00
bank-marketing,gaussian_copula,fixed,0.5,1,2,2000,14.2735,40.18,False,0.0304987238826627,0.989692775880116,0.0502540166659555,0.0206148340644083,0.1960725834240596,1.0,0.90975,0.90879965332694,0.6783215930626068,0.8978258502177405,0,,ok,,2026-07-20T16:41:33.067887+00:00
bank-marketing,gaussian_copula,fixed,0.5,1,3,2000,15.1551,39.8,False,0.0224463707677063,1.0123334973498888,0.0440020260562548,0.0221446361212478,0.2032964190026228,1.0,0.9025,0.9183210833453928,0.6947199557771957,0.8978258502177405,0,,ok,,2026-07-20T16:41:33.067887+00:00
bank-marketing,gaussian_copula,fixed,0.5,1,4,2000,16.981,39.8,False,0.0262064000908483,1.0286490689321546,0.0448467972944729,0.0307268175507144,0.253219559384794,1.0,0.8895,0.91202624462269,0.7184084525214456,0.8978258502177405,0,,ok,,2026-07-20T16:41:33.067887+00:00
bank-marketing,gaussian_copula,fixed,0.5,1,5,2000,18.4896,39.8,False,0.0360912099027601,0.9546346646447708,0.0544061696291612,0.0243127342204528,0.2481994506879516,1.0,0.897,0.9138701918811116,0.6714020144102896,0.8978258502177405,0,,ok,,2026-07-20T16:41:33.067887+00:00
bank-marketing,gaussian_copula,fixed,0.5,1,6,2000,13.1582,39.8,False,0.0325622760788817,0.9170292255196708,0.0558485158275829,0.0307566380380159,0.2438025913532159,1.0,0.885,0.9188845602681414,0.6740955690786008,0.8978258502177405,0,,ok,,2026-07-20T16:41:33.067887+00:00
bank-marketing,gaussian_copula,fixed,0.75,1,12,2000,12.6489,39.8,False,0.014672336103758,1.0503735959290652,0.0327536270628529,0.0227163551918611,0.171152788230832,1.0,0.893,0.8926737494784804,0.7416853197098057,0.8978258502177405,0,,ok,,2026-07-20T16:41:33.067887+00:00
bank-marketing,gaussian_copula,fresh,0.2,0,0,2000,16.9364,39.34,True,0.0173965683858213,1.0395661345971443,0.0330623055426054,0.0182281076830452,0.1450663447476722,1.0,0.905,0.8984456641838596,0.734570372378266,0.8995903827237507,0,,ok,,2026-07-20T16:41:33.067887+00:00
bank-marketing,gaussian_copula,fixed,1.0,1,0,2000,16.6935,39.34,True,0.0313684085632817,1.0645290212874408,0.0456074418296493,0.0211733876417609,0.1533702139422047,1.0,0.88975,0.9023393607301052,0.7826034873989864,0.8978258502177405,0,,ok,,2026-07-20T16:41:33.067887+00:00
bank-marketing,gaussian_copula,fixed,1.0,1,2,2000,12.3763,40.18,False,0.0346322309844863,0.9922793126714906,0.0477742414371837,0.0162855492891985,0.1594768855197561,1.0,0.88975,0.8808916336389482,0.7382442031550178,0.8978258502177405,0,,ok,,2026-07-20T16:41:33.067887+00:00
bank-marketing,gaussian_copula,fresh,0.0,1,9,2000,15.8205,39.8,False,0.0587041448415629,0.9227373065694764,0.0808347623215011,0.0516926106134886,0.4741846339288589,0.9772727272727272,0.88,0.9686109734503828,0.5649320027035568,0.8978258502177405,0,,ok,,2026-07-20T16:41:33.067887+00:00
bank-marketing,gaussian_copula,fresh,0.0,1,10,2000,14.9033,39.8,False,0.0653353960005065,0.9258352173806974,0.0873705833159207,0.0544802241144163,0.495369480256406,0.9772727272727272,0.8375,0.9719231773103636,0.5896303087192076,0.8978258502177405,0,,ok,,2026-07-20T16:41:33.067887+00:00
bank-marketing,gaussian_copula,fresh,0.0,1,11,2000,17.0669,39.8,False,0.0610855809898693,0.9853032734557288,0.0940066275288484,0.0557431100790052,0.5002740687654257,0.9772727272727272,0.85475,0.974327901489508,0.541490897985708,0.8978258502177405,0,,ok,,2026-07-20T16:41:33.067887+00:00
bank-marketing,gaussian_copula,fresh,0.0,1,12,2000,17.0715,39.8,False,0.0656673923924955,0.9213003464178844,0.0987638539832542,0.0607690233083907,0.5017176457587583,0.9772727272727272,0.86575,0.9724132974280764,0.5413216889418131,0.8978258502177405,0,,ok,,2026-07-20T16:41:33.067887+00:00
bank-marketing,gaussian_copula,fresh,0.01,1,0,2000,16.6935,39.34,True,0.0313684085632817,1.0645290212874408,0.0456074418296493,0.0211733876417609,0.1533702139422047,1.0,0.88975,0.9023393607301052,0.7826034873989864,0.8978258502177405,0,,ok,,2026-07-20T16:41:33.067887+00:00
bank-marketing,gaussian_copula,fresh,0.01,1,1,2000,15.1649,39.57,False,0.0339862482175887,0.9782892045224936,0.0526187967634618,0.0241862090997333,0.1965576411401179,1.0,0.907,0.922057944648973,0.6511983717106625,0.8978258502177405,0,,ok,,2026-07-20T16:41:33.067887+00:00
bank-marketing,gaussian_copula,fresh,0.0,1,8,2000,16.2059,39.8,False,0.051951722076658,0.8939678052601197,0.0752505193254439,0.0578073218081511,0.456495588298496,0.9772727272727272,0.89125,0.9701352415939648,0.5726822385545677,0.8978258502177405,0,,ok,,2026-07-20T16:41:33.067887+00:00
bank-marketing,gaussian_copula,fresh,0.01,1,2,2000,14.8583,40.18,False,0.0374421813069095,0.9927160735030413,0.0510856790579296,0.025768986447467,0.2715138165559562,1.0,0.909,0.9377200871494954,0.6185141563872716,0.8978258502177405,0,,ok,,2026-07-20T16:41:33.067887+00:00
bank-marketing,gaussian_copula,fresh,0.01,1,4,2000,14.3189,39.8,False,0.0397324770378747,1.0330224897309706,0.0583388334083924,0.024642854509934,0.4042189234900794,1.0,0.88125,0.9444850625999184,0.5181895283334892,0.8978258502177405,0,,ok,,2026-07-20T16:41:33.067887+00:00
bank-marketing,gaussian_copula,fresh,0.01,1,5,2000,15.5725,39.8,False,0.0278807081913175,0.8929605657719649,0.0598713192045866,0.0283427697298094,0.4509210899154243,1.0,0.8555,0.9598993629144972,0.5634555221096266,0.8978258502177405,0,,ok,,2026-07-20T16:41:33.067887+00:00
bank-marketing,gaussian_copula,fresh,0.01,1,6,2000,13.7394,39.8,False,0.0450156324311181,0.922248945788769,0.0646311206091574,0.0341395738877216,0.4500213369758223,1.0,0.8685,0.9492055998915012,0.6476872396613216,0.8978258502177405,0,,ok,,2026-07-20T16:41:33.067887+00:00
bank-marketing,gaussian_copula,fresh,0.01,1,7,2000,15.1992,39.8,False,0.0586189283975217,1.0399370282435192,0.0829699390523223,0.0409805742931917,0.4826882695072473,0.9772727272727272,0.856,0.9611909820085344,0.4957150872441593,0.8978258502177405,0,,ok,,2026-07-20T16:41:33.067887+00:00
bank-marketing,gaussian_copula,fresh,0.01,1,8,2000,15.3239,39.8,False,0.0568710045457142,1.067823727904751,0.082207858105359,0.0456529113986263,0.484143939264684,0.9772727272727272,0.8495,0.9622977297138716,0.5802536182563478,0.8978258502177405,0,,ok,,2026-07-20T16:41:33.067887+00:00
bank-marketing,gaussian_copula,fresh,0.01,1,9,2000,16.3213,39.8,False,0.080078253783377,1.1673796404774108,0.1020742522315284,0.0409168048951306,0.5022111139179245,0.9772727272727272,0.8465,0.9602137894003956,0.5197875742915888,0.8978258502177405,0,,ok,,2026-07-20T16:41:33.067887+00:00
bank-marketing,gaussian_copula,fresh,0.01,1,3,2000,15.9275,39.8,False,0.0164242184349688,0.976645170829622,0.0457650749714592,0.0268695246169535,0.3327596108463276,1.0,0.9025,0.9456512508498508,0.5633040684743251,0.8978258502177405,0,,ok,,2026-07-20T16:41:33.067887+00:00
bank-marketing,gaussian_copula,fresh,0.0,1,7,2000,15.0321,39.8,False,0.0536636861030807,1.0262610306934987,0.0778313534944479,0.0418429233169916,0.4638445470887488,0.9772727272727272,0.87325,0.9623890257823668,0.5801962682865913,0.8978258502177405,0,,ok,,2026-07-20T16:41:33.067887+00:00
bank-marketing,gaussian_copula,fresh,0.0,1,6,2000,15.0347,39.8,False,0.0459772348349493,0.9767890926842576,0.0664254696697978,0.0438017680956418,0.4329181085479836,0.9772727272727272,0.892,0.963028449262094,0.4731809287972605,0.8978258502177405,0,,ok,,2026-07-20T16:41:33.067887+00:00
bank-marketing,gaussian_copula,fresh,0.0,1,5,2000,16.2286,39.8,False,0.0404903169874236,1.0052899861978009,0.0639925187037983,0.0398118065538722,0.3946829448932941,0.9772727272727272,0.89425,0.9635500176534008,0.5256934966673099,0.8978258502177405,0,,ok,,2026-07-20T16:41:33.067887+00:00
bank-marketing,gaussian_copula,fixed,1.0,1,3,2000,12.5777,39.8,False,0.0357985305777546,0.9540237069231696,0.0501257514987977,0.0170307358669074,0.1710099449867305,1.0,0.89575,0.8992575739179949,0.7565610377681214,0.8978258502177405,0,,ok,,2026-07-20T16:41:33.067887+00:00
bank-marketing,gaussian_copula,fixed,1.0,1,4,2000,12.7506,39.8,False,0.0262315822625821,0.992916168250246,0.0420557535955088,0.0210295501738606,0.1516894453208448,1.0,0.896,0.9021547469665988,0.7610728646457855,0.8978258502177405,0,,ok,,2026-07-20T16:41:33.067887+00:00
bank-marketing,gaussian_copula,fixed,1.0,1,5,2000,12.5092,39.8,False,0.031742771529944,0.9732942187810204,0.0479461031581433,0.0173522737046457,0.1691812381576703,1.0,0.9045,0.8898166242099222,0.7607676491720652,0.8978258502177405,0,,ok,,2026-07-20T16:41:33.067887+00:00
bank-marketing,gaussian_copula,fixed,1.0,1,6,2000,11.8461,39.8,False,0.0313654392892961,0.9440981340447948,0.0484037068243079,0.016354215046629,0.1427789089608054,1.0,0.88875,0.8953376963521068,0.774930665129443,0.8978258502177405,0,,ok,,2026-07-20T16:41:33.067887+00:00
bank-marketing,gaussian_copula,fixed,1.0,1,7,2000,13.6183,39.8,False,0.0375206961060648,0.9776238546747188,0.0456989324814875,0.016181294309902,0.1599562225616637,1.0,0.9035,0.9050073182317404,0.7547469084874404,0.8978258502177405,0,,ok,,2026-07-20T16:41:33.067887+00:00
bank-marketing,gaussian_copula,fixed,1.0,1,8,2000,13.7484,39.8,False,0.0259969320234656,1.005659253197204,0.0414513811318603,0.0186597859609028,0.1221644890094202,1.0,0.8925,0.8941083213047681,0.7587079625905376,0.8978258502177405,0,,ok,,2026-07-20T16:41:33.067887+00:00
bank-marketing,gaussian_copula,fixed,1.0,1,9,2000,11.4686,39.8,False,0.0339239179577803,1.1450280103964334,0.0440777058486984,0.0171819332325801,0.1344698452229035,1.0,0.89875,0.8922147513841171,0.7674873611083163,0.8978258502177405,0,,ok,,2026-07-20T16:41:33.067887+00:00
bank-marketing,gaussian_copula,fixed,1.0,1,10,2000,11.8543,39.8,False,0.0153482879811849,0.9857225494984352,0.0361923665159179,0.0130530490127416,0.1351098285400531,1.0,0.88925,0.8949424306805586,0.7281934581972578,0.8978258502177405,0,,ok,,2026-07-20T16:41:33.067887+00:00
bank-marketing,gaussian_copula,fixed,1.0,1,11,2000,13.5303,39.8,False,0.0244213170139016,0.94536139034848,0.0404832290901056,0.0166999090763881,0.1665511936761095,1.0,0.8895,0.9076092145588132,0.6989967602297786,0.8978258502177405,0,,ok,,2026-07-20T16:41:33.067887+00:00
bank-marketing,gaussian_copula,fixed,1.0,1,12,2000,14.1254,39.8,False,0.0367216565507163,0.9716955334778916,0.0508605668745847,0.020546598351088,0.1528284900581693,1.0,0.89225,0.9011492459622218,0.7488165428325557,0.8978258502177405,0,,ok,,2026-07-20T16:41:33.067887+00:00
bank-marketing,gaussian_copula,fresh,0.0,1,0,2000,16.6935,39.34,True,0.0313684085632817,1.0645290212874408,0.0456074418296493,0.0211733876417609,0.1533702139422047,1.0,0.88975,0.9023393607301052,0.7826034873989864,0.8978258502177405,0,,ok,,2026-07-20T16:41:33.067887+00:00
bank-marketing,gaussian_copula,fresh,0.0,1,1,2000,13.1687,39.57,False,0.0223094418241818,1.0481023321106202,0.0424124359977606,0.0215631059014338,0.2434642663786837,1.0,0.902,0.930486773847702,0.5848142133229484,0.8978258502177405,0,,ok,,2026-07-20T16:41:33.067887+00:00
bank-marketing,gaussian_copula,fresh,0.0,1,2,2000,18.3831,40.18,False,0.0234625283344966,1.0469696292688806,0.0497469748067098,0.0249449420669148,0.249997820110103,1.0,0.9005,0.9428835653983948,0.5673472117498192,0.8978258502177405,0,,ok,,2026-07-20T16:41:33.067887+00:00
bank-marketing,gaussian_copula,fresh,0.0,1,3,2000,28.1526,39.8,False,0.0276196154555315,0.942246199799306,0.052166555486331,0.0287711059505817,0.3330060928511102,1.0,0.8985,0.9522788513222084,0.632115864694317,0.8978258502177405,0,,ok,,2026-07-20T16:41:33.067887+00:00
bank-marketing,gaussian_copula,fresh,0.0,1,4,2000,23.0086,39.8,False,0.0397925172104231,1.058550054062736,0.0634089725625507,0.0322965215574969,0.4185821706483116,1.0,0.8965,0.9588639942627116,0.5961789177013138,0.8978258502177405,0,,ok,,2026-07-20T16:41:33.067887+00:00
bank-marketing,gaussian_copula,fixed,1.0,1,1,2000,12.7617,39.57,False,0.0152556930847059,1.045666821069711,0.036057732716165,0.0202965645619079,0.1427648773912228,1.0,0.89275,0.8999176839132423,0.7112262713760322,0.8978258502177405,0,,ok,,2026-07-20T16:41:33.067887+00:00
credit-g,gaussian_copula,fresh,0.0,1,0,2000,6.2563,23.75,True,0.0575423782055482,0.9348739697735906,0.0933394481654824,0.0386538461538461,0.1577329062438912,1.0,0.93,0.552794597793484,0.6910714285714286,0.7975,0,,ok,,2026-07-20T16:41:33.067887+00:00
credit-g,gaussian_copula,fixed,1.0,1,12,2000,3.8495,24.21,False,0.0562493614901188,0.9376006785114738,0.0777433388490343,0.0472307692307692,0.131076302992273,1.0,0.945,0.6180371322942052,0.7275,0.7975,0,,ok,,2026-07-20T16:41:33.067887+00:00
credit-g,gaussian_copula,fixed,1.0,1,11,2000,2.416,24.21,False,0.0369996983280189,0.9453522912084604,0.0755715216054914,0.0481538461538461,0.1373606538061304,1.0,0.955,0.5736412915071859,0.6385714285714286,0.7975,0,,ok,,2026-07-20T16:41:33.067887+00:00
adult,gaussian_copula,fixed,1.0,1,8,2000,14.3854,39.65,False,0.035054703219039,0.9938129185478234,0.0427854427859331,0.0281085199004975,0.0915157713165094,0.8865979381443299,0.905,0.9719622463396752,0.6649309751181558,0.8996095743036177,0,,ok,,2026-07-20T16:41:33.067887+00:00
adult,gaussian_copula,fixed,1.0,1,9,2000,17.0023,39.65,False,0.0223427715842532,0.9427154488068163,0.033230480958035,0.0225334784411276,0.0924406343899555,0.8762886597938144,0.9015,0.9695775201755348,0.6489607224498085,0.8996095743036177,0,,ok,,2026-07-20T16:41:33.067887+00:00
adult,gaussian_copula,fixed,1.0,1,10,2000,16.9531,39.65,False,0.0267082279912461,0.9476373574072507,0.0369937921844452,0.0237294776119402,0.0683094563139031,0.8350515463917526,0.88475,0.9675659618538628,0.7304625864933649,0.8996095743036177,0,,ok,,2026-07-20T16:41:33.067887+00:00
adult,gaussian_copula,fixed,1.0,1,11,2000,17.525,39.65,False,0.0300899007844918,0.9940282816688364,0.0357929068018757,0.02981135986733,0.0882480674208747,0.865979381443299,0.901,0.9730865440581796,0.6784550435127075,0.8996095743036177,0,,ok,,2026-07-20T16:41:33.067887+00:00
adult,gaussian_copula,fixed,1.0,1,12,2000,17.8491,39.65,False,0.0346075673145157,0.9720909362628573,0.0413968650161238,0.0221276603095632,0.0850699800193806,0.8556701030927835,0.9035,0.9679947913630924,0.6865629543979064,0.8996095743036177,0,,ok,,2026-07-20T16:41:33.067887+00:00
adult,gaussian_copula,fresh,0.0,1,0,2000,13.344,39.26,True,0.0341175946043228,0.8699755057774593,0.0410394651506613,0.024287037037037,0.1036852781701227,0.9278350515463918,0.906,0.9704054926717208,0.626660910604717,0.8996095743036177,0,,ok,,2026-07-20T16:41:33.067887+00:00
adult,gaussian_copula,fixed,1.0,1,7,2000,14.0326,39.65,False,0.0425740898371656,0.8393336348269614,0.0517579654322509,0.0275565574903261,0.1061321893055809,0.845360824742268,0.899,0.9668868421568534,0.6884419137120463,0.8996095743036177,0,,ok,,2026-07-20T16:41:33.067887+00:00
adult,gaussian_copula,fresh,0.0,1,1,2000,18.2594,39.45,False,0.0353654375668248,0.9458144260852852,0.0435065389801506,0.0304366017136539,0.1228795145594343,0.8350515463917526,0.89875,0.9727061261477712,0.5492956615272976,0.8996095743036177,0,,ok,,2026-07-20T16:41:33.067887+00:00
adult,gaussian_copula,fresh,0.0,1,3,2000,13.9876,39.65,False,0.0271420363678507,0.8850771898862476,0.0514525515115781,0.0408718214483139,0.1388631230077193,0.7938144329896907,0.87775,0.9781074262000964,0.3621318151736332,0.8996095743036177,0,,ok,,2026-07-20T16:41:33.067887+00:00
adult,gaussian_copula,fresh,0.0,1,4,2000,13.5178,39.65,False,0.059202373328804,0.8264055408149925,0.0694146864631232,0.0468650843007186,0.1774090016708311,0.7628865979381443,0.8675,0.9818607620160368,0.3422027892663716,0.8996095743036177,0,,ok,,2026-07-20T16:41:33.067887+00:00
adult,gaussian_copula,fresh,0.0,1,5,2000,14.6888,39.65,False,0.0366232526732742,0.9086904208251276,0.0658454897645869,0.0471739566058595,0.180479101660694,0.7628865979381443,0.8715,0.9809780064787494,0.4692077129744014,0.8996095743036177,0,,ok,,2026-07-20T16:41:33.067887+00:00
adult,gaussian_copula,fresh,0.0,1,6,2000,13.3531,39.65,False,0.052880116035039,0.7325151170402786,0.081181629074205,0.0447388405196241,0.1823958171314913,0.7422680412371134,0.87675,0.9804472524555512,0.4354884625466306,0.8996095743036177,0,,ok,,2026-07-20T16:41:33.067887+00:00
adult,gaussian_copula,fresh,0.0,1,7,2000,13.4349,39.65,False,0.0338902452822907,0.8267865867951252,0.0711057828817546,0.0406979339414041,0.1614896776523392,0.7422680412371134,0.873,0.9794154849314676,0.407956596259482,0.8996095743036177,0,,ok,,2026-07-20T16:41:33.067887+00:00
adult,gaussian_copula,fresh,0.0,1,8,2000,13.9941,39.65,False,0.0422540335783226,0.970172886274209,0.0718323523424302,0.0487748065229408,0.1768300721666713,0.7319587628865979,0.8795,0.9851353480977948,0.4052469439743158,0.8996095743036177,0,,ok,,2026-07-20T16:41:33.067887+00:00
adult,gaussian_copula,fresh,0.0,1,2,2000,15.0178,40.02,False,0.0371696937997872,0.9044909314528594,0.0464927381809045,0.023401810392482,0.1085224474580753,0.8041237113402062,0.90475,0.97682123298513,0.4411730709139052,0.8996095743036177,0,,ok,,2026-07-20T16:41:33.067887+00:00
adult,gaussian_copula,fresh,0.0,1,9,2000,15.1496,39.65,False,0.049119978174124,1.03549749871828,0.0723026567858833,0.0471600331674958,0.2021463514764771,0.711340206185567,0.8745,0.9829467309557848,0.3487923087927703,0.8996095743036177,0,,ok,,2026-07-20T16:41:33.067887+00:00
adult,gaussian_copula,fixed,1.0,1,6,2000,15.1239,39.65,False,0.0309942331449377,0.892541899852305,0.0434988088766146,0.0281376796572692,0.0933189399176689,0.8865979381443299,0.8935,0.9722276936638272,0.6857355723972856,0.8996095743036177,0,,ok,,2026-07-20T16:41:33.067887+00:00
adult,gaussian_copula,fixed,1.0,1,4,2000,14.1553,39.65,False,0.023776738828786,0.9469559949794656,0.0390599909830096,0.0285439469320066,0.0912712838754028,0.865979381443299,0.90525,0.9661951702629265,0.7152194032569197,0.8996095743036177,0,,ok,,2026-07-20T16:41:33.067887+00:00
adult,gaussian_copula,fixed,0.75,1,3,2000,13.9101,39.65,False,0.020668263745112,0.9206900999963316,0.0300875228849404,0.0337457849640685,0.093191241766877,0.8865979381443299,0.90125,0.9760486257179816,0.6680424021883613,0.8996095743036177,0,,ok,,2026-07-20T16:41:33.067887+00:00
adult,gaussian_copula,fixed,0.75,1,4,2000,14.1096,39.65,False,0.026347592659421,0.8869692819838217,0.0373049660843292,0.0250726229961304,0.0972217076274046,0.8762886597938144,0.9125,0.9668339603671788,0.6609777420178404,0.8996095743036177,0,,ok,,2026-07-20T16:41:33.067887+00:00
adult,gaussian_copula,fixed,0.75,1,5,2000,14.7961,39.65,False,0.0214745289335863,1.0254159665092109,0.0316678902301625,0.0249143518518518,0.1022209989157654,0.8865979381443299,0.89975,0.9681596557367816,0.6422477135618527,0.8996095743036177,0,,ok,,2026-07-20T16:41:33.067887+00:00
adult,gaussian_copula,fixed,0.75,1,6,2000,14.0913,39.65,False,0.0326530298285214,0.8816001872381679,0.0447370356038735,0.0347438847429519,0.1055582983355137,0.8969072164948454,0.9025,0.963195649137536,0.6029177779179385,0.8996095743036177,0,,ok,,2026-07-20T16:41:33.067887+00:00
adult,gaussian_copula,fixed,0.75,1,7,2000,14.5802,39.65,False,0.0181484189334756,0.9794192596769432,0.0335274568105114,0.0321687741846323,0.0904942302403144,0.8762886597938144,0.89975,0.96840665079709,0.6585533249158194,0.8996095743036177,0,,ok,,2026-07-20T16:41:33.067887+00:00
adult,gaussian_copula,fixed,0.75,1,8,2000,15.093,39.65,False,0.0251656274345149,0.969945307716805,0.0372970692915265,0.02508295328911,0.0742026575678273,0.8762886597938144,0.91125,0.9699041337955764,0.65650675182264,0.8996095743036177,0,,ok,,2026-07-20T16:41:33.067887+00:00
adult,gaussian_copula,fixed,1.0,1,5,2000,15.4198,39.65,False,0.0289239753136499,0.9935786077177416,0.0388718450695625,0.0200650221116639,0.1210933701896972,0.8865979381443299,0.89775,0.9690878916831908,0.7004720788160441,0.8996095743036177,0,,ok,,2026-07-20T16:41:33.067887+00:00
adult,gaussian_copula,fixed,0.75,1,9,2000,15.1778,39.65,False,0.0293998418400378,0.92039009176217,0.0412519528770576,0.0254928482587064,0.1220233037865818,0.8865979381443299,0.89425,0.9714763922251632,0.6263998028890806,0.8996095743036177,0,,ok,,2026-07-20T16:41:33.067887+00:00
adult,gaussian_copula,fixed,0.75,1,11,2000,15.3263,39.65,False,0.0158425587691652,0.9321067390704127,0.0344964398259141,0.0240758360972913,0.0916551415503978,0.865979381443299,0.9145,0.9705081658737514,0.6519825238458711,0.8996095743036177,0,,ok,,2026-07-20T16:41:33.067887+00:00
adult,gaussian_copula,fixed,0.75,1,12,2000,14.8178,39.65,False,0.016060170253973,0.9244766522930102,0.0360226041620263,0.029235661967938,0.0840071568809196,0.865979381443299,0.89275,0.9698133113524368,0.6153401782783819,0.8996095743036177,0,,ok,,2026-07-20T16:41:33.067887+00:00
adult,gaussian_copula,fixed,1.0,1,0,2000,13.344,39.26,True,0.0341175946043228,0.8699755057774593,0.0410394651506613,0.024287037037037,0.1036852781701227,0.9278350515463918,0.906,0.9704054926717208,0.626660910604717,0.8996095743036177,0,,ok,,2026-07-20T16:41:33.067887+00:00
adult,gaussian_copula,fixed,1.0,1,1,2000,15.4914,39.45,False,0.0396934856175574,1.027480946714466,0.0525039885633635,0.0277929795467108,0.0891863156352953,0.8762886597938144,0.898,0.9738889227851644,0.6091581375850477,0.8996095743036177,0,,ok,,2026-07-20T16:41:33.067887+00:00
adult,gaussian_copula,fixed,1.0,1,2,2000,15.0353,40.02,False,0.0282864970419017,0.911496180559121,0.0419590581536175,0.0266413073521282,0.0911130785331445,0.8762886597938144,0.90375,0.9715853148068824,0.7048691458601135,0.8996095743036177,0,,ok,,2026-07-20T16:41:33.067887+00:00
adult,gaussian_copula,fixed,1.0,1,3,2000,13.9644,39.65,False,0.0270449976099585,0.9379028426946148,0.0433175028728638,0.0206217523493642,0.1030243939553316,0.8865979381443299,0.913,0.9710012773687084,0.697315511089915,0.8996095743036177,0,,ok,,2026-07-20T16:41:33.067887+00:00
adult,gaussian_copula,fixed,0.75,1,10,2000,14.8501,39.65,False,0.0245712942382384,0.9274142542407274,0.0377971079228397,0.0310971531232725,0.1352069595392207,0.8556701030927835,0.91,0.9669350653180327,0.6835422675859406,0.8996095743036177,0,,ok,,2026-07-20T16:41:33.067887+00:00
adult,gaussian_copula,fresh,0.0,1,10,2000,15.3879,39.65,False,0.0589413119393423,1.0767452056009854,0.075451590067262,0.0481450732448866,0.2101459787560171,0.7010309278350515,0.8815,0.9860951695679012,0.3523636657123641,0.8996095743036177,0,,ok,,2026-07-20T16:41:33.067887+00:00
adult,gaussian_copula,fresh,0.0,1,11,2000,15.4571,39.65,False,0.045585759791306,0.7573082892434492,0.0733780574663686,0.0549950939745715,0.2000191644099094,0.6907216494845361,0.88,0.9855190903856976,0.2583692480740315,0.8996095743036177,0,,ok,,2026-07-20T16:41:33.067887+00:00
adult,gaussian_copula,fresh,0.0,1,12,2000,16.5308,39.65,False,0.0481628387983625,0.837705519689972,0.0824103745666726,0.0476125276395798,0.1986155399961214,0.6701030927835051,0.86825,0.9868791489060814,0.3452478002371573,0.8996095743036177,0,,ok,,2026-07-20T16:41:33.067887+00:00
adult,gaussian_copula,fresh,0.02,1,6,2000,13.8502,39.65,False,0.0688197905677545,1.0490161578580313,0.0755228826735908,0.05687043946932,0.1622030664378095,0.8247422680412371,0.88225,0.9817090685897286,0.4401194939053885,0.8996095743036177,0,,ok,,2026-07-20T16:41:33.067887+00:00
adult,gaussian_copula,fresh,0.02,1,7,2000,13.142,39.65,False,0.0549490092917542,1.06548972397284,0.0706702231991402,0.0636756495301271,0.1770327522202423,0.7938144329896907,0.8835,0.9826464682305128,0.340076785665347,0.8996095743036177,0,,ok,,2026-07-20T16:41:33.067887+00:00
adult,gaussian_copula,fresh,0.02,1,8,2000,13.1128,39.65,False,0.0447112434391328,0.9439278037313148,0.067056360792928,0.0534761608623548,0.1764011675546813,0.8041237113402062,0.88,0.9813203374855832,0.4418838149669762,0.8996095743036177,0,,ok,,2026-07-20T16:41:33.067887+00:00
adult,gaussian_copula,fresh,0.02,1,9,2000,12.1113,39.65,False,0.0456974635919501,1.1276637660808562,0.0625688066398701,0.0564065436705362,0.1660621411355834,0.8041237113402062,0.878,0.9849383188249736,0.3579678928971227,0.8996095743036177,0,,ok,,2026-07-20T16:41:33.067887+00:00
adult,gaussian_copula,fresh,0.02,1,10,2000,13.6471,39.65,False,0.0440060030784684,1.0750791476964423,0.0608614469992814,0.0650209715312327,0.1568148302022414,0.7938144329896907,0.886,0.9867830738340012,0.3478978222731405,0.8996095743036177,0,,ok,,2026-07-20T16:41:33.067887+00:00
adult,gaussian_copula,fresh,0.02,1,11,2000,12.8984,39.65,False,0.0197241312931528,0.9813410676665044,0.0452040208397191,0.0654876658374792,0.1529019426725816,0.7731958762886598,0.8925,0.9825830541829365,0.4304390687689209,0.8996095743036177,0,,ok,,2026-07-20T16:41:33.067887+00:00
adult,gaussian_copula,fresh,0.02,1,5,2000,18.0,39.65,False,0.055383473181473,1.1092245832768894,0.0639499172550943,0.0548793532338308,0.1472650750736192,0.8247422680412371,0.88125,0.9814354025719108,0.3771143496408351,0.8996095743036177,0,,ok,,2026-07-20T16:41:33.067887+00:00
adult,gaussian_copula,fresh,0.02,1,12,2000,13.5114,39.65,False,0.0364352285766076,1.082568139896788,0.069375750992138,0.0614939538419016,0.1587867443781248,0.7938144329896907,0.88125,0.9822512059339672,0.4022816913302273,0.8996095743036177,0,,ok,,2026-07-20T16:41:33.067887+00:00
adult,gaussian_copula,fresh,0.05,1,1,2000,14.7392,39.45,False,0.0274038140788749,1.0919113128930535,0.0469230604701679,0.0313470149253731,0.1167288639162367,0.8969072164948454,0.90775,0.9743165727310088,0.5744448420522876,0.8996095743036177,0,,ok,,2026-07-20T16:41:33.067887+00:00
adult,gaussian_copula,fresh,0.05,1,2,2000,14.5826,40.02,False,0.0428829462939604,0.9926157032457592,0.0580427831394137,0.0329724295190713,0.1480343887456127,0.8556701030927835,0.90225,0.97698016635437,0.4954988176885282,0.8996095743036177,0,,ok,,2026-07-20T16:41:33.067887+00:00
adult,gaussian_copula,fresh,0.05,1,3,2000,13.783,39.65,False,0.042143932218345,1.174671611933156,0.0645349128962728,0.0398383430071862,0.1472182436927546,0.845360824742268,0.882,0.975770535071844,0.4683292240147503,0.8996095743036177,0,,ok,,2026-07-20T16:41:33.067887+00:00
adult,gaussian_copula,fresh,0.05,1,4,2000,13.7881,39.65,False,0.0398170397834852,1.0796371110495004,0.0600518442285007,0.0315287106135986,0.1525078161429083,0.845360824742268,0.8845,0.976140169286662,0.4848235278999412,0.8996095743036177,0,,ok,,2026-07-20T16:41:33.067887+00:00
adult,gaussian_copula,fresh,0.05,1,5,2000,13.3354,39.65,False,0.0456360718102578,1.0326798182113088,0.066800507959242,0.0397055348258706,0.1599595507404468,0.8144329896907216,0.8745,0.9791140510803168,0.4877929766253357,0.8996095743036177,0,,ok,,2026-07-20T16:41:33.067887+00:00
adult,gaussian_copula,fresh,0.05,1,6,2000,14.0171,39.65,False,0.0201772817776483,0.8753293225371886,0.0651446995528251,0.0424756426202321,0.1751813531147125,0.8247422680412371,0.88325,0.9776437222272026,0.5317162444600253,0.8996095743036177,0,,ok,,2026-07-20T16:41:33.067887+00:00
adult,gaussian_copula,fresh,0.05,1,0,2000,13.344,39.26,True,0.0341175946043228,0.8699755057774593,0.0410394651506613,0.024287037037037,0.1036852781701227,0.9278350515463918,0.906,0.9704054926717208,0.626660910604717,0.8996095743036177,0,,ok,,2026-07-20T16:41:33.067887+00:00
adult,gaussian_copula,fresh,0.02,1,4,2000,12.2744,39.65,False,0.060295770094719,1.1252460460891098,0.0685273154640034,0.0380883084577114,0.1867249578655157,0.845360824742268,0.8875,0.978500453119965,0.3965721359483137,0.8996095743036177,0,,ok,,2026-07-20T16:41:33.067887+00:00
adult,gaussian_copula,fresh,0.02,1,3,2000,10.0038,39.65,False,0.0354215216597479,1.049603839849632,0.053522373511637,0.0370772871752349,0.1460889736053396,0.845360824742268,0.8885,0.9759926698635008,0.4150196828995131,0.8996095743036177,0,,ok,,2026-07-20T16:41:33.067887+00:00
adult,gaussian_copula,fresh,0.02,1,2,2000,13.3902,40.02,False,0.0487347709406598,0.9540984898409915,0.0588512740101218,0.0350556937534549,0.1704521434318441,0.8865979381443299,0.88875,0.9756299628413796,0.5112037665599332,0.8996095743036177,0,,ok,,2026-07-20T16:41:33.067887+00:00
adult,gaussian_copula,fresh,0.01,1,0,2000,13.344,39.26,True,0.0341175946043228,0.8699755057774593,0.0410394651506613,0.024287037037037,0.1036852781701227,0.9278350515463918,0.906,0.9704054926717208,0.626660910604717,0.8996095743036177,0,,ok,,2026-07-20T16:41:33.067887+00:00
adult,gaussian_copula,fresh,0.01,1,1,2000,16.5052,39.45,False,0.0303775942196833,1.0549040147191933,0.0474485152833937,0.0332807490326147,0.1275525714838012,0.8865979381443299,0.88525,0.9742635379412196,0.6098916650483343,0.8996095743036177,0,,ok,,2026-07-20T16:41:33.067887+00:00
adult,gaussian_copula,fresh,0.01,1,2,2000,15.34,40.02,False,0.0515388907523762,1.180687575078026,0.0688910663912852,0.039760675787728,0.1514586608142009,0.7835051546391752,0.89875,0.9758633566414834,0.4947921713711076,0.8996095743036177,0,,ok,,2026-07-20T16:41:33.067887+00:00
adult,gaussian_copula,fresh,0.01,1,3,2000,14.6576,39.65,False,0.0419281444726694,1.252378570691891,0.0685457238946113,0.0526623825317855,0.1502052059543319,0.8041237113402062,0.89025,0.9799275301906296,0.4199327040347813,0.8996095743036177,0,,ok,,2026-07-20T16:41:33.067887+00:00
adult,gaussian_copula,fresh,0.01,1,4,2000,13.8337,39.65,False,0.0270635598190056,1.1032105610624676,0.0594079187265368,0.0513431108347153,0.1671942019575961,0.7835051546391752,0.8905,0.982210439278382,0.4591749809176646,0.8996095743036177,0,,ok,,2026-07-20T16:41:33.067887+00:00
adult,gaussian_copula,fresh,0.01,1,5,2000,15.0801,39.65,False,0.0397547170696347,1.1129535166269469,0.0767965988367408,0.0446827321724709,0.1629354532083548,0.7525773195876289,0.89325,0.9793694971469652,0.3766351768248331,0.8996095743036177,0,,ok,,2026-07-20T16:41:33.067887+00:00
adult,gaussian_copula,fresh,0.01,1,6,2000,16.7315,39.65,False,0.035871490859469,1.0868720777920478,0.0674722333435337,0.0525733139856274,0.186215406184131,0.711340206185567,0.88525,0.9850327502708208,0.4128568980232917,0.8996095743036177,0,,ok,,2026-07-20T16:41:33.067887+00:00
adult,gaussian_copula,fresh,0.01,1,7,2000,14.3796,39.65,False,0.0502924816275998,1.118372581417434,0.0821180055453761,0.0610161000552791,0.1967989973094343,0.7010309278350515,0.8815,0.9793220794863902,0.4096378808058521,0.8996095743036177,0,,ok,,2026-07-20T16:41:33.067887+00:00
adult,gaussian_copula,fresh,0.01,1,8,2000,16.1557,39.65,False,0.0451901517146526,1.119443232719704,0.0787865766648041,0.0600086373687119,0.1891836746105938,0.6907216494845361,0.884,0.9866056915759202,0.38449889544716,0.8996095743036177,0,,ok,,2026-07-20T16:41:33.067887+00:00
adult,gaussian_copula,fresh,0.01,1,9,2000,17.6397,39.65,False,0.0425009700516916,0.9874614478488768,0.0773095057614249,0.065587271973466,0.2106224057604956,0.6804123711340206,0.882,0.9841891166378848,0.4157350491983976,0.8996095743036177,0,,ok,,2026-07-20T16:41:33.067887+00:00
adult,gaussian_copula,fresh,0.01,1,10,2000,18.2462,39.65,False,0.0481988143465976,1.0137707742851694,0.0876026404262383,0.0661783098396904,0.2207592139449692,0.6701030927835051,0.873,0.9854003712966288,0.4497004915840377,0.8996095743036177,0,,ok,,2026-07-20T16:41:33.067887+00:00
adult,gaussian_copula,fresh,0.01,1,11,2000,13.9539,39.65,False,0.0449271123543326,1.018970694009223,0.0868966855680038,0.0618805624654505,0.2097903924350736,0.6804123711340206,0.86275,0.9814845594837908,0.4103914707828826,0.8996095743036177,0,,ok,,2026-07-20T16:41:33.067887+00:00
adult,gaussian_copula,fresh,0.01,1,12,2000,15.0417,39.65,False,0.0531787729922275,0.8609692308791983,0.0838950102625524,0.0666010572139303,0.2187607358470248,0.6597938144329897,0.872,0.9812340015458098,0.3946708521703509,0.8996095743036177,0,,ok,,2026-07-20T16:41:33.067887+00:00
adult,gaussian_copula,fresh,0.02,1,0,2000,13.344,39.26,True,0.0341175946043228,0.8699755057774593,0.0410394651506613,0.024287037037037,0.1036852781701227,0.9278350515463918,0.906,0.9704054926717208,0.626660910604717,0.8996095743036177,0,,ok,,2026-07-20T16:41:33.067887+00:00
adult,gaussian_copula,fresh,0.02,1,1,2000,14.1325,39.45,False,0.0467227206247091,1.039659294188657,0.0583476712430444,0.0289484867330016,0.1031950026752055,0.8762886597938144,0.89925,0.9742994502181626,0.6012445577153281,0.8996095743036177,0,,ok,,2026-07-20T16:41:33.067887+00:00
adult,gaussian_copula,fixed,0.75,1,2,2000,14.525,40.02,False,0.0257081067716155,0.8908581159478614,0.0405614137672608,0.0284673161967937,0.1092901013657888,0.845360824742268,0.90525,0.972126964463255,0.6540854817815984,0.8996095743036177,0,,ok,,2026-07-20T16:41:33.067887+00:00
adult,gaussian_copula,fresh,0.05,1,7,2000,14.2021,39.65,False,0.0153321773490054,1.02155782299914,0.0555133540824858,0.0392264372581536,0.1790570914576625,0.8041237113402062,0.873,0.9766041404472562,0.4603477528607767,0.8996095743036177,0,,ok,,2026-07-20T16:41:33.067887+00:00
adult,gaussian_copula,fixed,0.75,1,1,2000,14.7786,39.45,False,0.0220068346301032,0.8588729046794258,0.038550663860982,0.0227071586511885,0.1031484881228561,0.9175257731958762,0.89575,0.970600265192849,0.6462147806177235,0.8996095743036177,0,,ok,,2026-07-20T16:41:33.067887+00:00
adult,gaussian_copula,fixed,0.5,1,12,2000,15.1338,39.65,False,0.0351549383646671,0.9190422196683468,0.0490325517466036,0.0399075801547816,0.1538080955245148,0.8865979381443299,0.886,0.971845368876988,0.6022337838831926,0.8996095743036177,0,,ok,,2026-07-20T16:41:33.067887+00:00
adult,gaussian_copula,fixed,0.1,1,0,2000,13.344,39.26,True,0.0341175946043228,0.8699755057774593,0.0410394651506613,0.024287037037037,0.1036852781701227,0.9278350515463918,0.906,0.9704054926717208,0.626660910604717,0.8996095743036177,0,,ok,,2026-07-20T16:41:33.067887+00:00
adult,gaussian_copula,fixed,0.1,1,1,2000,15.4643,39.45,False,0.0408079367201229,0.9378882457516208,0.0460061846611922,0.0281669430624654,0.136649777812227,0.8762886597938144,0.89925,0.9727128784028372,0.5577791872531442,0.8996095743036177,0,,ok,,2026-07-20T16:41:33.067887+00:00
adult,gaussian_copula,fixed,0.1,1,2,2000,17.9187,40.02,False,0.0263170788967897,0.8990729507242158,0.0423422790692024,0.035837271973466,0.1396541240333013,0.8144329896907216,0.896,0.9761851181328848,0.5705599591826191,0.8996095743036177,0,,ok,,2026-07-20T16:41:33.067887+00:00
adult,gaussian_copula,fixed,0.1,1,3,2000,17.0626,39.65,False,0.0150773103235164,1.03733338334229,0.0404436596434484,0.0365232863460475,0.1559221813365006,0.8350515463917526,0.88675,0.973826100488032,0.5548784165772487,0.8996095743036177,0,,ok,,2026-07-20T16:41:33.067887+00:00
adult,gaussian_copula,fixed,0.1,1,4,2000,18.0037,39.65,False,0.0373767179434544,0.8541237542081533,0.057244390299267,0.040129318684356,0.1424294066908961,0.845360824742268,0.896,0.9755874198094616,0.5156933768659285,0.8996095743036177,0,,ok,,2026-07-20T16:41:33.067887+00:00
adult,gaussian_copula,fixed,0.1,1,5,2000,16.3893,39.65,False,0.0231631497118916,0.9703177696515574,0.0429097263939292,0.042585440851299,0.1771179352197214,0.8041237113402062,0.88625,0.9723045109714592,0.565208119732033,0.8996095743036177,0,,ok,,2026-07-20T16:41:33.067887+00:00
adult,gaussian_copula,fixed,0.05,1,12,2000,16.7196,39.65,False,0.0716644311987098,0.8694567614585629,0.0854683283775121,0.0574754007739082,0.1709806505279638,0.7216494845360825,0.89425,0.9785600837897028,0.4128706664150766,0.8996095743036177,0,,ok,,2026-07-20T16:41:33.067887+00:00
adult,gaussian_copula,fixed,0.1,1,6,2000,15.766,39.65,False,0.0570318666112701,0.8103014659493998,0.0698977211255034,0.0428155749032614,0.1357763116793949,0.7938144329896907,0.89025,0.9729109916139717,0.5227428262417155,0.8996095743036177,0,,ok,,2026-07-20T16:41:33.067887+00:00
adult,gaussian_copula,fixed,0.1,1,8,2000,15.1944,39.65,False,0.0547947539057064,0.9755799763086924,0.0743765603614681,0.0414024668325041,0.1661209534818514,0.7628865979381443,0.89225,0.9738775479016304,0.5897901736430233,0.8996095743036177,0,,ok,,2026-07-20T16:41:33.067887+00:00
adult,gaussian_copula,fixed,0.1,1,9,2000,15.1136,39.65,False,0.0432269029923058,0.9594761619981824,0.0647807462672284,0.0502931177446102,0.1831734136714961,0.7422680412371134,0.89225,0.975962856216133,0.5470964887585015,0.8996095743036177,0,,ok,,2026-07-20T16:41:33.067887+00:00
adult,gaussian_copula,fixed,0.1,1,10,2000,15.1703,39.65,False,0.0614313564490701,0.986624437844052,0.0797368053797352,0.0502541113875069,0.1785791096967528,0.7216494845360825,0.896,0.9772523951836094,0.5139619360351988,0.8996095743036177,0,,ok,,2026-07-20T16:41:33.067887+00:00
adult,gaussian_copula,fixed,0.1,1,11,2000,14.7431,39.65,False,0.0654746426226554,1.1469170868246537,0.0845574856646826,0.048172954671089,0.1784432861413518,0.7010309278350515,0.897,0.978566207169297,0.5450839432621621,0.8996095743036177,0,,ok,,2026-07-20T16:41:33.067887+00:00
adult,gaussian_copula,fixed,0.1,1,12,2000,14.8869,39.65,False,0.0647320850261287,1.014483361157387,0.0826674652084134,0.0467680348258706,0.1771028696705081,0.7010309278350515,0.87975,0.9788409875004508,0.4674308036688961,0.8996095743036177,0,,ok,,2026-07-20T16:41:33.067887+00:00
adult,gaussian_copula,fixed,0.2,1,0,2000,13.344,39.26,True,0.0341175946043228,0.8699755057774593,0.0410394651506613,0.024287037037037,0.1036852781701227,0.9278350515463918,0.906,0.9704054926717208,0.626660910604717,0.8996095743036177,0,,ok,,2026-07-20T16:41:33.067887+00:00
adult,gaussian_copula,fixed,0.1,1,7,2000,14.5002,39.65,False,0.0569787257902782,0.9758448115568598,0.072957937339877,0.0467078150912106,0.1583169102651359,0.7731958762886598,0.88275,0.976968509095624,0.5505042312890506,0.8996095743036177,0,,ok,,2026-07-20T16:41:33.067887+00:00
adult,gaussian_copula,fixed,0.2,1,1,2000,14.3318,39.45,False,0.0178903814457732,1.0352105929579971,0.0327295996675468,0.0284746752349364,0.141825092333007,0.8556701030927835,0.90975,0.9730553939098092,0.5923284750142372,0.8996095743036177,0,,ok,,2026-07-20T16:41:33.067887+00:00
adult,gaussian_copula,fixed,0.05,1,11,2000,15.4069,39.65,False,0.0626907467548188,0.8298968323632608,0.0791125581487322,0.064286587893864,0.1460628735396571,0.7010309278350515,0.89675,0.9761029739462562,0.4597243725317699,0.8996095743036177,0,,ok,,2026-07-20T16:41:33.067887+00:00
adult,gaussian_copula,fixed,0.05,1,9,2000,15.9691,39.65,False,0.0762178237420441,0.8094857400606693,0.0847013649495456,0.0545620854063018,0.1608218996782577,0.7319587628865979,0.89475,0.9827802128308548,0.4264938344485949,0.8996095743036177,0,,ok,,2026-07-20T16:41:33.067887+00:00
adult,gaussian_copula,fixed,0.02,1,8,2000,15.7475,39.65,False,0.072041244782889,1.0572759250410744,0.0855567061728013,0.0526886746821448,0.1479270997629315,0.7628865979381443,0.881,0.9831038226986428,0.3915375268008302,0.8996095743036177,0,,ok,,2026-07-20T16:41:33.067887+00:00
adult,gaussian_copula,fixed,0.02,1,9,2000,16.2194,39.65,False,0.0679147130025245,0.9159631607157216,0.0850121382030396,0.0579755044223327,0.1707187523698659,0.7422680412371134,0.87975,0.9831839103837288,0.4203289714631066,0.8996095743036177,0,,ok,,2026-07-20T16:41:33.067887+00:00
adult,gaussian_copula,fixed,0.02,1,10,2000,14.8797,39.65,False,0.0690836481089235,0.9108740441721354,0.0847919268368424,0.060553862631288,0.1254114727386999,0.7216494845360825,0.88775,0.9822031087728824,0.4359664552147652,0.8996095743036177,0,,ok,,2026-07-20T16:41:33.067887+00:00
adult,gaussian_copula,fixed,0.02,1,11,2000,16.8631,39.65,False,0.0784420954061027,0.889268412419708,0.0971116516614318,0.0562565298507462,0.1594276656221833,0.7216494845360825,0.89575,0.9818013068464304,0.4048962433664216,0.8996095743036177,0,,ok,,2026-07-20T16:41:33.067887+00:00
adult,gaussian_copula,fixed,0.02,1,12,2000,15.0203,39.65,False,0.0797850592293052,0.9028608003295338,0.0957101003316619,0.0628143311221669,0.1804495537337327,0.7319587628865979,0.88775,0.9848981124198088,0.399922051233366,0.8996095743036177,0,,ok,,2026-07-20T16:41:33.067887+00:00
adult,gaussian_copula,fixed,0.05,1,0,2000,13.344,39.26,True,0.0341175946043228,0.8699755057774593,0.0410394651506613,0.024287037037037,0.1036852781701227,0.9278350515463918,0.906,0.9704054926717208,0.626660910604717,0.8996095743036177,0,,ok,,2026-07-20T16:41:33.067887+00:00
adult,gaussian_copula,fixed,0.05,1,10,2000,17.0741,39.65,False,0.0590502178351649,0.8656062622499352,0.0773502990198189,0.055107483416252,0.1637087034910796,0.7319587628865979,0.90075,0.9759037745468068,0.4760710268060097,0.8996095743036177,0,,ok,,2026-07-20T16:41:33.067887+00:00
adult,gaussian_copula,fixed,0.05,1,1,2000,16.1664,39.45,False,0.05308828772877,0.9723184967823216,0.0660109954655141,0.0299846600331675,0.1230367388370913,0.8762886597938144,0.89775,0.9734576728366192,0.5541954715628292,0.8996095743036177,0,,ok,,2026-07-20T16:41:33.067887+00:00
adult,gaussian_copula,fixed,0.05,1,3,2000,16.4242,39.65,False,0.0493693048299323,1.0355817262164242,0.0616837704249161,0.0432887990602542,0.1598064573803858,0.8144329896907216,0.913,0.9735722226725602,0.4379105849166874,0.8996095743036177,0,,ok,,2026-07-20T16:41:33.067887+00:00
adult,gaussian_copula,fixed,0.05,1,4,2000,16.1234,39.65,False,0.0571385916661727,1.1757917398855335,0.0716945298925851,0.0487768449419568,0.1492767630118706,0.7835051546391752,0.89175,0.9723806791536046,0.4403721766765278,0.8996095743036177,0,,ok,,2026-07-20T16:41:33.067887+00:00
adult,gaussian_copula,fixed,0.05,1,5,2000,19.1258,39.65,False,0.0552458115762285,0.9925863313672214,0.0679146758450444,0.0507297885572139,0.1644411112290428,0.7835051546391752,0.89825,0.9781031590718952,0.4206951451208163,0.8996095743036177,0,,ok,,2026-07-20T16:41:33.067887+00:00
adult,gaussian_copula,fixed,0.05,1,6,2000,32.6577,39.65,False,0.0478004447330641,0.9899811003661436,0.0636018255087525,0.0501721600331675,0.1548326210855638,0.7628865979381443,0.91125,0.9803235811127669,0.4363248923475672,0.8996095743036177,0,,ok,,2026-07-20T16:41:33.067887+00:00
adult,gaussian_copula,fixed,0.05,1,7,2000,16.9603,39.65,False,0.0726168988832912,1.0457301594475863,0.0873346266438669,0.0534440298507462,0.172852167060179,0.7422680412371134,0.904,0.9802099234024948,0.46997074413437,0.8996095743036177,0,,ok,,2026-07-20T16:41:33.067887+00:00
adult,gaussian_copula,fixed,0.05,1,8,2000,15.5903,39.65,False,0.0591289843378697,0.8706852196351794,0.0765856626581079,0.0550414939192924,0.1505675932350737,0.7216494845360825,0.89425,0.9823617901419328,0.4456798917096317,0.8996095743036177,0,,ok,,2026-07-20T16:41:33.067887+00:00
adult,gaussian_copula,fixed,0.05,1,2,2000,15.5652,40.02,False,0.0401704722738365,1.0235925522298948,0.0558261848057229,0.0449618228302929,0.1406849751808453,0.8041237113402062,0.894,0.9773569178870276,0.4669229467033422,0.8996095743036177,0,,ok,,2026-07-20T16:41:33.067887+00:00
adult,gaussian_copula,fixed,0.2,1,2,2000,16.1843,40.02,False,0.0287340939597046,1.0136565740046584,0.043234729636053,0.0342345563847429,0.1266621386873074,0.8556701030927835,0.8935,0.9698163274796996,0.6139122321408552,0.8996095743036177,0,,ok,,2026-07-20T16:41:33.067887+00:00
adult,gaussian_copula,fixed,0.2,1,3,2000,17.3908,39.65,False,0.0282015343736281,1.115701639913214,0.0517931094115352,0.0331343283582089,0.1626221588397453,0.845360824742268,0.89525,0.9761252658379806,0.5074551252051653,0.8996095743036177,0,,ok,,2026-07-20T16:41:33.067887+00:00
adult,gaussian_copula,fixed,0.2,1,4,2000,14.429,39.65,False,0.0502324340138245,1.072986537086953,0.0681520988747781,0.0411760641238253,0.1532469436357129,0.8247422680412371,0.90625,0.9742612553145068,0.5998007123634782,0.8996095743036177,0,,ok,,2026-07-20T16:41:33.067887+00:00
adult,gaussian_copula,fixed,0.35,1,11,2000,15.0761,39.65,False,0.0290636708123381,0.8807701900041858,0.0440521869733536,0.0366215450525152,0.1419526559479122,0.7938144329896907,0.90125,0.9728498191305768,0.5991457302971362,0.8996095743036177,0,,ok,,2026-07-20T16:41:33.067887+00:00
adult,gaussian_copula,fixed,0.35,1,12,2000,14.1481,39.65,False,0.0442001762646227,0.8959346242959167,0.0676346208481516,0.0376881564400221,0.1445584415880258,0.8247422680412371,0.882,0.969685410006479,0.5602952297243057,0.8996095743036177,0,,ok,,2026-07-20T16:41:33.067887+00:00
adult,gaussian_copula,fixed,0.5,1,0,2000,13.344,39.26,True,0.0341175946043228,0.8699755057774593,0.0410394651506613,0.024287037037037,0.1036852781701227,0.9278350515463918,0.906,0.9704054926717208,0.626660910604717,0.8996095743036177,0,,ok,,2026-07-20T16:41:33.067887+00:00
adult,gaussian_copula,fixed,0.5,1,1,2000,14.8668,39.45,False,0.0230607370578545,0.94060425649135,0.040308383014926,0.0280675096738529,0.1012164374726185,0.8556701030927835,0.89575,0.96633459499253,0.6139616016599698,0.8996095743036177,0,,ok,,2026-07-20T16:41:33.067887+00:00
adult,gaussian_copula,fixed,0.5,1,2,2000,14.1442,40.02,False,0.0223501849182032,0.8543459753084423,0.0423588769626716,0.035215450525152,0.1091816237078561,0.8865979381443299,0.89225,0.9650499531537274,0.6425025271555302,0.8996095743036177,0,,ok,,2026-07-20T16:41:33.067887+00:00
adult,gaussian_copula,fixed,0.5,1,3,2000,14.6431,39.65,False,0.0305507264758613,0.8352270241845204,0.0516754746199778,0.0341852542841348,0.1319276705238545,0.8762886597938144,0.89575,0.9670440801498212,0.654246014673434,0.8996095743036177,0,,ok,,2026-07-20T16:41:33.067887+00:00
adult,gaussian_copula,fixed,0.35,1,10,2000,14.3442,39.65,False,0.0307858248043356,0.8838963323871777,0.0482072982704846,0.0349418532338308,0.1423285389013519,0.8041237113402062,0.89975,0.9704422835743232,0.6512508321681559,0.8996095743036177,0,,ok,,2026-07-20T16:41:33.067887+00:00
adult,gaussian_copula,fixed,0.5,1,4,2000,14.4408,39.65,False,0.0326647512193669,0.946926922144297,0.0559966652230323,0.0373536829740187,0.1440420579475637,0.8969072164948454,0.906,0.9656137957017502,0.5897044490132193,0.8996095743036177,0,,ok,,2026-07-20T16:41:33.067887+00:00
adult,gaussian_copula,fixed,0.5,1,6,2000,14.5269,39.65,False,0.0411660511638222,0.9440650309100208,0.056104632809685,0.0407100608070757,0.1349028941096687,0.8762886597938144,0.8985,0.9702894173346354,0.6429066622363042,0.8996095743036177,0,,ok,,2026-07-20T16:41:33.067887+00:00
adult,gaussian_copula,fixed,0.5,1,7,2000,14.6713,39.65,False,0.0421413605137534,0.8651785062320547,0.0566197423572208,0.0411378178551685,0.140923141204178,0.845360824742268,0.89925,0.963761458187034,0.6483108543575584,0.8996095743036177,0,,ok,,2026-07-20T16:41:33.067887+00:00
adult,gaussian_copula,fixed,0.5,1,8,2000,14.9101,39.65,False,0.0410768991714929,0.927611592439722,0.0516750967301669,0.0387630251520176,0.1523796773634637,0.8350515463917526,0.887,0.971669595370114,0.6467313903466264,0.8996095743036177,0,,ok,,2026-07-20T16:41:33.067887+00:00
adult,gaussian_copula,fixed,0.5,1,9,2000,14.0348,39.65,False,0.0394663219849088,0.8330988499532009,0.0559073162198796,0.0295619126589275,0.1395000979977611,0.8865979381443299,0.89525,0.9660315883901992,0.645911351488291,0.8996095743036177,0,,ok,,2026-07-20T16:41:33.067887+00:00
adult,gaussian_copula,fixed,0.5,1,10,2000,15.3971,39.65,False,0.0440595438449561,0.8478173967376162,0.0593968116915836,0.0334662106135986,0.1422101109203991,0.8556701030927835,0.88975,0.967363609639548,0.6405903925735654,0.8996095743036177,0,,ok,,2026-07-20T16:41:33.067887+00:00
adult,gaussian_copula,fixed,0.5,1,11,2000,15.6509,39.65,False,0.0360562896928256,0.8443895474657669,0.0553457759511915,0.0362168325041459,0.1148001447352886,0.8762886597938144,0.9005,0.9714048106714592,0.6439738109452945,0.8996095743036177,0,,ok,,2026-07-20T16:41:33.067887+00:00
adult,gaussian_copula,fixed,0.5,1,5,2000,14.6599,39.65,False,0.02970942122694,0.918468707759634,0.0443153698567221,0.034774771973466,0.1224155925929163,0.8762886597938144,0.88525,0.972469078344926,0.6230986670492094,0.8996095743036177,0,,ok,,2026-07-20T16:41:33.067887+00:00
adult,gaussian_copula,fixed,0.35,1,9,2000,14.7047,39.65,False,0.0393254573680631,0.9286385668576354,0.0517462971919479,0.0375794292426755,0.132071024912239,0.7938144329896907,0.89325,0.9754294573159502,0.5661144732941061,0.8996095743036177,0,,ok,,2026-07-20T16:41:33.067887+00:00
adult,gaussian_copula,fixed,0.35,1,8,2000,13.9622,39.65,False,0.0254970304141577,0.8966843752196229,0.042868445104323,0.0369151119402984,0.1459208647022657,0.8041237113402062,0.89925,0.9677180411554605,0.6049428460944252,0.8996095743036177,0,,ok,,2026-07-20T16:41:33.067887+00:00
adult,gaussian_copula,fixed,0.35,1,7,2000,13.8021,39.65,False,0.0295004701284548,1.0121854461557975,0.0508784470830563,0.0343760019347705,0.1584962450197307,0.8350515463917526,0.88125,0.9695867333699468,0.6155729296633182,0.8996095743036177,0,,ok,,2026-07-20T16:41:33.067887+00:00
adult,gaussian_copula,fixed,0.2,1,5,2000,14.1807,39.65,False,0.0435235940629538,0.8878033894155971,0.0686786194650317,0.0453055555555555,0.1743614635490454,0.8144329896907216,0.88975,0.97680422522237,0.5852749934665702,0.8996095743036177,0,,ok,,2026-07-20T16:41:33.067887+00:00
adult,gaussian_copula,fixed,0.2,1,6,2000,15.6756,39.65,False,0.0665177997409128,0.877451720085447,0.0832071418452132,0.045148631840796,0.1421975765996205,0.8247422680412371,0.90475,0.9727185832821168,0.6221830689955092,0.8996095743036177,0,,ok,,2026-07-20T16:41:33.067887+00:00
adult,gaussian_copula,fixed,0.2,1,7,2000,15.3191,39.65,False,0.0590394297553681,0.9033961513875352,0.0721422068957606,0.041447726644555,0.1365916736916317,0.8144329896907216,0.89975,0.9724084711744556,0.5496040079395104,0.8996095743036177,0,,ok,,2026-07-20T16:41:33.067887+00:00
adult,gaussian_copula,fixed,0.2,1,8,2000,16.191,39.65,False,0.0502879845804719,0.8772921496565863,0.0674741459187167,0.039949765063571,0.147456111060615,0.8247422680412371,0.89725,0.9734698959707894,0.5798533286005033,0.8996095743036177,0,,ok,,2026-07-20T16:41:33.067887+00:00
adult,gaussian_copula,fixed,0.2,1,9,2000,14.7657,39.65,False,0.0667893490786484,0.9199012568024212,0.0821221376169884,0.042136124930901,0.1221232146143992,0.7938144329896907,0.9025,0.9757000925814944,0.5447913977186168,0.8996095743036177,0,,ok,,2026-07-20T16:41:33.067887+00:00
adult,gaussian_copula,fixed,0.2,1,10,2000,15.2431,39.65,False,0.0632366216425595,0.9121841139360264,0.0852709154044005,0.0413624585406301,0.1792097564290065,0.7835051546391752,0.8985,0.975248147679923,0.5457187972509897,0.8996095743036177,0,,ok,,2026-07-20T16:41:33.067887+00:00
adult,gaussian_copula,fixed,0.2,1,11,2000,14.2571,39.65,False,0.0740472866830804,0.910668269544448,0.0852250736655105,0.0485335820895522,0.1419716362303346,0.8041237113402062,0.89975,0.9754738549117596,0.5500358437132802,0.8996095743036177,0,,ok,,2026-07-20T16:41:33.067887+00:00
adult,gaussian_copula,fixed,0.2,1,12,2000,14.9159,39.65,False,0.0514548979233838,0.9351936783002434,0.0788398773285798,0.0398800787728026,0.1499038958571895,0.7938144329896907,0.89525,0.9756648941175868,0.6295810225928818,0.8996095743036177,0,,ok,,2026-07-20T16:41:33.067887+00:00
adult,gaussian_copula,fixed,0.35,1,0,2000,13.344,39.26,True,0.0341175946043228,0.8699755057774593,0.0410394651506613,0.024287037037037,0.1036852781701227,0.9278350515463918,0.906,0.9704054926717208,0.626660910604717,0.8996095743036177,0,,ok,,2026-07-20T16:41:33.067887+00:00
adult,gaussian_copula,fixed,0.35,1,1,2000,14.9447,39.45,False,0.0318553802547998,0.9536958273832888,0.0473423491677714,0.0279840035931453,0.1168037454265425,0.9072164948453608,0.88225,0.967499308366356,0.6113891087824899,0.8996095743036177,0,,ok,,2026-07-20T16:41:33.067887+00:00
adult,gaussian_copula,fixed,0.35,1,2,2000,14.7861,40.02,False,0.0327101318088644,0.8792404791393884,0.044461515141443,0.0289801686014372,0.1288057362673921,0.845360824742268,0.89975,0.9689100684247788,0.5815433659102225,0.8996095743036177,0,,ok,,2026-07-20T16:41:33.067887+00:00
adult,gaussian_copula,fixed,0.35,1,3,2000,13.7491,39.65,False,0.0376029359076388,0.9993886692934774,0.0523433821279833,0.0299595080154781,0.1281580878489933,0.8350515463917526,0.88975,0.969719281531891,0.5372010144551067,0.8996095743036177,0,,ok,,2026-07-20T16:41:33.067887+00:00
adult,gaussian_copula,fixed,0.35,1,4,2000,15.1364,39.65,False,0.0360580018061795,0.8634714809318506,0.0535238719568272,0.0340469872857932,0.1356482523857619,0.8247422680412371,0.90725,0.975474893850039,0.6274435453320365,0.8996095743036177,0,,ok,,2026-07-20T16:41:33.067887+00:00
adult,gaussian_copula,fixed,0.35,1,5,2000,14.6928,39.65,False,0.0236097000844286,1.0651590669791764,0.0437471285084217,0.0345163419016031,0.1244390661891911,0.8041237113402062,0.8825,0.969724843536064,0.5713627875512234,0.8996095743036177,0,,ok,,2026-07-20T16:41:33.067887+00:00
adult,gaussian_copula,fixed,0.35,1,6,2000,15.3842,39.65,False,0.0290002484551596,0.8667925713064567,0.0511788139276733,0.032966348811498,0.114806794587605,0.7938144329896907,0.88875,0.9751625632407132,0.6309015424926009,0.8996095743036177,0,,ok,,2026-07-20T16:41:33.067887+00:00
adult,gaussian_copula,fixed,0.75,1,0,2000,13.344,39.26,True,0.0341175946043228,0.8699755057774593,0.0410394651506613,0.024287037037037,0.1036852781701227,0.9278350515463918,0.906,0.9704054926717208,0.626660910604717,0.8996095743036177,0,,ok,,2026-07-20T16:41:33.067887+00:00
adult,gaussian_copula,fixed,0.02,1,7,2000,16.7623,39.65,False,0.047025456153897,0.9471863663803258,0.0733078424775916,0.0519019485903814,0.1727576829479707,0.7731958762886598,0.90225,0.9820690300472896,0.4553130453676377,0.8996095743036177,0,,ok,,2026-07-20T16:41:33.067887+00:00
adult,gaussian_copula,fresh,0.05,1,8,2000,13.5526,39.65,False,0.0517475332618277,1.1436702698526873,0.0732550391849747,0.05722498618021,0.1684523413552004,0.7938144329896907,0.88775,0.9818999716704536,0.4076102228604345,0.8996095743036177,0,,ok,,2026-07-20T16:41:33.067887+00:00
adult,gaussian_copula,fresh,0.05,1,10,2000,13.7043,39.65,False,0.0419214134527738,1.1758292888464603,0.0682712517125208,0.0588858139856274,0.1675238639203262,0.8247422680412371,0.87225,0.9792902003374728,0.5054373018253084,0.8996095743036177,0,,ok,,2026-07-20T16:41:33.067887+00:00
adult,gaussian_copula,fixed,0.0,2,11,2000,10.4754,39.65,False,0.0268845891232865,1.0889559540233418,0.0672395878369054,0.06239089275843,0.1718941132115043,0.6701030927835051,0.88225,0.986133160846404,0.3955710755198912,0.8963856398033977,0,,ok,,2026-07-20T16:41:33.067887+00:00
adult,gaussian_copula,fixed,0.0,2,12,2000,10.3629,39.65,False,0.0279504272330267,1.0760813915344911,0.0710611610316344,0.0669424405749032,0.1684651920267012,0.6701030927835051,0.8815,0.9851427607283562,0.3971037269987542,0.8963856398033977,0,,ok,,2026-07-20T16:41:33.067887+00:00
adult,gaussian_copula,fixed,0.01,2,0,2000,12.5698,39.26,True,0.0346927483584357,1.2088185168821772,0.0527387800925328,0.0257745646766169,0.0798717127594514,0.8556701030927835,0.893,0.9673003694046022,0.7084978710788112,0.8963856398033977,0,,ok,,2026-07-20T16:41:33.067887+00:00
adult,gaussian_copula,fixed,0.01,2,1,2000,8.7017,39.45,False,0.034182466632227,1.1064432822271946,0.050230416916832,0.029533167495854,0.0876040707150724,0.8762886597938144,0.8905,0.972314271478782,0.5549107067341729,0.8963856398033977,0,,ok,,2026-07-20T16:41:33.067887+00:00
adult,gaussian_copula,fixed,0.01,2,2,2000,9.6649,40.02,False,0.0386948090840971,0.9761016439830716,0.0512245734375467,0.0294380873410724,0.1313118312898903,0.8350515463917526,0.89175,0.9804625727170452,0.5171844281324698,0.8963856398033977,0,,ok,,2026-07-20T16:41:33.067887+00:00
adult,gaussian_copula,fixed,0.01,2,3,2000,15.4134,39.65,False,0.0457794364381766,1.2197000888879768,0.0655582138662933,0.0398630113322277,0.1349373390028125,0.8247422680412371,0.89475,0.9766251239629992,0.4083176231612149,0.8963856398033977,0,,ok,,2026-07-20T16:41:33.067887+00:00
adult,gaussian_copula,fixed,0.0,2,10,2000,9.5042,39.65,False,0.0220335499713605,1.011691686053701,0.0618320606603537,0.0568894762299613,0.1447329457013965,0.6907216494845361,0.8795,0.9853363789986184,0.324736273011736,0.8963856398033977,0,,ok,,2026-07-20T16:41:33.067887+00:00
adult,gaussian_copula,fixed,0.01,2,4,2000,33.3695,39.65,False,0.0363761340366809,0.993231275177962,0.0573305302442772,0.0323017551133223,0.1586037665892979,0.8144329896907216,0.89125,0.9761043959473232,0.4039452408767029,0.8963856398033977,0,,ok,,2026-07-20T16:41:33.067887+00:00
adult,gaussian_copula,fixed,0.01,2,6,2000,1066.9437,39.65,False,0.043002508643759,1.0849183913735572,0.0716113004083807,0.0423153676064123,0.1538230448589843,0.7835051546391752,0.86875,0.9819691254723364,0.404724040123454,0.8963856398033977,0,,ok,,2026-07-20T16:41:33.067887+00:00
adult,gaussian_copula,fixed,0.01,2,7,2000,379.6224,39.65,False,0.0399593847151111,0.747266955032314,0.0674674625440261,0.0419710129906025,0.1785533024898981,0.7835051546391752,0.868,0.9783319904310758,0.3622340946554643,0.8963856398033977,0,,ok,,2026-07-20T16:41:33.067887+00:00
adult,gaussian_copula,fixed,0.01,2,8,2000,37.423,39.65,False,0.0348982762847013,0.7554868451969394,0.0732828716103529,0.0461838377556661,0.1599069661009506,0.7525773195876289,0.86625,0.98098016648037,0.3976262702488787,0.8963856398033977,0,,ok,,2026-07-20T16:41:33.067887+00:00
adult,gaussian_copula,fixed,0.01,2,9,2000,21.4669,39.65,False,0.040458162047601,0.7253265942328023,0.069933619741842,0.0436173991155334,0.165162395107655,0.7216494845360825,0.871,0.9814682582215608,0.3927627497602661,0.8963856398033977,0,,ok,,2026-07-20T16:41:33.067887+00:00
adult,gaussian_copula,fixed,0.01,2,10,2000,22.8341,39.65,False,0.046791479210007,0.7849873111678388,0.0679459064781542,0.0467091625207296,0.1522148641761927,0.7216494845360825,0.86325,0.9850441105293438,0.3454001048758071,0.8963856398033977,0,,ok,,2026-07-20T16:41:33.067887+00:00
adult,gaussian_copula,fixed,0.01,2,11,2000,25.3742,39.65,False,0.0560634235459291,0.746975555516982,0.0774269082071464,0.0542008706467661,0.1311575945075479,0.7216494845360825,0.86675,0.9823047829741636,0.4047544944948069,0.8963856398033977,0,,ok,,2026-07-20T16:41:33.067887+00:00
adult,gaussian_copula,fixed,0.01,2,5,2000,82.3967,39.65,False,0.0252612733148826,0.9262482321532752,0.0503600750310297,0.0358376865671641,0.1289702037396884,0.7835051546391752,0.8955,0.9804582892763316,0.4819696681017701,0.8963856398033977,0,,ok,,2026-07-20T16:41:33.067887+00:00
adult,gaussian_copula,fixed,0.01,2,12,2000,20.4152,39.65,False,0.0459941616828684,0.7556205467264155,0.0714130079122614,0.0554484867330016,0.1871983746378798,0.7010309278350515,0.87625,0.9851913180147864,0.3994285855154158,0.8963856398033977,0,,ok,,2026-07-20T16:41:33.067887+00:00
adult,gaussian_copula,fixed,0.0,2,9,2000,10.046,39.65,False,0.0294025108368992,0.974455923104221,0.0523308932116996,0.0575851990049751,0.1670677073728758,0.711340206185567,0.8875,0.982407160300972,0.3457479534596887,0.8963856398033977,0,,ok,,2026-07-20T16:41:33.067887+00:00
adult,gaussian_copula,fixed,0.0,2,7,2000,10.0751,39.65,False,0.0311353587995957,1.1389026118544223,0.0553067973562777,0.0529194651741293,0.185866051054476,0.7731958762886598,0.87925,0.983800514346336,0.3866570252956828,0.8963856398033977,0,,ok,,2026-07-20T16:41:33.067887+00:00
adult,gaussian_copula,fresh,1.0,1,6,2000,34.0494,39.65,False,0.0257831666131558,0.8604376273787969,0.0450619539146267,0.0269594734660033,0.10139763083699,0.8865979381443299,0.8945,0.9735219396348352,0.6695268970778621,0.8996095743036177,0,,ok,,2026-07-20T16:41:33.067887+00:00
adult,gaussian_copula,fresh,1.0,1,7,2000,20.3648,39.65,False,0.0200496074792147,0.8919740923603854,0.0381680078824331,0.0230992606412382,0.0894670132516448,0.8969072164948454,0.90325,0.9725211861340198,0.6459318401665425,0.8996095743036177,0,,ok,,2026-07-20T16:41:33.067887+00:00
adult,gaussian_copula,fresh,1.0,1,8,2000,13.2576,39.65,False,0.0273078233473996,0.8689616153337134,0.0463161949018717,0.0252022180762852,0.0949087480381038,0.8969072164948454,0.90925,0.9607057950195228,0.7072344900049998,0.8996095743036177,0,,ok,,2026-07-20T16:41:33.067887+00:00
adult,gaussian_copula,fresh,1.0,1,9,2000,47.3332,39.65,False,0.024891930017353,0.8882308648949783,0.0398989255483707,0.0281324626865671,0.0940539896365007,0.8969072164948454,0.89825,0.9718380394964892,0.6915503248488131,0.8996095743036177,0,,ok,,2026-07-20T16:41:33.067887+00:00
adult,gaussian_copula,fresh,1.0,1,10,2000,12.5096,39.65,False,0.0278087442999957,0.8369801566138916,0.0440903296505966,0.0242361802100608,0.0889184067413686,0.865979381443299,0.901,0.9675648002904914,0.6860811918129732,0.8996095743036177,0,,ok,,2026-07-20T16:41:33.067887+00:00
adult,gaussian_copula,fresh,1.0,1,11,2000,13.3528,39.65,False,0.0294648908164338,1.0215475577217974,0.0420076332553736,0.0227276810392482,0.0745836163666965,0.9381443298969072,0.8975,0.974193560638719,0.7155046712219499,0.8996095743036177,0,,ok,,2026-07-20T16:41:33.067887+00:00
adult,gaussian_copula,fixed,0.0,2,8,2000,10.1915,39.65,False,0.0203416403530619,0.9706801824415866,0.0556219321800765,0.0576816611387506,0.1848802993760036,0.7216494845360825,0.8835,0.9857311024197596,0.349995797362317,0.8963856398033977,0,,ok,,2026-07-20T16:41:33.067887+00:00
adult,gaussian_copula,fresh,1.0,1,12,2000,12.6679,39.65,False,0.0348601642476701,0.9581473313674904,0.040526715020585,0.0232709369817578,0.0990662013282216,0.865979381443299,0.90775,0.9679870569822896,0.6473893555645218,0.8996095743036177,0,,ok,,2026-07-20T16:41:33.067887+00:00
adult,gaussian_copula,fixed,0.0,2,1,2000,10.9421,39.83,False,0.0326233181478136,1.026059687731108,0.047009496534988,0.0272278192371475,0.1373812788991227,0.8247422680412371,0.90075,0.9751240443368144,0.5262390798623109,0.8963856398033977,0,,ok,,2026-07-20T16:41:33.067887+00:00
adult,gaussian_copula,fixed,0.0,2,2,2000,10.3344,40.02,False,0.0414328911064279,1.0036511951182043,0.0553678465382336,0.0374481066887783,0.1116205237235153,0.8350515463917526,0.89625,0.9756818040052734,0.5482762104612765,0.8963856398033977,0,,ok,,2026-07-20T16:41:33.067887+00:00
adult,gaussian_copula,fixed,0.0,2,3,2000,10.5422,39.65,False,0.0381868839473136,1.1863791603274167,0.0575643258716235,0.0445167219458264,0.140414523348495,0.8041237113402062,0.88925,0.9769572883372056,0.3843608509285731,0.8963856398033977,0,,ok,,2026-07-20T16:41:33.067887+00:00
adult,gaussian_copula,fixed,0.0,2,4,2000,11.2293,39.65,False,0.0364413763749274,1.061131513917732,0.0620928802182848,0.043599087893864,0.1462178241892377,0.8041237113402062,0.88725,0.98338653766075,0.384899326174906,0.8963856398033977,0,,ok,,2026-07-20T16:41:33.067887+00:00
adult,gaussian_copula,fixed,0.0,2,5,2000,10.2293,39.65,False,0.0368404177031976,1.3062948613919645,0.0631211628890044,0.0506926478717523,0.1601549818095715,0.7835051546391752,0.894,0.980810789728295,0.3740133144282387,0.8963856398033977,0,,ok,,2026-07-20T16:41:33.067887+00:00
adult,gaussian_copula,fixed,0.0,2,6,2000,10.7249,39.65,False,0.0162442767012952,1.0671678346553444,0.0446207457822499,0.047190678551686,0.1443218000593555,0.7731958762886598,0.889,0.9823465666305116,0.3988114993083678,0.8963856398033977,0,,ok,,2026-07-20T16:41:33.067887+00:00
adult,gaussian_copula,fixed,0.0,2,0,2000,12.5698,39.26,True,0.0346927483584357,1.2088185168821772,0.0527387800925328,0.0257745646766169,0.0798717127594514,0.8556701030927835,0.893,0.9673003694046022,0.7084978710788112,0.8963856398033977,0,,ok,,2026-07-20T16:41:33.067887+00:00
adult,gaussian_copula,fixed,0.02,2,0,2000,12.5698,39.26,True,0.0346927483584357,1.2088185168821772,0.0527387800925328,0.0257745646766169,0.0798717127594514,0.8556701030927835,0.893,0.9673003694046022,0.7084978710788112,0.8963856398033977,0,,ok,,2026-07-20T16:41:33.067887+00:00
adult,gaussian_copula,fixed,0.02,2,1,2000,16.3565,39.45,False,0.0267284439496075,0.950878168434476,0.0396816555582381,0.0316234452736318,0.1142504157444345,0.8556701030927835,0.88225,0.9732469849285504,0.5257564649483626,0.8963856398033977,0,,ok,,2026-07-20T16:41:33.067887+00:00
adult,gaussian_copula,fixed,0.02,2,2,2000,21.0002,40.02,False,0.0407004778020611,1.031318776996432,0.0620601348651416,0.0303843974571586,0.1640509103238565,0.7628865979381443,0.89975,0.971176989000536,0.5185099636606246,0.8963856398033977,0,,ok,,2026-07-20T16:41:33.067887+00:00
adult,gaussian_copula,fixed,0.05,2,9,2000,16.0923,39.65,False,0.0705614341520048,0.8005519114912633,0.0846096128232459,0.0542665146489773,0.1634521390152403,0.7216494845360825,0.885,0.9813116603540732,0.4207372370614161,0.8963856398033977,0,,ok,,2026-07-20T16:41:33.067887+00:00
adult,gaussian_copula,fixed,0.05,2,10,2000,16.7927,39.65,False,0.0706069373705024,0.8609729232352507,0.0857656450454563,0.0484478302929795,0.1612996390328905,0.7216494845360825,0.8615,0.9853383961251316,0.4174336753620399,0.8963856398033977,0,,ok,,2026-07-20T16:41:33.067887+00:00
adult,gaussian_copula,fixed,0.05,2,11,2000,16.2557,39.65,False,0.0563907122096483,1.0441076784220276,0.0868585673634003,0.0480929035378662,0.1507275043857708,0.7216494845360825,0.85575,0.981474589726311,0.474903172145678,0.8963856398033977,0,,ok,,2026-07-20T16:41:33.067887+00:00
adult,gaussian_copula,fixed,0.05,2,12,2000,16.0377,39.65,False,0.0517161522929506,1.1408706368773605,0.0941105326899558,0.0468820826423438,0.1389615632081113,0.7216494845360825,0.855,0.98167314900028,0.4287806659784219,0.8963856398033977,0,,ok,,2026-07-20T16:41:33.067887+00:00
adult,gaussian_copula,fixed,0.1,2,0,2000,12.5698,39.26,True,0.0346927483584357,1.2088185168821772,0.0527387800925328,0.0257745646766169,0.0798717127594514,0.8556701030927835,0.893,0.9673003694046022,0.7084978710788112,0.8963856398033977,0,,ok,,2026-07-20T16:41:33.067887+00:00
adult,gaussian_copula,fixed,0.1,2,1,2000,16.2645,39.45,False,0.033236481460186,1.1797964490979214,0.0471502196847285,0.0290387990602542,0.1061259258789145,0.8556701030927835,0.90075,0.9685949691883756,0.6330305292451788,0.8963856398033977,0,,ok,,2026-07-20T16:41:33.067887+00:00
adult,gaussian_copula,fixed,0.05,2,8,2000,15.5239,39.65,False,0.0673786441243088,0.9144987480596392,0.0817413221381773,0.0618399322830292,0.171791985699068,0.7319587628865979,0.88825,0.9778896204116876,0.3979244214947936,0.8963856398033977,0,,ok,,2026-07-20T16:41:33.067887+00:00
adult,gaussian_copula,fixed,0.1,2,2,2000,16.474,40.02,False,0.0407381828058656,1.1153431265250366,0.0587709144758933,0.0308584508015478,0.1170097701971042,0.8247422680412371,0.88125,0.9756725778733516,0.5558165685679679,0.8963856398033977,0,,ok,,2026-07-20T16:41:33.067887+00:00
adult,gaussian_copula,fixed,0.1,2,4,2000,15.9588,39.65,False,0.0465458140663511,1.0262329430194217,0.0611232666327362,0.0476628316749585,0.1545486805997609,0.7938144329896907,0.896,0.9798595036395924,0.4623080768139888,0.8963856398033977,0,,ok,,2026-07-20T16:41:33.067887+00:00
adult,gaussian_copula,fixed,0.1,2,5,2000,17.5414,39.65,False,0.0543607571226603,0.96622665623284,0.0689639379649143,0.0552992330016583,0.1458631107190222,0.7731958762886598,0.89775,0.9786856350088976,0.4963200039128458,0.8963856398033977,0,,ok,,2026-07-20T16:41:33.067887+00:00
adult,gaussian_copula,fixed,0.1,2,6,2000,17.4391,39.65,False,0.0285464958438322,0.9391394398620552,0.054556993896579,0.0558438363736871,0.1441368891247987,0.7525773195876289,0.89475,0.9805647666687162,0.5096280724657997,0.8963856398033977,0,,ok,,2026-07-20T16:41:33.067887+00:00
adult,gaussian_copula,fixed,0.1,2,7,2000,14.6416,39.65,False,0.048838362929428,0.976263613582442,0.07059770612782,0.0570393518518518,0.1393547521741416,0.7731958762886598,0.89175,0.9779507180825264,0.5344326498135432,0.8963856398033977,0,,ok,,2026-07-20T16:41:33.067887+00:00
adult,gaussian_copula,fixed,0.1,2,8,2000,15.0136,39.65,False,0.0758908507816756,0.97411441110528,0.0847395379115995,0.0600850608070757,0.1470221865889792,0.7525773195876289,0.888,0.9790865256846658,0.4944996258275623,0.8963856398033977,0,,ok,,2026-07-20T16:41:33.067887+00:00
adult,gaussian_copula,fixed,0.1,2,9,2000,14.5342,39.65,False,0.0868942273950094,1.0506510707718044,0.0949120690537346,0.0526311843559978,0.1482343358091184,0.7422680412371134,0.87775,0.9782387779236432,0.4821131544133006,0.8963856398033977,0,,ok,,2026-07-20T16:41:33.067887+00:00
adult,gaussian_copula,fixed,0.1,2,3,2000,17.269,39.65,False,0.0327533530519269,1.0100686148806846,0.0530851386862776,0.0467250207296849,0.1209376454966233,0.7938144329896907,0.89075,0.9753052425977584,0.5512979790754537,0.8963856398033977,0,,ok,,2026-07-20T16:41:33.067887+00:00
adult,gaussian_copula,fixed,0.05,2,7,2000,17.1738,39.65,False,0.0627634516898846,0.8628770610816378,0.0831345224959488,0.0548550304035378,0.1495716248700345,0.7422680412371134,0.88725,0.9773824621561924,0.4724772142950524,0.8963856398033977,0,,ok,,2026-07-20T16:41:33.067887+00:00
adult,gaussian_copula,fixed,0.05,2,6,2000,31.6644,39.65,False,0.0553682330135538,1.0443429855386366,0.0718633232693877,0.0525242882808181,0.1643425641094244,0.7525773195876289,0.8765,0.9797457930542812,0.5166973548821341,0.8963856398033977,0,,ok,,2026-07-20T16:41:33.067887+00:00
adult,gaussian_copula,fixed,0.05,2,5,2000,17.8452,39.65,False,0.0514171993066437,1.0135727171251987,0.0651501721733616,0.0531142896627971,0.1579326596693507,0.7731958762886598,0.8765,0.9766562864863788,0.4529580930803604,0.8963856398033977,0,,ok,,2026-07-20T16:41:33.067887+00:00
adult,gaussian_copula,fixed,0.02,2,3,2000,15.9228,39.65,False,0.063903725158219,1.1936621776094778,0.0724387118025751,0.0374358416252073,0.1673660538177735,0.7835051546391752,0.8805,0.9746567527362288,0.4971694809040929,0.8963856398033977,0,,ok,,2026-07-20T16:41:33.067887+00:00
adult,gaussian_copula,fixed,0.02,2,4,2000,16.2634,39.65,False,0.043871088945571,0.8980134774512326,0.0580620202234201,0.0417126520176893,0.1471853636760402,0.7525773195876289,0.88875,0.9799079675509528,0.4218518867220645,0.8963856398033977,0,,ok,,2026-07-20T16:41:33.067887+00:00
adult,gaussian_copula,fixed,0.02,2,5,2000,16.098,39.65,False,0.0441869393865658,0.858209673204361,0.060263262740007,0.0420516860143725,0.1243662719626536,0.7422680412371134,0.88725,0.9817232115378394,0.4438670206760595,0.8963856398033977,0,,ok,,2026-07-20T16:41:33.067887+00:00
adult,gaussian_copula,fixed,0.02,2,6,2000,15.1324,39.65,False,0.0322685570998563,0.9125705956622716,0.0633813697791295,0.0472673092868988,0.1322032925818182,0.7319587628865979,0.89075,0.981169471497396,0.4321126495722684,0.8963856398033977,0,,ok,,2026-07-20T16:41:33.067887+00:00
adult,gaussian_copula,fixed,0.02,2,7,2000,16.7063,39.65,False,0.0608543203713363,1.067227860426427,0.0887385195208845,0.0499118297401879,0.1855469707445169,0.7216494845360825,0.879,0.9808778521536086,0.4338793637114759,0.8963856398033977,0,,ok,,2026-07-20T16:41:33.067887+00:00
adult,gaussian_copula,fixed,0.02,2,8,2000,15.886,39.65,False,0.0673455045287844,1.029983917410591,0.0943445354064673,0.0565487147595356,0.1682317337573908,0.711340206185567,0.8735,0.9795225737618112,0.4714850705394049,0.8963856398033977,0,,ok,,2026-07-20T16:41:33.067887+00:00
adult,gaussian_copula,fixed,0.02,2,9,2000,16.6151,39.65,False,0.07525902804016,0.9418318637304258,0.1029288385501141,0.0577635088446655,0.1722350667396408,0.7010309278350515,0.8765,0.9812705798232524,0.4487661095101166,0.8963856398033977,0,,ok,,2026-07-20T16:41:33.067887+00:00
adult,gaussian_copula,fixed,0.02,2,10,2000,14.6254,39.65,False,0.0935785566042076,0.9443466775216578,0.1126007729209342,0.049385675787728,0.1595153336382706,0.7010309278350515,0.874,0.9806426572271536,0.4408972441318131,0.8963856398033977,0,,ok,,2026-07-20T16:41:33.067887+00:00
adult,gaussian_copula,fixed,0.02,2,11,2000,16.786,39.65,False,0.1007234455127932,0.7278567252998149,0.1243139751705477,0.0570903123272526,0.1564144386166602,0.6907216494845361,0.85,0.982109419827592,0.4280541538385686,0.8963856398033977,0,,ok,,2026-07-20T16:41:33.067887+00:00
adult,gaussian_copula,fixed,0.02,2,12,2000,14.69,39.65,False,0.0923807572469278,0.7269603503107857,0.1219832806169794,0.0568823935876174,0.1726017785060273,0.6804123711340206,0.84925,0.9847524248105068,0.3915793892682336,0.8963856398033977,0,,ok,,2026-07-20T16:41:33.067887+00:00
adult,gaussian_copula,fixed,0.05,2,0,2000,12.5698,39.26,True,0.0346927483584357,1.2088185168821772,0.0527387800925328,0.0257745646766169,0.0798717127594514,0.8556701030927835,0.893,0.9673003694046022,0.7084978710788112,0.8963856398033977,0,,ok,,2026-07-20T16:41:33.067887+00:00
adult,gaussian_copula,fixed,0.05,2,1,2000,14.6403,39.45,False,0.0331774204646867,1.0997213953817997,0.052704204195148,0.0353173714759535,0.1203547156184234,0.845360824742268,0.89375,0.9723035603457464,0.6211197229852023,0.8963856398033977,0,,ok,,2026-07-20T16:41:33.067887+00:00
adult,gaussian_copula,fixed,0.05,2,2,2000,15.3037,40.02,False,0.033971486750524,0.9858005082478142,0.051796997242559,0.0358149530127142,0.1433880286530157,0.8556701030927835,0.88825,0.9752301172913956,0.5188954786306037,0.8963856398033977,0,,ok,,2026-07-20T16:41:33.067887+00:00
adult,gaussian_copula,fixed,0.05,2,3,2000,16.2115,39.65,False,0.0499748208041,0.9128978980642524,0.0637646254060058,0.0400212824765063,0.1652994289435697,0.8144329896907216,0.87725,0.9766760606262146,0.4870235857796378,0.8963856398033977,0,,ok,,2026-07-20T16:41:33.067887+00:00
adult,gaussian_copula,fixed,0.05,2,4,2000,16.0912,39.65,False,0.054950567568313,0.9561084304298734,0.0730477251573574,0.0463163004422332,0.1371720260755621,0.7835051546391752,0.88575,0.976511101752454,0.4535098777720854,0.8963856398033977,0,,ok,,2026-07-20T16:41:33.067887+00:00
adult,gaussian_copula,fresh,1.0,1,5,2000,38.2344,39.65,False,0.0289471550357779,0.9555705253688552,0.0412916915920348,0.0264695964621337,0.0841347585541335,0.9175257731958762,0.8995,0.966758156685307,0.684959133446269,0.8996095743036177,0,,ok,,2026-07-20T16:41:33.067887+00:00
adult,gaussian_copula,fresh,0.05,1,9,2000,12.7888,39.65,False,0.0308870697168311,1.0045006387889692,0.0641033441009942,0.0522321379215036,0.1847450918811858,0.8041237113402062,0.87725,0.9793029060970054,0.5088960529692323,0.8996095743036177,0,,ok,,2026-07-20T16:41:33.067887+00:00
adult,gaussian_copula,fresh,1.0,1,4,2000,46.0424,39.65,False,0.0202958453016355,0.8435776632307874,0.0389860549524355,0.021682041182974,0.1162010997454205,0.9072164948453608,0.89575,0.9641442768492436,0.6656321796426329,0.8996095743036177,0,,ok,,2026-07-20T16:41:33.067887+00:00
adult,gaussian_copula,fresh,1.0,1,2,2000,15.0034,40.02,False,0.0256861341662897,0.9577026015152348,0.0355770514773215,0.0270007255389718,0.0894003689374713,0.9278350515463918,0.9105,0.970244569175988,0.6759604731763535,0.8996095743036177,0,,ok,,2026-07-20T16:41:33.067887+00:00
adult,gaussian_copula,fresh,0.2,1,3,2000,16.9437,39.65,False,0.0328916665844008,0.8013767721230814,0.053744067131403,0.0304322139303482,0.1303952448720011,0.8556701030927835,0.895,0.9735580037868924,0.5735248840078557,0.8996095743036177,0,,ok,,2026-07-20T16:41:33.067887+00:00
adult,gaussian_copula,fresh,0.2,1,4,2000,15.0548,39.65,False,0.0293854802139416,0.9358839842363186,0.048786094978806,0.0361226506357103,0.1365215505792799,0.8144329896907216,0.8915,0.9719447750765676,0.5052453311055638,0.8996095743036177,0,,ok,,2026-07-20T16:41:33.067887+00:00
adult,gaussian_copula,fresh,0.2,1,5,2000,14.9848,39.65,False,0.019193921522814,0.8353324067949802,0.0421138333143885,0.0267073659480375,0.1220893911330459,0.8762886597938144,0.898,0.9749734663488432,0.5223481651257651,0.8996095743036177,0,,ok,,2026-07-20T16:41:33.067887+00:00
adult,gaussian_copula,fresh,0.2,1,6,2000,15.1815,39.65,False,0.0248816998409702,0.8777785131086318,0.0485964324099937,0.0387434701492537,0.1538508809861018,0.8556701030927835,0.9085,0.9766868966343442,0.6118445147317202,0.8996095743036177,0,,ok,,2026-07-20T16:41:33.067887+00:00
adult,gaussian_copula,fresh,0.2,1,7,2000,15.6358,39.65,False,0.0192522015946189,0.8801518709850269,0.0390898125137246,0.0293062810945273,0.138021866277149,0.8762886597938144,0.914,0.9760407512745736,0.583768862532836,0.8996095743036177,0,,ok,,2026-07-20T16:41:33.067887+00:00
adult,gaussian_copula,fresh,0.2,1,8,2000,15.7808,39.65,False,0.0096530122924857,0.9392853933635044,0.0356140359260065,0.0334340105030403,0.1498683537322226,0.8350515463917526,0.9115,0.9746152559550958,0.4813813316080446,0.8996095743036177,0,,ok,,2026-07-20T16:41:33.067887+00:00
adult,gaussian_copula,fresh,0.2,1,2,2000,16.2885,40.02,False,0.0437353869849959,1.0195210069237914,0.0520463594028485,0.0292186636263128,0.1225754530937231,0.845360824742268,0.89625,0.975222634910782,0.541528911721399,0.8996095743036177,0,,ok,,2026-07-20T16:41:33.067887+00:00
adult,gaussian_copula,fresh,0.2,1,9,2000,14.8103,39.65,False,0.0241004190163352,0.8583754299127992,0.0501940063844211,0.0306710199004975,0.1502367665523442,0.8556701030927835,0.9025,0.9679847867305864,0.5465375903976876,0.8996095743036177,0,,ok,,2026-07-20T16:41:33.067887+00:00
adult,gaussian_copula,fresh,0.2,1,11,2000,15.3076,39.65,False,0.0270768864858655,0.9136509713871216,0.0459966951595161,0.0396104201216141,0.1544518994022888,0.845360824742268,0.89575,0.9737265390383358,0.5597676052819747,0.8996095743036177,0,,ok,,2026-07-20T16:41:33.067887+00:00
adult,gaussian_copula,fresh,0.2,1,12,2000,15.8915,39.65,False,0.0261579941219346,0.952762005620968,0.0436613445017684,0.0364306937534549,0.1449723611519149,0.8144329896907216,0.88475,0.9672266025367584,0.521777563631934,0.8996095743036177,0,,ok,,2026-07-20T16:41:33.067887+00:00
adult,gaussian_copula,fresh,0.35,1,0,2000,13.344,39.26,True,0.0341175946043228,0.8699755057774593,0.0410394651506613,0.024287037037037,0.1036852781701227,0.9278350515463918,0.906,0.9704054926717208,0.626660910604717,0.8996095743036177,0,,ok,,2026-07-20T16:41:33.067887+00:00
adult,gaussian_copula,fresh,0.35,1,1,2000,14.3284,39.45,False,0.0249921155160423,0.9350486170496198,0.0343314446427106,0.0193568269762299,0.1151661965006609,0.9072164948453608,0.90125,0.9744445483270224,0.5972072718613541,0.8996095743036177,0,,ok,,2026-07-20T16:41:33.067887+00:00
adult,gaussian_copula,fresh,0.35,1,2,2000,15.7211,40.02,False,0.0308228542097265,0.9829414138615624,0.0408740991109515,0.0252856896075179,0.1083735339440163,0.865979381443299,0.902,0.970893365037747,0.5664016426084783,0.8996095743036177,0,,ok,,2026-07-20T16:41:33.067887+00:00
adult,gaussian_copula,fresh,0.35,1,3,2000,15.5974,39.65,False,0.03937882385636,0.9960564391981094,0.0499094750368285,0.0260407683803206,0.128026972412193,0.865979381443299,0.894,0.9702425874870012,0.6239729599275546,0.8996095743036177,0,,ok,,2026-07-20T16:41:33.067887+00:00
adult,gaussian_copula,fresh,0.2,1,10,2000,15.2512,39.65,False,0.0218924914089133,0.9767218109061904,0.0504344125337591,0.0350293325041459,0.1497216061524816,0.845360824742268,0.89575,0.9704736733478736,0.6231951441373598,0.8996095743036177,0,,ok,,2026-07-20T16:41:33.067887+00:00
adult,gaussian_copula,fresh,0.35,1,4,2000,15.3755,39.65,False,0.0334748072797662,1.064932047169371,0.0526744845653639,0.0299059563294637,0.124883662780736,0.865979381443299,0.89575,0.9740826636805184,0.5426944060859964,0.8996095743036177,0,,ok,,2026-07-20T16:41:33.067887+00:00
adult,gaussian_copula,fresh,0.2,1,1,2000,16.0344,39.45,False,0.0332229601435456,0.9644924923702312,0.0383989370499943,0.0239255458817026,0.1109444194083659,0.8969072164948454,0.903,0.9731077548240932,0.5848038194305577,0.8996095743036177,0,,ok,,2026-07-20T16:41:33.067887+00:00
adult,gaussian_copula,fresh,0.1,1,12,2000,15.4716,39.65,False,0.0519834961259305,1.1542864370680446,0.0663031992180374,0.0500217661691542,0.1293265338688301,0.8969072164948454,0.9015,0.977250797682411,0.4596229781608393,0.8996095743036177,0,,ok,,2026-07-20T16:41:33.067887+00:00
adult,gaussian_copula,fresh,0.05,1,11,2000,12.8076,39.65,False,0.0376372212951116,1.1895473171013085,0.0780171341515077,0.0525319237147595,0.1585570191658619,0.8144329896907216,0.87275,0.9812849010839968,0.4660439004516426,0.8996095743036177,0,,ok,,2026-07-20T16:41:33.067887+00:00
adult,gaussian_copula,fresh,0.05,1,12,2000,14.4226,39.65,False,0.0740724523778805,1.2667629665128917,0.088886752434163,0.0579167012161415,0.1950768212039364,0.7835051546391752,0.867,0.9783750234008614,0.4039923812276239,0.8996095743036177,0,,ok,,2026-07-20T16:41:33.067887+00:00
adult,gaussian_copula,fresh,0.1,1,0,2000,13.344,39.26,True,0.0341175946043228,0.8699755057774593,0.0410394651506613,0.024287037037037,0.1036852781701227,0.9278350515463918,0.906,0.9704054926717208,0.626660910604717,0.8996095743036177,0,,ok,,2026-07-20T16:41:33.067887+00:00
adult,gaussian_copula,fresh,0.1,1,1,2000,14.6965,39.45,False,0.0435899822754512,0.9448858734230215,0.0480450245081831,0.0327071932006633,0.1217878055777798,0.8865979381443299,0.90025,0.9753595486385012,0.55574235037987,0.8996095743036177,0,,ok,,2026-07-20T16:41:33.067887+00:00
adult,gaussian_copula,fresh,0.1,1,2,2000,13.3998,40.02,False,0.0622917742229738,1.2460354715233002,0.066019449206279,0.0292106826976229,0.1435037595034015,0.8969072164948454,0.89725,0.973535414894945,0.4911682323076493,0.8996095743036177,0,,ok,,2026-07-20T16:41:33.067887+00:00
adult,gaussian_copula,fresh,0.1,1,3,2000,13.8548,39.65,False,0.0689666553252346,1.339902084906197,0.0811903685413791,0.0315352750138197,0.1789019051496801,0.8865979381443299,0.89425,0.9752475075544424,0.479198943164472,0.8996095743036177,0,,ok,,2026-07-20T16:41:33.067887+00:00
adult,gaussian_copula,fresh,0.2,1,0,2000,13.344,39.26,True,0.0341175946043228,0.8699755057774593,0.0410394651506613,0.024287037037037,0.1036852781701227,0.9278350515463918,0.906,0.9704054926717208,0.626660910604717,0.8996095743036177,0,,ok,,2026-07-20T16:41:33.067887+00:00
adult,gaussian_copula,fresh,0.1,1,4,2000,13.4476,39.65,False,0.0758132511787586,1.377082402001992,0.0901835160534206,0.036806350193477,0.1552881104330244,0.865979381443299,0.896,0.9757807782045288,0.5195217437655083,0.8996095743036177,0,,ok,,2026-07-20T16:41:33.067887+00:00
adult,gaussian_copula,fresh,0.1,1,6,2000,31.1045,39.65,False,0.0305486102097161,1.0917668779302578,0.0493075892927155,0.0414237838584853,0.1547314555150716,0.865979381443299,0.90025,0.979085174558652,0.5455919313552569,0.8996095743036177,0,,ok,,2026-07-20T16:41:33.067887+00:00
adult,gaussian_copula,fresh,0.1,1,7,2000,23.8397,39.65,False,0.023699553647926,1.1235547200769462,0.0475488566294423,0.0480301962410171,0.1650378005168629,0.865979381443299,0.90525,0.9760526014709644,0.4996583471924217,0.8996095743036177,0,,ok,,2026-07-20T16:41:33.067887+00:00
adult,gaussian_copula,fresh,0.1,1,8,2000,15.9168,39.65,False,0.0323061792608134,1.1475834432768508,0.0576193672360989,0.0416221323935876,0.1378037582182457,0.865979381443299,0.89125,0.976022296760728,0.5101149818067093,0.8996095743036177,0,,ok,,2026-07-20T16:41:33.067887+00:00
adult,gaussian_copula,fresh,0.1,1,9,2000,15.2417,39.65,False,0.0321516864898134,1.1532939897677557,0.0571958774222184,0.0381497719734659,0.1897244977372533,0.8350515463917526,0.885,0.9742268561636988,0.4819441310131976,0.8996095743036177,0,,ok,,2026-07-20T16:41:33.067887+00:00
adult,gaussian_copula,fresh,0.1,1,10,2000,16.0889,39.65,False,0.0322151254973286,1.1401979170686312,0.0534464011522654,0.047833851575456,0.1234749804224873,0.865979381443299,0.89575,0.9741649889922832,0.4967879325422234,0.8996095743036177,0,,ok,,2026-07-20T16:41:33.067887+00:00
adult,gaussian_copula,fresh,0.1,1,11,2000,15.6138,39.65,False,0.0626117378275177,1.2193667917814843,0.0783345860470083,0.0431589966832504,0.1559114835797259,0.8969072164948454,0.8805,0.9781413326005346,0.5281827178359549,0.8996095743036177,0,,ok,,2026-07-20T16:41:33.067887+00:00
adult,gaussian_copula,fresh,0.1,1,5,2000,15.8192,39.65,False,0.0503326294617106,1.2742647572112444,0.0629588558966492,0.0429749170812603,0.1756794070414126,0.8556701030927835,0.89925,0.9777781502655573,0.5331839878061877,0.8996095743036177,0,,ok,,2026-07-20T16:41:33.067887+00:00
adult,gaussian_copula,fresh,0.35,1,5,2000,13.4731,39.65,False,0.0363477325330596,1.1039620866215214,0.0586500331909872,0.0340341003316749,0.1321545031899181,0.8865979381443299,0.8865,0.9696084115737108,0.4567697740003721,0.8996095743036177,0,,ok,,2026-07-20T16:41:33.067887+00:00
adult,gaussian_copula,fresh,0.35,1,6,2000,14.5376,39.65,False,0.0265093421811072,0.9808785710339074,0.0461229122822779,0.0262967799889441,0.1303385778404377,0.845360824742268,0.90525,0.9707862795824064,0.5547176214303313,0.8996095743036177,0,,ok,,2026-07-20T16:41:33.067887+00:00
adult,gaussian_copula,fresh,0.35,1,7,2000,14.9166,39.65,False,0.010618437040245,0.9459410390946776,0.0448889516535701,0.0255828841901603,0.1199553509620352,0.865979381443299,0.9015,0.9722749729492984,0.591010184282712,0.8996095743036177,0,,ok,,2026-07-20T16:41:33.067887+00:00
adult,gaussian_copula,fresh,0.75,1,1,2000,14.6819,39.45,False,0.0369065430643202,0.9599231982020094,0.0441716384301448,0.024939089275843,0.1216861198606616,0.8556701030927835,0.8925,0.9740889220602136,0.6231578383519996,0.8996095743036177,0,,ok,,2026-07-20T16:41:33.067887+00:00
adult,gaussian_copula,fresh,0.75,1,2,2000,15.5399,40.02,False,0.0209035402289516,1.0905712253503423,0.03664475656028,0.0243411069651741,0.0908098293163539,0.9072164948453608,0.88775,0.9698324442417912,0.7101385060875306,0.8996095743036177,0,,ok,,2026-07-20T16:41:33.067887+00:00
adult,gaussian_copula,fresh,0.75,1,3,2000,13.9968,39.65,False,0.0194334832080003,0.9638251943467258,0.0430332093816285,0.0260829187396351,0.0871119168150775,0.865979381443299,0.89325,0.9704598290874868,0.6849440865609613,0.8996095743036177,0,,ok,,2026-07-20T16:41:33.067887+00:00
adult,gaussian_copula,fresh,0.75,1,4,2000,16.3451,39.65,False,0.0161829340719338,0.9941985309117785,0.0287160155241126,0.024909756771697,0.1218086310841222,0.9072164948453608,0.904,0.9670715076703988,0.6510167039440411,0.8996095743036177,0,,ok,,2026-07-20T16:41:33.067887+00:00
adult,gaussian_copula,fresh,0.75,1,5,2000,15.7675,39.65,False,0.0223297417312514,0.9471329749410096,0.0392313761834578,0.0255933181315644,0.1153065805304994,0.8556701030927835,0.89475,0.9658682900176846,0.7009800013453686,0.8996095743036177,0,,ok,,2026-07-20T16:41:33.067887+00:00
adult,gaussian_copula,fresh,0.75,1,6,2000,13.6065,39.65,False,0.0326929718112734,0.8850290247441022,0.0476711228017005,0.0252192164179104,0.126542683790628,0.9278350515463918,0.891,0.9669229344339314,0.6438636310291296,0.8996095743036177,0,,ok,,2026-07-20T16:41:33.067887+00:00
adult,gaussian_copula,fresh,0.75,1,0,2000,13.344,39.26,True,0.0341175946043228,0.8699755057774593,0.0410394651506613,0.024287037037037,0.1036852781701227,0.9278350515463918,0.906,0.9704054926717208,0.626660910604717,0.8996095743036177,0,,ok,,2026-07-20T16:41:33.067887+00:00
adult,gaussian_copula,fresh,0.75,1,7,2000,23.9612,39.65,False,0.0151687811936888,0.9128570700569186,0.0328891329926365,0.0205178275290215,0.1231040139871349,0.8969072164948454,0.90025,0.9679893666090224,0.6266184908452652,0.8996095743036177,0,,ok,,2026-07-20T16:41:33.067887+00:00
adult,gaussian_copula,fresh,0.75,1,9,2000,49.5418,39.65,False,0.042546571531694,1.0356701585134032,0.0482521359731578,0.0230258430071862,0.1060296841658558,0.9072164948453608,0.89775,0.9635152461273134,0.6447461849425459,0.8996095743036177,0,,ok,,2026-07-20T16:41:33.067887+00:00
adult,gaussian_copula,fresh,0.75,1,10,2000,19.2611,39.65,False,0.0321536316486336,1.019425185567049,0.0383044300377674,0.0261409618573797,0.0837535769676803,0.9175257731958762,0.90625,0.968848713128747,0.6611239164439575,0.8996095743036177,0,,ok,,2026-07-20T16:41:33.067887+00:00
adult,gaussian_copula,fresh,0.75,1,11,2000,16.3755,39.65,False,0.0223739406821126,1.0835858034972343,0.0440522419912174,0.0242363184079602,0.1042781996837569,0.8969072164948454,0.90525,0.96819176269837,0.6733362504840246,0.8996095743036177,0,,ok,,2026-07-20T16:41:33.067887+00:00
adult,gaussian_copula,fresh,0.75,1,12,2000,43.0555,39.65,False,0.0330983487637383,0.9644476956167406,0.0477069098975094,0.0291567509673853,0.0905716661112522,0.8762886597938144,0.9005,0.9693160339793544,0.6301132364991412,0.8996095743036177,0,,ok,,2026-07-20T16:41:33.067887+00:00
adult,gaussian_copula,fresh,1.0,1,0,2000,13.344,39.26,True,0.0341175946043228,0.8699755057774593,0.0410394651506613,0.024287037037037,0.1036852781701227,0.9278350515463918,0.906,0.9704054926717208,0.626660910604717,0.8996095743036177,0,,ok,,2026-07-20T16:41:33.067887+00:00
adult,gaussian_copula,fresh,1.0,1,1,2000,22.7031,39.45,False,0.0318562250582396,0.8988914051952355,0.0455931583355495,0.0253772802653399,0.1195928659262017,0.8556701030927835,0.89425,0.9689713325957424,0.6851631678997683,0.8996095743036177,0,,ok,,2026-07-20T16:41:33.067887+00:00
adult,gaussian_copula,fresh,0.75,1,8,2000,21.7123,39.65,False,0.0141744407316433,0.9692993231636424,0.0249742765266134,0.0256717799889441,0.0976523460132138,0.8865979381443299,0.9015,0.9691488273539076,0.6336755128365339,0.8996095743036177,0,,ok,,2026-07-20T16:41:33.067887+00:00
adult,gaussian_copula,fresh,0.5,1,12,2000,15.0683,39.65,False,0.0167079138677685,0.8939745667960816,0.0366182847940619,0.0353244886677722,0.0910619535672904,0.8762886597938144,0.9075,0.9682481201781522,0.6263068006807617,0.8996095743036177,0,,ok,,2026-07-20T16:41:33.067887+00:00
adult,gaussian_copula,fresh,0.5,1,11,2000,15.3967,39.65,False,0.0124431946361814,0.8734598529638299,0.0336589919363446,0.0241337755666114,0.0910665229075687,0.9175257731958762,0.90525,0.973093112938108,0.6155845344506798,0.8996095743036177,0,,ok,,2026-07-20T16:41:33.067887+00:00
adult,gaussian_copula,fresh,0.5,1,10,2000,15.3585,39.65,False,0.0322547077616527,0.9384924811969072,0.0446446341335712,0.0308386885019347,0.113174658989105,0.8865979381443299,0.91,0.96772098640767,0.574767546930219,0.8996095743036177,0,,ok,,2026-07-20T16:41:33.067887+00:00
adult,gaussian_copula,fresh,0.35,1,8,2000,15.0801,39.65,False,0.0125783887910675,0.9730116058874172,0.035322302382416,0.0281045812603648,0.1315350741774356,0.865979381443299,0.90475,0.968615256328596,0.5591722206829306,0.8996095743036177,0,,ok,,2026-07-20T16:41:33.067887+00:00
adult,gaussian_copula,fresh,0.35,1,9,2000,14.7381,39.65,False,0.0524946002352098,1.0666608229932195,0.0588633062333015,0.0313114289662797,0.1400206197786054,0.8556701030927835,0.89025,0.9691678123056512,0.5834314058065635,0.8996095743036177,0,,ok,,2026-07-20T16:41:33.067887+00:00
adult,gaussian_copula,fresh,0.35,1,10,2000,15.0138,39.65,False,0.0292078267162265,1.2034185198186378,0.0454352054485805,0.0301061705362078,0.1363649311931254,0.865979381443299,0.899,0.9733734496484304,0.5981745669480183,0.8996095743036177,0,,ok,,2026-07-20T16:41:33.067887+00:00
adult,gaussian_copula,fresh,0.35,1,11,2000,15.0497,39.65,False,0.0345464146663766,1.1406240973989143,0.0429769003550601,0.0255057352128247,0.1171099740874773,0.8762886597938144,0.8965,0.973560495663762,0.5747865604236363,0.8996095743036177,0,,ok,,2026-07-20T16:41:33.067887+00:00
adult,gaussian_copula,fresh,0.35,1,12,2000,16.569,39.65,False,0.0224153304654178,1.0419961018508557,0.0396497123246025,0.0233748963515754,0.1105702818975497,0.8350515463917526,0.89525,0.9767299037291104,0.6312500794960716,0.8996095743036177,0,,ok,,2026-07-20T16:41:33.067887+00:00
adult,gaussian_copula,fresh,0.5,1,0,2000,13.344,39.26,True,0.0341175946043228,0.8699755057774593,0.0410394651506613,0.024287037037037,0.1036852781701227,0.9278350515463918,0.906,0.9704054926717208,0.626660910604717,0.8996095743036177,0,,ok,,2026-07-20T16:41:33.067887+00:00
adult,gaussian_copula,fresh,0.5,1,1,2000,14.8974,39.45,False,0.0326647612763691,0.9024158871736556,0.047789603072086,0.0290233208955223,0.1132471721019788,0.8865979381443299,0.90375,0.9726265199630464,0.6038335398810647,0.8996095743036177,0,,ok,,2026-07-20T16:41:33.067887+00:00
adult,gaussian_copula,fresh,0.5,1,2,2000,14.9366,40.02,False,0.0274269989777854,0.9846158071331788,0.0474129029919512,0.034276810392482,0.1087343102586738,0.8865979381443299,0.8995,0.9667269795369164,0.6694817564219385,0.8996095743036177,0,,ok,,2026-07-20T16:41:33.067887+00:00
adult,gaussian_copula,fresh,0.5,1,3,2000,14.5274,39.65,False,0.0439361039853094,0.8036845196934873,0.0580049491228613,0.0257908029297954,0.1191883751356773,0.8865979381443299,0.895,0.9742467968036592,0.6436784133777366,0.8996095743036177,0,,ok,,2026-07-20T16:41:33.067887+00:00
adult,gaussian_copula,fresh,0.5,1,4,2000,16.5236,39.65,False,0.0313436093490069,0.8780150189678523,0.0435104228695152,0.0241142551133222,0.1202373119367816,0.8556701030927835,0.9055,0.9667576763099466,0.6819474616527341,0.8996095743036177,0,,ok,,2026-07-20T16:41:33.067887+00:00
adult,gaussian_copula,fresh,0.5,1,5,2000,14.6789,39.65,False,0.0179686313292258,0.912922992949212,0.0353311312666852,0.0235871683250414,0.1330251998437797,0.8762886597938144,0.89875,0.9675529990316376,0.596690629350566,0.8996095743036177,0,,ok,,2026-07-20T16:41:33.067887+00:00
adult,gaussian_copula,fresh,0.5,1,6,2000,14.5037,39.65,False,0.0321577634745563,1.0001503997929595,0.0409411201380844,0.0244122788833609,0.1111523555230058,0.845360824742268,0.90175,0.9723935469132586,0.618907535807981,0.8996095743036177,0,,ok,,2026-07-20T16:41:33.067887+00:00
adult,gaussian_copula,fresh,0.5,1,7,2000,15.6329,39.65,False,0.0174380763072186,0.9090879950100708,0.0328748372533183,0.0228129836926478,0.1282111235222929,0.9072164948453608,0.9,0.9723023397198304,0.660247001014796,0.8996095743036177,0,,ok,,2026-07-20T16:41:33.067887+00:00
adult,gaussian_copula,fresh,0.5,1,8,2000,16.0821,39.65,False,0.0394887121203375,1.0595089239439472,0.0478269179475504,0.0273744817578772,0.109784913180645,0.9072164948453608,0.92125,0.9679770624747912,0.631890867006121,0.8996095743036177,0,,ok,,2026-07-20T16:41:33.067887+00:00
adult,gaussian_copula,fresh,0.5,1,9,2000,15.1735,39.65,False,0.0221422127180947,0.9567047146793984,0.0345849864491372,0.0309803067993366,0.1139094603693408,0.845360824742268,0.90125,0.9677016150181368,0.6450810518998873,0.8996095743036177,0,,ok,,2026-07-20T16:41:33.067887+00:00
adult,gaussian_copula,fresh,1.0,1,3,2000,56.0996,39.65,False,0.0216095288218534,0.9881120428271718,0.034047486037594,0.0250953565505804,0.0900514547729211,0.8969072164948454,0.8975,0.968514751003192,0.7311794279770837,0.8996095743036177,0,,ok,,2026-07-20T16:41:33.067887+00:00
adult,gaussian_copula,fixed,0.02,1,6,2000,15.4832,39.65,False,0.0680365567852093,1.0735420807511291,0.0834988184344726,0.052476817302377,0.1786663961670799,0.7731958762886598,0.89325,0.9826727043751964,0.4114320006010886,0.8996095743036177,0,,ok,,2026-07-20T16:41:33.067887+00:00
adult,gaussian_copula,fixed,0.02,1,5,2000,16.5351,39.65,False,0.0726317806366443,1.1431595490694395,0.0882432076339529,0.048633395522388,0.1769486384856298,0.7731958762886598,0.8905,0.9821553659870634,0.3587698689367117,0.8996095743036177,0,,ok,,2026-07-20T16:41:33.067887+00:00
adult,gaussian_copula,fixed,0.02,1,4,2000,15.7196,39.65,False,0.0469131656140508,0.9689864149443485,0.0634315078131557,0.043065229408513,0.1847886805615281,0.7835051546391752,0.894,0.9786893823867092,0.4283484368220296,0.8996095743036177,0,,ok,,2026-07-20T16:41:33.067887+00:00
adult,gaussian_copula,fixed,0.5,0,1,2000,14.9589,39.45,False,0.0390003304999358,1.171177234320345,0.0571451170093235,0.0268707158651188,0.1006223411519081,0.9072164948453608,0.901,0.9663141514771922,0.6765217973966725,0.8976610190471932,0,,ok,,2026-07-20T16:41:33.067887+00:00
adult,gaussian_copula,fixed,0.5,0,2,2000,14.9216,40.02,False,0.044068337003996,1.0397602379786426,0.0572096118461478,0.0261552653399668,0.1282083087241777,0.8969072164948454,0.891,0.9756569122365985,0.6411529625055221,0.8976610190471932,0,,ok,,2026-07-20T16:41:33.067887+00:00
adult,gaussian_copula,fixed,0.5,0,3,2000,15.3383,39.65,False,0.0400802761008979,1.0425519094524345,0.0503745572734896,0.0286914386401326,0.1232462468653485,0.8556701030927835,0.90875,0.9711163300800268,0.7000518478296359,0.8976610190471932,0,,ok,,2026-07-20T16:41:33.067887+00:00
adult,gaussian_copula,fixed,0.5,0,4,2000,14.5941,39.65,False,0.0419944394142628,1.0600204602231895,0.0576088936203058,0.0323360281923714,0.1457879201925393,0.8350515463917526,0.8955,0.9714996718676288,0.6720472667578703,0.8976610190471932,0,,ok,,2026-07-20T16:41:33.067887+00:00
adult,gaussian_copula,fixed,0.5,0,5,2000,15.4177,39.65,False,0.0363540090749967,1.004522485529331,0.0619013905267947,0.032885226644555,0.1077786678975082,0.8350515463917526,0.9045,0.9723233558605976,0.6721718707035241,0.8976610190471932,0,,ok,,2026-07-20T16:41:33.067887+00:00
adult,gaussian_copula,fixed,0.5,0,6,2000,14.0587,39.65,False,0.0518523791794642,1.1140472939860382,0.0718750322768619,0.0344311083471531,0.119232995707839,0.8350515463917526,0.905,0.969550692280407,0.6531824391899308,0.8976610190471932,0,,ok,,2026-07-20T16:41:33.067887+00:00
adult,gaussian_copula,fixed,0.5,0,0,2000,12.8823,39.26,True,0.0302932455157596,1.0383456578531487,0.0379386417997787,0.0219233347153123,0.1019382978637386,0.8762886597938144,0.908,0.9740810526793098,0.686186323318817,0.8976610190471932,0,,ok,,2026-07-20T16:41:33.067887+00:00
adult,gaussian_copula,fixed,0.5,0,7,2000,14.6749,39.65,False,0.0337106294082684,1.1098211917656202,0.0496852562987856,0.0334730514096185,0.1605027296419127,0.8144329896907216,0.90025,0.9698053699714788,0.6582630741042382,0.8976610190471932,0,,ok,,2026-07-20T16:41:33.067887+00:00
adult,gaussian_copula,fixed,0.5,0,9,2000,14.7799,39.65,False,0.0347021413291189,1.1058923070349989,0.0549041623443107,0.0315453980099502,0.0985199454930074,0.8350515463917526,0.90475,0.9679105895499198,0.6514531291817393,0.8976610190471932,0,,ok,,2026-07-20T16:41:33.067887+00:00
adult,gaussian_copula,fixed,0.5,0,10,2000,14.6537,39.65,False,0.062242025187885,1.203363912570828,0.076809426002919,0.0332565644002211,0.1403534276931022,0.845360824742268,0.889,0.9720217363843076,0.6279560901071746,0.8976610190471932,0,,ok,,2026-07-20T16:41:33.067887+00:00
adult,gaussian_copula,fixed,0.5,0,11,2000,14.819,39.65,False,0.053841967591914,1.1107967523780249,0.0728047014429235,0.0342866224433388,0.1122619138415802,0.845360824742268,0.89325,0.9722150081543098,0.5959462183013923,0.8976610190471932,0,,ok,,2026-07-20T16:41:33.067887+00:00
adult,gaussian_copula,fixed,0.5,0,12,2000,14.2054,39.65,False,0.0370169215377224,1.0006780901596233,0.0512679403687516,0.0272039110005528,0.124978316817334,0.8144329896907216,0.896,0.9731679671192676,0.6473940433741057,0.8976610190471932,0,,ok,,2026-07-20T16:41:33.067887+00:00
adult,gaussian_copula,fixed,0.75,0,0,2000,12.8823,39.26,True,0.0302932455157596,1.0383456578531487,0.0379386417997787,0.0219233347153123,0.1019382978637386,0.8762886597938144,0.908,0.9740810526793098,0.686186323318817,0.8976610190471932,0,,ok,,2026-07-20T16:41:33.067887+00:00
adult,gaussian_copula,fixed,0.75,0,1,2000,15.6589,39.45,False,0.0278303410713535,0.9564492293598104,0.0369183199142042,0.0248415215588723,0.0702898199397852,0.8762886597938144,0.90225,0.9726605366135676,0.6110436532762281,0.8976610190471932,0,,ok,,2026-07-20T16:41:33.067887+00:00
adult,gaussian_copula,fixed,0.5,0,8,2000,14.7019,39.65,False,0.0480729198989704,1.12087369376898,0.0589157704764641,0.0337118228302929,0.1326478013243404,0.8556701030927835,0.90075,0.9732824764551778,0.6614388520150959,0.8976610190471932,0,,ok,,2026-07-20T16:41:33.067887+00:00
adult,gaussian_copula,fixed,0.75,0,2,2000,13.4186,40.02,False,0.0127597805165764,0.920440611853908,0.0381440457437516,0.0261815229408512,0.0860942499521802,0.8969072164948454,0.90025,0.971049122529604,0.6578176666299946,0.8976610190471932,0,,ok,,2026-07-20T16:41:33.067887+00:00
adult,gaussian_copula,fixed,0.35,0,12,2000,14.4917,39.65,False,0.0276708213183692,0.9760685960211156,0.0479857701545511,0.0364241639027086,0.1402642271161724,0.7938144329896907,0.8965,0.9733638927662605,0.5754063347452709,0.8976610190471932,0,,ok,,2026-07-20T16:41:33.067887+00:00
adult,gaussian_copula,fixed,0.35,0,10,2000,14.3272,39.65,False,0.0308485696207529,0.9950656124172702,0.0457011423374396,0.0422254007739082,0.133620420700166,0.8041237113402062,0.9005,0.9680672481674528,0.6426761400195615,0.8976610190471932,0,,ok,,2026-07-20T16:41:33.067887+00:00
adult,gaussian_copula,fixed,0.2,0,9,2000,16.039,39.65,False,0.0288287389496675,0.9080469346652746,0.0721587946766632,0.0472974364289662,0.149377901608859,0.8144329896907216,0.873,0.9723598700129924,0.5833476480898717,0.8976610190471932,0,,ok,,2026-07-20T16:41:33.067887+00:00
adult,gaussian_copula,fixed,0.2,0,10,2000,15.4583,39.65,False,0.0326603920065047,0.9637254322852864,0.0693604739779666,0.0446142205638474,0.1239546391297396,0.8041237113402062,0.8775,0.9729176741189848,0.6118362536966493,0.8976610190471932,0,,ok,,2026-07-20T16:41:33.067887+00:00
adult,gaussian_copula,fixed,0.2,0,11,2000,14.1785,39.65,False,0.0379873104142185,0.9489456527479196,0.0697615446013959,0.0444673161967938,0.1410451286010872,0.8041237113402062,0.8905,0.9734608262139848,0.6175189279326969,0.8976610190471932,0,,ok,,2026-07-20T16:41:33.067887+00:00
adult,gaussian_copula,fixed,0.2,0,12,2000,15.1035,39.65,False,0.0228623342224549,0.8406267557427514,0.0585207371247713,0.0466626589275843,0.1289339830735646,0.8041237113402062,0.8805,0.9730115526269176,0.5494491790956999,0.8976610190471932,0,,ok,,2026-07-20T16:41:33.067887+00:00
adult,gaussian_copula,fixed,0.35,0,0,2000,12.8823,39.26,True,0.0302932455157596,1.0383456578531487,0.0379386417997787,0.0219233347153123,0.1019382978637386,0.8762886597938144,0.908,0.9740810526793098,0.686186323318817,0.8976610190471932,0,,ok,,2026-07-20T16:41:33.067887+00:00
adult,gaussian_copula,fixed,0.35,0,1,2000,15.204,39.45,False,0.020435657214685,0.911623696626916,0.0372694738516948,0.0309887023217247,0.1296283477113916,0.8865979381443299,0.8885,0.9728717701470454,0.6087165000276024,0.8976610190471932,0,,ok,,2026-07-20T16:41:33.067887+00:00
adult,gaussian_copula,fixed,0.35,0,11,2000,15.8403,39.65,False,0.0396466209512558,0.8562902765400872,0.0561456000993605,0.0431110074626865,0.1473173461333261,0.8041237113402062,0.8895,0.971734539418838,0.6051370459823636,0.8976610190471932,0,,ok,,2026-07-20T16:41:33.067887+00:00
adult,gaussian_copula,fixed,0.35,0,2,2000,15.0336,40.02,False,0.0293974236869395,0.8963182855261914,0.0474238687430169,0.029680002763958,0.1356500725900325,0.8350515463917526,0.889,0.9715315870165732,0.6259847186586491,0.8976610190471932,0,,ok,,2026-07-20T16:41:33.067887+00:00
adult,gaussian_copula,fixed,0.35,0,4,2000,15.0115,39.65,False,0.0472068255913166,0.8530817138944721,0.0555732668351695,0.0356031301824212,0.167804512777125,0.8350515463917526,0.89425,0.97294653770314,0.6326703874543463,0.8976610190471932,0,,ok,,2026-07-20T16:41:33.067887+00:00
adult,gaussian_copula,fixed,0.35,0,5,2000,14.7054,39.65,False,0.041500842819092,0.7798349326419475,0.0522911257672275,0.0311526395798784,0.1635278657199268,0.8247422680412371,0.89925,0.973698884267588,0.6133838537151645,0.8976610190471932,0,,ok,,2026-07-20T16:41:33.067887+00:00
adult,gaussian_copula,fixed,0.35,0,6,2000,14.7537,39.65,False,0.0453159395882713,0.8456531323399593,0.0575147803351607,0.0328350608070757,0.1538854643289301,0.8247422680412371,0.9005,0.9692253319113052,0.5657994065954268,0.8976610190471932,0,,ok,,2026-07-20T16:41:33.067887+00:00
adult,gaussian_copula,fixed,0.35,0,7,2000,14.612,39.65,False,0.0337985790385627,0.8648773957477008,0.0514484339454637,0.0403008568269762,0.1389940215452675,0.8144329896907216,0.9035,0.972053335408015,0.5543023732904739,0.8976610190471932,0,,ok,,2026-07-20T16:41:33.067887+00:00
adult,gaussian_copula,fixed,0.35,0,8,2000,14.3853,39.65,False,0.0331805236014776,0.8825409007236235,0.0468316531067946,0.0385444651741293,0.1535798912201693,0.8144329896907216,0.8895,0.971352338382092,0.5718511065131968,0.8976610190471932,0,,ok,,2026-07-20T16:41:33.067887+00:00
adult,gaussian_copula,fixed,0.35,0,9,2000,14.8184,39.65,False,0.0239583652226598,0.9235730312078338,0.0450013568176155,0.0395792564953012,0.1608106262290305,0.8247422680412371,0.8965,0.9757437071767164,0.5791880858040931,0.8976610190471932,0,,ok,,2026-07-20T16:41:33.067887+00:00
adult,gaussian_copula,fixed,0.35,0,3,2000,13.6725,39.65,False,0.0163075748802302,0.8869587053208144,0.0331453456031113,0.0331787935323383,0.1762458725864265,0.865979381443299,0.8985,0.9705269218878232,0.646203995377492,0.8976610190471932,0,,ok,,2026-07-20T16:41:33.067887+00:00
adult,gaussian_copula,fixed,0.75,0,3,2000,15.3753,39.65,False,0.0108223569740063,0.9170652688007296,0.0350793301220273,0.0253721669430624,0.0936163874075125,0.8762886597938144,0.89675,0.9716987846420132,0.6826964949477214,0.8976610190471932,0,,ok,,2026-07-20T16:41:33.067887+00:00
adult,gaussian_copula,fixed,0.75,0,4,2000,15.3191,39.65,False,0.0124703633496692,0.9338118137431124,0.0354225498541516,0.0276304588170259,0.1025009432956428,0.865979381443299,0.893,0.9718668485181032,0.6114821109908088,0.8976610190471932,0,,ok,,2026-07-20T16:41:33.067887+00:00
adult,gaussian_copula,fixed,0.75,0,5,2000,15.0342,39.65,False,0.0262038976279738,0.9113106182670264,0.0407522912513988,0.0257542150359314,0.1064003128806163,0.8865979381443299,0.9015,0.970898761666796,0.5773213541331336,0.8976610190471932,0,,ok,,2026-07-20T16:41:33.067887+00:00
adult,gaussian_copula,fixed,1.0,0,12,2000,16.5282,39.65,False,0.0163138310865253,0.9429807273694464,0.0325837441995256,0.0264371545052515,0.0782460934590103,0.865979381443299,0.892,0.9729469010784124,0.6470588485979122,0.8976610190471932,0,,ok,,2026-07-20T16:41:33.067887+00:00
adult,gaussian_copula,fresh,0.0,0,0,2000,12.8823,39.26,True,0.0302932455157596,1.0383456578531487,0.0379386417997787,0.0219233347153123,0.1019382978637386,0.8762886597938144,0.908,0.9740810526793098,0.686186323318817,0.8976610190471932,0,,ok,,2026-07-20T16:41:33.067887+00:00
adult,gaussian_copula,fresh,0.0,0,1,2000,17.8931,39.45,False,0.0285069946657758,0.91304859137779,0.0422474468455327,0.0257501381978994,0.1549763155995251,0.9072164948453608,0.90125,0.9739877788593312,0.5506485699295962,0.8976610190471932,0,,ok,,2026-07-20T16:41:33.067887+00:00
adult,gaussian_copula,fresh,0.0,0,2,2000,15.8764,40.02,False,0.0271238670798044,1.1246952650008355,0.0402917436807472,0.035680002763958,0.1630390007480099,0.8350515463917526,0.89625,0.9747322774178911,0.4537934410790852,0.8976610190471932,0,,ok,,2026-07-20T16:41:33.067887+00:00
adult,gaussian_copula,fresh,0.0,0,3,2000,14.1745,39.65,False,0.0289186868211789,1.163376111788902,0.0577266972972005,0.0320177929795467,0.1587841537204886,0.8041237113402062,0.892,0.9837314741695384,0.4895698531489557,0.8976610190471932,0,,ok,,2026-07-20T16:41:33.067887+00:00
adult,gaussian_copula,fresh,0.0,0,4,2000,14.3229,39.65,False,0.039171054535032,1.1566833961305554,0.0619646793314264,0.0374588861249308,0.1702185320597759,0.7525773195876289,0.8845,0.9820557370373167,0.4119125830381543,0.8976610190471932,0,,ok,,2026-07-20T16:41:33.067887+00:00
adult,gaussian_copula,fixed,1.0,0,11,2000,17.38,39.65,False,0.0317097886491173,0.9376798334115882,0.0380413055498723,0.0240572484798231,0.0794429244045178,0.9072164948453608,0.90875,0.9688885066586024,0.6681841182780909,0.8976610190471932,0,,ok,,2026-07-20T16:41:33.067887+00:00
adult,gaussian_copula,fresh,0.0,0,5,2000,15.3134,39.65,False,0.0407611136842308,1.2075537739158588,0.0720434356882601,0.0493300856826976,0.1734657323810655,0.7319587628865979,0.89075,0.983984330484244,0.4535772117642909,0.8976610190471932,0,,ok,,2026-07-20T16:41:33.067887+00:00
adult,gaussian_copula,fresh,0.0,0,7,2000,13.1396,39.65,False,0.0788121641003437,1.2918170346252078,0.0986582703508547,0.0544397457158651,0.1886018139567948,0.7422680412371134,0.9025,0.984967693722012,0.3490274204734412,0.8976610190471932,0,,ok,,2026-07-20T16:41:33.067887+00:00
adult,gaussian_copula,fresh,0.0,0,8,2000,13.328,39.65,False,0.0856076087783935,1.172964124692545,0.1051914473418884,0.053580223880597,0.1889217526011047,0.7422680412371134,0.87575,0.9840885966874696,0.3725833030319441,0.8976610190471932,0,,ok,,2026-07-20T16:41:33.067887+00:00
adult,gaussian_copula,fresh,0.0,0,9,2000,14.8488,39.65,False,0.0849531602832704,1.1487761468541888,0.1116751060625391,0.0599897733554449,0.1603551805825566,0.7216494845360825,0.88475,0.9857967507190124,0.3505937717302921,0.8976610190471932,0,,ok,,2026-07-20T16:41:33.067887+00:00
adult,gaussian_copula,fresh,0.0,0,10,2000,14.653,39.65,False,0.084287072474564,1.1803210651967535,0.1018541912947462,0.0620797056384743,0.1716074069789496,0.7010309278350515,0.86675,0.9872897899641648,0.3259172404261488,0.8976610190471932,0,,ok,,2026-07-20T16:41:33.067887+00:00
adult,gaussian_copula,fresh,0.0,0,11,2000,15.7763,39.65,False,0.0723075047664359,1.1216582476582704,0.1065275042083121,0.068213861249309,0.1826974369136853,0.711340206185567,0.87925,0.98784115962783,0.4109440422398524,0.8976610190471932,0,,ok,,2026-07-20T16:41:33.067887+00:00
adult,gaussian_copula,fresh,0.0,0,12,2000,18.0106,39.65,False,0.0587666774813395,1.0752645701035166,0.0905430178778238,0.0701672194582642,0.1575509338797564,0.711340206185567,0.87075,0.9856055753880828,0.3699539008017531,0.8976610190471932,0,,ok,,2026-07-20T16:41:33.067887+00:00
adult,gaussian_copula,fresh,0.0,0,6,2000,13.5357,39.65,False,0.0630856242221141,1.2098208273796944,0.0801541679508159,0.0485564192924267,0.1781340799575092,0.7216494845360825,0.899,0.9826842457588556,0.4068621074582329,0.8976610190471932,0,,ok,,2026-07-20T16:41:33.067887+00:00
adult,gaussian_copula,fixed,1.0,0,10,2000,16.4393,39.65,False,0.018470907096316,0.9308139441178458,0.0316714090095002,0.0285877902155887,0.0945996500497932,0.9175257731958762,0.89875,0.978000050494538,0.6726265226693948,0.8976610190471932,0,,ok,,2026-07-20T16:41:33.067887+00:00
adult,gaussian_copula,fixed,1.0,0,9,2000,16.3685,39.65,False,0.0212155889255973,0.9604928100679566,0.0320586289309992,0.0274715312327252,0.0930109077759757,0.8969072164948454,0.91675,0.966908014672738,0.6660989609060283,0.8976610190471932,0,,ok,,2026-07-20T16:41:33.067887+00:00
adult,gaussian_copula,fixed,1.0,0,8,2000,14.3348,39.65,False,0.0296717488319153,0.8880381192629819,0.0427616588398548,0.025156129076838,0.0831747509695332,0.8865979381443299,0.914,0.9703997405424052,0.6900090189522569,0.8976610190471932,0,,ok,,2026-07-20T16:41:33.067887+00:00
adult,gaussian_copula,fixed,0.75,0,6,2000,14.8079,39.65,False,0.0256436936151324,0.865763710345766,0.038635603690296,0.0252965035931453,0.108908073095523,0.8865979381443299,0.8945,0.9689972796152092,0.6264433044507441,0.8976610190471932,0,,ok,,2026-07-20T16:41:33.067887+00:00
adult,gaussian_copula,fixed,0.75,0,7,2000,14.4327,39.65,False,0.0240710563880684,0.8873784241353185,0.040855082895741,0.0258833264234383,0.0878707662220654,0.8969072164948454,0.8975,0.9715620317894142,0.6289814419125319,0.8976610190471932,0,,ok,,2026-07-20T16:41:33.067887+00:00
adult,gaussian_copula,fixed,0.75,0,8,2000,14.6189,39.65,False,0.0209597095452817,0.8988866160375849,0.0335921216776446,0.0294891860143725,0.0860301441437748,0.865979381443299,0.9095,0.9735077589991962,0.6530613756878787,0.8976610190471932,0,,ok,,2026-07-20T16:41:33.067887+00:00
adult,gaussian_copula,fixed,0.75,0,9,2000,14.9627,39.65,False,0.0261060862271077,0.8584596495923803,0.0391151231317721,0.0207029781647319,0.0949520045567536,0.8865979381443299,0.90525,0.9717513593064572,0.6569966770969884,0.8976610190471932,0,,ok,,2026-07-20T16:41:33.067887+00:00
adult,gaussian_copula,fixed,0.75,0,10,2000,14.6316,39.65,False,0.0209700875993078,0.888184796516359,0.0340230779574752,0.0227531440022111,0.1092088047919313,0.8969072164948454,0.90775,0.9720677984188658,0.6457706844188881,0.8976610190471932,0,,ok,,2026-07-20T16:41:33.067887+00:00
adult,gaussian_copula,fixed,0.75,0,11,2000,14.599,39.65,False,0.0243710306964557,0.901523987317641,0.0349772943375458,0.0268764856274184,0.1079517637846394,0.8762886597938144,0.907,0.9725770818009556,0.6480646951815743,0.8976610190471932,0,,ok,,2026-07-20T16:41:33.067887+00:00
adult,gaussian_copula,fixed,0.75,0,12,2000,15.4484,39.65,False,0.009450289928467,0.9307430534147058,0.0326006281321784,0.0240421849087893,0.0981364674163606,0.8762886597938144,0.90975,0.971953831333362,0.6687881572948283,0.8976610190471932,0,,ok,,2026-07-20T16:41:33.067887+00:00
adult,gaussian_copula,fixed,1.0,0,0,2000,12.8823,39.26,True,0.0302932455157596,1.0383456578531487,0.0379386417997787,0.0219233347153123,0.1019382978637386,0.8762886597938144,0.908,0.9740810526793098,0.686186323318817,0.8976610190471932,0,,ok,,2026-07-20T16:41:33.067887+00:00
adult,gaussian_copula,fixed,1.0,0,1,2000,15.1317,39.45,False,0.0171595456345005,1.0240195053682897,0.0317195330799571,0.0282776741293532,0.0844682522918351,0.8865979381443299,0.89825,0.9729316235669506,0.6638812335902078,0.8976610190471932,0,,ok,,2026-07-20T16:41:33.067887+00:00
adult,gaussian_copula,fixed,1.0,0,2,2000,15.6252,40.02,False,0.0210335191870918,0.9681590856861224,0.036548889678026,0.0287214621337755,0.0814756998885073,0.9072164948453608,0.9005,0.9710365607701796,0.6505996528004975,0.8976610190471932,0,,ok,,2026-07-20T16:41:33.067887+00:00
adult,gaussian_copula,fixed,1.0,0,3,2000,14.9423,39.65,False,0.0240645848073105,0.985679548602074,0.0359715432438261,0.0307589137645107,0.0858721081621591,0.8969072164948454,0.90575,0.9668523800059982,0.7027261284606688,0.8976610190471932,0,,ok,,2026-07-20T16:41:33.067887+00:00
adult,gaussian_copula,fixed,1.0,0,4,2000,14.6606,39.65,False,0.0108463197064122,0.9699309691581464,0.0252670558368849,0.0258269762299613,0.0948751711210211,0.8865979381443299,0.89025,0.9660831663038956,0.6589268744976996,0.8976610190471932,0,,ok,,2026-07-20T16:41:33.067887+00:00
adult,gaussian_copula,fixed,1.0,0,5,2000,15.3385,39.65,False,0.012323462703826,0.9591935273833162,0.0285373057368719,0.0239814814814814,0.1129377961440908,0.8969072164948454,0.90275,0.9719742208486593,0.6678316802302809,0.8976610190471932,0,,ok,,2026-07-20T16:41:33.067887+00:00
adult,gaussian_copula,fixed,1.0,0,6,2000,15.478,39.65,False,0.0231482373037025,0.9140303330369952,0.0321901508751662,0.0256557144831398,0.0995301636327079,0.865979381443299,0.9095,0.9665643809149268,0.6737134716370474,0.8976610190471932,0,,ok,,2026-07-20T16:41:33.067887+00:00
adult,gaussian_copula,fixed,1.0,0,7,2000,14.0526,39.65,False,0.0297133001441471,0.9615220613549408,0.0409586409603913,0.0245150981205085,0.0962581227599796,0.8969072164948454,0.902,0.9695035086200072,0.7373605507776323,0.8976610190471932,0,,ok,,2026-07-20T16:41:33.067887+00:00
adult,gaussian_copula,fixed,0.2,0,8,2000,14.9329,39.65,False,0.0333366559773131,0.9751736039548624,0.0621599771113376,0.0391737493090105,0.1423673565871717,0.8041237113402062,0.88375,0.9770198687591564,0.5335777638112378,0.8976610190471932,0,,ok,,2026-07-20T16:41:33.067887+00:00
adult,gaussian_copula,fresh,0.01,0,0,2000,12.8823,39.26,True,0.0302932455157596,1.0383456578531487,0.0379386417997787,0.0219233347153123,0.1019382978637386,0.8762886597938144,0.908,0.9740810526793098,0.686186323318817,0.8976610190471932,0,,ok,,2026-07-20T16:41:33.067887+00:00
adult,gaussian_copula,fixed,0.2,0,7,2000,14.6333,39.65,False,0.021837481389633,0.977468134626431,0.0598792665754972,0.0430903123272526,0.1620489744487234,0.8041237113402062,0.8955,0.9710402046479136,0.5756050913152525,0.8976610190471932,0,,ok,,2026-07-20T16:41:33.067887+00:00
adult,gaussian_copula,fixed,0.2,0,5,2000,15.3782,39.65,False,0.0297342499435236,0.9578082989260812,0.0536240155951375,0.0405521351575456,0.1502598563942341,0.7938144329896907,0.8995,0.9705572777855976,0.5904376814395391,0.8976610190471932,0,,ok,,2026-07-20T16:41:33.067887+00:00
adult,gaussian_copula,fixed,0.01,0,6,2000,1070.6419,39.65,False,0.0302205290272773,1.0109659556479715,0.0609007404550233,0.0539167357656163,0.1730885566625333,0.7835051546391752,0.894,0.9863946661675984,0.4092746247359255,0.8976610190471932,0,,ok,,2026-07-20T16:41:33.067887+00:00
adult,gaussian_copula,fixed,0.01,0,7,2000,376.1656,39.65,False,0.0347235417437154,0.930253921030315,0.074601705643573,0.0550572139303482,0.1669351493493204,0.8041237113402062,0.87425,0.9859395808261704,0.4456630090387525,0.8976610190471932,0,,ok,,2026-07-20T16:41:33.067887+00:00
adult,gaussian_copula,fixed,0.01,0,8,2000,38.3197,39.65,False,0.0372211683933157,0.9656637480445838,0.0676032072715771,0.0657256080707573,0.1837675243191716,0.7731958762886598,0.8765,0.9848453465052212,0.4016415266759968,0.8976610190471932,0,,ok,,2026-07-20T16:41:33.067887+00:00
adult,gaussian_copula,fixed,0.01,0,9,2000,20.125,39.65,False,0.0428760665656566,1.1141479341527794,0.0724845404075526,0.0751904021558872,0.1971193968601171,0.7731958762886598,0.875,0.9881234662146308,0.436550595627185,0.8976610190471932,0,,ok,,2026-07-20T16:41:33.067887+00:00
adult,gaussian_copula,fixed,0.01,0,10,2000,21.138,39.65,False,0.0392364629604056,1.0275370622624038,0.0719865342121517,0.0737334508015478,0.1931095870789883,0.7525773195876289,0.88475,0.9858369762491912,0.3758807673006727,0.8976610190471932,0,,ok,,2026-07-20T16:41:33.067887+00:00
adult,gaussian_copula,fixed,0.01,0,11,2000,26.9144,39.65,False,0.048853282996984,1.0134602832835498,0.0784729052122914,0.0781377833056937,0.1772509789143243,0.7628865979381443,0.89425,0.986434967072834,0.3960888981785467,0.8976610190471932,0,,ok,,2026-07-20T16:41:33.067887+00:00
adult,gaussian_copula,fixed,0.01,0,5,2000,80.7295,39.65,False,0.0330221658427196,1.0049300149247595,0.0558516351333787,0.056847498618021,0.1508730982218429,0.7938144329896907,0.896,0.9874557782136976,0.4321945715033891,0.8976610190471932,0,,ok,,2026-07-20T16:41:33.067887+00:00
adult,gaussian_copula,fixed,0.01,0,12,2000,20.3922,39.65,False,0.0486504906596054,1.061365814804471,0.0784634355215037,0.0745245992260917,0.2007363968207494,0.7319587628865979,0.8815,0.986212287780769,0.4147386765795591,0.8976610190471932,0,,ok,,2026-07-20T16:41:33.067887+00:00
adult,gaussian_copula,fixed,0.02,0,1,2000,16.5334,39.45,False,0.0289508419975454,0.8861775536007382,0.044697002415861,0.0278104961304588,0.1121260217276926,0.8556701030927835,0.90725,0.9743856725328508,0.532262456231266,0.8976610190471932,0,,ok,,2026-07-20T16:41:33.067887+00:00
adult,gaussian_copula,fixed,0.02,0,2,2000,20.4183,40.02,False,0.0371213667457724,1.0562484172649953,0.0491489137735764,0.0364753316749585,0.1567801822724566,0.8762886597938144,0.8985,0.976124658337525,0.4889560123485428,0.8976610190471932,0,,ok,,2026-07-20T16:41:33.067887+00:00
adult,gaussian_copula,fixed,0.02,0,3,2000,16.9825,39.65,False,0.0298292053462894,0.876428957468253,0.0642042612412612,0.0368744817578772,0.1922299902205215,0.7835051546391752,0.8765,0.9761245649624548,0.4080843144842301,0.8976610190471932,0,,ok,,2026-07-20T16:41:33.067887+00:00
adult,gaussian_copula,fixed,0.02,0,4,2000,15.9025,39.65,False,0.051561296818132,0.9309673535341276,0.0671407436192021,0.033287935323383,0.1724650400699505,0.8041237113402062,0.8715,0.9827830635829936,0.3882006914879737,0.8976610190471932,0,,ok,,2026-07-20T16:41:33.067887+00:00
adult,gaussian_copula,fixed,0.02,0,5,2000,16.6323,39.65,False,0.0504978749037969,0.8510073638091109,0.0726165852547479,0.0355163764510779,0.158115376777552,0.7835051546391752,0.866,0.9744172333065292,0.4255499784098503,0.8976610190471932,0,,ok,,2026-07-20T16:41:33.067887+00:00
adult,gaussian_copula,fixed,0.02,0,6,2000,15.8002,39.65,False,0.0590045186242502,0.8358836041068173,0.0741997126727913,0.0453014096185738,0.1413032700164974,0.7422680412371134,0.887,0.9789479745182178,0.4421239094941978,0.8976610190471932,0,,ok,,2026-07-20T16:41:33.067887+00:00
adult,gaussian_copula,fixed,0.02,0,0,2000,12.8823,39.26,True,0.0302932455157596,1.0383456578531487,0.0379386417997787,0.0219233347153123,0.1019382978637386,0.8762886597938144,0.908,0.9740810526793098,0.686186323318817,0.8976610190471932,0,,ok,,2026-07-20T16:41:33.067887+00:00
adult,gaussian_copula,fixed,0.02,0,7,2000,16.0805,39.65,False,0.0644010921536942,0.7709252355305202,0.0819407727276744,0.0493142620232172,0.1807605898393888,0.6907216494845361,0.88475,0.9800077888758436,0.444039518955994,0.8976610190471932,0,,ok,,2026-07-20T16:41:33.067887+00:00
adult,gaussian_copula,fixed,0.01,0,4,2000,29.8136,39.65,False,0.0184305521927219,0.9352441015670172,0.0460736425054115,0.0417601575456053,0.1611680313036329,0.8247422680412371,0.885,0.9819823914822892,0.4276082874179322,0.8976610190471932,0,,ok,,2026-07-20T16:41:33.067887+00:00
adult,gaussian_copula,fixed,0.01,0,2,2000,9.3035,40.02,False,0.0298101474867521,0.9224720297543154,0.0500889005880206,0.0375684425096738,0.1537806171978231,0.9072164948453608,0.90025,0.977989995236994,0.5192569972606145,0.8976610190471932,0,,ok,,2026-07-20T16:41:33.067887+00:00
adult,gaussian_copula,fixed,0.0,0,1,2000,10.9255,39.83,False,0.0137387174264826,0.9209503705923598,0.0375033198643188,0.0383566887783305,0.1291997468825283,0.845360824742268,0.90075,0.9718442090011178,0.5370276310642716,0.8976610190471932,0,,ok,,2026-07-20T16:41:33.067887+00:00
adult,gaussian_copula,fixed,0.0,0,2,2000,10.703,40.02,False,0.0235208990669826,0.8888009592988007,0.047023679821908,0.0348293946932006,0.1565895074881907,0.8144329896907216,0.899,0.9834419844523488,0.412526850003075,0.8976610190471932,0,,ok,,2026-07-20T16:41:33.067887+00:00
adult,gaussian_copula,fixed,0.0,0,3,2000,10.9752,39.65,False,0.0327608340255512,0.8342860616799328,0.0515743572962339,0.0422449212271973,0.1789350303009332,0.7835051546391752,0.89975,0.9802550123113232,0.4113887612945068,0.8976610190471932,0,,ok,,2026-07-20T16:41:33.067887+00:00
adult,gaussian_copula,fixed,0.0,0,4,2000,10.3286,39.65,False,0.0438405987127197,0.9196007972201448,0.0612453646588952,0.0673562050856827,0.1640807576765293,0.7835051546391752,0.913,0.9818383227492016,0.4250554964534589,0.8976610190471932,0,,ok,,2026-07-20T16:41:33.067887+00:00
adult,gaussian_copula,fixed,0.0,0,5,2000,10.7168,39.65,False,0.060606462820496,0.796636436683504,0.0807353612226792,0.0558187189054726,0.1733308165937154,0.7731958762886598,0.898,0.9840310950818292,0.3260829200739611,0.8976610190471932,0,,ok,,2026-07-20T16:41:33.067887+00:00
adult,gaussian_copula,fixed,0.0,0,6,2000,10.2451,39.65,False,0.0513543771725901,0.8342214148348316,0.081497883333688,0.0499079256495301,0.1566869273311456,0.7835051546391752,0.90175,0.9834346303218314,0.3361798718438092,0.8976610190471932,0,,ok,,2026-07-20T16:41:33.067887+00:00
adult,gaussian_copula,fixed,0.01,0,3,2000,18.0181,39.65,False,0.0457394449951758,1.0343915093847582,0.0587399396953672,0.0410174474847982,0.1692708128575682,0.8556701030927835,0.90025,0.9803470936304072,0.4434019768525797,0.8976610190471932,0,,ok,,2026-07-20T16:41:33.067887+00:00
adult,gaussian_copula,fixed,0.0,0,7,2000,10.0507,39.65,False,0.0551818136386333,0.9278611456391882,0.0837612045870747,0.0633648424543947,0.1374748474915438,0.7628865979381443,0.90125,0.9864682805978277,0.358411792404647,0.8976610190471932,0,,ok,,2026-07-20T16:41:33.067887+00:00
adult,gaussian_copula,fixed,0.0,0,9,2000,9.7285,39.65,False,0.0510834437405239,0.9629931767481112,0.0771458190373312,0.0550919016030956,0.1690697088316471,0.7319587628865979,0.905,0.9869658279711124,0.3476541217385466,0.8976610190471932,0,,ok,,2026-07-20T16:41:33.067887+00:00
adult,gaussian_copula,fixed,0.0,0,10,2000,9.6765,39.65,False,0.0690654265126549,1.00758484868205,0.0868712794645528,0.0638738253178551,0.1326926781039067,0.7319587628865979,0.90025,0.986809632853927,0.3142428899041366,0.8976610190471932,0,,ok,,2026-07-20T16:41:33.067887+00:00
adult,gaussian_copula,fixed,0.0,0,11,2000,11.0679,39.65,False,0.0540737421890392,0.8871972060547536,0.0808567014300738,0.0634741569928137,0.1795551354351551,0.711340206185567,0.90225,0.9877724367012708,0.346232207467897,0.8976610190471932,0,,ok,,2026-07-20T16:41:33.067887+00:00
adult,gaussian_copula,fixed,0.0,0,12,2000,10.1721,39.65,False,0.0887034149676801,1.020696324485614,0.1074232387613112,0.0621655956329463,0.1488256570528114,0.7010309278350515,0.90375,0.9848639765191984,0.3785653414436591,0.8976610190471932,0,,ok,,2026-07-20T16:41:33.067887+00:00
adult,gaussian_copula,fixed,0.01,0,0,2000,12.8823,39.26,True,0.0302932455157596,1.0383456578531487,0.0379386417997787,0.0219233347153123,0.1019382978637386,0.8762886597938144,0.908,0.9740810526793098,0.686186323318817,0.8976610190471932,0,,ok,,2026-07-20T16:41:33.067887+00:00
adult,gaussian_copula,fixed,0.01,0,1,2000,10.0949,39.45,False,0.0285548379750404,0.9755782112149116,0.0399347703153656,0.0298210682697623,0.1307988267676329,0.9072164948453608,0.8965,0.9720948794391834,0.5465821409796775,0.8976610190471932,0,,ok,,2026-07-20T16:41:33.067887+00:00
adult,gaussian_copula,fixed,0.0,0,8,2000,10.1843,39.65,False,0.0479119029045356,0.8483730941707083,0.0846875167747204,0.0612802998894416,0.1463799346995881,0.7422680412371134,0.91075,0.9875297110191658,0.3888546573158743,0.8976610190471932,0,,ok,,2026-07-20T16:41:33.067887+00:00
adult,gaussian_copula,fixed,0.02,0,8,2000,15.6735,39.65,False,0.0558451285323966,0.8602628854031201,0.0748271973094198,0.0393909964068546,0.1875446030697851,0.7010309278350515,0.8825,0.9819291901923748,0.4688005619601889,0.8976610190471932,0,,ok,,2026-07-20T16:41:33.067887+00:00
adult,gaussian_copula,fixed,0.02,0,9,2000,15.9236,39.65,False,0.0440846268522484,0.8185816118483222,0.0690365653867313,0.0480481965174129,0.1692533443596424,0.7010309278350515,0.87575,0.9835667267959368,0.4955389427160158,0.8976610190471932,0,,ok,,2026-07-20T16:41:33.067887+00:00
adult,gaussian_copula,fixed,0.02,0,10,2000,14.9141,39.65,False,0.0560765634916506,0.8300251692540797,0.0813933559372373,0.0564658651188501,0.1580188109626068,0.6804123711340206,0.8765,0.980279211079478,0.437159256889736,0.8976610190471932,0,,ok,,2026-07-20T16:41:33.067887+00:00
adult,gaussian_copula,fixed,0.1,0,4,2000,16.9772,39.65,False,0.0433871765542561,0.9699713846743028,0.0537309709080167,0.035395660585959,0.1322068192418891,0.8041237113402062,0.894,0.9795899556873642,0.5517299131948792,0.8976610190471932,0,,ok,,2026-07-20T16:41:33.067887+00:00
adult,gaussian_copula,fixed,0.1,0,5,2000,17.4568,39.65,False,0.0341643143393703,1.008062254238933,0.0565430292460971,0.0510762506909894,0.1290860750566676,0.7731958762886598,0.89875,0.9794019590463198,0.5452759139819068,0.8976610190471932,0,,ok,,2026-07-20T16:41:33.067887+00:00
adult,gaussian_copula,fixed,0.1,0,6,2000,16.8227,39.65,False,0.0499844241972438,0.939347701412546,0.0600925262049613,0.0561834231619679,0.1581912072257652,0.7835051546391752,0.886,0.979859075014271,0.5211075018983989,0.8976610190471932,0,,ok,,2026-07-20T16:41:33.067887+00:00
adult,gaussian_copula,fixed,0.1,0,7,2000,15.3994,39.65,False,0.0543806432532797,1.098183091199925,0.0762652455480697,0.0508749654505251,0.1389806989061572,0.7628865979381443,0.87475,0.9834214745619612,0.5237533278530763,0.8976610190471932,0,,ok,,2026-07-20T16:41:33.067887+00:00
adult,gaussian_copula,fixed,0.1,0,8,2000,14.0349,39.65,False,0.0595758508996636,1.066557568931392,0.0716260020868147,0.049168843283582,0.1397199114900116,0.7216494845360825,0.881,0.9807055638993494,0.4933928110374772,0.8976610190471932,0,,ok,,2026-07-20T16:41:33.067887+00:00
adult,gaussian_copula,fixed,0.1,0,9,2000,14.6276,39.65,False,0.0486953379701071,1.0302819003939732,0.0718666594777759,0.0496412037037037,0.1242476205886818,0.711340206185567,0.87575,0.97673379566953,0.5532488946276128,0.8976610190471932,0,,ok,,2026-07-20T16:41:33.067887+00:00
adult,gaussian_copula,fixed,0.1,0,3,2000,17.5576,39.65,False,0.0299994493183808,0.9504402022890966,0.0451301708522898,0.0380444651741293,0.1393684119783775,0.8041237113402062,0.90275,0.9799549835862263,0.5450884671623201,0.8976610190471932,0,,ok,,2026-07-20T16:41:33.067887+00:00
adult,gaussian_copula,fixed,0.1,0,10,2000,15.3433,39.65,False,0.0662331461062724,1.0622873500733017,0.0856700057007556,0.0567401188501934,0.1357323462680129,0.7319587628865979,0.86875,0.9766678638700648,0.4641039340491411,0.8976610190471932,0,,ok,,2026-07-20T16:41:33.067887+00:00
adult,gaussian_copula,fixed,0.1,0,12,2000,15.0379,39.65,False,0.0541553458283149,1.141539730168568,0.0894085537025757,0.0496357794361525,0.1410018865642581,0.7010309278350515,0.87625,0.9831551092371208,0.5452164148602645,0.8976610190471932,0,,ok,,2026-07-20T16:41:33.067887+00:00
adult,gaussian_copula,fixed,0.2,0,0,2000,12.8823,39.26,True,0.0302932455157596,1.0383456578531487,0.0379386417997787,0.0219233347153123,0.1019382978637386,0.8762886597938144,0.908,0.9740810526793098,0.686186323318817,0.8976610190471932,0,,ok,,2026-07-20T16:41:33.067887+00:00
adult,gaussian_copula,fixed,0.2,0,1,2000,14.1467,39.45,False,0.029452278059462,0.9165417948776016,0.0443595002144832,0.0306491155334438,0.1475149782070488,0.865979381443299,0.9015,0.9765677837949798,0.6249756594502374,0.8976610190471932,0,,ok,,2026-07-20T16:41:33.067887+00:00
adult,gaussian_copula,fixed,0.2,0,2,2000,14.7046,40.02,False,0.0194253877661431,0.9081634476411056,0.0403463244124092,0.0283076976229961,0.1280053470135554,0.865979381443299,0.882,0.9760893704360504,0.6193863480232458,0.8976610190471932,0,,ok,,2026-07-20T16:41:33.067887+00:00
adult,gaussian_copula,fixed,0.2,0,3,2000,17.7379,39.65,False,0.0232477831363502,0.9695387456820505,0.0411532691428138,0.0371471462133775,0.1682051621575069,0.7938144329896907,0.89,0.9718613360139672,0.5482095976705454,0.8976610190471932,0,,ok,,2026-07-20T16:41:33.067887+00:00
adult,gaussian_copula,fixed,0.2,0,4,2000,16.389,39.65,False,0.0294626573961936,0.9561235112949544,0.0425418195930046,0.0459530127142067,0.1452483394806991,0.8041237113402062,0.915,0.9710900826853344,0.5694223294204438,0.8976610190471932,0,,ok,,2026-07-20T16:41:33.067887+00:00
adult,gaussian_copula,fixed,0.1,0,11,2000,14.9036,39.65,False,0.0807637589364041,1.0498448206297537,0.0973042320627291,0.0489255113322277,0.1472594939433124,0.711340206185567,0.86375,0.981687828011293,0.5506207708909447,0.8976610190471932,0,,ok,,2026-07-20T16:41:33.067887+00:00
adult,gaussian_copula,fixed,0.1,0,2,2000,16.1778,40.02,False,0.0352410819153641,0.8878113128156556,0.0499345689044288,0.0302267482034273,0.1217301625472072,0.8350515463917526,0.89975,0.9767990783435084,0.5346941181299167,0.8976610190471932,0,,ok,,2026-07-20T16:41:33.067887+00:00
adult,gaussian_copula,fixed,0.1,0,1,2000,15.7354,39.45,False,0.0319497487829848,0.8953616484952253,0.0497436090625722,0.0263085959093421,0.1441813148751945,0.8556701030927835,0.893,0.9762526271835336,0.6016362684616103,0.8976610190471932,0,,ok,,2026-07-20T16:41:33.067887+00:00
adult,gaussian_copula,fixed,0.1,0,0,2000,12.8823,39.26,True,0.0302932455157596,1.0383456578531487,0.0379386417997787,0.0219233347153123,0.1019382978637386,0.8762886597938144,0.908,0.9740810526793098,0.686186323318817,0.8976610190471932,0,,ok,,2026-07-20T16:41:33.067887+00:00
adult,gaussian_copula,fixed,0.02,0,11,2000,17.21,39.65,False,0.055113319810711,0.8628579325035863,0.0846199456220156,0.0609753662244333,0.1755483910837163,0.6804123711340206,0.86775,0.984927894567153,0.3617278767841705,0.8976610190471932,0,,ok,,2026-07-20T16:41:33.067887+00:00
adult,gaussian_copula,fixed,0.02,0,12,2000,15.1707,39.65,False,0.0433494168034297,0.9071471249933474,0.0894806721274792,0.0598021697070204,0.1839178729517027,0.6701030927835051,0.86775,0.9864048913002696,0.4087289046929628,0.8976610190471932,0,,ok,,2026-07-20T16:41:33.067887+00:00
adult,gaussian_copula,fixed,0.05,0,0,2000,12.8823,39.26,True,0.0302932455157596,1.0383456578531487,0.0379386417997787,0.0219233347153123,0.1019382978637386,0.8762886597938144,0.908,0.9740810526793098,0.686186323318817,0.8976610190471932,0,,ok,,2026-07-20T16:41:33.067887+00:00
adult,gaussian_copula,fixed,0.05,0,1,2000,15.2318,39.45,False,0.0226166797514033,1.060963177661778,0.0386714419050815,0.0295535862354892,0.1189346777287458,0.865979381443299,0.907,0.9713560047598424,0.54744060020747,0.8976610190471932,0,,ok,,2026-07-20T16:41:33.067887+00:00
adult,gaussian_copula,fixed,0.05,0,2,2000,15.401,40.02,False,0.0235479154063429,0.8444175537226748,0.0430383994716465,0.0340611871199557,0.1437186084143402,0.8556701030927835,0.90675,0.974676478501028,0.4495120940897801,0.8976610190471932,0,,ok,,2026-07-20T16:41:33.067887+00:00
adult,gaussian_copula,fixed,0.05,0,3,2000,16.1028,39.65,False,0.0350695606357789,0.9321547335674404,0.0511343619135462,0.0430078081813156,0.1633167066142954,0.865979381443299,0.8925,0.9784625990915649,0.5546087200076893,0.8976610190471932,0,,ok,,2026-07-20T16:41:33.067887+00:00
adult,gaussian_copula,fixed,0.05,0,4,2000,15.9511,39.65,False,0.0476304822362418,1.0839666607915688,0.0666340906134769,0.0353977681039248,0.1567131912402155,0.8144329896907216,0.8965,0.9770362487714456,0.5333680580915986,0.8976610190471932,0,,ok,,2026-07-20T16:41:33.067887+00:00
adult,gaussian_copula,fixed,0.05,0,5,2000,18.3935,39.65,False,0.0313178638921847,0.9345888535237514,0.04890801423621,0.0473218629076838,0.1606364992316698,0.7938144329896907,0.8855,0.9774249039380342,0.4950193826174447,0.8976610190471932,0,,ok,,2026-07-20T16:41:33.067887+00:00
adult,gaussian_copula,fixed,0.05,0,6,2000,30.3284,39.65,False,0.0498690533533871,0.9350247909199269,0.0733208548346371,0.0401416873963515,0.1765445421980683,0.7938144329896907,0.88,0.9767016442704084,0.4826643162492068,0.8976610190471932,0,,ok,,2026-07-20T16:41:33.067887+00:00
adult,gaussian_copula,fixed,0.05,0,7,2000,16.4635,39.65,False,0.0728664828683162,0.9457680057864752,0.087589700433952,0.051580223880597,0.1455509493714246,0.7938144329896907,0.87725,0.9785321995187828,0.5087585001789234,0.8976610190471932,0,,ok,,2026-07-20T16:41:33.067887+00:00
adult,gaussian_copula,fixed,0.05,0,8,2000,15.9848,39.65,False,0.0519685419070402,0.8753205289215762,0.0788043760387987,0.053988633222775,0.1509953250486362,0.7525773195876289,0.866,0.9783665296444888,0.4297337992906787,0.8976610190471932,0,,ok,,2026-07-20T16:41:33.067887+00:00
adult,gaussian_copula,fixed,0.05,0,9,2000,15.3881,39.65,False,0.0578424967016288,0.913238348300936,0.0784688824472945,0.049354304864566,0.1556992667591372,0.711340206185567,0.879,0.9811140055807828,0.4537235828817191,0.8976610190471932,0,,ok,,2026-07-20T16:41:33.067887+00:00
adult,gaussian_copula,fixed,0.05,0,10,2000,16.22,39.65,False,0.072884877908423,0.9301532423429064,0.0977366765802056,0.0545400773908236,0.1317185418405521,0.711340206185567,0.878,0.9825494414077184,0.4551978498230368,0.8976610190471932,0,,ok,,2026-07-20T16:41:33.067887+00:00
adult,gaussian_copula,fixed,0.05,0,11,2000,16.0404,39.65,False,0.0594038668687285,0.9415952044356832,0.0898913826512168,0.0616169845218352,0.1430014139526383,0.7010309278350515,0.8785,0.985065353920282,0.4546751426634862,0.8976610190471932,0,,ok,,2026-07-20T16:41:33.067887+00:00
adult,gaussian_copula,fixed,0.05,0,12,2000,15.7974,39.65,False,0.0978043987304712,0.8504031140098967,0.115812980881145,0.0550643656716418,0.1441409960209707,0.7010309278350515,0.8635,0.9840911763144052,0.4800291444072203,0.8976610190471932,0,,ok,,2026-07-20T16:41:33.067887+00:00
adult,gaussian_copula,fixed,0.2,0,6,2000,15.2299,39.65,False,0.0237741341275923,0.8795658219934964,0.0530167209800534,0.0420098811498065,0.1403687737632335,0.7938144329896907,0.883,0.9733067337233772,0.5629641996899358,0.8976610190471932,0,,ok,,2026-07-20T16:41:33.067887+00:00
adult,gaussian_copula,fresh,0.01,0,1,2000,17.8471,39.45,False,0.0251314914331352,1.0482432546829308,0.0456904536016429,0.0290090519624101,0.1600610162515219,0.9072164948453608,0.88775,0.9737405722988642,0.5859130272982626,0.8976610190471932,0,,ok,,2026-07-20T16:41:33.067887+00:00
adult,gaussian_copula,fresh,0.01,0,2,2000,14.3381,40.02,False,0.0387354053427752,1.0647944630631203,0.0474621857676183,0.0363246268656716,0.1636202738511356,0.8350515463917526,0.884,0.9748366516211978,0.5439831931208394,0.8976610190471932,0,,ok,,2026-07-20T16:41:33.067887+00:00
adult,gaussian_copula,fresh,0.01,0,3,2000,15.4499,39.65,False,0.0424878219236607,0.944614828448862,0.0549078871695128,0.0413296710889994,0.1526268054766086,0.7835051546391752,0.90375,0.977057532662414,0.440915536423756,0.8976610190471932,0,,ok,,2026-07-20T16:41:33.067887+00:00
adult,gaussian_copula,fresh,0.75,0,5,2000,16.9666,39.65,False,0.0311523321201362,1.0065402694637182,0.0418478636684689,0.0263339897733554,0.0989634008296861,0.8762886597938144,0.9045,0.9731935226384404,0.6828114610191258,0.8976610190471932,0,,ok,,2026-07-20T16:41:33.067887+00:00
adult,gaussian_copula,fresh,0.75,0,6,2000,15.9055,39.65,False,0.0325330327172027,0.8589581374603258,0.0456694625322349,0.0238542012161415,0.0891511683577305,0.8762886597938144,0.898,0.9705160375046572,0.6625136061214532,0.8976610190471932,0,,ok,,2026-07-20T16:41:33.067887+00:00
adult,gaussian_copula,fresh,0.75,0,7,2000,16.8601,39.65,False,0.0153702616318953,0.9811676539141336,0.0269669813542576,0.0283441818684356,0.1123799790898219,0.865979381443299,0.8975,0.9759359056959132,0.6705188769240835,0.8976610190471932,0,,ok,,2026-07-20T16:41:33.067887+00:00
adult,gaussian_copula,fresh,0.75,0,8,2000,29.1335,39.65,False,0.0220122563520006,0.9849760304567328,0.0393682608171572,0.0262608139856274,0.1180844124854696,0.9175257731958762,0.89475,0.9629970336135244,0.6852896076309934,0.8976610190471932,0,,ok,,2026-07-20T16:41:33.067887+00:00
adult,gaussian_copula,fresh,0.75,0,9,2000,45.6242,39.65,False,0.0270047551674743,1.0310073339827643,0.0412244104189362,0.0237897318960751,0.1208077863897619,0.9175257731958762,0.87675,0.9667513403051928,0.637009364997837,0.8976610190471932,0,,ok,,2026-07-20T16:41:33.067887+00:00
adult,gaussian_copula,fresh,0.75,0,10,2000,22.4979,39.65,False,0.0160137842938569,1.0074098653977124,0.0449322981814604,0.0247785378662244,0.1109384781475063,0.8969072164948454,0.894,0.9643316367398104,0.7247452945865437,0.8976610190471932,0,,ok,,2026-07-20T16:41:33.067887+00:00
adult,gaussian_copula,fresh,0.75,0,4,2000,14.931,39.65,False,0.0269521699360485,0.9244081136812152,0.0426548489819325,0.0262039455500276,0.1054396662507986,0.865979381443299,0.89375,0.9663105042244556,0.6793441865850495,0.8976610190471932,0,,ok,,2026-07-20T16:41:33.067887+00:00
adult,gaussian_copula,fresh,0.75,0,11,2000,17.5518,39.65,False,0.0311499578561049,0.9851613993789888,0.0428913634962603,0.0295307144831398,0.0797738244541464,0.8350515463917526,0.89025,0.9721304879658986,0.6974990568651627,0.8976610190471932,0,,ok,,2026-07-20T16:41:33.067887+00:00
adult,gaussian_copula,fresh,1.0,0,0,2000,12.8823,39.26,True,0.0302932455157596,1.0383456578531487,0.0379386417997787,0.0219233347153123,0.1019382978637386,0.8762886597938144,0.908,0.9740810526793098,0.686186323318817,0.8976610190471932,0,,ok,,2026-07-20T16:41:33.067887+00:00
adult,gaussian_copula,fresh,1.0,0,1,2000,52.1983,39.45,False,0.0214449316981577,0.9668949521240752,0.034701636589126,0.0243733761746821,0.0973732583911248,0.8969072164948454,0.90225,0.9648914866598378,0.6978047807265593,0.8976610190471932,0,,ok,,2026-07-20T16:41:33.067887+00:00
adult,gaussian_copula,fresh,1.0,0,2,2000,16.2196,40.02,False,0.0347870496273408,0.9809966790929404,0.040859477166488,0.0289605099502487,0.0951083364206739,0.9278350515463918,0.908,0.9700216997587804,0.679374903211484,0.8976610190471932,0,,ok,,2026-07-20T16:41:33.067887+00:00
adult,gaussian_copula,fresh,1.0,0,3,2000,55.4609,39.65,False,0.0285200330564492,0.8700582217227862,0.0374610407706851,0.0269397457158651,0.0976432756321453,0.845360824742268,0.89925,0.9691840702553488,0.6553856441306067,0.8976610190471932,0,,ok,,2026-07-20T16:41:33.067887+00:00
adult,gaussian_copula,fresh,1.0,0,4,2000,45.4598,39.65,False,0.0305087544916022,0.9998676703003552,0.0455542377096202,0.0267979892205638,0.101704949450356,0.9175257731958762,0.902,0.96916345236488,0.7131839104409385,0.8976610190471932,0,,ok,,2026-07-20T16:41:33.067887+00:00
adult,gaussian_copula,fresh,1.0,0,5,2000,36.0784,39.65,False,0.0211676228377083,0.8676932401796339,0.0363432937425388,0.0287463723051409,0.0920571115955212,0.9175257731958762,0.908,0.9675802184270588,0.7045986625253092,0.8976610190471932,0,,ok,,2026-07-20T16:41:33.067887+00:00
adult,gaussian_copula,fresh,0.75,0,12,2000,17.1617,39.65,False,0.0187935666611505,1.058351642869661,0.0351714399057294,0.0235113667772249,0.1139197504532861,0.9072164948453608,0.9,0.9737817788297796,0.7003650787427439,0.8976610190471932,0,,ok,,2026-07-20T16:41:33.067887+00:00
adult,gaussian_copula,fresh,1.0,0,6,2000,17.1054,39.65,False,0.0327500283614401,0.9165822486449354,0.0469592976455061,0.0324207780541735,0.0850716679673017,0.8865979381443299,0.89275,0.9729779826017314,0.7342022783934725,0.8976610190471932,0,,ok,,2026-07-20T16:41:33.067887+00:00
adult,gaussian_copula,fresh,0.75,0,3,2000,13.4082,39.65,False,0.0176372657891509,0.8963834328841056,0.0309837500143688,0.0255191404090657,0.1171439288388387,0.9175257731958762,0.89225,0.9659273289369786,0.6051719586901041,0.8976610190471932,0,,ok,,2026-07-20T16:41:33.067887+00:00
adult,gaussian_copula,fresh,0.75,0,1,2000,14.1528,39.45,False,0.017245108129422,0.9738865194670476,0.0352421634527803,0.029235212824765,0.1080809210728072,0.8762886597938144,0.897,0.9722147966541512,0.6352038698884354,0.8976610190471932,0,,ok,,2026-07-20T16:41:33.067887+00:00
adult,gaussian_copula,fresh,0.5,0,0,2000,12.8823,39.26,True,0.0302932455157596,1.0383456578531487,0.0379386417997787,0.0219233347153123,0.1019382978637386,0.8762886597938144,0.908,0.9740810526793098,0.686186323318817,0.8976610190471932,0,,ok,,2026-07-20T16:41:33.067887+00:00
adult,gaussian_copula,fresh,0.5,0,1,2000,15.5076,39.45,False,0.0153757845655422,1.0088743683608676,0.0328940028244348,0.0302642689331122,0.1041610082488408,0.8041237113402062,0.9025,0.9687286991637064,0.6256079564520192,0.8976610190471932,0,,ok,,2026-07-20T16:41:33.067887+00:00
adult,gaussian_copula,fresh,0.5,0,2,2000,14.1469,40.02,False,0.0218410307974764,1.004014921532738,0.043616064566317,0.0225554173576561,0.119491763734059,0.865979381443299,0.90175,0.9708753537742344,0.6451998534518605,0.8976610190471932,0,,ok,,2026-07-20T16:41:33.067887+00:00
adult,gaussian_copula,fresh,0.5,0,3,2000,14.2605,39.65,False,0.0315635117939463,0.8556243823147384,0.041947222437008,0.0256108347153123,0.10191228099915,0.8865979381443299,0.88775,0.9713926308498214,0.6086269071353444,0.8976610190471932,0,,ok,,2026-07-20T16:41:33.067887+00:00
adult,gaussian_copula,fresh,0.5,0,4,2000,15.9372,39.65,False,0.0270751709929723,0.822224953953282,0.0441863952026373,0.0259377418463239,0.1334731271352683,0.9175257731958762,0.893,0.973796397090747,0.6123727292479848,0.8976610190471932,0,,ok,,2026-07-20T16:41:33.067887+00:00
adult,gaussian_copula,fresh,0.5,0,5,2000,14.6004,39.65,False,0.0227567019156766,1.0258637706974223,0.037119102110058,0.0276067924267551,0.1145605321618826,0.8865979381443299,0.90825,0.9675222133835404,0.6408298970268534,0.8976610190471932,0,,ok,,2026-07-20T16:41:33.067887+00:00
adult,gaussian_copula,fresh,0.75,0,2,2000,15.9409,40.02,False,0.0283930140540218,0.8844912734603899,0.0351183769506913,0.0242035655058043,0.0960600812373396,0.9072164948453608,0.91,0.9695655496040536,0.7024644306710988,0.8976610190471932,0,,ok,,2026-07-20T16:41:33.067887+00:00
adult,gaussian_copula,fresh,0.5,0,6,2000,14.527,39.65,False,0.0203522838560299,0.9047245354839434,0.0340807351010223,0.0318162313432835,0.127065723827434,0.8762886597938144,0.89575,0.9707854032067488,0.685190999720305,0.8976610190471932,0,,ok,,2026-07-20T16:41:33.067887+00:00
adult,gaussian_copula,fresh,0.5,0,8,2000,16.5702,39.65,False,0.0211236615709876,0.9127189920417028,0.0468466874204731,0.0322502418463239,0.1252100572607217,0.8556701030927835,0.9045,0.970386384532385,0.6292778885004162,0.8976610190471932,0,,ok,,2026-07-20T16:41:33.067887+00:00
adult,gaussian_copula,fresh,0.5,0,9,2000,14.9997,39.65,False,0.0235430959778102,1.099012727920323,0.0398014904926418,0.0234619610281923,0.1238125426572629,0.8969072164948454,0.904,0.9740515017196392,0.6231302687865444,0.8976610190471932,0,,ok,,2026-07-20T16:41:33.067887+00:00
adult,gaussian_copula,fresh,0.5,0,10,2000,14.8999,39.65,False,0.024250632436124,0.982300947669792,0.0327430043044075,0.0269276879491431,0.106200070324546,0.8762886597938144,0.89175,0.9685750279859148,0.6054858124590308,0.8976610190471932,0,,ok,,2026-07-20T16:41:33.067887+00:00
adult,gaussian_copula,fresh,0.5,0,11,2000,14.8521,39.65,False,0.023886773080448,0.948201289486221,0.0333815804067206,0.0288843629076838,0.1118386912864355,0.9484536082474226,0.9095,0.9740729470482284,0.5984283315213692,0.8976610190471932,0,,ok,,2026-07-20T16:41:33.067887+00:00
adult,gaussian_copula,fresh,0.5,0,12,2000,15.4527,39.65,False,0.0294916383905482,0.9558098598803682,0.044648577308599,0.0343914110005527,0.1258913894153786,0.8969072164948454,0.89325,0.9660228077586116,0.5850770564437188,0.8976610190471932,0,,ok,,2026-07-20T16:41:33.067887+00:00
adult,gaussian_copula,fresh,0.75,0,0,2000,12.8823,39.26,True,0.0302932455157596,1.0383456578531487,0.0379386417997787,0.0219233347153123,0.1019382978637386,0.8762886597938144,0.908,0.9740810526793098,0.686186323318817,0.8976610190471932,0,,ok,,2026-07-20T16:41:33.067887+00:00
adult,gaussian_copula,fresh,0.5,0,7,2000,14.6745,39.65,False,0.0340044082424077,0.8328906290776569,0.0453508862579421,0.0350542772249861,0.1310543519035724,0.8969072164948454,0.90925,0.9689310733155376,0.6502200057879697,0.8976610190471932,0,,ok,,2026-07-20T16:41:33.067887+00:00
adult,gaussian_copula,fresh,1.0,0,7,2000,40.8086,39.65,False,0.022141142759476,1.0546901408715077,0.0378498277611022,0.0315609798231067,0.0915584585127525,0.9175257731958762,0.91975,0.9679036584197196,0.7065591176060622,0.8976610190471932,0,,ok,,2026-07-20T16:41:33.067887+00:00
adult,gaussian_copula,fresh,1.0,0,8,2000,12.9356,39.65,False,0.0224525353588195,0.9316807531305512,0.0347352687511329,0.0233667081260364,0.0986521364609068,0.9484536082474226,0.88875,0.9684674177176804,0.6637101449313371,0.8976610190471932,0,,ok,,2026-07-20T16:41:33.067887+00:00
adult,gaussian_copula,fresh,1.0,0,9,2000,48.5243,39.65,False,0.030908963506442,1.1862635094299765,0.0395865339076236,0.0224621337755666,0.1044168410784556,0.865979381443299,0.9095,0.96885955363688,0.7153497112505987,0.8976610190471932,0,,ok,,2026-07-20T16:41:33.067887+00:00
adult,gaussian_copula,fixed,0.01,1,3,2000,14.1286,39.65,False,0.0431540160452858,1.011819704012819,0.0576293616005274,0.0404402639579878,0.1418445770827067,0.7938144329896907,0.89975,0.9779401565746024,0.4593731146318273,0.8996095743036177,0,,ok,,2026-07-20T16:41:33.067887+00:00
adult,gaussian_copula,fixed,0.01,1,4,2000,32.1014,39.65,False,0.0462613264195346,0.9510582120036584,0.0627664131913383,0.0461073797678275,0.1437966097279866,0.7835051546391752,0.89275,0.9794875738605524,0.4182686627600276,0.8996095743036177,0,,ok,,2026-07-20T16:41:33.067887+00:00
adult,gaussian_copula,fixed,0.01,1,5,2000,54.7582,39.65,False,0.051740639097202,0.9770455575110906,0.0719392183411564,0.045418394140409,0.1454743820340233,0.7938144329896907,0.9,0.9767846164576584,0.4308841812061977,0.8996095743036177,0,,ok,,2026-07-20T16:41:33.067887+00:00
adult,gaussian_copula,fixed,0.01,1,6,2000,904.7833,39.65,False,0.0518090050579047,1.0920239301493817,0.0705354342238191,0.0477995784964068,0.192412661349149,0.7731958762886598,0.89075,0.981476357102637,0.3971306409265052,0.8996095743036177,0,,ok,,2026-07-20T16:41:33.067887+00:00
adult,gaussian_copula,fixed,0.01,1,7,2000,570.1798,39.65,False,0.0431774070437418,0.9384180062165098,0.0646883637718879,0.0553947968490879,0.1476406314598055,0.7628865979381443,0.89775,0.9818340556210002,0.4072227081954582,0.8996095743036177,0,,ok,,2026-07-20T16:41:33.067887+00:00
adult,gaussian_copula,fixed,0.01,1,8,2000,38.2826,39.65,False,0.0510806779980424,1.016918112150734,0.0743633215894492,0.0535474018794914,0.1814630929250963,0.7319587628865979,0.899,0.9828399042506382,0.401787242155721,0.8996095743036177,0,,ok,,2026-07-20T16:41:33.067887+00:00
adult,gaussian_copula,fixed,0.01,1,2,2000,10.2674,40.02,False,0.0347667373513973,1.1041812338776251,0.0458247735581487,0.037053620784964,0.1400361294946262,0.8144329896907216,0.89375,0.9719552195844036,0.4671273745394637,0.8996095743036177,0,,ok,,2026-07-20T16:41:33.067887+00:00
adult,gaussian_copula,fixed,0.01,1,9,2000,20.8514,39.65,False,0.0507563690998222,1.1333397673202328,0.0807228815750888,0.0674783029297954,0.1821776960516304,0.7422680412371134,0.87875,0.9851200312113034,0.4393731815068731,0.8996095743036177,0,,ok,,2026-07-20T16:41:33.067887+00:00
adult,gaussian_copula,fixed,0.01,1,11,2000,25.955,39.65,False,0.0859523757870829,1.115721559634545,0.1156447983763555,0.0631523631840796,0.2085241089839272,0.7216494845360825,0.8805,0.984814043356736,0.3972941241880091,0.8996095743036177,0,,ok,,2026-07-20T16:41:33.067887+00:00
adult,gaussian_copula,fixed,0.01,1,12,2000,21.2021,39.65,False,0.0796635699050767,1.0810665348130395,0.1093472031224865,0.0568851920950801,0.1647019652148634,0.711340206185567,0.873,0.9875352606483292,0.3577759221773781,0.8996095743036177,0,,ok,,2026-07-20T16:41:33.067887+00:00
adult,gaussian_copula,fixed,0.02,1,0,2000,13.344,39.26,True,0.0341175946043228,0.8699755057774593,0.0410394651506613,0.024287037037037,0.1036852781701227,0.9278350515463918,0.906,0.9704054926717208,0.626660910604717,0.8996095743036177,0,,ok,,2026-07-20T16:41:33.067887+00:00
adult,gaussian_copula,fixed,0.02,1,1,2000,18.282,39.45,False,0.0362712804987146,0.9972317071785494,0.0554472183109335,0.0291126658374792,0.1427198465882979,0.9072164948453608,0.9095,0.9744733179736068,0.5694156091339774,0.8996095743036177,0,,ok,,2026-07-20T16:41:33.067887+00:00
adult,gaussian_copula,fixed,0.02,1,2,2000,21.2276,40.02,False,0.0516924893978543,0.9906006736838128,0.0613152186038758,0.0399074765063571,0.1214348630574899,0.865979381443299,0.8965,0.9790381450233684,0.450528758695559,0.8996095743036177,0,,ok,,2026-07-20T16:41:33.067887+00:00
adult,gaussian_copula,fixed,0.02,1,3,2000,16.9863,39.65,False,0.0487865065768333,1.006089843598435,0.0597588923258584,0.0345240118850193,0.1283304871505199,0.8350515463917526,0.902,0.9783283482408432,0.4550345960347293,0.8996095743036177,0,,ok,,2026-07-20T16:41:33.067887+00:00
adult,gaussian_copula,fixed,0.01,1,10,2000,21.2609,39.65,False,0.0676461250280548,1.0712793780563594,0.0926828828420046,0.0646432421227197,0.190539936777582,0.711340206185567,0.87575,0.9840167901335968,0.378249487979735,0.8996095743036177,0,,ok,,2026-07-20T16:41:33.067887+00:00
adult,gaussian_copula,fixed,0.01,1,1,2000,9.4393,39.45,False,0.043838799870654,1.1900747743167663,0.0501593416326584,0.0292175580431177,0.1158601790448462,0.845360824742268,0.89825,0.971664999741666,0.5729216973201334,0.8996095743036177,0,,ok,,2026-07-20T16:41:33.067887+00:00
adult,gaussian_copula,fixed,0.01,1,0,2000,13.344,39.26,True,0.0341175946043228,0.8699755057774593,0.0410394651506613,0.024287037037037,0.1036852781701227,0.9278350515463918,0.906,0.9704054926717208,0.626660910604717,0.8996095743036177,0,,ok,,2026-07-20T16:41:33.067887+00:00
adult,gaussian_copula,fixed,0.0,1,12,2000,10.6811,39.65,False,0.0748313602195428,0.7789359743819082,0.1015544521306694,0.0512959508015478,0.1802450436138205,0.7525773195876289,0.8775,0.9880882182506856,0.3909438468598166,0.8996095743036177,0,,ok,,2026-07-20T16:41:33.067887+00:00
adult,gaussian_copula,fresh,1.0,0,10,2000,13.9422,39.65,False,0.0157088430052215,0.9051527889966468,0.0300062142586234,0.0240823659480375,0.1033470545262369,0.865979381443299,0.8895,0.9674265241867498,0.6540286052107724,0.8976610190471932,0,,ok,,2026-07-20T16:41:33.067887+00:00
adult,gaussian_copula,fresh,1.0,0,11,2000,14.1095,39.65,False,0.0276884645738559,1.0239150792378304,0.0398171878300562,0.0264364980652294,0.0954049519454949,0.9072164948453608,0.8935,0.9630539327812132,0.6643885332637133,0.8976610190471932,0,,ok,,2026-07-20T16:41:33.067887+00:00
adult,gaussian_copula,fresh,1.0,0,12,2000,12.0686,39.65,False,0.0281348589158925,1.0541528827391249,0.0424402342150596,0.0254850400773908,0.0739403840972336,0.8969072164948454,0.90325,0.9657362925436532,0.6994420392011028,0.8976610190471932,0,,ok,,2026-07-20T16:41:33.067887+00:00
adult,gaussian_copula,fixed,0.0,1,0,2000,13.344,39.26,True,0.0341175946043228,0.8699755057774593,0.0410394651506613,0.024287037037037,0.1036852781701227,0.9278350515463918,0.906,0.9704054926717208,0.626660910604717,0.8996095743036177,0,,ok,,2026-07-20T16:41:33.067887+00:00
adult,gaussian_copula,fixed,0.0,1,1,2000,11.1284,39.83,False,0.0344325910707489,1.0990605119531711,0.048000420106542,0.0297929795467109,0.1212915088953272,0.8865979381443299,0.90175,0.973710432401252,0.463083827345416,0.8996095743036177,0,,ok,,2026-07-20T16:41:33.067887+00:00
adult,gaussian_copula,fixed,0.0,1,2,2000,10.3329,40.02,False,0.0189835614317986,1.0154004904417733,0.0396713545577708,0.0315140270867882,0.1329435207880162,0.8865979381443299,0.89125,0.9792800483298564,0.5195430192090046,0.8996095743036177,0,,ok,,2026-07-20T16:41:33.067887+00:00
adult,gaussian_copula,fixed,0.0,1,3,2000,10.8976,39.65,False,0.0357903180837496,1.0169455993337146,0.0512624950271335,0.0356658374792703,0.1648591592700349,0.865979381443299,0.8895,0.9789448847033996,0.4382286347669201,0.8996095743036177,0,,ok,,2026-07-20T16:41:33.067887+00:00
adult,gaussian_copula,fixed,0.0,1,4,2000,10.9621,39.65,False,0.0818865010304995,1.3988583888037531,0.0904788910083052,0.0426849087893863,0.1480565223132354,0.8556701030927835,0.8885,0.9819227951250772,0.3958202178474286,0.8996095743036177,0,,ok,,2026-07-20T16:41:33.067887+00:00
adult,gaussian_copula,fixed,0.0,1,5,2000,10.9498,39.65,False,0.028452736222654,0.9878128250142844,0.0539405162978509,0.0458704740187949,0.1675784734482973,0.8247422680412371,0.8855,0.9864635994693156,0.3904050765765168,0.8996095743036177,0,,ok,,2026-07-20T16:41:33.067887+00:00
adult,gaussian_copula,fixed,0.0,1,6,2000,9.8814,39.65,False,0.0348396512568063,0.9560702361256066,0.0565773029642127,0.0394448590381426,0.1777740366461849,0.8350515463917526,0.8745,0.9824275306912548,0.3822730710056944,0.8996095743036177,0,,ok,,2026-07-20T16:41:33.067887+00:00
adult,gaussian_copula,fixed,0.0,1,7,2000,10.1145,39.65,False,0.0552563156556129,0.8732228430289526,0.0698908890998406,0.048138854339414,0.1676445151913922,0.8247422680412371,0.873,0.9846045670745764,0.3851353557483625,0.8996095743036177,0,,ok,,2026-07-20T16:41:33.067887+00:00
adult,gaussian_copula,fixed,0.0,1,8,2000,9.7502,39.65,False,0.0323442903761999,0.9056731661150016,0.0617629152678593,0.0476928551686014,0.1704155507556563,0.8350515463917526,0.86325,0.9870408340273856,0.3206458805037343,0.8996095743036177,0,,ok,,2026-07-20T16:41:33.067887+00:00
adult,gaussian_copula,fixed,0.0,1,9,2000,9.5657,39.65,False,0.045390864825709,0.8233338648981229,0.0795425842869069,0.0533934839690436,0.1661389939236724,0.7731958762886598,0.87425,0.9871766160042564,0.3901435426963729,0.8996095743036177,0,,ok,,2026-07-20T16:41:33.067887+00:00
adult,gaussian_copula,fixed,0.0,1,10,2000,9.7775,39.65,False,0.0525388858972663,0.8097455112942912,0.0788887920443706,0.0564341487009397,0.1489108966098335,0.7628865979381443,0.8825,0.9859717142252784,0.2813209277063708,0.8996095743036177,0,,ok,,2026-07-20T16:41:33.067887+00:00
adult,gaussian_copula,fixed,0.0,1,11,2000,10.8381,39.65,False,0.0584230969197488,0.8949809926561247,0.083387663715749,0.0502105444997236,0.179822759866093,0.7628865979381443,0.8825,0.9886944693930256,0.3470736856791548,0.8996095743036177,0,,ok,,2026-07-20T16:41:33.067887+00:00
adult,gaussian_copula,fresh,0.35,0,12,2000,16.2864,39.65,False,0.0260848361158863,1.009124704798062,0.0434812542446116,0.029584300718629,0.1238990864870215,0.9072164948453608,0.89875,0.9661445823499728,0.588237525214187,0.8976610190471932,0,,ok,,2026-07-20T16:41:33.067887+00:00
adult,gaussian_copula,fresh,0.35,0,11,2000,14.394,39.65,False,0.0257971779542427,1.037189109994997,0.0443106406041906,0.0234179795467108,0.1310115517370834,0.9278350515463918,0.88225,0.9792884577111656,0.5439498539435887,0.8976610190471932,0,,ok,,2026-07-20T16:41:33.067887+00:00
adult,gaussian_copula,fresh,0.35,0,10,2000,15.3519,39.65,False,0.0399256315816951,1.155205214249549,0.0525211632334232,0.028639303482587,0.1244230340188115,0.8969072164948454,0.903,0.9780146935055236,0.6034313061496326,0.8976610190471932,0,,ok,,2026-07-20T16:41:33.067887+00:00
adult,gaussian_copula,fresh,0.35,0,9,2000,14.3863,39.65,False,0.0245639067085098,1.0817776483798804,0.0394888724105407,0.0218900635710337,0.1310308838086015,0.865979381443299,0.8915,0.9713211477336912,0.6169616031023728,0.8976610190471932,0,,ok,,2026-07-20T16:41:33.067887+00:00
adult,gaussian_copula,fresh,0.02,0,10,2000,13.5247,39.65,False,0.1041161445537499,0.8207618647415981,0.11256701288808,0.0568951423438363,0.1808248303152441,0.7422680412371134,0.87925,0.984462271342819,0.3916229891755526,0.8976610190471932,0,,ok,,2026-07-20T16:41:33.067887+00:00
adult,gaussian_copula,fresh,0.02,0,11,2000,13.023,39.65,False,0.0678741894362763,0.8210093341990761,0.0899494250875633,0.054272940851299,0.1893946534736294,0.7422680412371134,0.8675,0.9827853259596908,0.357977825808339,0.8976610190471932,0,,ok,,2026-07-20T16:41:33.067887+00:00
adult,gaussian_copula,fresh,0.02,0,12,2000,14.0329,39.65,False,0.078069437243566,0.8114454743897842,0.0937661306874852,0.0607969527363184,0.1589508845898885,0.7216494845360825,0.8865,0.9842744142018792,0.3875371205677088,0.8976610190471932,0,,ok,,2026-07-20T16:41:33.067887+00:00
adult,gaussian_copula,fresh,0.05,0,0,2000,12.8823,39.26,True,0.0302932455157596,1.0383456578531487,0.0379386417997787,0.0219233347153123,0.1019382978637386,0.8762886597938144,0.908,0.9740810526793098,0.686186323318817,0.8976610190471932,0,,ok,,2026-07-20T16:41:33.067887+00:00
adult,gaussian_copula,fresh,0.05,0,1,2000,14.7194,39.45,False,0.0275833757652248,0.9913221163864718,0.0463738248346581,0.0385942164179104,0.145162974023154,0.8865979381443299,0.8875,0.9773445428777432,0.5774831655184921,0.8976610190471932,0,,ok,,2026-07-20T16:41:33.067887+00:00
adult,gaussian_copula,fresh,0.05,0,2,2000,13.6939,40.02,False,0.0297411443928349,0.9539219549192732,0.049695114878725,0.0307473396904366,0.1143760715318654,0.8350515463917526,0.89975,0.97837138289813,0.5312483158306477,0.8976610190471932,0,,ok,,2026-07-20T16:41:33.067887+00:00
adult,gaussian_copula,fresh,0.02,0,9,2000,11.8968,39.65,False,0.094729353599962,0.792996455191624,0.1045170688598097,0.052885433941404,0.185794534247618,0.7422680412371134,0.8795,0.9813619613918116,0.4716135099656275,0.8976610190471932,0,,ok,,2026-07-20T16:41:33.067887+00:00
adult,gaussian_copula,fresh,0.05,0,3,2000,13.7731,39.65,False,0.0309590192228713,1.0166070834067649,0.0468874812862459,0.0370441196793808,0.1248130885141589,0.8556701030927835,0.88425,0.9782914538381634,0.4810068313514936,0.8976610190471932,0,,ok,,2026-07-20T16:41:33.067887+00:00
adult,gaussian_copula,fresh,0.05,0,5,2000,12.8512,39.65,False,0.0354360633787847,0.973207876407006,0.049563758509202,0.0342568407960199,0.2093055010544594,0.8041237113402062,0.883,0.977830861617604,0.5080964700072632,0.8976610190471932,0,,ok,,2026-07-20T16:41:33.067887+00:00
adult,gaussian_copula,fresh,0.05,0,6,2000,13.4963,39.65,False,0.0675577259130964,0.992480636646198,0.0882666490211433,0.041421814538419,0.1718684347668679,0.8041237113402062,0.874,0.9782302222922242,0.4645178709135905,0.8976610190471932,0,,ok,,2026-07-20T16:41:33.067887+00:00
adult,gaussian_copula,fresh,0.05,0,7,2000,13.4597,39.65,False,0.0496443420809158,0.8917518809887958,0.0677581606610272,0.0442366639027086,0.1910660663230637,0.7628865979381443,0.88275,0.978192701264074,0.4450702142086394,0.8976610190471932,0,,ok,,2026-07-20T16:41:33.067887+00:00
adult,gaussian_copula,fresh,0.05,0,8,2000,13.0211,39.65,False,0.0434712609724713,0.875066513030697,0.0646276845666955,0.0392326907131011,0.1819502326373742,0.7731958762886598,0.89,0.9809569948379852,0.4408104376997974,0.8976610190471932,0,,ok,,2026-07-20T16:41:33.067887+00:00
adult,gaussian_copula,fresh,0.05,0,9,2000,14.6523,39.65,False,0.0557675966749674,0.8524736116517447,0.0745585901792327,0.0431292495854063,0.1907684559822774,0.8041237113402062,0.881,0.9783842472827816,0.4970201266351113,0.8976610190471932,0,,ok,,2026-07-20T16:41:33.067887+00:00
adult,gaussian_copula,fresh,0.05,0,10,2000,13.1615,39.65,False,0.0501423428231453,0.9284284064029574,0.0655201002511749,0.0402664110005527,0.1721337277114171,0.7938144329896907,0.884,0.980006285874716,0.4504185459975088,0.8976610190471932,0,,ok,,2026-07-20T16:41:33.067887+00:00
adult,gaussian_copula,fresh,0.05,0,4,2000,13.8768,39.65,False,0.0375241678392942,1.0569763686104208,0.0602968855473786,0.0323425925925925,0.112497044200034,0.8350515463917526,0.8935,0.9796375780980928,0.4348908487793927,0.8976610190471932,0,,ok,,2026-07-20T16:41:33.067887+00:00
adult,gaussian_copula,fresh,0.02,0,8,2000,13.6643,39.65,False,0.093361973509591,0.8021718254182777,0.102314446261786,0.0514662451630735,0.2076037324169332,0.7422680412371134,0.8825,0.9797536039351414,0.386740192938441,0.8976610190471932,0,,ok,,2026-07-20T16:41:33.067887+00:00
adult,gaussian_copula,fresh,0.02,0,7,2000,13.134,39.65,False,0.0719578400784474,0.7939795915542507,0.084018153662427,0.0499266169154228,0.1647308725747294,0.7628865979381443,0.88475,0.9804613318411144,0.3855342129456189,0.8976610190471932,0,,ok,,2026-07-20T16:41:33.067887+00:00
adult,gaussian_copula,fresh,0.02,0,6,2000,13.3218,39.65,False,0.0844829721905373,0.8051382726243892,0.090991708614152,0.0504093421779988,0.2200463515116905,0.7731958762886598,0.875,0.9863842284097674,0.3746900636663549,0.8976610190471932,0,,ok,,2026-07-20T16:41:33.067887+00:00
adult,gaussian_copula,fresh,0.01,0,4,2000,14.4206,39.65,False,0.0403877354363599,1.2097971783667354,0.062361170953686,0.042837479270315,0.1281305165665079,0.7938144329896907,0.901,0.9798723230242103,0.4149380560053594,0.8976610190471932,0,,ok,,2026-07-20T16:41:33.067887+00:00
adult,gaussian_copula,fresh,0.01,0,5,2000,15.5327,39.65,False,0.0468688599832017,1.060709775195438,0.0590461840955882,0.0476899530127142,0.1829660669622373,0.7525773195876289,0.8875,0.9816395002250352,0.393448841835665,0.8976610190471932,0,,ok,,2026-07-20T16:41:33.067887+00:00
adult,gaussian_copula,fresh,0.01,0,6,2000,16.2215,39.65,False,0.0456390818996369,1.0383735248755446,0.0637269839530359,0.0482857587064676,0.1731019911408437,0.7422680412371134,0.885,0.9836135290810502,0.4321005858385141,0.8976610190471932,0,,ok,,2026-07-20T16:41:33.067887+00:00
adult,gaussian_copula,fresh,0.01,0,7,2000,15.0697,39.65,False,0.0391657260214324,0.9646852169557196,0.0710152779383429,0.0529247166943062,0.1777890396491412,0.7216494845360825,0.882,0.9821801835056826,0.3505951485694706,0.8976610190471932,0,,ok,,2026-07-20T16:41:33.067887+00:00
adult,gaussian_copula,fresh,0.01,0,8,2000,16.2158,39.65,False,0.0444797008474503,0.9410498320515124,0.0680195066371603,0.0577352819237147,0.1652774399122728,0.7010309278350515,0.88375,0.9856135375815566,0.3593417161421805,0.8976610190471932,0,,ok,,2026-07-20T16:41:33.067887+00:00
adult,gaussian_copula,fresh,0.01,0,9,2000,17.6991,39.65,False,0.0357045444060033,0.9813785728449056,0.0587623534269349,0.0648197208402432,0.1915466404892489,0.7010309278350515,0.87925,0.9896452796063708,0.3695774664139751,0.8976610190471932,0,,ok,,2026-07-20T16:41:33.067887+00:00
adult,gaussian_copula,fresh,0.01,0,10,2000,18.4716,39.65,False,0.0469388049418818,1.0811914127031357,0.0734753943086858,0.0561348811498065,0.2008870840383929,0.6804123711340206,0.877,0.9895313845209212,0.3405896910412221,0.8976610190471932,0,,ok,,2026-07-20T16:41:33.067887+00:00
adult,gaussian_copula,fresh,0.01,0,11,2000,13.7164,39.65,False,0.0373994108203855,1.0334382697513924,0.0669112475906952,0.058622270591487,0.190679946692887,0.6804123711340206,0.88675,0.98556034641665,0.4051532205645224,0.8976610190471932,0,,ok,,2026-07-20T16:41:33.067887+00:00
adult,gaussian_copula,fresh,0.01,0,12,2000,15.2092,39.65,False,0.059965010842209,1.068542414945065,0.0719178633745526,0.0650178966279712,0.1513278012561784,0.6288659793814433,0.8835,0.9881675324976912,0.3870227400069995,0.8976610190471932,0,,ok,,2026-07-20T16:41:33.067887+00:00
adult,gaussian_copula,fresh,0.02,0,0,2000,12.8823,39.26,True,0.0302932455157596,1.0383456578531487,0.0379386417997787,0.0219233347153123,0.1019382978637386,0.8762886597938144,0.908,0.9740810526793098,0.686186323318817,0.8976610190471932,0,,ok,,2026-07-20T16:41:33.067887+00:00
adult,gaussian_copula,fresh,0.02,0,1,2000,13.9523,39.45,False,0.0414212822889333,0.830870724725767,0.0503608354487912,0.035189538419016,0.1333414606850615,0.8556701030927835,0.9025,0.975893710289256,0.5744637899819346,0.8976610190471932,0,,ok,,2026-07-20T16:41:33.067887+00:00
adult,gaussian_copula,fresh,0.02,0,2,2000,13.622,40.02,False,0.0405464802016831,0.7826473560120805,0.0587151268104358,0.0317829256495301,0.1474594154569669,0.8144329896907216,0.889,0.9774011776702336,0.5665788942617671,0.8976610190471932,0,,ok,,2026-07-20T16:41:33.067887+00:00
adult,gaussian_copula,fresh,0.02,0,3,2000,9.7667,39.65,False,0.0582605466315495,0.7948087020353413,0.068292862218033,0.0431193684355997,0.1604283827938762,0.8144329896907216,0.89425,0.9769306021921844,0.4932748290326341,0.8976610190471932,0,,ok,,2026-07-20T16:41:33.067887+00:00
adult,gaussian_copula,fresh,0.02,0,4,2000,12.7224,39.65,False,0.0681409127701937,0.774192192730172,0.0769672358166114,0.0405346876727473,0.1765973065396114,0.8144329896907216,0.8905,0.9799436705777388,0.4736033376155217,0.8976610190471932,0,,ok,,2026-07-20T16:41:33.067887+00:00
adult,gaussian_copula,fresh,0.02,0,5,2000,18.3464,39.65,False,0.0718211441461992,0.8050171621293293,0.0825942599212353,0.039974537037037,0.1620212894982625,0.8144329896907216,0.88725,0.9820927338150736,0.5032056094263918,0.8976610190471932,0,,ok,,2026-07-20T16:41:33.067887+00:00
adult,gaussian_copula,fresh,0.05,0,11,2000,13.2156,39.65,False,0.0513068423059372,0.8622057535788641,0.0730982815385093,0.0457103717523493,0.1832588063311885,0.7628865979381443,0.87925,0.9804765081025004,0.4496890179242169,0.8976610190471932,0,,ok,,2026-07-20T16:41:33.067887+00:00
adult,gaussian_copula,fixed,0.1,2,10,2000,16.0133,39.65,False,0.0884649576183084,1.1525979998492957,0.1046619347269514,0.0673685737976782,0.1474823603350334,0.7422680412371134,0.873,0.97966075311548,0.4625133241972405,0.8963856398033977,0,,ok,,2026-07-20T16:41:33.067887+00:00
adult,gaussian_copula,fresh,0.05,0,12,2000,14.2106,39.65,False,0.0565242783754285,0.9793034667754084,0.0680424542680906,0.0517757393587617,0.1972007772235356,0.7628865979381443,0.8835,0.9827402449258686,0.3667218036121179,0.8976610190471932,0,,ok,,2026-07-20T16:41:33.067887+00:00
adult,gaussian_copula,fresh,0.1,0,1,2000,13.326,39.45,False,0.0244720175971541,1.0796323457832275,0.0364870389665684,0.0225367606412382,0.1188384467088682,0.9278350515463918,0.902,0.9701799255024892,0.5347581411517167,0.8976610190471932,0,,ok,,2026-07-20T16:41:33.067887+00:00
adult,gaussian_copula,fresh,0.2,0,8,2000,15.238,39.65,False,0.0413758452063046,1.224847000028636,0.066087559118819,0.0422634742951907,0.1205101145770578,0.8762886597938144,0.90725,0.9712913273363184,0.5197706566198493,0.8976610190471932,0,,ok,,2026-07-20T16:41:33.067887+00:00
adult,gaussian_copula,fresh,0.2,0,9,2000,14.9393,39.65,False,0.02678215613074,1.066099070728423,0.0509493184451655,0.0348533374792703,0.1526137608166759,0.8762886597938144,0.88225,0.9719145209913694,0.5238218092112639,0.8976610190471932,0,,ok,,2026-07-20T16:41:33.067887+00:00
adult,gaussian_copula,fresh,0.2,0,10,2000,14.2786,39.65,False,0.02724687667185,0.9694615134004146,0.0440327309410315,0.0404271006080707,0.1450675438934736,0.8247422680412371,0.89,0.9688169296049014,0.5815419235072736,0.8976610190471932,0,,ok,,2026-07-20T16:41:33.067887+00:00
adult,gaussian_copula,fresh,0.2,0,11,2000,14.9881,39.65,False,0.0218269487041218,0.9252074651791564,0.0457362123622123,0.0315324419568822,0.1423366285647151,0.8350515463917526,0.9005,0.9719831612303668,0.5764980370862778,0.8976610190471932,0,,ok,,2026-07-20T16:41:33.067887+00:00
adult,gaussian_copula,fresh,0.2,0,12,2000,15.179,39.65,False,0.0407291218619052,0.9411583970787744,0.0511396303243775,0.0251052722498618,0.1178220745575938,0.8865979381443299,0.90325,0.9691222120839396,0.5898502956204843,0.8976610190471932,0,,ok,,2026-07-20T16:41:33.067887+00:00
adult,gaussian_copula,fresh,0.35,0,0,2000,12.8823,39.26,True,0.0302932455157596,1.0383456578531487,0.0379386417997787,0.0219233347153123,0.1019382978637386,0.8762886597938144,0.908,0.9740810526793098,0.686186323318817,0.8976610190471932,0,,ok,,2026-07-20T16:41:33.067887+00:00
adult,gaussian_copula,fresh,0.2,0,7,2000,15.4436,39.65,False,0.0180334071374049,1.1109332187493026,0.0425904654809594,0.0444257877280265,0.128319057032205,0.9072164948453608,0.8925,0.9752558629357112,0.5383925376365546,0.8976610190471932,0,,ok,,2026-07-20T16:41:33.067887+00:00
adult,gaussian_copula,fresh,0.35,0,1,2000,14.2075,39.45,False,0.0377508503674584,0.9693970726485016,0.0491210914453737,0.0237275428413488,0.1133948512934661,0.9175257731958762,0.905,0.9708565043850924,0.6303850311093534,0.8976610190471932,0,,ok,,2026-07-20T16:41:33.067887+00:00
adult,gaussian_copula,fresh,0.35,0,3,2000,14.3068,39.65,False,0.0206702494904303,0.935981249898791,0.0356924671189676,0.0317404643449419,0.1295032674087546,0.865979381443299,0.90225,0.9718805150283564,0.5873547090456892,0.8976610190471932,0,,ok,,2026-07-20T16:41:33.067887+00:00
adult,gaussian_copula,fresh,0.35,0,4,2000,15.5714,39.65,False,0.0338354429144398,0.9551426797458688,0.0459596277673671,0.0307153468767274,0.1398950715002236,0.865979381443299,0.89975,0.971602724194944,0.5837936128561637,0.8976610190471932,0,,ok,,2026-07-20T16:41:33.067887+00:00
adult,gaussian_copula,fresh,0.35,0,5,2000,14.4739,39.65,False,0.0325592225827857,0.993026721989932,0.0412013836443193,0.0306036829740188,0.1222090408352371,0.8865979381443299,0.901,0.9760998970689476,0.5807677465063361,0.8976610190471932,0,,ok,,2026-07-20T16:41:33.067887+00:00
adult,gaussian_copula,fresh,0.35,0,6,2000,15.5118,39.65,False,0.035901147393662,1.043109263823316,0.0434253550948615,0.0294420950801547,0.1410118212606483,0.8969072164948454,0.90175,0.9767595064388198,0.5466813061824144,0.8976610190471932,0,,ok,,2026-07-20T16:41:33.067887+00:00
adult,gaussian_copula,fresh,0.35,0,7,2000,14.6848,39.65,False,0.0330518707627255,1.1648865107709538,0.0482779463788578,0.0304109660033167,0.1413515211878911,0.8762886597938144,0.9,0.9760896629362696,0.6079362583779024,0.8976610190471932,0,,ok,,2026-07-20T16:41:33.067887+00:00
adult,gaussian_copula,fresh,0.35,0,8,2000,15.8255,39.65,False,0.0418488237976382,1.2149242734642736,0.0497504010923288,0.0344894624101713,0.103216663386518,0.8865979381443299,0.9045,0.9642079563970192,0.5855365601285994,0.8976610190471932,0,,ok,,2026-07-20T16:41:33.067887+00:00
adult,gaussian_copula,fresh,0.35,0,2,2000,14.3812,40.02,False,0.0243115790848572,1.010273580349219,0.0379337126243473,0.0274778192371475,0.1355231134863053,0.8865979381443299,0.898,0.9705966033151018,0.5946656267378497,0.8976610190471932,0,,ok,,2026-07-20T16:41:33.067887+00:00
adult,gaussian_copula,fresh,0.2,0,6,2000,15.0135,39.65,False,0.0623889772552576,1.2477160401896874,0.0770405208955383,0.0412095080154781,0.1438049065034146,0.8865979381443299,0.89525,0.9739238776863892,0.5341544299538313,0.8976610190471932,0,,ok,,2026-07-20T16:41:33.067887+00:00
adult,gaussian_copula,fresh,0.2,0,5,2000,14.7439,39.65,False,0.0333279000074459,1.0775773878021455,0.0442461629720629,0.0406668394140409,0.1475116774274215,0.8865979381443299,0.88825,0.9719394133225449,0.5359289133998316,0.8976610190471932,0,,ok,,2026-07-20T16:41:33.067887+00:00
adult,gaussian_copula,fresh,0.2,0,4,2000,15.4142,39.65,False,0.0363038067201731,1.1474970292182702,0.0591199499935178,0.0378080776672194,0.1434787238198448,0.8969072164948454,0.88875,0.97350841712469,0.5868743232999347,0.8976610190471932,0,,ok,,2026-07-20T16:41:33.067887+00:00
adult,gaussian_copula,fresh,0.1,0,2,2000,14.0307,40.02,False,0.0513785171796351,1.2205841399601371,0.0640811414003135,0.0306709853510226,0.144669461919255,0.9175257731958762,0.89725,0.9731072418237082,0.5686336628262469,0.8976610190471932,0,,ok,,2026-07-20T16:41:33.067887+00:00
adult,gaussian_copula,fresh,0.1,0,3,2000,14.1683,39.65,False,0.032030392477694,1.148840353428116,0.0499160895509378,0.0266584093421779,0.1782152888627763,0.865979381443299,0.8985,0.9783647510181545,0.5659481380085896,0.8976610190471932,0,,ok,,2026-07-20T16:41:33.067887+00:00
adult,gaussian_copula,fresh,0.1,0,4,2000,14.155,39.65,False,0.0288880073975684,0.9640627010856898,0.0473512760623742,0.0286319444444444,0.1725946917978431,0.8762886597938144,0.8985,0.9716101840755406,0.463050619295706,0.8976610190471932,0,,ok,,2026-07-20T16:41:33.067887+00:00
adult,gaussian_copula,fresh,0.1,0,5,2000,15.0996,39.65,False,0.021286045307493,0.8755586681189934,0.0504367342759985,0.0350987423991155,0.1516817545001036,0.8762886597938144,0.889,0.9725701529207572,0.5400372048171538,0.8976610190471932,0,,ok,,2026-07-20T16:41:33.067887+00:00
adult,gaussian_copula,fresh,0.1,0,6,2000,31.5003,39.65,False,0.0386151197220159,1.1929151878561013,0.0582663957192305,0.03141134604754,0.1457145466242431,0.845360824742268,0.8895,0.979814672355958,0.4338142916693492,0.8976610190471932,0,,ok,,2026-07-20T16:41:33.067887+00:00
adult,gaussian_copula,fresh,0.1,0,7,2000,23.0711,39.65,False,0.0381799484509794,1.187654788026589,0.0551551907068144,0.0384736733001658,0.145858583944557,0.8041237113402062,0.89275,0.9784848324832456,0.5376807773450424,0.8976610190471932,0,,ok,,2026-07-20T16:41:33.067887+00:00
adult,gaussian_copula,fresh,0.1,0,8,2000,15.9444,39.65,False,0.0365203319912276,0.974340383801384,0.0520750901240995,0.0389825525152017,0.153913954190696,0.8144329896907216,0.912,0.976785795458543,0.4492125004409164,0.8976610190471932,0,,ok,,2026-07-20T16:41:33.067887+00:00
adult,gaussian_copula,fresh,0.1,0,9,2000,15.051,39.65,False,0.0196563942677976,0.9806764746042934,0.0449982354983305,0.0389845563847429,0.1460408209557677,0.8247422680412371,0.894,0.9786779456281286,0.4940451705530028,0.8976610190471932,0,,ok,,2026-07-20T16:41:33.067887+00:00
adult,gaussian_copula,fresh,0.1,0,10,2000,15.7281,39.65,False,0.0284235863816422,0.9691112949808628,0.0572140568276444,0.0349666252072968,0.1604509755408568,0.7835051546391752,0.8945,0.9767779935776896,0.4773230653475411,0.8976610190471932,0,,ok,,2026-07-20T16:41:33.067887+00:00
adult,gaussian_copula,fresh,0.1,0,11,2000,15.6244,39.65,False,0.0259628983056696,0.9509264854151877,0.0725819691714643,0.0369521835268104,0.1530368482664849,0.8247422680412371,0.8785,0.9811196918975488,0.5129511721687565,0.8976610190471932,0,,ok,,2026-07-20T16:41:33.067887+00:00
adult,gaussian_copula,fresh,0.1,0,12,2000,15.9212,39.65,False,0.0298391132378861,1.011755803899122,0.062148745128193,0.0358942440574903,0.1774634993220966,0.8556701030927835,0.8925,0.9768759744011998,0.5384763609170169,0.8976610190471932,0,,ok,,2026-07-20T16:41:33.067887+00:00
adult,gaussian_copula,fresh,0.2,0,0,2000,12.8823,39.26,True,0.0302932455157596,1.0383456578531487,0.0379386417997787,0.0219233347153123,0.1019382978637386,0.8762886597938144,0.908,0.9740810526793098,0.686186323318817,0.8976610190471932,0,,ok,,2026-07-20T16:41:33.067887+00:00
adult,gaussian_copula,fresh,0.2,0,1,2000,15.3301,39.45,False,0.0330506844396546,1.136445574892076,0.0555105810459979,0.0251414455500276,0.1240494904648047,0.8969072164948454,0.9035,0.9723960275401196,0.6107113433059326,0.8976610190471932,0,,ok,,2026-07-20T16:41:33.067887+00:00
adult,gaussian_copula,fresh,0.2,0,2,2000,16.4676,40.02,False,0.0229598986784893,1.074498687272393,0.0370253610027428,0.0285168946932006,0.1331093744367965,0.8969072164948454,0.9055,0.9718203561707224,0.6452330287196852,0.8976610190471932,0,,ok,,2026-07-20T16:41:33.067887+00:00
adult,gaussian_copula,fresh,0.2,0,3,2000,16.7054,39.65,False,0.0450946029747016,1.129369806777505,0.0535825752610579,0.0263210337202874,0.1812982044995676,0.8865979381443299,0.90725,0.9699693962195396,0.5761897562378354,0.8976610190471932,0,,ok,,2026-07-20T16:41:33.067887+00:00
adult,gaussian_copula,fresh,0.1,0,0,2000,12.8823,39.26,True,0.0302932455157596,1.0383456578531487,0.0379386417997787,0.0219233347153123,0.1019382978637386,0.8762886597938144,0.908,0.9740810526793098,0.686186323318817,0.8976610190471932,0,,ok,,2026-07-20T16:41:33.067887+00:00
adult,gaussian_copula,fixed,0.1,2,11,2000,14.5763,39.65,False,0.1231473454110199,1.195032316191324,0.1312983916745302,0.0629698383084577,0.158756322638427,0.7216494845360825,0.89,0.9785291845165208,0.5093683088074566,0.8963856398033977,0,,ok,,2026-07-20T16:41:33.067887+00:00
adult,gaussian_copula,fixed,0.1,2,12,2000,15.5394,39.65,False,0.1085273036514103,1.1104125569987655,0.1220962056180842,0.0622059494195688,0.158732428654537,0.711340206185567,0.882,0.980775922577136,0.4837219582114885,0.8963856398033977,0,,ok,,2026-07-20T16:41:33.067887+00:00
adult,gaussian_copula,fixed,0.2,2,0,2000,12.5698,39.26,True,0.0346927483584357,1.2088185168821772,0.0527387800925328,0.0257745646766169,0.0798717127594514,0.8556701030927835,0.893,0.9673003694046022,0.7084978710788112,0.8963856398033977,0,,ok,,2026-07-20T16:41:33.067887+00:00
credit-g,gaussian_copula,fresh,0.1,0,8,2000,3.814,24.21,False,0.0502901012362917,0.9467995169286026,0.0890784359339095,0.0503846153846153,0.2060494070395909,1.0,0.95,0.6824257275359971,0.6225000000000002,0.825,0,,ok,,2026-07-20T16:41:33.067887+00:00
credit-g,gaussian_copula,fresh,0.1,0,9,2000,3.6429,24.21,False,0.0669038897323607,0.9507061546336472,0.0944932386408755,0.0448076923076923,0.2192016798092906,1.0,0.94,0.6253411819239397,0.5963095238095237,0.825,0,,ok,,2026-07-20T16:41:33.067887+00:00
credit-g,gaussian_copula,fresh,0.1,0,10,2000,3.4397,24.21,False,0.06391753600528,0.9563963728264538,0.093658160483808,0.0432692307692307,0.1973672249188588,1.0,0.905,0.6195233691335273,0.6361904761904761,0.825,0,,ok,,2026-07-20T16:41:33.067887+00:00
credit-g,gaussian_copula,fresh,0.1,0,11,2000,2.6809,24.21,False,0.0689131051766611,0.9843701305497264,0.089218265104364,0.0503076923076923,0.1973087938601621,1.0,0.93,0.6558984813607224,0.594404761904762,0.825,0,,ok,,2026-07-20T16:41:33.067887+00:00
credit-g,gaussian_copula,fresh,0.1,0,12,2000,2.7999,24.21,False,0.0466825470575141,0.9714958459024728,0.0887646134584146,0.0514999999999999,0.214936991237292,1.0,0.955,0.5900242118219396,0.7167857142857144,0.825,0,,ok,,2026-07-20T16:41:33.067887+00:00
credit-g,gaussian_copula,fresh,0.2,0,0,2000,4.2879,23.75,True,0.0502706727314669,0.9372217797384668,0.0834228686259316,0.0417307692307692,0.1667646829784364,1.0,0.945,0.6185192310721382,0.6235714285714286,0.825,0,,ok,,2026-07-20T16:41:33.067887+00:00
credit-g,gaussian_copula,fresh,0.1,0,7,2000,3.0244,24.21,False,0.0461350287142176,0.950470623871536,0.0852284271838983,0.0493461538461538,0.1929326779215438,1.0,0.955,0.6225700983999046,0.5416666666666667,0.825,0,,ok,,2026-07-20T16:41:33.067887+00:00
credit-g,gaussian_copula,fresh,0.2,0,1,2000,3.3696,23.98,False,0.0480703043111109,0.92935883911362,0.0855424657293764,0.0384615384615384,0.178262011588209,1.0,0.96,0.6553820675005794,0.6379761904761905,0.825,0,,ok,,2026-07-20T16:41:33.067887+00:00
credit-g,gaussian_copula,fresh,0.2,0,3,2000,3.9029,24.21,False,0.0637831492846974,0.9395848109678588,0.102554552097974,0.038076923076923,0.1710050629946718,1.0,0.895,0.6910123736811196,0.6548809523809523,0.825,0,,ok,,2026-07-20T16:41:33.067887+00:00
credit-g,gaussian_copula,fresh,0.2,0,4,2000,3.5944,24.21,False,0.0540636592534457,0.9323554711650952,0.0888399500238951,0.0443846153846153,0.1984632836807184,1.0,0.945,0.599060329289779,0.5830952380952381,0.825,0,,ok,,2026-07-20T16:41:33.067887+00:00
credit-g,gaussian_copula,fresh,0.2,0,5,2000,3.528,24.21,False,0.0466100898493532,0.9128965826352496,0.0986836130627299,0.0436153846153846,0.1827772295584076,1.0,0.945,0.5577348445470521,0.6141666666666667,0.825,0,,ok,,2026-07-20T16:41:33.067887+00:00
credit-g,gaussian_copula,fresh,0.2,0,6,2000,3.4414,24.21,False,0.0469625477973127,0.9307534780946082,0.0913828380100424,0.0406538461538461,0.1803327090158167,1.0,0.94,0.5860211605923346,0.6378571428571428,0.825,0,,ok,,2026-07-20T16:41:33.067887+00:00
credit-g,gaussian_copula,fresh,0.2,0,7,2000,5.6414,24.21,False,0.0586064287943443,0.8927295552805626,0.1024491995383577,0.0427307692307692,0.2001136303797204,1.0,0.95,0.5977850458246984,0.6357142857142857,0.825,0,,ok,,2026-07-20T16:41:33.067887+00:00
credit-g,gaussian_copula,fresh,0.2,0,8,2000,6.8966,24.21,False,0.0481229108920077,0.9262275641942836,0.1016223200812779,0.0468076923076923,0.184394986726537,1.0,0.95,0.6698832837170997,0.6142857142857142,0.825,0,,ok,,2026-07-20T16:41:33.067887+00:00
credit-g,gaussian_copula,fresh,0.2,0,2,2000,3.1669,24.21,False,0.0533149225101234,0.906801555519614,0.090601654767167,0.0408461538461538,0.1416600524735217,1.0,0.97,0.6171955689665647,0.6828571428571428,0.825,0,,ok,,2026-07-20T16:41:33.067887+00:00
credit-g,gaussian_copula,fresh,0.2,0,9,2000,14.4016,24.21,False,0.0548500075208527,0.8969210407241809,0.0996237380809113,0.0473461538461538,0.1713857807263819,1.0,0.925,0.6605698328799242,0.6063095238095237,0.825,0,,ok,,2026-07-20T16:41:33.067887+00:00
credit-g,gaussian_copula,fresh,0.1,0,6,2000,2.3707,24.21,False,0.0368873586381188,0.927027122249429,0.0711197491925173,0.0365384615384615,0.1780180331432793,1.0,0.935,0.5751449671587787,0.5302380952380953,0.825,0,,ok,,2026-07-20T16:41:33.067887+00:00
credit-g,gaussian_copula,fresh,0.1,0,4,2000,3.5759,24.21,False,0.0484923531137569,0.9296418147913448,0.0850775329502987,0.0426538461538461,0.2158129459060431,1.0,0.935,0.6314841441818496,0.6232142857142858,0.825,0,,ok,,2026-07-20T16:41:33.067887+00:00
credit-g,gaussian_copula,fresh,0.05,0,3,2000,4.8548,24.21,False,0.0783121127118515,0.95598720897234,0.0997045735626562,0.0556923076923076,0.2059086968558286,1.0,0.91,0.7316560571182981,0.5652380952380953,0.825,0,,ok,,2026-07-20T16:41:33.067887+00:00
credit-g,gaussian_copula,fresh,0.05,0,4,2000,4.427,24.21,False,0.0730965764905165,0.8984425922945053,0.1051738317656216,0.0543076923076923,0.2028863618708197,1.0,0.895,0.6469079298217191,0.6035714285714285,0.825,0,,ok,,2026-07-20T16:41:33.067887+00:00
credit-g,gaussian_copula,fresh,0.05,0,5,2000,3.3522,24.21,False,0.0680194015951414,0.951109202122852,0.1114383771315331,0.0525384615384615,0.237115421394805,1.0,0.935,0.6864040269030244,0.550952380952381,0.825,0,,ok,,2026-07-20T16:41:33.067887+00:00
credit-g,gaussian_copula,fresh,0.05,0,6,2000,2.9614,24.21,False,0.0775521522986437,0.9418887791371046,0.1171250666653314,0.0496923076923077,0.2468949449690319,1.0,0.93,0.7156438521998781,0.5764285714285715,0.825,0,,ok,,2026-07-20T16:41:33.067887+00:00
credit-g,gaussian_copula,fresh,0.05,0,7,2000,2.9008,24.21,False,0.0772074229623148,0.9515269256705192,0.1076731399931412,0.0508076923076923,0.2619772941595309,1.0,0.915,0.6723370933662758,0.5510714285714287,0.825,0,,ok,,2026-07-20T16:41:33.067887+00:00
credit-g,gaussian_copula,fresh,0.05,0,8,2000,3.023,24.21,False,0.0618791918932684,0.965453064102084,0.1100158404049393,0.0493461538461538,0.2535519524596571,1.0,0.925,0.6718420561147226,0.5698809523809524,0.825,0,,ok,,2026-07-20T16:41:33.067887+00:00
credit-g,gaussian_copula,fresh,0.1,0,5,2000,3.3565,24.21,False,0.062907886460518,0.9020032361386032,0.0870287938780308,0.0439230769230769,0.1817666788657879,1.0,0.9,0.6188078152881004,0.6129761904761905,0.825,0,,ok,,2026-07-20T16:41:33.067887+00:00
credit-g,gaussian_copula,fresh,0.05,0,9,2000,4.9345,24.21,False,0.0570719670682256,0.9658366322724312,0.1088758757624676,0.0483846153846154,0.2575766084817994,1.0,0.91,0.7442153772071348,0.5552380952380953,0.825,0,,ok,,2026-07-20T16:41:33.067887+00:00
credit-g,gaussian_copula,fresh,0.05,0,11,2000,4.0544,24.21,False,0.0553460865811634,0.9801624543029156,0.108002617096942,0.0564230769230769,0.2623876532984243,1.0,0.93,0.6763682717124464,0.6273809523809523,0.825,0,,ok,,2026-07-20T16:41:33.067887+00:00
credit-g,gaussian_copula,fresh,0.05,0,12,2000,5.4208,24.21,False,0.0703475024946361,0.9906473901213848,0.1114700445133027,0.053076923076923,0.2350829397551376,1.0,0.935,0.7058612410583897,0.6294047619047619,0.825,0,,ok,,2026-07-20T16:41:33.067887+00:00
credit-g,gaussian_copula,fresh,0.1,0,0,2000,4.2879,23.75,True,0.0502706727314669,0.9372217797384668,0.0834228686259316,0.0417307692307692,0.1667646829784364,1.0,0.945,0.6185192310721382,0.6235714285714286,0.825,0,,ok,,2026-07-20T16:41:33.067887+00:00
credit-g,gaussian_copula,fresh,0.1,0,1,2000,2.8907,23.98,False,0.0581781346899426,0.9214552288373552,0.0931520092582302,0.0444615384615384,0.168670994075812,1.0,0.94,0.5665318815240847,0.6445238095238095,0.825,0,,ok,,2026-07-20T16:41:33.067887+00:00
credit-g,gaussian_copula,fresh,0.1,0,2,2000,3.3234,24.21,False,0.059231289016991,0.9618119856816908,0.0900948936367364,0.041576923076923,0.1616188877826832,1.0,0.95,0.6122738861099298,0.6399999999999999,0.825,0,,ok,,2026-07-20T16:41:33.067887+00:00
credit-g,gaussian_copula,fresh,0.1,0,3,2000,3.9449,24.21,False,0.0765383177658335,0.9295887155544904,0.0978896633939666,0.0447692307692307,0.191775833606321,1.0,0.93,0.6015557670714722,0.6428571428571429,0.825,0,,ok,,2026-07-20T16:41:33.067887+00:00
credit-g,gaussian_copula,fresh,0.05,0,10,2000,3.6928,24.21,False,0.070391669358591,0.9566175939640986,0.1132067269726206,0.0602307692307692,0.2665903495496896,1.0,0.925,0.6699519138815195,0.5214285714285714,0.825,0,,ok,,2026-07-20T16:41:33.067887+00:00
credit-g,gaussian_copula,fresh,0.2,0,10,2000,3.8282,24.21,False,0.0610818751282605,0.8858763320891507,0.1037810598378366,0.0458461538461538,0.1801009575861955,1.0,0.91,0.5889638195274195,0.6323809523809524,0.825,0,,ok,,2026-07-20T16:41:33.067887+00:00
credit-g,gaussian_copula,fresh,0.2,0,11,2000,5.2049,24.21,False,0.0626953729831585,0.9060716983059534,0.0973187723337831,0.0445384615384615,0.1764317775646754,1.0,0.95,0.6615306551818024,0.6184523809523811,0.825,0,,ok,,2026-07-20T16:41:33.067887+00:00
credit-g,gaussian_copula,fresh,0.2,0,12,2000,2.7748,24.21,False,0.0711658363906095,0.9212229429461506,0.0971629408761202,0.0532307692307692,0.1693161750124829,1.0,0.915,0.6813726482917839,0.6549999999999999,0.825,0,,ok,,2026-07-20T16:41:33.067887+00:00
credit-g,gaussian_copula,fresh,0.5,0,6,2000,2.9737,24.21,False,0.0378291231882081,0.9368049897181692,0.0753454814204997,0.0412307692307692,0.1403669382339613,1.0,0.95,0.5680473705646351,0.6716666666666666,0.825,0,,ok,,2026-07-20T16:41:33.067887+00:00
credit-g,gaussian_copula,fresh,0.5,0,7,2000,2.5854,24.21,False,0.0300488631244888,0.9498012171932186,0.0770421425330596,0.0404615384615384,0.1462200035639894,1.0,0.93,0.5734432766065647,0.639047619047619,0.825,0,,ok,,2026-07-20T16:41:33.067887+00:00
credit-g,gaussian_copula,fresh,0.5,0,8,2000,3.5858,24.21,False,0.0509797167207814,0.9410828957531512,0.0896030772677068,0.0413076923076923,0.1528673038194602,1.0,0.935,0.5619679755901632,0.6604761904761904,0.825,0,,ok,,2026-07-20T16:41:33.067887+00:00
credit-g,gaussian_copula,fresh,0.5,0,9,2000,3.0608,24.21,False,0.0563798301224625,0.9002451475592449,0.0858099135583538,0.0482307692307692,0.1553483463126692,1.0,0.96,0.5955838176822806,0.677142857142857,0.825,0,,ok,,2026-07-20T16:41:33.067887+00:00
credit-g,gaussian_copula,fresh,0.5,0,10,2000,2.8385,24.21,False,0.0591071932193362,0.914481163821678,0.0881730847886426,0.0431923076923076,0.1714135270310182,1.0,0.925,0.5722281851709341,0.6628571428571427,0.825,0,,ok,,2026-07-20T16:41:33.067887+00:00
credit-g,gaussian_copula,fresh,0.5,0,11,2000,2.085,24.21,False,0.0644769275823455,0.9159851056050144,0.0989195512706454,0.0374230769230769,0.1620523219375732,1.0,0.925,0.5352522777338994,0.6260714285714286,0.825,0,,ok,,2026-07-20T16:41:33.067887+00:00
credit-g,gaussian_copula,fresh,0.5,0,5,2000,4.7128,24.21,False,0.0407756526735863,0.9461107448873726,0.0687223862529136,0.0483846153846153,0.1570963992382699,1.0,0.93,0.5993280994394828,0.7069047619047619,0.825,0,,ok,,2026-07-20T16:41:33.067887+00:00
credit-g,gaussian_copula,fresh,0.5,0,12,2000,3.6598,24.21,False,0.0619997598144051,0.9293087826266114,0.0938939834099891,0.0412307692307692,0.138697458728269,1.0,0.925,0.5961761747571505,0.5985714285714285,0.825,0,,ok,,2026-07-20T16:41:33.067887+00:00
credit-g,gaussian_copula,fresh,0.75,0,1,2000,3.4851,23.98,False,0.0491622704679344,0.94931563720362,0.0814418503046747,0.0424999999999999,0.1453969111682427,1.0,0.905,0.5541289482033523,0.704047619047619,0.825,0,,ok,,2026-07-20T16:41:33.067887+00:00
credit-g,gaussian_copula,fresh,0.75,0,2,2000,2.5395,24.21,False,0.0557112478115185,0.9335206233252976,0.0912573363989649,0.0451153846153846,0.1342384905629869,1.0,0.96,0.5417586423378359,0.7008333333333334,0.825,0,,ok,,2026-07-20T16:41:33.067887+00:00
credit-g,gaussian_copula,fresh,0.75,0,3,2000,3.7254,24.21,False,0.0453214687194468,0.9488494572930042,0.0773788885538733,0.0388846153846153,0.139337841862811,1.0,0.93,0.6132678984093552,0.6839285714285713,0.825,0,,ok,,2026-07-20T16:41:33.067887+00:00
credit-g,gaussian_copula,fresh,0.75,0,4,2000,3.5186,24.21,False,0.0427181490624729,0.9385431587589264,0.0841577546036848,0.0472692307692307,0.1478757112503499,1.0,0.945,0.5799046378239963,0.6411904761904761,0.825,0,,ok,,2026-07-20T16:41:33.067887+00:00
credit-g,gaussian_copula,fresh,0.75,0,5,2000,3.2972,24.21,False,0.0553032159496248,0.963158531311817,0.0832453546726205,0.042576923076923,0.1500131107563492,1.0,0.945,0.5207938147345588,0.6391666666666668,0.825,0,,ok,,2026-07-20T16:41:33.067887+00:00
credit-g,gaussian_copula,fresh,0.75,0,6,2000,2.8223,24.21,False,0.0605254254282988,0.9526789510690888,0.0933639860292163,0.0463461538461538,0.1612066636786445,1.0,0.91,0.6314042631708037,0.7034523809523809,0.825,0,,ok,,2026-07-20T16:41:33.067887+00:00
credit-g,gaussian_copula,fresh,0.75,0,0,2000,4.2879,23.75,True,0.0502706727314669,0.9372217797384668,0.0834228686259316,0.0417307692307692,0.1667646829784364,1.0,0.945,0.6185192310721382,0.6235714285714286,0.825,0,,ok,,2026-07-20T16:41:33.067887+00:00
credit-g,gaussian_copula,fresh,0.5,0,4,2000,2.6763,24.21,False,0.0693344211882468,0.972485091897084,0.0916955509924241,0.0407307692307692,0.1582625494751816,1.0,0.95,0.5414953725267827,0.6339285714285714,0.825,0,,ok,,2026-07-20T16:41:33.067887+00:00
credit-g,gaussian_copula,fresh,0.5,0,3,2000,2.9492,24.21,False,0.0717163380257931,0.9143464098782916,0.0917737905737428,0.0439615384615384,0.1645657061547581,1.0,0.94,0.5743500948446371,0.6786904761904762,0.825,0,,ok,,2026-07-20T16:41:33.067887+00:00
credit-g,gaussian_copula,fresh,0.5,0,2,2000,2.6238,24.21,False,0.06775855308691,0.9184151995891778,0.0987426830106778,0.0405384615384615,0.1608076555419052,1.0,0.92,0.6431906500964196,0.6760714285714285,0.825,0,,ok,,2026-07-20T16:41:33.067887+00:00
credit-g,gaussian_copula,fresh,0.35,0,0,2000,4.2879,23.75,True,0.0502706727314669,0.9372217797384668,0.0834228686259316,0.0417307692307692,0.1667646829784364,1.0,0.945,0.6185192310721382,0.6235714285714286,0.825,0,,ok,,2026-07-20T16:41:33.067887+00:00
credit-g,gaussian_copula,fresh,0.35,0,1,2000,2.6993,23.98,False,0.0465970472463032,0.9232003373968294,0.0845663812631753,0.041076923076923,0.146813118731601,1.0,0.93,0.5708983350997162,0.6285714285714286,0.825,0,,ok,,2026-07-20T16:41:33.067887+00:00
credit-g,gaussian_copula,fresh,0.35,0,2,2000,2.9403,24.21,False,0.0556070398665264,0.9134307350134724,0.0846999310524177,0.0422692307692307,0.1805392726254007,1.0,0.935,0.5172385472006769,0.6189285714285714,0.825,0,,ok,,2026-07-20T16:41:33.067887+00:00
credit-g,gaussian_copula,fresh,0.35,0,3,2000,2.5804,24.21,False,0.0539621164320225,0.9105291492100256,0.0816892885170178,0.037,0.1554160230465151,1.0,0.95,0.6489274567911235,0.6864285714285714,0.825,0,,ok,,2026-07-20T16:41:33.067887+00:00
credit-g,gaussian_copula,fresh,0.35,0,4,2000,4.0662,24.21,False,0.0438511547607638,0.962066056406171,0.0871804653647251,0.0382692307692307,0.1654657480504621,1.0,0.925,0.6523623402661051,0.6523809523809524,0.825,0,,ok,,2026-07-20T16:41:33.067887+00:00
credit-g,gaussian_copula,fresh,0.35,0,5,2000,3.5827,24.21,False,0.0566637693030416,0.944996954076874,0.0992599648156687,0.0377307692307692,0.1713772386258248,1.0,0.92,0.5654034216074759,0.6004761904761905,0.825,0,,ok,,2026-07-20T16:41:33.067887+00:00
credit-g,gaussian_copula,fresh,0.35,0,6,2000,3.511,24.21,False,0.0574978410785538,0.9654710632323604,0.0968754923330991,0.0389999999999999,0.1446499932948717,1.0,0.955,0.6312613774186507,0.6263095238095238,0.825,0,,ok,,2026-07-20T16:41:33.067887+00:00
credit-g,gaussian_copula,fresh,0.35,0,7,2000,4.211,24.21,False,0.067687730296703,0.92884168552825,0.0918838681228042,0.038076923076923,0.1647601473191386,1.0,0.965,0.5958268359694067,0.5476190476190476,0.825,0,,ok,,2026-07-20T16:41:33.067887+00:00
credit-g,gaussian_copula,fresh,0.35,0,8,2000,3.5599,24.21,False,0.0626721730922015,0.9430104744939222,0.09348645875907,0.0453461538461538,0.1577633282666047,1.0,0.885,0.5812401133185272,0.6525000000000001,0.825,0,,ok,,2026-07-20T16:41:33.067887+00:00
credit-g,gaussian_copula,fresh,0.35,0,9,2000,3.8362,24.21,False,0.0497902507062764,0.942059921556604,0.0869023829396015,0.045576923076923,0.1582938289169875,1.0,0.94,0.6459887356523578,0.6333333333333333,0.825,0,,ok,,2026-07-20T16:41:33.067887+00:00
credit-g,gaussian_copula,fresh,0.35,0,10,2000,2.7675,24.21,False,0.0467222049170268,0.9343777918893734,0.0903997675773565,0.0445384615384615,0.1404166797033486,1.0,0.895,0.5900157736869699,0.6810714285714287,0.825,0,,ok,,2026-07-20T16:41:33.067887+00:00
credit-g,gaussian_copula,fresh,0.35,0,11,2000,2.6428,24.21,False,0.0676282612691093,0.938569148240835,0.1014646164483469,0.0477692307692307,0.1573302804964031,1.0,0.935,0.5905085607691979,0.670952380952381,0.825,0,,ok,,2026-07-20T16:41:33.067887+00:00
credit-g,gaussian_copula,fresh,0.35,0,12,2000,2.9261,24.21,False,0.0592281666197836,0.9734972080699972,0.0842979946768824,0.0393846153846153,0.1468691465692393,1.0,0.92,0.6423074586362624,0.6742857142857143,0.825,0,,ok,,2026-07-20T16:41:33.067887+00:00
credit-g,gaussian_copula,fresh,0.5,0,0,2000,4.2879,23.75,True,0.0502706727314669,0.9372217797384668,0.0834228686259316,0.0417307692307692,0.1667646829784364,1.0,0.945,0.6185192310721382,0.6235714285714286,0.825,0,,ok,,2026-07-20T16:41:33.067887+00:00
credit-g,gaussian_copula,fresh,0.5,0,1,2000,2.2205,23.98,False,0.090913361926934,0.8841669013355004,0.1167514408546446,0.0457307692307692,0.167677969114117,1.0,0.93,0.6237840647508724,0.6310714285714286,0.825,0,,ok,,2026-07-20T16:41:33.067887+00:00
credit-g,gaussian_copula,fresh,0.05,0,2,2000,4.9012,24.21,False,0.070518510491018,0.9078392233276266,0.0946846178983446,0.0519615384615384,0.1845067382400007,1.0,0.91,0.6642286082027672,0.5530952380952382,0.825,0,,ok,,2026-07-20T16:41:33.067887+00:00
credit-g,gaussian_copula,fresh,0.75,0,7,2000,2.145,24.21,False,0.0686175250439725,0.9305048665660928,0.1053997336189796,0.0444999999999999,0.131080708782539,1.0,0.91,0.5893879764452274,0.7166666666666667,0.825,0,,ok,,2026-07-20T16:41:33.067887+00:00
credit-g,gaussian_copula,fresh,0.05,0,1,2000,3.3506,23.98,False,0.0682248392201762,0.9174444571694124,0.0927506239963076,0.0515,0.1672050650499967,1.0,0.94,0.617221445913805,0.6089285714285715,0.825,0,,ok,,2026-07-20T16:41:33.067887+00:00
credit-g,gaussian_copula,fresh,0.02,0,12,2000,3.7208,24.21,False,0.0969367888627172,1.0015009062730929,0.1379236846503142,0.0679230769230769,0.2428617659738891,1.0,0.92,0.7099554241456669,0.5530952380952381,0.825,0,,ok,,2026-07-20T16:41:33.067887+00:00
credit-g,gaussian_copula,fixed,1.0,0,0,2000,4.2879,23.75,True,0.0502706727314669,0.9372217797384668,0.0834228686259316,0.0417307692307692,0.1667646829784364,1.0,0.945,0.6185192310721382,0.6235714285714286,0.825,0,,ok,,2026-07-20T16:41:33.067887+00:00
credit-g,gaussian_copula,fixed,1.0,0,1,2000,5.0412,23.98,False,0.0655330716572877,0.9600727105700374,0.0975321567595393,0.0402692307692307,0.1350081484214796,1.0,0.92,0.6583905438884277,0.7115476190476191,0.825,0,,ok,,2026-07-20T16:41:33.067887+00:00
credit-g,gaussian_copula,fixed,1.0,0,2,2000,3.1497,24.21,False,0.0659614535775864,0.9330710867184274,0.0993775878767722,0.0423076923076923,0.1436364174430565,1.0,0.945,0.5739034362335765,0.634047619047619,0.825,0,,ok,,2026-07-20T16:41:33.067887+00:00
credit-g,gaussian_copula,fixed,1.0,0,3,2000,4.6877,24.21,False,0.0750815004912363,0.9522966595277698,0.1046543804831524,0.0420384615384615,0.1473880362458736,1.0,0.94,0.6491912891445081,0.6958333333333334,0.825,0,,ok,,2026-07-20T16:41:33.067887+00:00
credit-g,gaussian_copula,fixed,1.0,0,4,2000,3.6598,24.21,False,0.0646892650065081,0.9205354987776462,0.1058783735739592,0.0423076923076923,0.1285766569984402,1.0,0.905,0.5618014630600953,0.7091666666666667,0.825,0,,ok,,2026-07-20T16:41:33.067887+00:00
credit-g,gaussian_copula,fixed,1.0,0,5,2000,3.126,24.21,False,0.0609475078544242,0.9358678044535031,0.0939357130233217,0.047576923076923,0.1314456925419275,1.0,0.915,0.5899842713164166,0.7008333333333333,0.825,0,,ok,,2026-07-20T16:41:33.067887+00:00
credit-g,gaussian_copula,fixed,0.75,0,12,2000,4.7934,24.21,False,0.0638886763738287,0.9257338975964056,0.0795643590834201,0.0471923076923077,0.1396486461305266,1.0,0.92,0.5692315221720435,0.6223809523809525,0.825,0,,ok,,2026-07-20T16:41:33.067887+00:00
credit-g,gaussian_copula,fixed,1.0,0,6,2000,3.686,24.21,False,0.0571858094974908,0.961124544115698,0.0970858073649644,0.0387307692307692,0.1124980736775466,1.0,0.93,0.5839605680327444,0.6489285714285714,0.825,0,,ok,,2026-07-20T16:41:33.067887+00:00
credit-g,gaussian_copula,fixed,1.0,0,8,2000,2.635,24.21,False,0.0502231100375245,0.94016057123698,0.0900167994545642,0.0401153846153846,0.1263484767360848,1.0,0.935,0.553546716890446,0.6261904761904762,0.825,0,,ok,,2026-07-20T16:41:33.067887+00:00
credit-g,gaussian_copula,fixed,1.0,0,9,2000,3.1675,24.21,False,0.060710442372128,0.9620659139039224,0.0980495279394483,0.0421153846153846,0.1305885183912331,1.0,0.93,0.5662843628983082,0.6732142857142858,0.825,0,,ok,,2026-07-20T16:41:33.067887+00:00
credit-g,gaussian_copula,fixed,1.0,0,10,2000,3.6522,24.21,False,0.0566856538663873,0.9578698569609528,0.0964973153932155,0.0416923076923077,0.1494892537836287,1.0,0.94,0.5328580975718422,0.6772619047619047,0.825,0,,ok,,2026-07-20T16:41:33.067887+00:00
credit-g,gaussian_copula,fixed,1.0,0,11,2000,1.9919,24.21,False,0.0643240745600903,0.9382414990089136,0.1021651609588916,0.0408461538461538,0.1308721780904302,1.0,0.935,0.5442878326594076,0.7091666666666667,0.825,0,,ok,,2026-07-20T16:41:33.067887+00:00
credit-g,gaussian_copula,fixed,1.0,0,12,2000,2.8074,24.21,False,0.0568871425036373,0.9394397835308272,0.0978458209021266,0.0396153846153846,0.1300749382700322,1.0,0.925,0.5890780156206755,0.679404761904762,0.825,0,,ok,,2026-07-20T16:41:33.067887+00:00
credit-g,gaussian_copula,fresh,0.0,0,0,2000,4.2879,23.75,True,0.0502706727314669,0.9372217797384668,0.0834228686259316,0.0417307692307692,0.1667646829784364,1.0,0.945,0.6185192310721382,0.6235714285714286,0.825,0,,ok,,2026-07-20T16:41:33.067887+00:00
credit-g,gaussian_copula,fixed,1.0,0,7,2000,3.2383,24.21,False,0.058361259990604,0.9330482183499048,0.0933670911106558,0.0406538461538461,0.1417203631625802,1.0,0.935,0.6129793141933931,0.6183333333333333,0.825,0,,ok,,2026-07-20T16:41:33.067887+00:00
credit-g,gaussian_copula,fresh,0.0,0,1,2000,5.4559,23.98,False,0.0582710858215556,0.931059796437622,0.0910076804763077,0.043076923076923,0.1830913750071631,1.0,0.93,0.5995069879008396,0.6077380952380953,0.825,0,,ok,,2026-07-20T16:41:33.067887+00:00
credit-g,gaussian_copula,fixed,0.75,0,11,2000,4.6532,24.21,False,0.0431797552496337,0.9402559017969878,0.0775635801508908,0.0411923076923076,0.138714139209649,1.0,0.94,0.5600575818330329,0.6858333333333334,0.825,0,,ok,,2026-07-20T16:41:33.067887+00:00
credit-g,gaussian_copula,fixed,0.75,0,9,2000,5.8375,24.21,False,0.0480344192510843,0.9284698995557116,0.0901428321659069,0.044576923076923,0.1470749216895425,1.0,0.9,0.6396297571392248,0.7363095238095237,0.825,0,,ok,,2026-07-20T16:41:33.067887+00:00
credit-g,gaussian_copula,fixed,0.5,0,8,2000,2.8065,24.21,False,0.0783310419096374,0.8706369004270315,0.1106437451835677,0.0461153846153846,0.1583913384321409,1.0,0.935,0.6220694357250384,0.6205952380952381,0.825,0,,ok,,2026-07-20T16:41:33.067887+00:00
credit-g,gaussian_copula,fixed,0.5,0,9,2000,4.1897,24.21,False,0.0590610625742557,0.8886668889470045,0.0894845967738438,0.0410384615384615,0.1548590074597953,1.0,0.95,0.6344419917598799,0.638095238095238,0.825,0,,ok,,2026-07-20T16:41:33.067887+00:00
credit-g,gaussian_copula,fixed,0.5,0,10,2000,6.7394,24.21,False,0.0560734349655953,0.9078574819529864,0.0922568593326579,0.0502307692307692,0.1490912456842342,1.0,0.93,0.6069826129416239,0.6217857142857143,0.825,0,,ok,,2026-07-20T16:41:33.067887+00:00
credit-g,gaussian_copula,fixed,0.5,0,11,2000,7.1139,24.21,False,0.0738261273809952,0.9045263097682896,0.1133280794795036,0.0498461538461538,0.159560642024176,1.0,0.92,0.6026020958077095,0.6760714285714285,0.825,0,,ok,,2026-07-20T16:41:33.067887+00:00
credit-g,gaussian_copula,fixed,0.5,0,12,2000,3.3202,24.21,False,0.0722128749390187,0.916880444700219,0.0949481796901077,0.0462307692307692,0.1501866074854835,1.0,0.925,0.5400338875500381,0.6158333333333333,0.825,0,,ok,,2026-07-20T16:41:33.067887+00:00
credit-g,gaussian_copula,fixed,0.75,0,0,2000,4.2879,23.75,True,0.0502706727314669,0.9372217797384668,0.0834228686259316,0.0417307692307692,0.1667646829784364,1.0,0.945,0.6185192310721382,0.6235714285714286,0.825,0,,ok,,2026-07-20T16:41:33.067887+00:00
credit-g,gaussian_copula,fixed,0.75,0,10,2000,6.5433,24.21,False,0.0423610550468545,0.9513687343288324,0.0726664746588437,0.0447692307692307,0.1207742550018012,1.0,0.96,0.5871029294954445,0.6710714285714285,0.825,0,,ok,,2026-07-20T16:41:33.067887+00:00
credit-g,gaussian_copula,fixed,0.75,0,1,2000,3.0756,23.98,False,0.0613840546033368,0.9327307568480382,0.0867651622162854,0.046,0.1565759469218141,1.0,0.965,0.5942427167644365,0.679642857142857,0.825,0,,ok,,2026-07-20T16:41:33.067887+00:00
credit-g,gaussian_copula,fixed,0.75,0,3,2000,2.934,24.21,False,0.0519785495045252,0.9218215793598772,0.0760492534738128,0.0468461538461538,0.1318689485856719,1.0,0.895,0.5917146515275274,0.6911904761904762,0.825,0,,ok,,2026-07-20T16:41:33.067887+00:00
credit-g,gaussian_copula,fixed,0.75,0,4,2000,2.3409,24.21,False,0.0459789325672769,0.9598151490406568,0.0689435394412582,0.0408076923076923,0.138178239808714,1.0,0.95,0.5917208394931718,0.7226190476190476,0.825,0,,ok,,2026-07-20T16:41:33.067887+00:00
credit-g,gaussian_copula,fixed,0.75,0,5,2000,5.6704,24.21,False,0.052494864315626,0.9641551189505152,0.0752780857601903,0.0474230769230769,0.1366482957852363,1.0,0.91,0.5970171755424596,0.6273809523809524,0.825,0,,ok,,2026-07-20T16:41:33.067887+00:00
credit-g,gaussian_copula,fixed,0.75,0,6,2000,4.1186,24.21,False,0.0646336620940594,0.9265668280250172,0.0892021734470019,0.048076923076923,0.1604497488956934,1.0,0.97,0.5520542920854794,0.6147619047619047,0.825,0,,ok,,2026-07-20T16:41:33.067887+00:00
credit-g,gaussian_copula,fixed,0.75,0,7,2000,3.6094,24.21,False,0.0476349846696463,0.9478056321867644,0.0728064047436938,0.0424230769230769,0.1457813226099454,1.0,0.945,0.5565411297200115,0.6626190476190477,0.825,0,,ok,,2026-07-20T16:41:33.067887+00:00
credit-g,gaussian_copula,fixed,0.75,0,8,2000,2.4154,24.21,False,0.069443554169869,0.9259836729000384,0.0932896013819506,0.0446538461538461,0.135250716195099,1.0,0.94,0.5639824396785857,0.671904761904762,0.825,0,,ok,,2026-07-20T16:41:33.067887+00:00
credit-g,gaussian_copula,fixed,0.75,0,2,2000,4.5246,24.21,False,0.050349327619898,0.9247180330390168,0.0845992782932088,0.0451923076923077,0.1586584654156194,1.0,0.94,0.636587528211498,0.6113095238095239,0.825,0,,ok,,2026-07-20T16:41:33.067887+00:00
credit-g,gaussian_copula,fresh,0.0,0,2,2000,4.3092,24.21,False,0.0676543248229311,0.9343852640871776,0.0994584956953991,0.0415384615384615,0.1944148197737338,1.0,0.96,0.6391752229355259,0.6592857142857144,0.825,0,,ok,,2026-07-20T16:41:33.067887+00:00
credit-g,gaussian_copula,fresh,0.0,0,3,2000,7.2171,24.21,False,0.0629746667542475,0.9339276756135054,0.0986810680276735,0.0429615384615384,0.2275789203085444,1.0,0.95,0.6541264730170945,0.6233333333333334,0.825,0,,ok,,2026-07-20T16:41:33.067887+00:00
credit-g,gaussian_copula,fresh,0.0,0,4,2000,5.7698,24.21,False,0.0599409820497564,0.9327276948824452,0.0901170342068807,0.0416538461538461,0.2254196274348324,1.0,0.94,0.7457916208194666,0.633095238095238,0.825,0,,ok,,2026-07-20T16:41:33.067887+00:00
credit-g,gaussian_copula,fresh,0.01,0,11,2000,3.7183,24.21,False,0.0318941153422948,0.997171451470053,0.0813683772790891,0.0569230769230769,0.265548716460967,1.0,0.945,0.6811127537347185,0.5719047619047619,0.825,0,,ok,,2026-07-20T16:41:33.067887+00:00
credit-g,gaussian_copula,fresh,0.01,0,12,2000,4.0899,24.21,False,0.053481741940458,0.9769055578385384,0.0904094875798545,0.0505384615384615,0.261827922153082,1.0,0.915,0.7464829853446472,0.5745238095238097,0.825,0,,ok,,2026-07-20T16:41:33.067887+00:00
credit-g,gaussian_copula,fresh,0.02,0,0,2000,4.2879,23.75,True,0.0502706727314669,0.9372217797384668,0.0834228686259316,0.0417307692307692,0.1667646829784364,1.0,0.945,0.6185192310721382,0.6235714285714286,0.825,0,,ok,,2026-07-20T16:41:33.067887+00:00
credit-g,gaussian_copula,fresh,0.02,0,1,2000,3.9617,23.98,False,0.0594722964016805,0.9231879475677428,0.0939074071383924,0.0424615384615384,0.1918770156082002,1.0,0.92,0.613512041781144,0.6021428571428572,0.825,0,,ok,,2026-07-20T16:41:33.067887+00:00
credit-g,gaussian_copula,fresh,0.02,0,2,2000,2.5344,24.21,False,0.0720759634387655,0.9028703725228544,0.1009502787016945,0.0500384615384615,0.1882263446702146,1.0,0.925,0.6000211515916574,0.5673809523809523,0.825,0,,ok,,2026-07-20T16:41:33.067887+00:00
credit-g,gaussian_copula,fresh,0.02,0,3,2000,4.0006,24.21,False,0.0820805167999685,0.920359349052766,0.1215338678202314,0.0477692307692307,0.1963430548162705,1.0,0.94,0.6584557987988596,0.6182142857142857,0.825,0,,ok,,2026-07-20T16:41:33.067887+00:00
credit-g,gaussian_copula,fresh,0.01,0,10,2000,3.4332,24.21,False,0.0532404635266411,0.9605292130127988,0.0836083195359858,0.0542307692307692,0.2477053449904384,1.0,0.94,0.6576648642810371,0.569404761904762,0.825,0,,ok,,2026-07-20T16:41:33.067887+00:00
credit-g,gaussian_copula,fresh,0.02,0,4,2000,3.1207,24.21,False,0.0566106407579685,0.9488749449262948,0.1045836285602611,0.0476153846153846,0.2274390217858461,1.0,0.925,0.6820493867163503,0.5916666666666667,0.825,0,,ok,,2026-07-20T16:41:33.067887+00:00
credit-g,gaussian_copula,fresh,0.02,0,6,2000,4.0298,24.21,False,0.0830348477012957,0.9482900521669956,0.1169417687696523,0.0544615384615384,0.2099822135932816,1.0,0.9,0.7504843489472584,0.566547619047619,0.825,0,,ok,,2026-07-20T16:41:33.067887+00:00
credit-g,gaussian_copula,fresh,0.02,0,7,2000,4.207,24.21,False,0.0832569564848808,1.0167327352624262,0.1269589587525105,0.0550384615384615,0.2362032481330082,1.0,0.92,0.7681234262878283,0.6354761904761904,0.825,0,,ok,,2026-07-20T16:41:33.067887+00:00
credit-g,gaussian_copula,fresh,0.02,0,8,2000,4.8168,24.21,False,0.0967785562880044,0.9724287891630272,0.1282981867492776,0.0646538461538461,0.240882267544901,1.0,0.94,0.7379205285197711,0.5341666666666668,0.825,0,,ok,,2026-07-20T16:41:33.067887+00:00
credit-g,gaussian_copula,fresh,0.02,0,9,2000,5.0479,24.21,False,0.1172230124585109,0.9836695368228746,0.1459037952857415,0.060576923076923,0.2487683147990132,1.0,0.885,0.7271590937218025,0.5063095238095238,0.825,0,,ok,,2026-07-20T16:41:33.067887+00:00
credit-g,gaussian_copula,fresh,0.02,0,10,2000,3.7686,24.21,False,0.1029436248702538,1.0162869113197497,0.129431856447454,0.0602307692307692,0.2326501324060623,1.0,0.895,0.6997362801550816,0.6101190476190476,0.825,0,,ok,,2026-07-20T16:41:33.067887+00:00
credit-g,gaussian_copula,fresh,0.02,0,11,2000,4.2281,24.21,False,0.1065261217768958,0.9855596107435028,0.139086023541862,0.0620384615384615,0.2468255715520067,1.0,0.935,0.7517883220712358,0.6294047619047619,0.825,0,,ok,,2026-07-20T16:41:33.067887+00:00
credit-g,gaussian_copula,fresh,0.02,0,5,2000,4.6496,24.21,False,0.0860343704496344,0.9651500535426738,0.1163031049043347,0.0551923076923076,0.2139180234449446,1.0,0.915,0.6963430248126171,0.5964285714285715,0.825,0,,ok,,2026-07-20T16:41:33.067887+00:00
credit-g,gaussian_copula,fresh,0.01,0,9,2000,3.0204,24.21,False,0.0482460580315855,0.9247023476289472,0.0946243173709881,0.0531538461538461,0.279496669696192,1.0,0.93,0.6811183791580316,0.518452380952381,0.825,0,,ok,,2026-07-20T16:41:33.067887+00:00
credit-g,gaussian_copula,fresh,0.01,0,8,2000,4.6529,24.21,False,0.0481438079942118,0.9412476006907228,0.0815377337167138,0.0508076923076923,0.2375612853364323,1.0,0.91,0.729691659297362,0.6155952380952381,0.825,0,,ok,,2026-07-20T16:41:33.067887+00:00
credit-g,gaussian_copula,fresh,0.01,0,7,2000,4.1369,24.21,False,0.0499504538118545,0.9444548532280278,0.0870522484422953,0.0506538461538461,0.2327308828512186,1.0,0.925,0.7142296207789637,0.66,0.825,0,,ok,,2026-07-20T16:41:33.067887+00:00
credit-g,gaussian_copula,fresh,0.0,0,5,2000,3.3375,24.21,False,0.0701570747796202,0.938240236963604,0.1002475170277086,0.0475384615384615,0.22149381430272,1.0,0.945,0.6975063623537671,0.5464285714285715,0.825,0,,ok,,2026-07-20T16:41:33.067887+00:00
credit-g,gaussian_copula,fresh,0.0,0,6,2000,3.6128,24.21,False,0.078596639455343,0.9310665698420568,0.0977056052193422,0.0506153846153846,0.2549236401941678,1.0,0.915,0.6011974276064272,0.6377380952380953,0.825,0,,ok,,2026-07-20T16:41:33.067887+00:00
credit-g,gaussian_copula,fresh,0.0,0,7,2000,3.4727,24.21,False,0.0874474927197431,0.9120980891582298,0.1092736381565595,0.0515384615384615,0.2257791436324128,1.0,0.955,0.7397420405885543,0.635357142857143,0.825,0,,ok,,2026-07-20T16:41:33.067887+00:00
credit-g,gaussian_copula,fresh,0.0,0,8,2000,5.5176,24.21,False,0.0735623953893855,0.9178452497596512,0.1046900683541775,0.0559615384615384,0.2790385825848375,1.0,0.94,0.7767404497188414,0.5292857142857144,0.825,0,,ok,,2026-07-20T16:41:33.067887+00:00
credit-g,gaussian_copula,fresh,0.0,0,9,2000,3.8453,24.21,False,0.0730796183027247,0.91629773926146,0.1066291230144469,0.050576923076923,0.2738432686474507,1.0,0.925,0.7559826376934865,0.5297619047619048,0.825,0,,ok,,2026-07-20T16:41:33.067887+00:00
credit-g,gaussian_copula,fresh,0.0,0,10,2000,4.0769,24.21,False,0.093880541555523,0.9431986556822448,0.1181437736829143,0.0523461538461538,0.2765228052612853,1.0,0.96,0.7050961834878074,0.5591666666666668,0.825,0,,ok,,2026-07-20T16:41:33.067887+00:00
credit-g,gaussian_copula,fresh,0.0,0,11,2000,4.504,24.21,False,0.0919945755776455,0.91898870092936,0.1162651106307664,0.0596153846153846,0.2801509975343633,1.0,0.925,0.770854006764009,0.6189285714285714,0.825,0,,ok,,2026-07-20T16:41:33.067887+00:00
credit-g,gaussian_copula,fresh,0.0,0,12,2000,4.0891,24.21,False,0.0930759744965481,0.912028369630858,0.1120641856097929,0.0493461538461538,0.2804243052662796,1.0,0.915,0.7629086588765803,0.6076190476190477,0.825,0,,ok,,2026-07-20T16:41:33.067887+00:00
credit-g,gaussian_copula,fresh,0.01,0,0,2000,4.2879,23.75,True,0.0502706727314669,0.9372217797384668,0.0834228686259316,0.0417307692307692,0.1667646829784364,1.0,0.945,0.6185192310721382,0.6235714285714286,0.825,0,,ok,,2026-07-20T16:41:33.067887+00:00
credit-g,gaussian_copula,fresh,0.01,0,1,2000,2.8225,23.98,False,0.0481097976873508,0.9580098792079256,0.0845305772438944,0.0419615384615384,0.1654968074906065,1.0,0.95,0.5788886863736497,0.6246428571428572,0.825,0,,ok,,2026-07-20T16:41:33.067887+00:00
credit-g,gaussian_copula,fresh,0.01,0,2,2000,2.9683,24.21,False,0.071942296431145,0.9289864393193222,0.0938189583217094,0.0466538461538461,0.1849953657927462,1.0,0.935,0.6607025928701135,0.5880952380952381,0.825,0,,ok,,2026-07-20T16:41:33.067887+00:00
credit-g,gaussian_copula,fresh,0.01,0,3,2000,4.2636,24.21,False,0.070285564262077,0.9094920595571618,0.0928557255668541,0.0504615384615384,0.204816496274106,1.0,0.915,0.6622518344505425,0.6344047619047619,0.825,0,,ok,,2026-07-20T16:41:33.067887+00:00
credit-g,gaussian_copula,fresh,0.01,0,4,2000,2.6152,24.21,False,0.0700716447792124,0.9174476820174025,0.1008368167056167,0.0433076923076923,0.2188044187421917,1.0,0.935,0.6921082061425121,0.5378571428571428,0.825,0,,ok,,2026-07-20T16:41:33.067887+00:00
credit-g,gaussian_copula,fresh,0.01,0,5,2000,5.371,24.21,False,0.0638755439520633,0.9300168164888544,0.0938538125778318,0.0443076923076923,0.2295380945934907,1.0,0.92,0.6016131463892658,0.6125,0.825,0,,ok,,2026-07-20T16:41:33.067887+00:00
credit-g,gaussian_copula,fresh,0.01,0,6,2000,2.4131,24.21,False,0.0464082681092309,0.945935873113906,0.0861344715693468,0.0472307692307692,0.2578373834499061,1.0,0.94,0.6466272211983951,0.5826190476190477,0.825,0,,ok,,2026-07-20T16:41:33.067887+00:00
credit-g,gaussian_copula,fresh,0.05,0,0,2000,4.2879,23.75,True,0.0502706727314669,0.9372217797384668,0.0834228686259316,0.0417307692307692,0.1667646829784364,1.0,0.945,0.6185192310721382,0.6235714285714286,0.825,0,,ok,,2026-07-20T16:41:33.067887+00:00
credit-g,gaussian_copula,fresh,0.75,0,8,2000,2.0833,24.21,False,0.0560368046878229,0.9524384490068208,0.0854670003680408,0.0418846153846153,0.1497233507720905,1.0,0.94,0.6298010175265688,0.7111904761904762,0.825,0,,ok,,2026-07-20T16:41:33.067887+00:00
credit-g,gaussian_copula,fresh,0.75,0,9,2000,2.9388,24.21,False,0.0534875801580995,0.9630665930615075,0.0808726163050838,0.0390384615384615,0.1559337933069547,1.0,0.94,0.5741104518114989,0.6992857142857142,0.825,0,,ok,,2026-07-20T16:41:33.067887+00:00
credit-g,gaussian_copula,fresh,0.75,0,10,2000,3.0483,24.21,False,0.0537845817131168,0.9458327640972292,0.0948261549948984,0.0413461538461538,0.1400951592422458,1.0,0.935,0.5620922974453827,0.6152380952380953,0.825,0,,ok,,2026-07-20T16:41:33.067887+00:00
credit-g,gaussian_copula,fixed,0.2,1,12,2000,16.1879,24.21,False,0.0519379343989177,0.8976802348860973,0.0954840269173048,0.0454999999999999,0.1971727872514131,1.0,0.94,0.6132701485786806,0.651904761904762,0.7975,0,,ok,,2026-07-20T16:41:33.067887+00:00
credit-g,gaussian_copula,fixed,0.35,1,0,2000,6.2563,23.75,True,0.0575423782055482,0.9348739697735906,0.0933394481654824,0.0386538461538461,0.1577329062438912,1.0,0.93,0.552794597793484,0.6910714285714286,0.7975,0,,ok,,2026-07-20T16:41:33.067887+00:00
credit-g,gaussian_copula,fixed,0.35,1,1,2000,6.5665,23.98,False,0.0476900665479405,0.944035325184336,0.0868047811133272,0.0414999999999999,0.1725043919928177,1.0,0.94,0.6144683637443716,0.6788095238095238,0.7975,0,,ok,,2026-07-20T16:41:33.067887+00:00
credit-g,gaussian_copula,fixed,0.35,1,2,2000,7.3656,24.21,False,0.0476276642430252,0.975820209791926,0.0887674837139961,0.0366923076923076,0.1451655420636516,1.0,0.945,0.6118547920731036,0.6782142857142857,0.7975,0,,ok,,2026-07-20T16:41:33.067887+00:00
credit-g,gaussian_copula,fixed,0.35,1,3,2000,3.4821,24.21,False,0.0505435011580617,0.9475385385249876,0.0854043105611544,0.0446153846153846,0.1444298207388655,1.0,0.94,0.5737509872617914,0.6642857142857143,0.7975,0,,ok,,2026-07-20T16:41:33.067887+00:00
credit-g,gaussian_copula,fixed,0.35,1,4,2000,526.4758,24.21,False,0.0545966528662119,0.9622331367874896,0.0883040756672063,0.0508076923076923,0.1536203715392396,1.0,0.955,0.6249699039852749,0.6457142857142857,0.7975,0,,ok,,2026-07-20T16:41:33.067887+00:00
credit-g,gaussian_copula,fixed,0.2,1,11,2000,895.6175,24.21,False,0.0632895497695602,0.903515832694136,0.1074281155162355,0.0438846153846153,0.1957589760930179,1.0,0.93,0.5902441658734819,0.6775,0.7975,0,,ok,,2026-07-20T16:41:33.067887+00:00
credit-g,gaussian_copula,fixed,0.35,1,5,2000,20.3837,24.21,False,0.0529098054524463,0.9677822022029012,0.0916903064473804,0.042576923076923,0.1622291582442085,1.0,0.935,0.5793049676988193,0.6166666666666667,0.7975,0,,ok,,2026-07-20T16:41:33.067887+00:00
credit-g,gaussian_copula,fixed,0.35,1,7,2000,5.8203,24.21,False,0.0628317816032001,0.9822987730725268,0.0911092684977479,0.0463846153846153,0.1657639045187705,1.0,0.925,0.6364553307636399,0.6225,0.7975,0,,ok,,2026-07-20T16:41:33.067887+00:00
credit-g,gaussian_copula,fixed,0.35,1,8,2000,6.0603,24.21,False,0.0558000852584685,0.9909126348121348,0.0892617170268261,0.0491538461538461,0.1698009551932273,1.0,0.915,0.6871673968466127,0.6247619047619049,0.7975,0,,ok,,2026-07-20T16:41:33.067887+00:00
credit-g,gaussian_copula,fixed,0.35,1,9,2000,15.3942,24.21,False,0.0604593961065899,0.979521205244304,0.0868167423780428,0.0478076923076923,0.1655033716621045,1.0,0.935,0.5988893164210606,0.6888095238095239,0.7975,0,,ok,,2026-07-20T16:41:33.067887+00:00
credit-g,gaussian_copula,fixed,0.35,1,10,2000,4.9351,24.21,False,0.0555240151603446,1.0072668120828203,0.086070622520565,0.0462307692307692,0.1684922297135565,1.0,0.92,0.6582094052577457,0.5989285714285715,0.7975,0,,ok,,2026-07-20T16:41:33.067887+00:00
credit-g,gaussian_copula,fixed,0.35,1,11,2000,2.624,24.21,False,0.0678137410364334,0.9735546568669348,0.104533822131034,0.0478076923076922,0.1680764528099734,1.0,0.935,0.5938815645877352,0.6375000000000001,0.7975,0,,ok,,2026-07-20T16:41:33.067887+00:00
credit-g,gaussian_copula,fixed,0.35,1,12,2000,2.9986,24.21,False,0.0813053871297424,0.9900384053833776,0.1035448527959767,0.0527307692307692,0.1757940703793789,1.0,0.945,0.6394643696938195,0.6433333333333334,0.7975,0,,ok,,2026-07-20T16:41:33.067887+00:00
credit-g,gaussian_copula,fixed,0.35,1,6,2000,15.6459,24.21,False,0.0617188246062161,0.9558388875927674,0.0938322966864714,0.049,0.16428746255454,1.0,0.945,0.5936846747717766,0.6524999999999999,0.7975,0,,ok,,2026-07-20T16:41:33.067887+00:00
credit-g,gaussian_copula,fixed,0.5,1,0,2000,6.2563,23.75,True,0.0575423782055482,0.9348739697735906,0.0933394481654824,0.0386538461538461,0.1577329062438912,1.0,0.93,0.552794597793484,0.6910714285714286,0.7975,0,,ok,,2026-07-20T16:41:33.067887+00:00
credit-g,gaussian_copula,fixed,0.2,1,10,2000,9.4109,24.21,False,0.0497176581423438,0.8945878233148438,0.0932226142473699,0.041576923076923,0.1793477429601599,1.0,0.925,0.6100749081368374,0.6572619047619048,0.7975,0,,ok,,2026-07-20T16:41:33.067887+00:00
credit-g,gaussian_copula,fixed,0.2,1,8,2000,6.6985,24.21,False,0.0670779404192243,0.9441692929253992,0.0997358602309075,0.0462692307692307,0.2025833598367464,1.0,0.925,0.6804197015825441,0.6494047619047619,0.7975,0,,ok,,2026-07-20T16:41:33.067887+00:00
credit-g,gaussian_copula,fixed,0.1,1,7,2000,2.2795,24.21,False,0.0529074950232604,0.9389147189514327,0.089050640925378,0.053,0.2060101080155879,1.0,0.935,0.6410456761871332,0.576904761904762,0.7975,0,,ok,,2026-07-20T16:41:33.067887+00:00
credit-g,gaussian_copula,fixed,0.1,1,8,2000,2.2076,24.21,False,0.0723015594931701,0.9253455787798044,0.1067719931009061,0.0574230769230769,0.1876677489593346,1.0,0.93,0.730947253780847,0.6455952380952381,0.7975,0,,ok,,2026-07-20T16:41:33.067887+00:00
credit-g,gaussian_copula,fixed,0.1,1,9,2000,1.9654,24.21,False,0.0740428120463803,0.9271165466329032,0.108775271059651,0.0478461538461538,0.202673481041254,1.0,0.96,0.6316050907830815,0.5952380952380952,0.7975,0,,ok,,2026-07-20T16:41:33.067887+00:00
credit-g,gaussian_copula,fixed,0.1,1,10,2000,2.6725,24.21,False,0.0777739195268286,0.9147673722229296,0.1072032057783225,0.0518461538461538,0.1790226125967172,1.0,0.96,0.6815099086206238,0.6263095238095239,0.7975,0,,ok,,2026-07-20T16:41:33.067887+00:00
credit-g,gaussian_copula,fixed,0.1,1,11,2000,3.7959,24.21,False,0.0482965845690654,0.9290199362002808,0.0834413981066158,0.0506538461538461,0.1996723294263541,1.0,0.945,0.7181325394735953,0.6064285714285714,0.7975,0,,ok,,2026-07-20T16:41:33.067887+00:00
credit-g,gaussian_copula,fixed,0.1,1,12,2000,4.4788,24.21,False,0.0476872698354399,0.9306603964055896,0.079116515579143,0.0474230769230769,0.2002271624730802,1.0,0.94,0.7126545022512945,0.6076190476190475,0.7975,0,,ok,,2026-07-20T16:41:33.067887+00:00
credit-g,gaussian_copula,fixed,0.2,1,9,2000,12.1504,24.21,False,0.0582314568516559,0.9238250908878148,0.0960618690258989,0.0483076923076923,0.188646631685409,1.0,0.935,0.6635265553732919,0.6221428571428572,0.7975,0,,ok,,2026-07-20T16:41:33.067887+00:00
credit-g,gaussian_copula,fixed,0.2,1,0,2000,6.2563,23.75,True,0.0575423782055482,0.9348739697735906,0.0933394481654824,0.0386538461538461,0.1577329062438912,1.0,0.93,0.552794597793484,0.6910714285714286,0.7975,0,,ok,,2026-07-20T16:41:33.067887+00:00
credit-g,gaussian_copula,fixed,0.2,1,2,2000,2.6361,24.21,False,0.0493846997599721,0.944835776263778,0.0965161013728761,0.044,0.1837689059412696,1.0,0.94,0.6061517379182783,0.671190476190476,0.7975,0,,ok,,2026-07-20T16:41:33.067887+00:00
credit-g,gaussian_copula,fixed,0.2,1,3,2000,9.1054,24.21,False,0.0459858591240085,0.9449460235915932,0.086229254048527,0.0466538461538461,0.1903039375598803,1.0,0.945,0.6051841651084243,0.6883333333333332,0.7975,0,,ok,,2026-07-20T16:41:33.067887+00:00
credit-g,gaussian_copula,fixed,0.2,1,4,2000,10.2216,24.21,False,0.0459411343615222,0.9250069442850472,0.0957816290301854,0.0395384615384615,0.1819154293754477,1.0,0.925,0.6345511249721542,0.6795238095238095,0.7975,0,,ok,,2026-07-20T16:41:33.067887+00:00
credit-g,gaussian_copula,fixed,0.2,1,5,2000,3.3644,24.21,False,0.0759647894125579,0.8760645015202789,0.1109732608373164,0.0393076923076923,0.2067164075134221,1.0,0.935,0.6346996361476201,0.6536904761904762,0.7975,0,,ok,,2026-07-20T16:41:33.067887+00:00
credit-g,gaussian_copula,fixed,0.2,1,6,2000,5.6487,24.21,False,0.0682717154439617,0.9194516106885496,0.1066021865083738,0.0439230769230769,0.1894183712355371,1.0,0.925,0.6341078416150815,0.7078571428571427,0.7975,0,,ok,,2026-07-20T16:41:33.067887+00:00
credit-g,gaussian_copula,fixed,0.2,1,7,2000,4.7991,24.21,False,0.0687963110105475,0.904925971038496,0.1056072382263542,0.0389999999999999,0.1968919472615537,1.0,0.935,0.6402834313282075,0.6346428571428572,0.7975,0,,ok,,2026-07-20T16:41:33.067887+00:00
credit-g,gaussian_copula,fixed,0.2,1,1,2000,3.2122,23.98,False,0.0441694656602302,0.9255769584146064,0.0927666936181352,0.0473846153846153,0.163933123951814,1.0,0.94,0.6408032204423383,0.6594047619047619,0.7975,0,,ok,,2026-07-20T16:41:33.067887+00:00
credit-g,gaussian_copula,fixed,0.5,1,1,2000,8.5323,23.98,False,0.0541008692469785,0.9332835684835002,0.0904655440105714,0.0468846153846153,0.1434601192760967,1.0,0.97,0.5875012094660123,0.6152380952380953,0.7975,0,,ok,,2026-07-20T16:41:33.067887+00:00
credit-g,gaussian_copula,fixed,0.5,1,2,2000,8.7169,24.21,False,0.0336935893303459,0.956610190424534,0.0728077306846431,0.0453461538461538,0.1517597541701413,1.0,0.92,0.6328668732322108,0.6373809523809523,0.7975,0,,ok,,2026-07-20T16:41:33.067887+00:00
credit-g,gaussian_copula,fixed,0.5,1,3,2000,3.1389,24.21,False,0.0452955982950151,0.947056347463782,0.0777705884739208,0.0436923076923077,0.1805494779490046,1.0,0.92,0.5458106347502649,0.714404761904762,0.7975,0,,ok,,2026-07-20T16:41:33.067887+00:00
credit-g,gaussian_copula,fixed,0.75,1,10,2000,3.1182,24.21,False,0.0638944049131646,0.923043422271328,0.0909441181165542,0.0438076923076923,0.1524150801764335,1.0,0.955,0.5506901269320515,0.6232142857142857,0.7975,0,,ok,,2026-07-20T16:41:33.067887+00:00
credit-g,gaussian_copula,fixed,0.75,1,11,2000,2.1949,24.21,False,0.0732664546886139,0.8926158285179019,0.104094154896172,0.0456923076923076,0.1483281018769874,1.0,0.905,0.6270490604417983,0.7338095238095238,0.7975,0,,ok,,2026-07-20T16:41:33.067887+00:00
credit-g,gaussian_copula,fixed,0.75,1,12,2000,2.3261,24.21,False,0.0591417442090874,0.9308514447237238,0.0860268957353021,0.0403461538461538,0.1558278605289276,1.0,0.96,0.582703848464597,0.7,0.7975,0,,ok,,2026-07-20T16:41:33.067887+00:00
credit-g,gaussian_copula,fixed,1.0,1,0,2000,6.2563,23.75,True,0.0575423782055482,0.9348739697735906,0.0933394481654824,0.0386538461538461,0.1577329062438912,1.0,0.93,0.552794597793484,0.6910714285714286,0.7975,0,,ok,,2026-07-20T16:41:33.067887+00:00
credit-g,gaussian_copula,fixed,1.0,1,1,2000,2.6573,23.98,False,0.0534137517854365,0.9283647273410264,0.0893236769466163,0.0456538461538461,0.1301596036809792,1.0,0.95,0.5590466932636681,0.6310714285714285,0.7975,0,,ok,,2026-07-20T16:41:33.067887+00:00
credit-g,gaussian_copula,fixed,1.0,1,2,2000,2.9801,24.21,False,0.0581141635208925,0.9122492998454418,0.0848989398307089,0.0483461538461538,0.1354564839789514,1.0,0.93,0.5498513763160678,0.6263095238095239,0.7975,0,,ok,,2026-07-20T16:41:33.067887+00:00
credit-g,gaussian_copula,fixed,0.75,1,9,2000,2.4525,24.21,False,0.0542658224826516,0.9390595391990896,0.0842410899605053,0.0433846153846153,0.1465155747908819,1.0,0.95,0.5782372623539921,0.6238095238095237,0.7975,0,,ok,,2026-07-20T16:41:33.067887+00:00
credit-g,gaussian_copula,fixed,1.0,1,3,2000,4.4075,24.21,False,0.0433741566185078,0.9314632673439852,0.0869412062560613,0.0486923076923077,0.1141360271558802,1.0,0.91,0.6011237345610257,0.6896428571428572,0.7975,0,,ok,,2026-07-20T16:41:33.067887+00:00
credit-g,gaussian_copula,fixed,1.0,1,5,2000,5.7196,24.21,False,0.0484638111762983,0.9385148311245796,0.0809980624405665,0.0494999999999999,0.1664171029609046,1.0,0.925,0.6264673916712232,0.6179761904761905,0.7975,0,,ok,,2026-07-20T16:41:33.067887+00:00
credit-g,gaussian_copula,fixed,1.0,1,6,2000,3.7281,24.21,False,0.0348525308439328,0.954084864655166,0.0654286461447308,0.0468846153846153,0.1213469683827157,1.0,0.96,0.5795783632718362,0.6497619047619048,0.7975,0,,ok,,2026-07-20T16:41:33.067887+00:00
credit-g,gaussian_copula,fixed,1.0,1,7,2000,5.1088,24.21,False,0.0473375266869828,0.9465752388000404,0.0802515068351951,0.0456153846153846,0.1593863682153174,1.0,0.925,0.5955275634491495,0.6433333333333334,0.7975,0,,ok,,2026-07-20T16:41:33.067887+00:00
credit-g,gaussian_copula,fixed,1.0,1,8,2000,3.66,24.21,False,0.0395347248229297,0.9452126517053367,0.0778193840437008,0.0438461538461538,0.1516957377837793,1.0,0.95,0.601073668293539,0.6250000000000001,0.7975,0,,ok,,2026-07-20T16:41:33.067887+00:00
credit-g,gaussian_copula,fixed,1.0,1,9,2000,3.6164,24.21,False,0.0492093029286846,0.9316893512589112,0.0835182146548651,0.0433846153846153,0.1273402238409786,1.0,0.925,0.6224255250207578,0.6170238095238095,0.7975,0,,ok,,2026-07-20T16:41:33.067887+00:00
credit-g,gaussian_copula,fixed,1.0,1,10,2000,2.0891,24.21,False,0.0497400947720665,0.9161313853165652,0.0839506418614216,0.0475384615384615,0.1267194759009258,1.0,0.95,0.5974829605927846,0.6510714285714286,0.7975,0,,ok,,2026-07-20T16:41:33.067887+00:00
credit-g,gaussian_copula,fixed,1.0,1,4,2000,4.4942,24.21,False,0.0508915159012794,0.9155804355283376,0.083050166605312,0.0477307692307692,0.1525810887841371,1.0,0.905,0.5880592514586723,0.6917857142857143,0.7975,0,,ok,,2026-07-20T16:41:33.067887+00:00
credit-g,gaussian_copula,fixed,0.75,1,8,2000,3.9781,24.21,False,0.049971588825176,0.9606803528964936,0.0837300011090313,0.0394230769230769,0.1528020554360845,1.0,0.955,0.5816316427811193,0.65,0.7975,0,,ok,,2026-07-20T16:41:33.067887+00:00
credit-g,gaussian_copula,fixed,0.75,1,7,2000,2.5624,24.21,False,0.0686545653707029,0.8961642146684804,0.0946363768544294,0.0467307692307692,0.1314986804502848,1.0,0.94,0.5667585860836027,0.6785714285714285,0.7975,0,,ok,,2026-07-20T16:41:33.067887+00:00
credit-g,gaussian_copula,fixed,0.75,1,6,2000,4.3716,24.21,False,0.0584857639574682,0.9197261611057496,0.0883246650804314,0.0381538461538461,0.1398899598430739,1.0,0.93,0.6424559698117284,0.6991666666666667,0.7975,0,,ok,,2026-07-20T16:41:33.067887+00:00
credit-g,gaussian_copula,fixed,0.5,1,4,2000,3.1355,24.21,False,0.0460138050702758,0.9231052838886366,0.0905040009608914,0.0492307692307692,0.1305103730240756,1.0,0.955,0.5767949038165122,0.6252380952380953,0.7975,0,,ok,,2026-07-20T16:41:33.067887+00:00
credit-g,gaussian_copula,fixed,0.5,1,5,2000,4.6395,24.21,False,0.0502772359378676,0.9421356818043672,0.0804440414557669,0.0515,0.1291488585729173,1.0,0.965,0.5966796501436733,0.7202380952380952,0.7975,0,,ok,,2026-07-20T16:41:33.067887+00:00
credit-g,gaussian_copula,fixed,0.5,1,6,2000,2.5892,24.21,False,0.0535975831478975,0.9518933685317544,0.0756397557883264,0.0491538461538461,0.1504082004153662,1.0,0.92,0.6291709701155012,0.7089285714285715,0.7975,0,,ok,,2026-07-20T16:41:33.067887+00:00
credit-g,gaussian_copula,fixed,0.5,1,7,2000,3.1501,24.21,False,0.0486399932417732,0.9243022090316356,0.0840046263632841,0.0512692307692307,0.1656275496697117,1.0,0.935,0.5778901737355736,0.6139285714285714,0.7975,0,,ok,,2026-07-20T16:41:33.067887+00:00
credit-g,gaussian_copula,fixed,0.5,1,8,2000,7.4675,24.21,False,0.0349619731644239,0.9483895853677816,0.074221032315377,0.0491153846153846,0.1494128595930065,1.0,0.95,0.6163753822475141,0.6528571428571428,0.7975,0,,ok,,2026-07-20T16:41:33.067887+00:00
credit-g,gaussian_copula,fixed,0.5,1,9,2000,4.0922,24.21,False,0.04004928797035,0.9276737822984504,0.0771137767177127,0.0476538461538461,0.1373275420054162,1.0,0.945,0.5720245448469997,0.6516666666666666,0.7975,0,,ok,,2026-07-20T16:41:33.067887+00:00
credit-g,gaussian_copula,fixed,0.5,1,10,2000,2.9904,24.21,False,0.0488267578585715,0.9324465594547888,0.0767999042795568,0.0494230769230769,0.1522260644011893,1.0,0.96,0.5556787523261124,0.661904761904762,0.7975,0,,ok,,2026-07-20T16:41:33.067887+00:00
credit-g,gaussian_copula,fixed,0.5,1,11,2000,6.7791,24.21,False,0.0586939822295052,0.9296749579233212,0.084297966390544,0.0491538461538461,0.1491307794218295,1.0,0.945,0.6073207008827414,0.6085714285714285,0.7975,0,,ok,,2026-07-20T16:41:33.067887+00:00
credit-g,gaussian_copula,fixed,0.5,1,12,2000,6.0183,24.21,False,0.0516071716406622,0.9575324026849332,0.0773669915530693,0.0462307692307692,0.1505101931581021,1.0,0.95,0.6111864917835067,0.693452380952381,0.7975,0,,ok,,2026-07-20T16:41:33.067887+00:00
credit-g,gaussian_copula,fixed,0.75,1,0,2000,6.2563,23.75,True,0.0575423782055482,0.9348739697735906,0.0933394481654824,0.0386538461538461,0.1577329062438912,1.0,0.93,0.552794597793484,0.6910714285714286,0.7975,0,,ok,,2026-07-20T16:41:33.067887+00:00
credit-g,gaussian_copula,fixed,0.75,1,1,2000,4.8477,23.98,False,0.0689316841163595,0.8992242294119982,0.1021819457563966,0.0403461538461538,0.1587429746511796,1.0,0.885,0.568061996665249,0.5890476190476189,0.7975,0,,ok,,2026-07-20T16:41:33.067887+00:00
credit-g,gaussian_copula,fixed,0.75,1,2,2000,5.3536,24.21,False,0.0524732272006989,0.9369928227630118,0.0902089197860002,0.0384999999999999,0.1441740767963187,1.0,0.95,0.6113918197344349,0.6222619047619047,0.7975,0,,ok,,2026-07-20T16:41:33.067887+00:00
credit-g,gaussian_copula,fixed,0.75,1,3,2000,5.1897,24.21,False,0.065921270810354,0.9103618955113384,0.0960508873714515,0.0366153846153846,0.1556964605019354,1.0,0.93,0.5931480093877064,0.7063095238095237,0.7975,0,,ok,,2026-07-20T16:41:33.067887+00:00
credit-g,gaussian_copula,fixed,0.75,1,4,2000,3.0163,24.21,False,0.0710344673585793,0.9067336287894102,0.0932378092992404,0.0459615384615384,0.1510380945657726,1.0,0.92,0.5732109466237335,0.6434523809523809,0.7975,0,,ok,,2026-07-20T16:41:33.067887+00:00
credit-g,gaussian_copula,fixed,0.75,1,5,2000,3.7566,24.21,False,0.0724604714852775,0.9224018472926871,0.0997363487481893,0.0393461538461538,0.1372507767537789,1.0,0.9,0.6198867714795538,0.6524999999999999,0.7975,0,,ok,,2026-07-20T16:41:33.067887+00:00
credit-g,gaussian_copula,fixed,0.1,1,6,2000,1.9643,24.21,False,0.0790511858510698,0.9034511946493442,0.1108368225060506,0.0505384615384615,0.2003065254950249,1.0,0.925,0.6957861079046198,0.6166666666666667,0.7975,0,,ok,,2026-07-20T16:41:33.067887+00:00
credit-g,gaussian_copula,fixed,0.1,1,5,2000,2.2261,24.21,False,0.0614296109166825,0.9213950836345588,0.0942414850967231,0.0480384615384615,0.1872841166770081,1.0,0.93,0.6724316004779359,0.6447619047619046,0.7975,0,,ok,,2026-07-20T16:41:33.067887+00:00
credit-g,gaussian_copula,fixed,0.1,1,4,2000,2.3528,24.21,False,0.0455132585622424,0.919684343722729,0.0940744953035211,0.0487307692307692,0.1768965201156666,1.0,0.94,0.627595851587832,0.5963095238095238,0.7975,0,,ok,,2026-07-20T16:41:33.067887+00:00
credit-g,gaussian_copula,fixed,0.1,1,3,2000,2.8443,24.21,False,0.04685037713417,0.9527856829876532,0.0938580757187203,0.0441538461538461,0.175649737762398,1.0,0.96,0.6520461914759085,0.6767857142857143,0.7975,0,,ok,,2026-07-20T16:41:33.067887+00:00
credit-g,gaussian_copula,fixed,0.0,1,4,2000,2.3377,24.21,False,0.0730274934976561,0.9357724368785172,0.1188371078765325,0.0417307692307692,0.2106156856501576,1.0,0.92,0.6361149926531972,0.5947619047619048,0.7975,0,,ok,,2026-07-20T16:41:33.067887+00:00
credit-g,gaussian_copula,fixed,0.0,1,5,2000,3.589,24.21,False,0.0494595951553344,0.9667651203919416,0.0974589282670886,0.0455769230769231,0.2339645360277994,1.0,0.955,0.6857458523753911,0.5877380952380953,0.7975,0,,ok,,2026-07-20T16:41:33.067887+00:00
credit-g,gaussian_copula,fixed,0.0,1,6,2000,3.4638,24.21,False,0.0580498926312147,0.9551112851312286,0.1060836248317066,0.047576923076923,0.2496655758621621,1.0,0.93,0.713982102153187,0.5986904761904762,0.7975,0,,ok,,2026-07-20T16:41:33.067887+00:00
credit-g,gaussian_copula,fixed,0.0,1,7,2000,3.4673,24.21,False,0.0727833435956829,0.9481919242358952,0.120014894838659,0.047076923076923,0.2252163021162757,1.0,0.92,0.7440364887457781,0.5045238095238096,0.7975,0,,ok,,2026-07-20T16:41:33.067887+00:00
credit-g,gaussian_copula,fixed,0.0,1,8,2000,2.548,24.21,False,0.0633202711424365,0.9565926747581388,0.1125887513962218,0.0441923076923076,0.2419456027122779,1.0,0.91,0.7182562987864837,0.5623809523809524,0.7975,0,,ok,,2026-07-20T16:41:33.067887+00:00
credit-g,gaussian_copula,fixed,0.0,1,9,2000,2.3881,24.21,False,0.0820892976198459,0.9738711477444916,0.1245698125280913,0.0463846153846153,0.2534758660383277,1.0,0.935,0.7132924252550005,0.5348809523809523,0.7975,0,,ok,,2026-07-20T16:41:33.067887+00:00
credit-g,gaussian_copula,fixed,0.0,1,3,2000,2.8712,24.21,False,0.0716108650014503,0.90366344746171,0.1115639366187486,0.0461538461538461,0.1935791823528833,1.0,0.945,0.7241022386934617,0.6322619047619047,0.7975,0,,ok,,2026-07-20T16:41:33.067887+00:00
credit-g,gaussian_copula,fixed,0.0,1,10,2000,2.241,24.21,False,0.0543782753850462,0.9768077185233394,0.1066527776879239,0.0518846153846153,0.2698867983330111,1.0,0.95,0.690551088969445,0.5155952380952381,0.7975,0,,ok,,2026-07-20T16:41:33.067887+00:00
credit-g,gaussian_copula,fixed,0.0,1,12,2000,3.0016,24.21,False,0.0687438085624324,0.9843792296793716,0.1130368426043249,0.0593076923076923,0.2458039882901369,1.0,0.915,0.6970360769647916,0.5376190476190477,0.7975,0,,ok,,2026-07-20T16:41:33.067887+00:00
credit-g,gaussian_copula,fixed,0.01,1,0,2000,6.2563,23.75,True,0.0575423782055482,0.9348739697735906,0.0933394481654824,0.0386538461538461,0.1577329062438912,1.0,0.93,0.552794597793484,0.6910714285714286,0.7975,0,,ok,,2026-07-20T16:41:33.067887+00:00
credit-g,gaussian_copula,fixed,0.01,1,1,2000,2.4387,23.98,False,0.0593838204219165,0.9510822114518808,0.0966090965049644,0.0432692307692307,0.1496604047874414,1.0,0.93,0.6030870072972991,0.6573809523809524,0.7975,0,,ok,,2026-07-20T16:41:33.067887+00:00
credit-g,gaussian_copula,fixed,0.01,1,2,2000,3.52,24.21,False,0.0608896724690527,0.9504690296537196,0.1002801353601244,0.046076923076923,0.1729251314758289,1.0,0.965,0.7272108476162832,0.6342857142857145,0.7975,0,,ok,,2026-07-20T16:41:33.067887+00:00
credit-g,gaussian_copula,fixed,0.01,1,3,2000,3.3257,24.21,False,0.0411235704565272,0.9475501140452244,0.0855103114503085,0.0453076923076923,0.1972287720743234,1.0,0.91,0.7080832832670659,0.5713095238095239,0.7975,0,,ok,,2026-07-20T16:41:33.067887+00:00
credit-g,gaussian_copula,fixed,0.01,1,4,2000,3.2111,24.21,False,0.0268452050363861,0.941650003704558,0.0794719813648469,0.0485,0.1986881314273905,1.0,0.925,0.7266663066395745,0.5425,0.7975,0,,ok,,2026-07-20T16:41:33.067887+00:00
credit-g,gaussian_copula,fixed,0.0,1,11,2000,2.908,24.21,False,0.0728580952650092,0.9839445679523992,0.1078154563894972,0.0570384615384615,0.2567985940497358,1.0,0.93,0.6961731370285614,0.6048809523809523,0.7975,0,,ok,,2026-07-20T16:41:33.067887+00:00
credit-g,gaussian_copula,fixed,0.0,1,2,2000,2.2047,24.21,False,0.0495083826690549,0.9156606030855082,0.1013615496377999,0.0377692307692307,0.187373981846313,1.0,0.895,0.6213471313716358,0.6089285714285714,0.7975,0,,ok,,2026-07-20T16:41:33.067887+00:00
credit-g,gaussian_copula,fixed,0.0,1,1,2000,2.0754,23.98,False,0.0747229023395129,0.9213710291907216,0.1045688303333069,0.0459999999999999,0.184409031123138,1.0,0.935,0.5523051859652439,0.6258333333333334,0.7975,0,,ok,,2026-07-20T16:41:33.067887+00:00
credit-g,gaussian_copula,fixed,0.0,1,0,2000,6.2563,23.75,True,0.0575423782055482,0.9348739697735906,0.0933394481654824,0.0386538461538461,0.1577329062438912,1.0,0.93,0.552794597793484,0.6910714285714286,0.7975,0,,ok,,2026-07-20T16:41:33.067887+00:00
credit-g,gaussian_copula,fresh,0.75,0,11,2000,3.8,24.21,False,0.0500916423351531,0.961436243166516,0.0921871318006896,0.0377692307692307,0.1176023632131012,1.0,0.945,0.5317723908724131,0.6482142857142856,0.825,0,,ok,,2026-07-20T16:41:33.067887+00:00
credit-g,gaussian_copula,fresh,0.75,0,12,2000,2.7511,24.21,False,0.0545747710232927,0.9256351865708198,0.0958929048532866,0.0445384615384615,0.1344475629605194,1.0,0.93,0.5282970043495773,0.6694047619047618,0.825,0,,ok,,2026-07-20T16:41:33.067887+00:00
credit-g,gaussian_copula,fresh,1.0,0,0,2000,4.2879,23.75,True,0.0502706727314669,0.9372217797384668,0.0834228686259316,0.0417307692307692,0.1667646829784364,1.0,0.945,0.6185192310721382,0.6235714285714286,0.825,0,,ok,,2026-07-20T16:41:33.067887+00:00
credit-g,gaussian_copula,fresh,1.0,0,1,2000,3.9833,23.98,False,0.0543110279237675,0.9436091522370188,0.081976162132756,0.0383461538461538,0.1287938355253526,1.0,0.92,0.5437590428679757,0.6923809523809523,0.825,0,,ok,,2026-07-20T16:41:33.067887+00:00
credit-g,gaussian_copula,fresh,1.0,0,2,2000,3.271,24.21,False,0.0428806605762141,0.955285963672596,0.0770776718325809,0.0431538461538461,0.1472924877765305,1.0,0.94,0.5449426319330529,0.6426190476190476,0.825,0,,ok,,2026-07-20T16:41:33.067887+00:00
credit-g,gaussian_copula,fresh,1.0,0,3,2000,2.6363,24.21,False,0.0625023826185888,0.9406208620753446,0.0923605024789695,0.047,0.1093086903464308,1.0,0.92,0.5868711620549446,0.633452380952381,0.825,0,,ok,,2026-07-20T16:41:33.067887+00:00
credit-g,gaussian_copula,fresh,1.0,0,4,2000,2.9475,24.21,False,0.0565524467733452,0.9628281829884474,0.0926042516850625,0.0405384615384615,0.1175357311912351,1.0,0.935,0.5479207310350104,0.6328571428571428,0.825,0,,ok,,2026-07-20T16:41:33.067887+00:00
credit-g,gaussian_copula,fresh,1.0,0,5,2000,3.346,24.21,False,0.0476469340882797,0.966825047920148,0.0806686266732781,0.0437307692307692,0.1049953014362735,1.0,0.94,0.5269772800403231,0.701547619047619,0.825,0,,ok,,2026-07-20T16:41:33.067887+00:00
credit-g,gaussian_copula,fresh,1.0,0,6,2000,4.1222,24.21,False,0.0528202111077622,0.9626427875671508,0.0876558728167562,0.0421923076923077,0.151775448251873,1.0,0.93,0.5809813438461244,0.6520238095238096,0.825,0,,ok,,2026-07-20T16:41:33.067887+00:00
credit-g,gaussian_copula,fresh,1.0,0,7,2000,3.0196,24.21,False,0.0465865011487575,0.9580971970778258,0.0803393421921882,0.0366538461538461,0.1068581927351674,1.0,0.945,0.6029233074788878,0.6608333333333334,0.825,0,,ok,,2026-07-20T16:41:33.067887+00:00
credit-g,gaussian_copula,fresh,1.0,0,8,2000,2.4838,24.21,False,0.0514600740906315,0.9583908948116288,0.0815324254440119,0.0404230769230769,0.1198076165826132,1.0,0.945,0.5516008829664432,0.6229761904761905,0.825,0,,ok,,2026-07-20T16:41:33.067887+00:00
credit-g,gaussian_copula,fresh,1.0,0,9,2000,4.48,24.21,False,0.0538334280713359,0.9217389548122484,0.0834416184816326,0.0448461538461538,0.1484047454149667,1.0,0.92,0.5839211900695527,0.6744047619047618,0.825,0,,ok,,2026-07-20T16:41:33.067887+00:00
credit-g,gaussian_copula,fresh,1.0,0,10,2000,2.6212,24.21,False,0.0523256504086636,0.9303216050360136,0.0898785147129174,0.044076923076923,0.1179451657370247,1.0,0.925,0.5755741869575686,0.6446428571428571,0.825,0,,ok,,2026-07-20T16:41:33.067887+00:00
credit-g,gaussian_copula,fresh,1.0,0,11,2000,3.0402,24.21,False,0.0578726492720551,0.9229034378764828,0.0801438585704065,0.0428846153846153,0.1447294995943905,1.0,0.925,0.599226841819847,0.71,0.825,0,,ok,,2026-07-20T16:41:33.067887+00:00
credit-g,gaussian_copula,fresh,1.0,0,12,2000,2.6856,24.21,False,0.045779182383992,0.9605325713639528,0.0786589711244079,0.0416538461538461,0.1355712727824557,1.0,0.975,0.5757283235563476,0.6935714285714286,0.825,0,,ok,,2026-07-20T16:41:33.067887+00:00
credit-g,gaussian_copula,fixed,0.01,1,5,2000,2.4994,24.21,False,0.0360879334993442,0.9238330519716916,0.0872342031219806,0.0469615384615384,0.2140539128383272,1.0,0.93,0.6213156290010824,0.5607142857142858,0.7975,0,,ok,,2026-07-20T16:41:33.067887+00:00
credit-g,gaussian_copula,fixed,0.5,0,7,2000,3.6512,24.21,False,0.0661790553997478,0.911383763967766,0.0985666369629651,0.0478846153846153,0.1433751477355123,1.0,0.925,0.5343240828872373,0.6704761904761906,0.825,0,,ok,,2026-07-20T16:41:33.067887+00:00
credit-g,gaussian_copula,fixed,0.01,1,6,2000,3.0861,24.21,False,0.037103100412767,0.92697977474886,0.0853147365234348,0.0499999999999999,0.2176341322295062,1.0,0.965,0.6933469243560578,0.5908333333333333,0.7975,0,,ok,,2026-07-20T16:41:33.067887+00:00
credit-g,gaussian_copula,fixed,0.01,1,8,2000,3.0936,24.21,False,0.0687334904577498,0.9281254558083568,0.112197955770426,0.0555384615384615,0.2431730077983004,1.0,0.925,0.6962788949868477,0.6036904761904762,0.7975,0,,ok,,2026-07-20T16:41:33.067887+00:00
credit-g,gaussian_copula,fixed,0.05,1,2,2000,2.3915,24.21,False,0.0574171916045869,0.9069043745455996,0.0935148299270541,0.046076923076923,0.1662018197111759,1.0,0.915,0.5386061551131722,0.6196428571428572,0.7975,0,,ok,,2026-07-20T16:41:33.067887+00:00
credit-g,gaussian_copula,fixed,0.05,1,3,2000,1.7906,24.21,False,0.0441009694553615,0.9270768567697624,0.0745385960301559,0.0515384615384615,0.1813988129960094,1.0,0.95,0.6678114403108834,0.6479761904761905,0.7975,0,,ok,,2026-07-20T16:41:33.067887+00:00
credit-g,gaussian_copula,fixed,0.05,1,4,2000,2.273,24.21,False,0.0623102814170372,0.938387969219771,0.089022650922972,0.0473461538461538,0.176414551037521,1.0,0.95,0.7287589641120494,0.5646428571428571,0.7975,0,,ok,,2026-07-20T16:41:33.067887+00:00
credit-g,gaussian_copula,fixed,0.05,1,5,2000,1.9073,24.21,False,0.050434577946511,0.9700487689356164,0.0760313877565908,0.0549230769230769,0.2207254516813883,1.0,0.95,0.6396927618803315,0.540952380952381,0.7975,0,,ok,,2026-07-20T16:41:33.067887+00:00
credit-g,gaussian_copula,fixed,0.05,1,6,2000,2.0633,24.21,False,0.0668749933994185,0.9643877158740098,0.0988505203748059,0.0531153846153846,0.2246737803987807,1.0,0.94,0.6112472463552883,0.5530952380952381,0.7975,0,,ok,,2026-07-20T16:41:33.067887+00:00
credit-g,gaussian_copula,fixed,0.05,1,7,2000,2.3213,24.21,False,0.0753468004320389,0.9775056650604536,0.0942646874929434,0.0572692307692307,0.1954220674430127,1.0,0.93,0.646442144771394,0.57,0.7975,0,,ok,,2026-07-20T16:41:33.067887+00:00
credit-g,gaussian_copula,fixed,0.05,1,1,2000,1.9202,23.98,False,0.0570311599337681,0.9381292017709684,0.0921460315588329,0.0412692307692307,0.1583807644318937,1.0,0.935,0.563388394976722,0.6735714285714286,0.7975,0,,ok,,2026-07-20T16:41:33.067887+00:00
credit-g,gaussian_copula,fixed,0.05,1,8,2000,2.3208,24.21,False,0.0748525424255786,0.9492592756994296,0.1035497201821502,0.0523076923076923,0.2036850370641947,1.0,0.925,0.6872017119288226,0.5794047619047619,0.7975,0,,ok,,2026-07-20T16:41:33.067887+00:00
credit-g,gaussian_copula,fixed,0.05,1,10,2000,2.8125,24.21,False,0.0781025338329431,0.95168251237072,0.1117619525252378,0.065576923076923,0.2125782197852039,1.0,0.96,0.6926268701719804,0.538452380952381,0.7975,0,,ok,,2026-07-20T16:41:33.067887+00:00
credit-g,gaussian_copula,fixed,0.05,1,11,2000,2.9625,24.21,False,0.0616484477099964,0.973055933031408,0.0976727479775857,0.0588076923076923,0.195217057819142,1.0,0.93,0.6507905969924236,0.5763095238095237,0.7975,0,,ok,,2026-07-20T16:41:33.067887+00:00
credit-g,gaussian_copula,fixed,0.05,1,12,2000,3.3777,24.21,False,0.0802568551963794,0.992830800356706,0.0910742158635204,0.0715384615384615,0.1953677231738523,1.0,0.96,0.7606269871807854,0.6121428571428572,0.7975,0,,ok,,2026-07-20T16:41:33.067887+00:00
credit-g,gaussian_copula,fixed,0.1,1,0,2000,6.2563,23.75,True,0.0575423782055482,0.9348739697735906,0.0933394481654824,0.0386538461538461,0.1577329062438912,1.0,0.93,0.552794597793484,0.6910714285714286,0.7975,0,,ok,,2026-07-20T16:41:33.067887+00:00
credit-g,gaussian_copula,fixed,0.1,1,1,2000,1.8482,23.98,False,0.0632839752437734,0.930700298587146,0.0998677115265376,0.0402307692307692,0.1681061671189823,1.0,0.925,0.6107960874055772,0.6260714285714286,0.7975,0,,ok,,2026-07-20T16:41:33.067887+00:00
credit-g,gaussian_copula,fixed,0.1,1,2,2000,2.0355,24.21,False,0.0618685681102082,0.933610058371927,0.1006215724170945,0.0447692307692307,0.1462864359728699,1.0,0.94,0.5626998431631981,0.6057142857142856,0.7975,0,,ok,,2026-07-20T16:41:33.067887+00:00
credit-g,gaussian_copula,fixed,0.05,1,9,2000,2.7546,24.21,False,0.0687093830361448,0.9497266513569204,0.1073801669468963,0.0526923076923077,0.2157145869669879,1.0,0.975,0.6872152129447741,0.5598809523809524,0.7975,0,,ok,,2026-07-20T16:41:33.067887+00:00
credit-g,gaussian_copula,fixed,0.05,1,0,2000,6.2563,23.75,True,0.0575423782055482,0.9348739697735906,0.0933394481654824,0.0386538461538461,0.1577329062438912,1.0,0.93,0.552794597793484,0.6910714285714286,0.7975,0,,ok,,2026-07-20T16:41:33.067887+00:00
credit-g,gaussian_copula,fixed,0.02,1,12,2000,2.1549,24.21,False,0.0582928482581399,0.9351937444643602,0.102159059179991,0.0540384615384615,0.2539306155393657,0.9814814814814816,0.925,0.637053313261823,0.6194047619047619,0.7975,0,,ok,,2026-07-20T16:41:33.067887+00:00
credit-g,gaussian_copula,fixed,0.02,1,11,2000,2.5502,24.21,False,0.0649243536134783,0.9407255116232236,0.0967943746165446,0.0498461538461538,0.2479676504644123,0.9814814814814816,0.94,0.7396790358474474,0.6139285714285716,0.7975,0,,ok,,2026-07-20T16:41:33.067887+00:00
credit-g,gaussian_copula,fixed,0.01,1,9,2000,3.1338,24.21,False,0.0646908733581269,0.9451540671632233,0.1186140634551557,0.0566923076923076,0.2556116077268389,1.0,0.9,0.7038270879883711,0.5645238095238095,0.7975,0,,ok,,2026-07-20T16:41:33.067887+00:00
credit-g,gaussian_copula,fixed,0.01,1,10,2000,3.0425,24.21,False,0.0670221140586761,0.8992161974498452,0.1129138203605691,0.0635384615384615,0.2629810627253877,1.0,0.89,0.7395586517885472,0.5798809523809524,0.7975,0,,ok,,2026-07-20T16:41:33.067887+00:00
credit-g,gaussian_copula,fixed,0.01,1,11,2000,2.5261,24.21,False,0.0794901538749472,0.9031368409103674,0.1235855521671936,0.059576923076923,0.2501424769039026,1.0,0.895,0.748126171494405,0.5547619047619047,0.7975,0,,ok,,2026-07-20T16:41:33.067887+00:00
credit-g,gaussian_copula,fixed,0.01,1,12,2000,1.861,24.21,False,0.0965768127638566,0.8808955531009405,0.1294256821311805,0.0699999999999999,0.2956794090361678,1.0,0.895,0.7421305953272984,0.6284523809523809,0.7975,0,,ok,,2026-07-20T16:41:33.067887+00:00
credit-g,gaussian_copula,fixed,0.02,1,0,2000,6.2563,23.75,True,0.0575423782055482,0.9348739697735906,0.0933394481654824,0.0386538461538461,0.1577329062438912,1.0,0.93,0.552794597793484,0.6910714285714286,0.7975,0,,ok,,2026-07-20T16:41:33.067887+00:00
credit-g,gaussian_copula,fixed,0.02,1,1,2000,2.9317,23.98,False,0.0493478211204325,0.968503692410744,0.0941333559742648,0.0466923076923076,0.1679494826953491,1.0,0.95,0.6235624230723361,0.6514285714285714,0.7975,0,,ok,,2026-07-20T16:41:33.067887+00:00
credit-g,gaussian_copula,fixed,0.02,1,2,2000,3.0539,24.21,False,0.0647682587235106,0.978693097951682,0.0915230174207214,0.0498076923076923,0.1607305241463532,1.0,0.94,0.6823705983875286,0.6657142857142857,0.7975,0,,ok,,2026-07-20T16:41:33.067887+00:00
credit-g,gaussian_copula,fixed,0.02,1,3,2000,2.552,24.21,False,0.0762000595650293,1.0001662500829258,0.1103077950514177,0.044076923076923,0.1733368262717635,1.0,0.94,0.5990592042051164,0.6435714285714285,0.7975,0,,ok,,2026-07-20T16:41:33.067887+00:00
credit-g,gaussian_copula,fixed,0.02,1,4,2000,2.2029,24.21,False,0.0734678383232296,1.0013655724783204,0.1034946837393594,0.0488846153846153,0.1994938612228798,1.0,0.96,0.6767311115161415,0.5798809523809525,0.7975,0,,ok,,2026-07-20T16:41:33.067887+00:00
credit-g,gaussian_copula,fixed,0.02,1,5,2000,1.7729,24.21,False,0.1225550161337992,1.039421793315701,0.1335047767293658,0.054576923076923,0.2039108130536517,1.0,0.935,0.5860132849996962,0.593452380952381,0.7975,0,,ok,,2026-07-20T16:41:33.067887+00:00
credit-g,gaussian_copula,fixed,0.02,1,6,2000,2.8658,24.21,False,0.0813037753046826,0.9791661011027876,0.1091962462593239,0.045076923076923,0.2366717187598082,0.9814814814814816,0.935,0.6759351141173373,0.6094047619047619,0.7975,0,,ok,,2026-07-20T16:41:33.067887+00:00
credit-g,gaussian_copula,fixed,0.02,1,7,2000,2.349,24.21,False,0.0917021441381149,0.9859709362112478,0.1074881281593869,0.0468461538461538,0.2356746890316409,1.0,0.94,0.6537383188084903,0.6151190476190477,0.7975,0,,ok,,2026-07-20T16:41:33.067887+00:00
credit-g,gaussian_copula,fixed,0.02,1,8,2000,2.0342,24.21,False,0.0815089139686746,0.9757502482289524,0.1088638160957696,0.0492692307692307,0.2392605051229779,1.0,0.925,0.707201216891571,0.5983333333333334,0.7975,0,,ok,,2026-07-20T16:41:33.067887+00:00
credit-g,gaussian_copula,fixed,0.02,1,9,2000,2.5876,24.21,False,0.091512212276747,0.956492802333466,0.1182700296541346,0.0508846153846153,0.2385004085968718,1.0,0.93,0.6858156076244737,0.6194047619047619,0.7975,0,,ok,,2026-07-20T16:41:33.067887+00:00
credit-g,gaussian_copula,fixed,0.02,1,10,2000,4.0641,24.21,False,0.0774815256789667,0.9386227671562524,0.1028376357856574,0.047576923076923,0.2591177203801993,1.0,0.945,0.7372241011136088,0.6664285714285713,0.7975,0,,ok,,2026-07-20T16:41:33.067887+00:00
credit-g,gaussian_copula,fixed,0.01,1,7,2000,2.6392,24.21,False,0.0692004786562761,0.9602206511190436,0.1046830068914117,0.0591153846153846,0.2163118579524621,1.0,0.9,0.7134915652402842,0.5941666666666666,0.7975,0,,ok,,2026-07-20T16:41:33.067887+00:00
bank-marketing,gaussian_copula,fresh,1.0,2,11,2000,7.879,39.8,False,0.0233751334102317,1.0611835949709223,0.0442399214801803,0.0180107695332178,0.1488999629859889,1.0,0.90625,0.8911921908669411,0.7381730631512536,0.8950931152811331,0,,ok,,2026-07-20T16:41:33.067887+00:00
credit-g,gaussian_copula,fixed,0.5,0,6,2000,10.3874,24.21,False,0.058216113149944,0.9129700262644842,0.1008911925287888,0.042076923076923,0.166738000837341,1.0,0.915,0.5902458535004759,0.6597619047619048,0.825,0,,ok,,2026-07-20T16:41:33.067887+00:00
credit-g,gaussian_copula,fixed,0.5,0,4,2000,2.6005,24.21,False,0.0665999430322047,0.9167411723809528,0.1037431017674185,0.0481153846153846,0.1585301771652762,1.0,0.94,0.6164642639358612,0.6863095238095238,0.825,0,,ok,,2026-07-20T16:41:33.067887+00:00
adult,gaussian_copula,fresh,0.02,2,1,2000,15.3804,39.45,False,0.0232013706514969,1.0876862430709464,0.0387190356094518,0.0346930279159756,0.1182263580570978,0.8350515463917526,0.8985,0.9727176349064056,0.562240015063932,0.8963856398033977,0,,ok,,2026-07-20T16:41:33.067887+00:00
adult,gaussian_copula,fresh,0.02,2,2,2000,13.741,40.02,False,0.0281531163166914,1.0888304879083737,0.0471251813718502,0.0362841348811498,0.1375385826399794,0.8041237113402062,0.90275,0.9768943040399516,0.532389027090032,0.8963856398033977,0,,ok,,2026-07-20T16:41:33.067887+00:00
adult,gaussian_copula,fresh,0.02,2,3,2000,12.5254,39.65,False,0.0207578837728867,1.0533619663287697,0.0523337896042867,0.0389417495854063,0.1814311468535848,0.7628865979381443,0.89525,0.9775415496505476,0.4280790025075519,0.8963856398033977,0,,ok,,2026-07-20T16:41:33.067887+00:00
adult,gaussian_copula,fresh,0.02,2,4,2000,10.2277,39.65,False,0.0372251789015859,0.9914051828631149,0.0639130237336776,0.0367151741293532,0.2006335644562624,0.7628865979381443,0.895,0.9763177692324064,0.410804129153809,0.8963856398033977,0,,ok,,2026-07-20T16:41:33.067887+00:00
adult,gaussian_copula,fresh,0.02,2,5,2000,12.3416,39.65,False,0.035677286350715,1.0554741523348243,0.0576760942992728,0.0478187534549474,0.1892806069717203,0.7525773195876289,0.885,0.9774800807294306,0.4097779250194364,0.8963856398033977,0,,ok,,2026-07-20T16:41:33.067887+00:00
adult,gaussian_copula,fresh,0.02,2,6,2000,17.9317,39.65,False,0.0329123521541838,0.964639505113692,0.0585809181930936,0.0484979961304588,0.1924593955369697,0.7422680412371134,0.88925,0.9842248432896888,0.4444772882509855,0.8963856398033977,0,,ok,,2026-07-20T16:41:33.067887+00:00
adult,gaussian_copula,fresh,0.02,2,0,2000,12.5698,39.26,True,0.0346927483584357,1.2088185168821772,0.0527387800925328,0.0257745646766169,0.0798717127594514,0.8556701030927835,0.893,0.9673003694046022,0.7084978710788112,0.8963856398033977,0,,ok,,2026-07-20T16:41:33.067887+00:00
adult,gaussian_copula,fresh,0.02,2,7,2000,14.1671,39.65,False,0.0241358801948775,0.9925530569175974,0.0531592261813222,0.0469398839137645,0.1927108089332433,0.7216494845360825,0.87625,0.9819474050810406,0.4058822896914215,0.8963856398033977,0,,ok,,2026-07-20T16:41:33.067887+00:00
adult,gaussian_copula,fresh,0.02,2,9,2000,13.8539,39.65,False,0.0309888940947185,0.8718304961555448,0.0587340171156889,0.0588283582089552,0.1939307959751217,0.7010309278350515,0.88025,0.98245076983369,0.4290076477515626,0.8963856398033977,0,,ok,,2026-07-20T16:41:33.067887+00:00
adult,gaussian_copula,fresh,0.02,2,10,2000,12.4604,39.65,False,0.0338287732991645,0.8826752330961928,0.0755404515217045,0.0607834784411276,0.1803331114026314,0.7010309278350515,0.89075,0.9828678295840892,0.407507877814833,0.8963856398033977,0,,ok,,2026-07-20T16:41:33.067887+00:00
adult,gaussian_copula,fresh,0.02,2,11,2000,13.4864,39.65,False,0.0463287188212567,0.8608347301526827,0.0771767908497724,0.0536405127142067,0.1767550712519912,0.7216494845360825,0.8695,0.9817047075239568,0.4236383027742785,0.8963856398033977,0,,ok,,2026-07-20T16:41:33.067887+00:00
adult,gaussian_copula,fresh,0.02,2,12,2000,12.9689,39.65,False,0.0502282923303963,0.8927225564306439,0.076393826124003,0.0603263888888888,0.2059945559952231,0.6907216494845361,0.8665,0.9833764272781644,0.3852417001839588,0.8963856398033977,0,,ok,,2026-07-20T16:41:33.067887+00:00
adult,gaussian_copula,fresh,0.05,2,0,2000,12.5698,39.26,True,0.0346927483584357,1.2088185168821772,0.0527387800925328,0.0257745646766169,0.0798717127594514,0.8556701030927835,0.893,0.9673003694046022,0.7084978710788112,0.8963856398033977,0,,ok,,2026-07-20T16:41:33.067887+00:00
adult,gaussian_copula,fresh,0.05,2,1,2000,13.5417,39.45,False,0.0284801961717614,1.093872579223091,0.0482166727266956,0.0295810185185185,0.1078610940685411,0.8556701030927835,0.89275,0.9731764074380996,0.5871949629190985,0.8963856398033977,0,,ok,,2026-07-20T16:41:33.067887+00:00
adult,gaussian_copula,fresh,0.02,2,8,2000,12.5576,39.65,False,0.0275776615756965,0.9063662225160106,0.0624517885456182,0.0572756011608623,0.2068131359729381,0.7319587628865979,0.88025,0.9821162800827392,0.3935177821402453,0.8963856398033977,0,,ok,,2026-07-20T16:41:33.067887+00:00
adult,gaussian_copula,fresh,0.05,2,2,2000,14.7484,40.02,False,0.024861621048196,0.8885485583082021,0.0451836994641606,0.0363158858485351,0.1348349660208318,0.845360824742268,0.90625,0.9743453215650774,0.5085437132670781,0.8963856398033977,0,,ok,,2026-07-20T16:41:33.067887+00:00
adult,gaussian_copula,fresh,0.01,2,12,2000,14.0618,39.65,False,0.076789984782616,0.9798619395629014,0.0920282696998573,0.0557058803206191,0.193006826119347,0.7010309278350515,0.87175,0.9863028615987218,0.4252723814059573,0.8963856398033977,0,,ok,,2026-07-20T16:41:33.067887+00:00
adult,gaussian_copula,fresh,0.01,2,10,2000,18.6581,39.65,False,0.0480983327986489,0.9666775755401846,0.0751564955107699,0.0621597913211719,0.1518565760794038,0.711340206185567,0.88175,0.984581200807046,0.405801187307431,0.8963856398033977,0,,ok,,2026-07-20T16:41:33.067887+00:00
adult,gaussian_copula,fresh,0.0,2,9,2000,13.5252,39.65,False,0.0338234271901993,0.9228566862321604,0.0568471842115326,0.0913039662797125,0.1981457417656833,0.6701030927835051,0.896,0.9836132095808104,0.3780740721120175,0.8963856398033977,0,,ok,,2026-07-20T16:41:33.067887+00:00
adult,gaussian_copula,fresh,0.0,2,10,2000,15.3886,39.65,False,0.0209225219342786,0.9202603068813154,0.0597131391780154,0.0844029850746268,0.1940474490752832,0.6701030927835051,0.887,0.9836139802063888,0.322574864974693,0.8963856398033977,0,,ok,,2026-07-20T16:41:33.067887+00:00
adult,gaussian_copula,fresh,0.0,2,11,2000,15.1776,39.65,False,0.0224631853174362,0.9161254127028357,0.0609082614190192,0.1015489911553344,0.1850989205965824,0.6701030927835051,0.8775,0.9858929056661524,0.3821698408491925,0.8963856398033977,0,,ok,,2026-07-20T16:41:33.067887+00:00
adult,gaussian_copula,fresh,0.0,2,12,2000,15.9562,39.65,False,0.0338244389689727,0.8990662840678806,0.0557905845984663,0.0911430002763958,0.1697237836176268,0.6597938144329897,0.88375,0.9853856416605776,0.3972862237536753,0.8963856398033977,0,,ok,,2026-07-20T16:41:33.067887+00:00
adult,gaussian_copula,fresh,0.01,2,0,2000,12.5698,39.26,True,0.0346927483584357,1.2088185168821772,0.0527387800925328,0.0257745646766169,0.0798717127594514,0.8556701030927835,0.893,0.9673003694046022,0.7084978710788112,0.8963856398033977,0,,ok,,2026-07-20T16:41:33.067887+00:00
adult,gaussian_copula,fresh,0.01,2,1,2000,16.0458,39.45,False,0.0229293509679424,1.0294868592743929,0.0447894522191985,0.0344911553344389,0.1133453784266461,0.8247422680412371,0.895,0.9756241184619948,0.5552043012980447,0.8963856398033977,0,,ok,,2026-07-20T16:41:33.067887+00:00
adult,gaussian_copula,fresh,0.01,2,11,2000,16.7366,39.65,False,0.0583276452292046,0.9274976918405412,0.0835104609487659,0.0595183457711442,0.1605960699646462,0.7216494845360825,0.87125,0.9848050602249964,0.3470659163723618,0.8963856398033977,0,,ok,,2026-07-20T16:41:33.067887+00:00
adult,gaussian_copula,fresh,0.01,2,2,2000,16.7491,40.02,False,0.0302637039842019,1.1582322457007557,0.0579303925817278,0.0326159134881149,0.1297919987837269,0.7938144329896907,0.88075,0.9679037591072952,0.4501717311838207,0.8963856398033977,0,,ok,,2026-07-20T16:41:33.067887+00:00
adult,gaussian_copula,fresh,0.01,2,4,2000,14.9878,39.65,False,0.0233692713534857,0.9421005622342496,0.043463349665253,0.0456829740187949,0.1699617662196857,0.7628865979381443,0.89475,0.9814481409564676,0.4578805881804519,0.8963856398033977,0,,ok,,2026-07-20T16:41:33.067887+00:00
adult,gaussian_copula,fresh,0.01,2,5,2000,14.4828,39.65,False,0.0304601622625657,0.9272222674632206,0.0536813002713547,0.0444902915975677,0.1592221192074532,0.7731958762886598,0.8845,0.9788468307548348,0.418062464702105,0.8963856398033977,0,,ok,,2026-07-20T16:41:33.067887+00:00
adult,gaussian_copula,fresh,0.01,2,6,2000,16.4472,39.65,False,0.0336319049536022,0.8664720387219246,0.0601988836431706,0.0411462824765063,0.1586071399174623,0.7938144329896907,0.88425,0.9821416066642404,0.4097543548439759,0.8963856398033977,0,,ok,,2026-07-20T16:41:33.067887+00:00
adult,gaussian_copula,fresh,0.01,2,7,2000,14.7973,39.65,False,0.034615966277574,1.0609090184251757,0.0575808193900928,0.0464737423991155,0.1396375741026709,0.7628865979381443,0.88325,0.9837607725665196,0.4581431710809224,0.8963856398033977,0,,ok,,2026-07-20T16:41:33.067887+00:00
adult,gaussian_copula,fresh,0.01,2,8,2000,15.3084,39.65,False,0.0431741034385405,1.1084986241180843,0.0682134732108055,0.0508724778883361,0.1318204959407912,0.7319587628865979,0.89325,0.9847178524095688,0.4252431727462421,0.8963856398033977,0,,ok,,2026-07-20T16:41:33.067887+00:00
adult,gaussian_copula,fresh,0.01,2,9,2000,15.5353,39.65,False,0.0379772294767532,0.95041983739388,0.0616607852073795,0.0523329187396351,0.1539148943109909,0.7216494845360825,0.88325,0.986389684663861,0.3610858763443687,0.8963856398033977,0,,ok,,2026-07-20T16:41:33.067887+00:00
adult,gaussian_copula,fresh,0.01,2,3,2000,15.0459,39.65,False,0.0347149922931458,1.08041582724812,0.05493895109014,0.0305664040906578,0.1552072649169792,0.7835051546391752,0.87775,0.98160154607156,0.4146802592601286,0.8963856398033977,0,,ok,,2026-07-20T16:41:33.067887+00:00
adult,gaussian_copula,fresh,0.05,2,3,2000,13.0144,39.65,False,0.0273438260571551,0.8921940970577283,0.0564925747062068,0.0382055693753454,0.1404101467162576,0.8556701030927835,0.88125,0.9748883656599964,0.5279638331884593,0.8963856398033977,0,,ok,,2026-07-20T16:41:33.067887+00:00
adult,gaussian_copula,fresh,0.05,2,4,2000,12.5994,39.65,False,0.052894889191855,0.8613223419268565,0.0672330452431634,0.0445030749032614,0.1459185152855714,0.865979381443299,0.90825,0.9726499424806192,0.4728994121945727,0.8963856398033977,0,,ok,,2026-07-20T16:41:33.067887+00:00
adult,gaussian_copula,fresh,0.05,2,5,2000,13.0989,39.65,False,0.0522256165283721,0.903610864907346,0.0632422656593613,0.0513122927031509,0.1639161472606378,0.8041237113402062,0.89325,0.976722110848264,0.4544901544852897,0.8963856398033977,0,,ok,,2026-07-20T16:41:33.067887+00:00
adult,gaussian_copula,fresh,0.1,2,12,2000,15.6711,39.65,False,0.0318016567163517,0.9473279380483464,0.0498837520175289,0.0337976437258153,0.1607298821298954,0.8144329896907216,0.887,0.9757435058015652,0.4741111945810756,0.8963856398033977,0,,ok,,2026-07-20T16:41:33.067887+00:00
adult,gaussian_copula,fresh,0.2,2,0,2000,12.5698,39.26,True,0.0346927483584357,1.2088185168821772,0.0527387800925328,0.0257745646766169,0.0798717127594514,0.8556701030927835,0.893,0.9673003694046022,0.7084978710788112,0.8963856398033977,0,,ok,,2026-07-20T16:41:33.067887+00:00
adult,gaussian_copula,fresh,0.2,2,1,2000,16.1187,39.45,False,0.0266324326396748,1.0279438019542912,0.0423506816880541,0.0283480168601437,0.1061340003229554,0.8556701030927835,0.899,0.9757395277985808,0.5769306596252926,0.8963856398033977,0,,ok,,2026-07-20T16:41:33.067887+00:00
adult,gaussian_copula,fresh,0.2,2,2,2000,14.7672,40.02,False,0.0365814082942953,0.9553692185143978,0.0488498802934091,0.0301077943615257,0.1232780263092947,0.865979381443299,0.90575,0.9738383967472573,0.5765890395995994,0.8963856398033977,0,,ok,,2026-07-20T16:41:33.067887+00:00
adult,gaussian_copula,fresh,0.2,2,3,2000,16.6109,39.65,False,0.031823009467642,1.0966460970074583,0.0567250642751508,0.0318054864566058,0.1394200611743994,0.845360824742268,0.90775,0.9756298840913208,0.5889971470580947,0.8963856398033977,0,,ok,,2026-07-20T16:41:33.067887+00:00
adult,gaussian_copula,fresh,0.2,2,4,2000,16.2425,39.65,False,0.0385671190188461,0.9944381372315054,0.0447951482694706,0.0294675580431177,0.1313477799105258,0.8350515463917526,0.90775,0.9739091480503383,0.5210908487007162,0.8963856398033977,0,,ok,,2026-07-20T16:41:33.067887+00:00
adult,gaussian_copula,fresh,0.1,2,11,2000,16.889,39.65,False,0.0287812830324763,0.924684869285424,0.0478246751274402,0.0385610834715312,0.1619059831387374,0.8144329896907216,0.876,0.9783116892283448,0.3838214905713397,0.8963856398033977,0,,ok,,2026-07-20T16:41:33.067887+00:00
adult,gaussian_copula,fresh,0.2,2,5,2000,15.7469,39.65,False,0.0325325747925122,0.9427376485422668,0.0437701888377744,0.036415215588723,0.1362096735021625,0.845360824742268,0.896,0.9750016239949684,0.5851653708424538,0.8963856398033977,0,,ok,,2026-07-20T16:41:33.067887+00:00
adult,gaussian_copula,fresh,0.2,2,7,2000,15.2151,39.65,False,0.0216191478698995,0.9578573132205828,0.0337437804863265,0.0307891445550027,0.139528452407109,0.8144329896907216,0.88325,0.9783699395220472,0.5472132250517069,0.8963856398033977,0,,ok,,2026-07-20T16:41:33.067887+00:00
adult,gaussian_copula,fresh,0.2,2,8,2000,15.4007,39.65,False,0.0295804399638181,0.9468905514134226,0.035232990696466,0.0254264096185738,0.1626894241972517,0.865979381443299,0.8875,0.974139448098121,0.5634443231806087,0.8963856398033977,0,,ok,,2026-07-20T16:41:33.067887+00:00
adult,gaussian_copula,fresh,0.2,2,9,2000,15.7529,39.65,False,0.0298264281912925,0.8615155029533508,0.0506754084532364,0.0359715312327252,0.1730669280637087,0.865979381443299,0.87125,0.9720146556289956,0.5740112032748317,0.8963856398033977,0,,ok,,2026-07-20T16:41:33.067887+00:00
adult,gaussian_copula,fresh,0.2,2,10,2000,15.0071,39.65,False,0.0354197053005713,0.8342192800932628,0.0522605006494951,0.0372714552238806,0.1346308439713471,0.845360824742268,0.88525,0.9775253091383632,0.5694289841431399,0.8963856398033977,0,,ok,,2026-07-20T16:41:33.067887+00:00
adult,gaussian_copula,fresh,0.2,2,11,2000,14.8666,39.65,False,0.0285902660685698,0.9761625402823444,0.0518666737590135,0.0295716210613598,0.1340012715935009,0.845360824742268,0.89325,0.9748268101138144,0.5798871267241468,0.8963856398033977,0,,ok,,2026-07-20T16:41:33.067887+00:00
adult,gaussian_copula,fresh,0.2,2,12,2000,15.3159,39.65,False,0.029494163244147,0.8913486010369391,0.0535633096594514,0.0312134121061359,0.1500680056229527,0.7938144329896907,0.8865,0.973584066681446,0.5573795105087578,0.8963856398033977,0,,ok,,2026-07-20T16:41:33.067887+00:00
adult,gaussian_copula,fresh,0.2,2,6,2000,14.818,39.65,False,0.0416352810896144,0.968332004140402,0.0613171963818748,0.0290257393587617,0.1593841343688829,0.8556701030927835,0.893,0.9756534224839802,0.5763835955250367,0.8963856398033977,0,,ok,,2026-07-20T16:41:33.067887+00:00
adult,gaussian_copula,fresh,0.1,2,10,2000,15.2086,39.65,False,0.0346338774828184,0.8413836580234696,0.0513084147902177,0.0374150773908236,0.1724821493526191,0.8350515463917526,0.88725,0.973814059041498,0.4913142100424551,0.8963856398033977,0,,ok,,2026-07-20T16:41:33.067887+00:00
adult,gaussian_copula,fresh,0.1,2,9,2000,15.0006,39.65,False,0.0303011696243739,0.9189520405341765,0.0478365639910375,0.0386140478164731,0.1573327931421164,0.7835051546391752,0.8855,0.9795027321219246,0.4806315771115828,0.8963856398033977,0,,ok,,2026-07-20T16:41:33.067887+00:00
adult,gaussian_copula,fresh,0.1,2,8,2000,24.1201,39.65,False,0.0325477327878804,1.0486177329656805,0.0577917116896518,0.0361794499723604,0.1579568966047859,0.8247422680412371,0.881,0.9766716866229328,0.5471008815311186,0.8963856398033977,0,,ok,,2026-07-20T16:41:33.067887+00:00
adult,gaussian_copula,fresh,0.05,2,6,2000,13.4621,39.65,False,0.0477194638855857,0.9736604877884604,0.065223654396424,0.0432702459922609,0.165695994097573,0.7835051546391752,0.8975,0.9731604442386232,0.416390424647362,0.8963856398033977,0,,ok,,2026-07-20T16:41:33.067887+00:00
adult,gaussian_copula,fresh,0.05,2,7,2000,13.3436,39.65,False,0.0417347660531894,0.8619158533570651,0.0658661904845032,0.0496369195688225,0.152420649136362,0.7938144329896907,0.88525,0.9781985355184512,0.4707117130855975,0.8963856398033977,0,,ok,,2026-07-20T16:41:33.067887+00:00
adult,gaussian_copula,fresh,0.05,2,8,2000,13.6702,39.65,False,0.0561578057195247,0.9287149470272222,0.0684519054771931,0.0502999585406301,0.1944228451168585,0.7835051546391752,0.892,0.9817011626462974,0.4194979834551137,0.8963856398033977,0,,ok,,2026-07-20T16:41:33.067887+00:00
adult,gaussian_copula,fresh,0.05,2,9,2000,14.3338,39.65,False,0.0600728271329788,0.8466346865783705,0.074417089520839,0.0523005804311774,0.1622942032106139,0.7835051546391752,0.89425,0.9752619368152682,0.4020789025883658,0.8963856398033977,0,,ok,,2026-07-20T16:41:33.067887+00:00
adult,gaussian_copula,fresh,0.05,2,10,2000,12.8977,39.65,False,0.0733231749570263,0.928026825813595,0.0875200088013222,0.0465259121061359,0.1550457966133882,0.7835051546391752,0.88475,0.9772527203088536,0.4568496306727249,0.8963856398033977,0,,ok,,2026-07-20T16:41:33.067887+00:00
adult,gaussian_copula,fresh,0.05,2,11,2000,13.7802,39.65,False,0.0617356899137111,1.0412191345918735,0.0776021445488181,0.0471294914317302,0.1770798153598089,0.7731958762886598,0.88725,0.9839268620661282,0.496381437165715,0.8963856398033977,0,,ok,,2026-07-20T16:41:33.067887+00:00
adult,gaussian_copula,fresh,0.05,2,12,2000,13.1588,39.65,False,0.0478298567416908,1.015556448842695,0.0707566372172359,0.0491873618021006,0.1584490672943039,0.7628865979381443,0.8885,0.979245667179062,0.5180714731641587,0.8963856398033977,0,,ok,,2026-07-20T16:41:33.067887+00:00
adult,gaussian_copula,fresh,0.1,2,0,2000,12.5698,39.26,True,0.0346927483584357,1.2088185168821772,0.0527387800925328,0.0257745646766169,0.0798717127594514,0.8556701030927835,0.893,0.9673003694046022,0.7084978710788112,0.8963856398033977,0,,ok,,2026-07-20T16:41:33.067887+00:00
adult,gaussian_copula,fresh,0.1,2,1,2000,13.9273,39.45,False,0.0256707669061345,1.0019182694346336,0.038571985723786,0.0276614496959646,0.1170554832030567,0.845360824742268,0.89025,0.9778651347683172,0.5231366022467656,0.8963856398033977,0,,ok,,2026-07-20T16:41:33.067887+00:00
adult,gaussian_copula,fresh,0.1,2,2,2000,13.0933,40.02,False,0.0257581935153801,1.0578631805701428,0.043788663189293,0.0322363875069098,0.1318727623521877,0.7938144329896907,0.891,0.9792310579181012,0.4651534133220073,0.8963856398033977,0,,ok,,2026-07-20T16:41:33.067887+00:00
adult,gaussian_copula,fresh,0.1,2,3,2000,12.7747,39.65,False,0.0381086973448382,1.0419136045009465,0.0515441906945198,0.0443275635710337,0.1442370879538829,0.8350515463917526,0.89275,0.97576266569094,0.4919743060828885,0.8963856398033977,0,,ok,,2026-07-20T16:41:33.067887+00:00
adult,gaussian_copula,fresh,0.1,2,4,2000,13.9666,39.65,False,0.0322917246544972,0.9184712295093564,0.0511093957568179,0.0434968214483139,0.1292482500960408,0.7938144329896907,0.90875,0.9772783039530474,0.5811954189806853,0.8963856398033977,0,,ok,,2026-07-20T16:41:33.067887+00:00
adult,gaussian_copula,fresh,0.1,2,5,2000,13.139,39.65,False,0.0437200580749713,0.9617614045467654,0.0606581867361043,0.0355744886677722,0.1365884735080489,0.8041237113402062,0.88475,0.9780242965127284,0.4735341350558597,0.8963856398033977,0,,ok,,2026-07-20T16:41:33.067887+00:00
adult,gaussian_copula,fresh,0.1,2,6,2000,15.6555,39.65,False,0.0459402137770139,0.9799742342691106,0.0672398482216066,0.0366794845218352,0.1519888306068757,0.8144329896907216,0.8935,0.9789313205682232,0.4233630332842348,0.8963856398033977,0,,ok,,2026-07-20T16:41:33.067887+00:00
adult,gaussian_copula,fresh,0.1,2,7,2000,32.6894,39.65,False,0.0317973504320079,0.9412946359440324,0.0488767999736098,0.0416332918739635,0.1399400724737292,0.7525773195876289,0.894,0.9796085632013244,0.5006278386653944,0.8963856398033977,0,,ok,,2026-07-20T16:41:33.067887+00:00
adult,gaussian_copula,fresh,0.0,2,8,2000,13.3361,39.65,False,0.0318550565039197,0.9215854109002732,0.0572382824308176,0.0947035309563294,0.1746060601663169,0.711340206185567,0.90175,0.9846436226038778,0.3245429254528129,0.8963856398033977,0,,ok,,2026-07-20T16:41:33.067887+00:00
adult,gaussian_copula,fresh,0.35,2,0,2000,12.5698,39.26,True,0.0346927483584357,1.2088185168821772,0.0527387800925328,0.0257745646766169,0.0798717127594514,0.8556701030927835,0.893,0.9673003694046022,0.7084978710788112,0.8963856398033977,0,,ok,,2026-07-20T16:41:33.067887+00:00
adult,gaussian_copula,fresh,0.0,2,7,2000,13.0989,39.65,False,0.0224584165994,0.8787408038408692,0.0551381519348471,0.0724565367606412,0.1686037170862995,0.7216494845360825,0.89675,0.979795651966688,0.4155184592828661,0.8963856398033977,0,,ok,,2026-07-20T16:41:33.067887+00:00
adult,gaussian_copula,fresh,0.0,2,5,2000,13.5465,39.65,False,0.0152550141304395,0.9312963060866756,0.0466510684714194,0.0725770798783858,0.1752583264791483,0.7628865979381443,0.8925,0.981874716526506,0.378457226786262,0.8963856398033977,0,,ok,,2026-07-20T16:41:33.067887+00:00
adult,gaussian_copula,fixed,0.35,2,6,2000,14.5679,39.65,False,0.0304032446809277,0.9189304504409036,0.0474893238410143,0.0404535655058043,0.1427615923784055,0.7628865979381443,0.90025,0.971701837894304,0.6026409676792904,0.8963856398033977,0,,ok,,2026-07-20T16:41:33.067887+00:00
adult,gaussian_copula,fixed,0.35,2,7,2000,13.9992,39.65,False,0.0282389738163325,1.0701109932934971,0.0484725379273872,0.0406385779436152,0.1384005541127263,0.7525773195876289,0.89975,0.9698759075243996,0.6059171892864079,0.8963856398033977,0,,ok,,2026-07-20T16:41:33.067887+00:00
adult,gaussian_copula,fixed,0.35,2,8,2000,13.6268,39.65,False,0.0301925691937659,1.0324818583696047,0.0481790628609381,0.0432310668877832,0.1287265980508906,0.7731958762886598,0.906,0.9773816364055726,0.6118008492606308,0.8963856398033977,0,,ok,,2026-07-20T16:41:33.067887+00:00
adult,gaussian_copula,fixed,0.35,2,9,2000,14.6082,39.65,False,0.0371330312827822,1.002160993733629,0.0550393829231885,0.0322282338308457,0.1559345985656528,0.7731958762886598,0.8985,0.9737637135662262,0.58756631611467,0.8963856398033977,0,,ok,,2026-07-20T16:41:33.067887+00:00
adult,gaussian_copula,fixed,0.35,2,10,2000,14.0993,39.65,False,0.0216091457823411,0.9408611127926968,0.0419481716466973,0.0361238944168048,0.1313365533276122,0.7525773195876289,0.897,0.970139590847228,0.6236722844764793,0.8963856398033977,0,,ok,,2026-07-20T16:41:33.067887+00:00
adult,gaussian_copula,fixed,0.35,2,11,2000,15.6695,39.65,False,0.0227314118462888,1.0022933141291377,0.0466041398996549,0.0347459231619679,0.142813058871136,0.7525773195876289,0.8915,0.975692634388399,0.6521633815065322,0.8963856398033977,0,,ok,,2026-07-20T16:41:33.067887+00:00
adult,gaussian_copula,fixed,0.35,2,5,2000,14.5012,39.65,False,0.0316497214095221,1.0012520920001375,0.0489127903613632,0.0368003385848535,0.1332596681882484,0.7731958762886598,0.905,0.96718701769456,0.5878345374993952,0.8963856398033977,0,,ok,,2026-07-20T16:41:33.067887+00:00
adult,gaussian_copula,fixed,0.35,2,12,2000,14.0749,39.65,False,0.0328390406711165,1.0790847412685158,0.049354520279397,0.0395782891100055,0.1449994768153795,0.7422680412371134,0.9005,0.9732654765674238,0.5694992685050136,0.8963856398033977,0,,ok,,2026-07-20T16:41:33.067887+00:00
adult,gaussian_copula,fixed,0.5,2,1,2000,14.9964,39.45,False,0.0278097563323598,1.1375012293202498,0.0425339093635255,0.0317305486456605,0.1161314176482464,0.8762886597938144,0.90025,0.9682583374358176,0.5775834780872111,0.8963856398033977,0,,ok,,2026-07-20T16:41:33.067887+00:00
adult,gaussian_copula,fixed,0.5,2,2,2000,14.8688,40.02,False,0.0320248567812404,1.0411711086203788,0.0427405863933965,0.0250280541735765,0.1147528984890635,0.8556701030927835,0.8965,0.9737423295501828,0.6289212871531857,0.8963856398033977,0,,ok,,2026-07-20T16:41:33.067887+00:00
adult,gaussian_copula,fixed,0.5,2,3,2000,15.6714,39.65,False,0.0267221856562665,1.0871181596379988,0.0459761234457815,0.0338594181868435,0.1340149758383276,0.8556701030927835,0.88675,0.9695504841552508,0.6807319421313182,0.8963856398033977,0,,ok,,2026-07-20T16:41:33.067887+00:00
adult,gaussian_copula,fixed,0.5,2,4,2000,13.7716,39.65,False,0.0247420265311529,1.000321571560509,0.0430920946769492,0.0303308112216694,0.1112475271112526,0.845360824742268,0.8985,0.9686843741304516,0.6465086046547917,0.8963856398033977,0,,ok,,2026-07-20T16:41:33.067887+00:00
adult,gaussian_copula,fixed,0.5,2,5,2000,15.1428,39.65,False,0.0297250725988916,0.965691331720832,0.0615938443538726,0.0327075386954118,0.111166882003098,0.845360824742268,0.89775,0.9678634756395724,0.5871857839912418,0.8963856398033977,0,,ok,,2026-07-20T16:41:33.067887+00:00
adult,gaussian_copula,fixed,0.5,2,6,2000,14.7092,39.65,False,0.0338939141653061,0.89001707366568,0.0481112933289251,0.0384599226091763,0.1225848569787697,0.7938144329896907,0.9085,0.972155782484876,0.5861899358825664,0.8963856398033977,0,,ok,,2026-07-20T16:41:33.067887+00:00
adult,gaussian_copula,fixed,0.5,2,0,2000,12.5698,39.26,True,0.0346927483584357,1.2088185168821772,0.0527387800925328,0.0257745646766169,0.0798717127594514,0.8556701030927835,0.893,0.9673003694046022,0.7084978710788112,0.8963856398033977,0,,ok,,2026-07-20T16:41:33.067887+00:00
adult,gaussian_copula,fixed,0.5,2,7,2000,14.1466,39.65,False,0.022275146981246,1.002382039310679,0.0444259357087715,0.0355423576561636,0.1222532119958713,0.7835051546391752,0.90725,0.9698248178610696,0.6436590392835819,0.8963856398033977,0,,ok,,2026-07-20T16:41:33.067887+00:00
adult,gaussian_copula,fixed,0.35,2,4,2000,14.0248,39.65,False,0.0186871276787863,0.9415835554330972,0.0347713633497054,0.0336985903814262,0.1422066656433089,0.7628865979381443,0.90175,0.9725959154400856,0.6306374516254111,0.8963856398033977,0,,ok,,2026-07-20T16:41:33.067887+00:00
adult,gaussian_copula,fixed,0.35,2,2,2000,15.3878,40.02,False,0.0205705331597041,0.9337562533277688,0.0344555352116055,0.034365222498618,0.1332911410090269,0.8041237113402062,0.887,0.9770524330335878,0.617970891783981,0.8963856398033977,0,,ok,,2026-07-20T16:41:33.067887+00:00
adult,gaussian_copula,fixed,0.2,2,1,2000,14.1437,39.45,False,0.0332897000811975,1.1533127636290164,0.046164045138062,0.0366230997788833,0.1068167534869556,0.8144329896907216,0.8995,0.9703026765945832,0.5422077917820535,0.8963856398033977,0,,ok,,2026-07-20T16:41:33.067887+00:00
adult,gaussian_copula,fixed,0.2,2,2,2000,15.385,40.02,False,0.0419308125273452,1.0953115046517374,0.0495716717365592,0.0416748548922056,0.1251546606130834,0.7835051546391752,0.9065,0.9711042498209634,0.594396192423372,0.8963856398033977,0,,ok,,2026-07-20T16:41:33.067887+00:00
adult,gaussian_copula,fixed,0.2,2,3,2000,17.9023,39.65,False,0.0421810059004927,0.9731407049230364,0.0636869871275898,0.0425000690989497,0.1435103007921485,0.7835051546391752,0.89,0.9720165186303932,0.5814837028791543,0.8963856398033977,0,,ok,,2026-07-20T16:41:33.067887+00:00
adult,gaussian_copula,fixed,0.2,2,4,2000,15.5256,39.65,False,0.0299136800785945,0.9676331624338944,0.0545035548874918,0.046856585129906,0.1536029968771295,0.7938144329896907,0.9005,0.9764416520753496,0.5382223996523546,0.8963856398033977,0,,ok,,2026-07-20T16:41:33.067887+00:00
adult,gaussian_copula,fixed,0.2,2,5,2000,14.4074,39.65,False,0.0386914425032587,0.9571191355297688,0.0623018691430229,0.0392089897733554,0.1555134873288648,0.7835051546391752,0.88675,0.9726483269794074,0.5584741632194329,0.8963856398033977,0,,ok,,2026-07-20T16:41:33.067887+00:00
adult,gaussian_copula,fixed,0.2,2,6,2000,14.1428,39.65,False,0.0451305097937252,0.9788558789281686,0.0575699203800639,0.0411613114980652,0.1410684390221981,0.7731958762886598,0.89175,0.9686513609806836,0.4764895859162726,0.8963856398033977,0,,ok,,2026-07-20T16:41:33.067887+00:00
adult,gaussian_copula,fixed,0.35,2,3,2000,13.7837,39.65,False,0.0225497819528259,0.9726861421433391,0.037258355721294,0.0328419707020453,0.1417415681644721,0.7938144329896907,0.8945,0.9702127687771296,0.5667766345933073,0.8963856398033977,0,,ok,,2026-07-20T16:41:33.067887+00:00
adult,gaussian_copula,fixed,0.2,2,7,2000,15.2129,39.65,False,0.037065471472463,1.0260219765631782,0.057803712944617,0.0489070619126589,0.1622225736088108,0.7525773195876289,0.889,0.9755791341782456,0.5022375931382532,0.8963856398033977,0,,ok,,2026-07-20T16:41:33.067887+00:00
adult,gaussian_copula,fixed,0.2,2,9,2000,14.9839,39.65,False,0.0556238942269113,1.0300007281468844,0.0725107886692601,0.0468080776672194,0.145498162454946,0.7628865979381443,0.88325,0.977152634608764,0.5689912476300336,0.8963856398033977,0,,ok,,2026-07-20T16:41:33.067887+00:00
adult,gaussian_copula,fixed,0.2,2,10,2000,15.9854,39.65,False,0.0486338799988667,0.9927266282491436,0.0584353071155349,0.0564028468767274,0.1549328140846338,0.7731958762886598,0.891,0.9758705915219114,0.4877331169029563,0.8963856398033977,0,,ok,,2026-07-20T16:41:33.067887+00:00
adult,gaussian_copula,fixed,0.2,2,11,2000,13.9404,39.65,False,0.0412548058251013,1.047339108663888,0.0649902788509698,0.0533769347705914,0.1656488606509475,0.7731958762886598,0.88675,0.9711210348335564,0.5765204598957562,0.8963856398033977,0,,ok,,2026-07-20T16:41:33.067887+00:00
adult,gaussian_copula,fixed,0.2,2,12,2000,14.6703,39.65,False,0.0584700877757281,1.0161801867212656,0.0735390378471716,0.0518886124930901,0.1498519715119538,0.7525773195876289,0.887,0.9741257028378086,0.6101345788176833,0.8963856398033977,0,,ok,,2026-07-20T16:41:33.067887+00:00
adult,gaussian_copula,fixed,0.35,2,0,2000,12.5698,39.26,True,0.0346927483584357,1.2088185168821772,0.0527387800925328,0.0257745646766169,0.0798717127594514,0.8556701030927835,0.893,0.9673003694046022,0.7084978710788112,0.8963856398033977,0,,ok,,2026-07-20T16:41:33.067887+00:00
adult,gaussian_copula,fixed,0.35,2,1,2000,14.2088,39.45,False,0.0223017161833767,1.0394587141277556,0.0310690554884521,0.0237673783858485,0.0795520187626616,0.845360824742268,0.90725,0.9715128366275056,0.6309796617250378,0.8963856398033977,0,,ok,,2026-07-20T16:41:33.067887+00:00
adult,gaussian_copula,fixed,0.2,2,8,2000,16.2103,39.65,False,0.0415093624809005,0.9835969166421916,0.060304165518322,0.046524080983969,0.1368540777254013,0.7628865979381443,0.897,0.9753080820998886,0.5263063810726312,0.8963856398033977,0,,ok,,2026-07-20T16:41:33.067887+00:00
adult,gaussian_copula,fixed,0.5,2,8,2000,13.5043,39.65,False,0.0151077860360883,0.9520061817507272,0.0329275651616175,0.0374528745163073,0.1471304330896561,0.8144329896907216,0.899,0.9717648750665976,0.5991159971272579,0.8963856398033977,0,,ok,,2026-07-20T16:41:33.067887+00:00
adult,gaussian_copula,fixed,0.5,2,9,2000,14.3544,39.65,False,0.0344198703409039,0.9561657885055068,0.0471990825143624,0.0391121475953565,0.1190449620424377,0.8247422680412371,0.89975,0.972533094267954,0.5659149955226501,0.8963856398033977,0,,ok,,2026-07-20T16:41:33.067887+00:00
adult,gaussian_copula,fixed,0.5,2,10,2000,13.6262,39.65,False,0.0320537827918052,0.8807175486546669,0.0441291394099729,0.0357684494195688,0.1058200184003583,0.7835051546391752,0.90575,0.9664431688239876,0.6417777852374779,0.8963856398033977,0,,ok,,2026-07-20T16:41:33.067887+00:00
adult,gaussian_copula,fixed,1.0,2,4,2000,14.4709,39.65,False,0.0149255106941552,0.8897564211750141,0.0315994741103424,0.0264044016030956,0.1036486232691877,0.8969072164948454,0.89075,0.9681358203438992,0.7042488470283155,0.8963856398033977,0,,ok,,2026-07-20T16:41:33.067887+00:00
adult,gaussian_copula,fixed,1.0,2,5,2000,15.1395,39.65,False,0.0184370382376823,0.8747870201120554,0.0348820638579986,0.0290747305140962,0.1072872730342567,0.9072164948453608,0.8935,0.9684313366906104,0.724218522473228,0.8963856398033977,0,,ok,,2026-07-20T16:41:33.067887+00:00
adult,gaussian_copula,fixed,1.0,2,6,2000,15.7608,39.65,False,0.0267718456962611,0.9018024541127304,0.047163535041238,0.0260192440574903,0.0983153117587925,0.9072164948453608,0.88825,0.9709629069649208,0.7008665104587982,0.8963856398033977,0,,ok,,2026-07-20T16:41:33.067887+00:00
adult,gaussian_copula,fixed,1.0,2,7,2000,14.4983,39.65,False,0.020136657823374,0.8639459696032712,0.0467211604513517,0.0300583540630182,0.0960284109446375,0.8556701030927835,0.894,0.967498732365924,0.6726833008945652,0.8963856398033977,0,,ok,,2026-07-20T16:41:33.067887+00:00
adult,gaussian_copula,fixed,1.0,2,8,2000,13.987,39.65,False,0.0292306696127459,0.8106231747154572,0.048398001287206,0.0266669430624654,0.1022450964367302,0.8556701030927835,0.89175,0.9671788721259488,0.7152261235433861,0.8963856398033977,0,,ok,,2026-07-20T16:41:33.067887+00:00
adult,gaussian_copula,fixed,1.0,2,9,2000,15.2649,39.65,False,0.0158147643359006,0.9196066048843567,0.0325193846901547,0.0259325248756219,0.0687355003510563,0.8969072164948454,0.90425,0.9669651005905668,0.6717956002251723,0.8963856398033977,0,,ok,,2026-07-20T16:41:33.067887+00:00
adult,gaussian_copula,fixed,1.0,2,3,2000,14.8632,39.65,False,0.0358744690420316,0.9076114246612051,0.0428179297379647,0.0293503316749585,0.1077612295764111,0.8969072164948454,0.89275,0.9677816847032088,0.6992941601169553,0.8963856398033977,0,,ok,,2026-07-20T16:41:33.067887+00:00
adult,gaussian_copula,fixed,1.0,2,10,2000,15.936,39.65,False,0.0189542136107392,0.8931268545816685,0.0463948451580717,0.0270784273079049,0.0931008065386044,0.8865979381443299,0.89075,0.9611214389563596,0.7005873399244155,0.8963856398033977,0,,ok,,2026-07-20T16:41:33.067887+00:00
adult,gaussian_copula,fixed,1.0,2,12,2000,17.3492,39.65,False,0.0285573315208565,0.9257192856690164,0.0427045643319863,0.0267153123272526,0.0989267653411437,0.8762886597938144,0.89075,0.9681457743513672,0.6774581463837057,0.8963856398033977,0,,ok,,2026-07-20T16:41:33.067887+00:00
adult,gaussian_copula,fresh,0.0,2,0,2000,12.5698,39.26,True,0.0346927483584357,1.2088185168821772,0.0527387800925328,0.0257745646766169,0.0798717127594514,0.8556701030927835,0.893,0.9673003694046022,0.7084978710788112,0.8963856398033977,0,,ok,,2026-07-20T16:41:33.067887+00:00
adult,gaussian_copula,fresh,0.0,2,1,2000,16.6238,39.45,False,0.0302961922695975,1.1428119335995917,0.0484883073197816,0.0334730859590934,0.1352457300735797,0.8144329896907216,0.90075,0.9722497324303616,0.6306144059601139,0.8963856398033977,0,,ok,,2026-07-20T16:41:33.067887+00:00
adult,gaussian_copula,fresh,0.0,2,2,2000,17.5583,40.02,False,0.0340667207315253,1.2210398810577925,0.0494315389121501,0.0421215105030403,0.1277599867844051,0.8041237113402062,0.89925,0.9750067393738062,0.4177460539461325,0.8963856398033977,0,,ok,,2026-07-20T16:41:33.067887+00:00
adult,gaussian_copula,fresh,0.0,2,3,2000,14.4471,39.65,False,0.0315891598218984,1.122013023865141,0.0565246609354688,0.050856585129906,0.1514439645689561,0.7835051546391752,0.89325,0.9734263933131516,0.4403829291348742,0.8963856398033977,0,,ok,,2026-07-20T16:41:33.067887+00:00
adult,gaussian_copula,fresh,0.0,2,4,2000,13.74,39.65,False,0.0230451621760735,1.089759131652967,0.0492991883417557,0.0596862562189054,0.1557160614413247,0.7835051546391752,0.90425,0.9821631633679132,0.3895023945855865,0.8963856398033977,0,,ok,,2026-07-20T16:41:33.067887+00:00
adult,gaussian_copula,fixed,1.0,2,11,2000,17.9689,39.65,False,0.0158632147021957,0.9119118440841856,0.0371227703338109,0.0250762852404643,0.0954175612175593,0.8865979381443299,0.88775,0.9653085942227728,0.6931773881570589,0.8963856398033977,0,,ok,,2026-07-20T16:41:33.067887+00:00
adult,gaussian_copula,fixed,1.0,2,2,2000,15.046,40.02,False,0.0279580202203744,0.8487416211847455,0.0421264560217978,0.0284695619126589,0.0975720219479064,0.9072164948453608,0.89125,0.9650011866171404,0.6905390692540927,0.8963856398033977,0,,ok,,2026-07-20T16:41:33.067887+00:00
adult,gaussian_copula,fixed,1.0,2,1,2000,15.7252,39.45,False,0.0273347244720957,0.8229749937961549,0.0468485139867827,0.0284742260917634,0.1004845123284281,0.9072164948453608,0.89725,0.9670562402839442,0.6932220043028192,0.8963856398033977,0,,ok,,2026-07-20T16:41:33.067887+00:00
adult,gaussian_copula,fixed,1.0,2,0,2000,12.5698,39.26,True,0.0346927483584357,1.2088185168821772,0.0527387800925328,0.0257745646766169,0.0798717127594514,0.8556701030927835,0.893,0.9673003694046022,0.7084978710788112,0.8963856398033977,0,,ok,,2026-07-20T16:41:33.067887+00:00
adult,gaussian_copula,fixed,0.5,2,11,2000,14.8862,39.65,False,0.0347672328046232,0.9389671691118304,0.0466693792659158,0.0403002694859038,0.1131274201009588,0.7938144329896907,0.90825,0.9735160423804108,0.5714458240664408,0.8963856398033977,0,,ok,,2026-07-20T16:41:33.067887+00:00
adult,gaussian_copula,fixed,0.5,2,12,2000,14.9573,39.65,False,0.0380087713916993,0.932468774676326,0.0520823315986289,0.0280910724156992,0.1071252182216546,0.8350515463917526,0.90175,0.97189447516383,0.6119985568102859,0.8963856398033977,0,,ok,,2026-07-20T16:41:33.067887+00:00
adult,gaussian_copula,fixed,0.75,2,0,2000,12.5698,39.26,True,0.0346927483584357,1.2088185168821772,0.0527387800925328,0.0257745646766169,0.0798717127594514,0.8556701030927835,0.893,0.9673003694046022,0.7084978710788112,0.8963856398033977,0,,ok,,2026-07-20T16:41:33.067887+00:00
adult,gaussian_copula,fixed,0.75,2,1,2000,15.2341,39.45,False,0.0261179137114078,1.1210625337957765,0.0422593074563124,0.0292055693753455,0.1243996271363567,0.8762886597938144,0.90275,0.9684737323474176,0.6973921223556329,0.8963856398033977,0,,ok,,2026-07-20T16:41:33.067887+00:00
adult,gaussian_copula,fixed,0.75,2,2,2000,14.9294,40.02,False,0.0309150354532242,1.1124315229413353,0.0424998350832695,0.0257590174129353,0.1034507673140108,0.9072164948453608,0.9095,0.9695072166227892,0.6603077458480759,0.8963856398033977,0,,ok,,2026-07-20T16:41:33.067887+00:00
adult,gaussian_copula,fixed,0.75,2,3,2000,14.4424,39.65,False,0.0414814375833413,0.9262587678375352,0.0482125357794322,0.0251349502487562,0.1047046313089746,0.8762886597938144,0.88625,0.9698844564058134,0.6929572905798105,0.8963856398033977,0,,ok,,2026-07-20T16:41:33.067887+00:00
adult,gaussian_copula,fixed,0.75,2,4,2000,14.7745,39.65,False,0.0173939729952761,1.082520315205725,0.0362170452901058,0.0272115118850193,0.1045873946762854,0.8969072164948454,0.8985,0.979573606050098,0.6390025036181367,0.8963856398033977,0,,ok,,2026-07-20T16:41:33.067887+00:00
adult,gaussian_copula,fixed,0.75,2,5,2000,14.3303,39.65,False,0.0199325581885745,0.9950346024958996,0.0344089620179943,0.0289209162520729,0.1243483761579238,0.845360824742268,0.90475,0.9670965254391682,0.6689209894936681,0.8963856398033977,0,,ok,,2026-07-20T16:41:33.067887+00:00
adult,gaussian_copula,fixed,0.75,2,6,2000,14.9783,39.65,False,0.0271312361499173,1.0724468244473484,0.0456047418115332,0.0293575179657269,0.1329208345867063,0.8969072164948454,0.9075,0.9704004234179175,0.6537244220979804,0.8963856398033977,0,,ok,,2026-07-20T16:41:33.067887+00:00
adult,gaussian_copula,fixed,0.75,2,7,2000,14.0427,39.65,False,0.0469663948346333,0.9881755606647276,0.0506488801981726,0.0293999447208402,0.101392531911073,0.9175257731958762,0.905,0.9677389369211372,0.6754990681421311,0.8963856398033977,0,,ok,,2026-07-20T16:41:33.067887+00:00
adult,gaussian_copula,fixed,0.75,2,8,2000,14.0532,39.65,False,0.0413052492934101,1.1010940083991556,0.0489050129526328,0.0274743642896628,0.1178993087907049,0.9278350515463918,0.9,0.9688454900013288,0.6844558659446436,0.8963856398033977,0,,ok,,2026-07-20T16:41:33.067887+00:00
adult,gaussian_copula,fixed,0.75,2,9,2000,15.1932,39.65,False,0.0296490092466387,1.0793920821462206,0.0361462461474193,0.0263071793808734,0.098199683718014,0.9278350515463918,0.89075,0.9643915081597292,0.6592008982761055,0.8963856398033977,0,,ok,,2026-07-20T16:41:33.067887+00:00
adult,gaussian_copula,fixed,0.75,2,10,2000,15.3869,39.65,False,0.0426578832316736,1.1561831232552695,0.0497259218332724,0.028535896904367,0.0851729836978726,0.9072164948453608,0.9035,0.9708933762877556,0.66569977588992,0.8963856398033977,0,,ok,,2026-07-20T16:41:33.067887+00:00
adult,gaussian_copula,fixed,0.75,2,11,2000,14.5599,39.65,False,0.033581625513949,0.9503252434565682,0.045179433847195,0.023458160585959,0.130708348939925,0.9175257731958762,0.90225,0.9734491655802364,0.7082345669768664,0.8963856398033977,0,,ok,,2026-07-20T16:41:33.067887+00:00
adult,gaussian_copula,fixed,0.75,2,12,2000,14.4313,39.65,False,0.0300715521170278,1.0052020556711525,0.0390981915903428,0.0319077529021558,0.1022965467398914,0.8969072164948454,0.896,0.9744184078074104,0.6644002363967305,0.8963856398033977,0,,ok,,2026-07-20T16:41:33.067887+00:00
adult,gaussian_copula,fresh,0.0,2,6,2000,12.9548,39.65,False,0.0312332431307517,0.8103068691981173,0.061143007115973,0.0789643449419569,0.1698413878712088,0.7835051546391752,0.896,0.9802258894144736,0.4153448136369496,0.8963856398033977,0,,ok,,2026-07-20T16:41:33.067887+00:00
adult,gaussian_copula,fresh,0.35,2,1,2000,15.6336,39.45,False,0.0401949943988809,1.1167710021975112,0.0495103431189045,0.0244324557766721,0.115872617972969,0.8969072164948454,0.89575,0.9745294723907368,0.5969852729347642,0.8963856398033977,0,,ok,,2026-07-20T16:41:33.067887+00:00
adult,gaussian_copula,fresh,0.35,2,2,2000,15.1398,40.02,False,0.0416307584498494,1.0516121160298164,0.0560708811442173,0.0282460268103924,0.11869155999718,0.8865979381443299,0.9,0.971723794535777,0.5915911120703818,0.8963856398033977,0,,ok,,2026-07-20T16:41:33.067887+00:00
adult,gaussian_copula,fresh,0.35,2,3,2000,15.7038,39.65,False,0.0352492097355868,0.9217175569926632,0.0519218368381569,0.0288026188501934,0.0814974362016975,0.8556701030927835,0.8915,0.9751102315764512,0.5460256684783684,0.8963856398033977,0,,ok,,2026-07-20T16:41:33.067887+00:00
credit-g,gaussian_copula,fixed,0.05,0,5,2000,2.2219,24.21,False,0.0831493490330485,0.8970978605436433,0.1140608425590776,0.0475,0.2287568730807365,1.0,0.945,0.6918055583682673,0.5327380952380953,0.825,0,,ok,,2026-07-20T16:41:33.067887+00:00
credit-g,gaussian_copula,fixed,0.05,0,6,2000,1.8635,24.21,False,0.0941397289159933,0.881706415641667,0.1234079091419164,0.0446153846153846,0.2460742182682955,1.0,0.845,0.6841167297839162,0.5571428571428572,0.825,0,,ok,,2026-07-20T16:41:33.067887+00:00
credit-g,gaussian_copula,fixed,0.05,0,7,2000,2.0629,24.21,False,0.0988475014699509,0.8735363503283095,0.1323101885732225,0.0432692307692307,0.2427229635139762,1.0,0.925,0.6894035026135716,0.5635714285714286,0.825,0,,ok,,2026-07-20T16:41:33.067887+00:00
credit-g,gaussian_copula,fixed,0.05,0,8,2000,1.799,24.21,False,0.0896488256898998,0.8821821715239635,0.1334323110968712,0.048076923076923,0.2410947787751423,1.0,0.93,0.7343461345466246,0.6463095238095237,0.825,0,,ok,,2026-07-20T16:41:33.067887+00:00
credit-g,gaussian_copula,fixed,0.05,0,9,2000,2.743,24.21,False,0.0965165104255832,0.8742686403517385,0.141541518324015,0.0455384615384615,0.2433009014417796,0.9814814814814816,0.92,0.7697705502339051,0.5765476190476191,0.825,0,,ok,,2026-07-20T16:41:33.067887+00:00
credit-g,gaussian_copula,fixed,0.05,0,10,2000,2.4358,24.21,False,0.1133987447720607,0.8845867830177516,0.1489249376402819,0.0531923076923077,0.2395520344390649,0.9814814814814816,0.91,0.6877316268049171,0.531547619047619,0.825,0,,ok,,2026-07-20T16:41:33.067887+00:00
credit-g,gaussian_copula,fixed,0.05,0,4,2000,1.9011,24.21,False,0.0821315225098171,0.9221621883849848,0.1090793767535065,0.0477692307692307,0.1979978509730826,1.0,0.92,0.6865491628245025,0.5785714285714287,0.825,0,,ok,,2026-07-20T16:41:33.067887+00:00
credit-g,gaussian_copula,fixed,0.05,0,11,2000,2.4606,24.21,False,0.1081238618351483,0.9049373129933148,0.1355885797576803,0.044576923076923,0.2544271397052562,0.9814814814814816,0.905,0.7047001536865648,0.6227380952380954,0.825,0,,ok,,2026-07-20T16:41:33.067887+00:00
credit-g,gaussian_copula,fixed,0.1,0,0,2000,4.2879,23.75,True,0.0502706727314669,0.9372217797384668,0.0834228686259316,0.0417307692307692,0.1667646829784364,1.0,0.945,0.6185192310721382,0.6235714285714286,0.825,0,,ok,,2026-07-20T16:41:33.067887+00:00
credit-g,gaussian_copula,fixed,0.1,0,1,2000,1.8513,23.98,False,0.0699004128397175,0.9555645796059908,0.0990761941551299,0.0433076923076923,0.1727962987569373,1.0,0.95,0.586068976690496,0.6608333333333334,0.825,0,,ok,,2026-07-20T16:41:33.067887+00:00
credit-g,gaussian_copula,fixed,0.1,0,2,2000,2.2158,24.21,False,0.0805726598339461,0.9108632857599546,0.1146865232808372,0.0435,0.1524335354064987,1.0,0.94,0.6380118853943759,0.5605952380952381,0.825,0,,ok,,2026-07-20T16:41:33.067887+00:00
credit-g,gaussian_copula,fixed,0.1,0,3,2000,1.4932,24.21,False,0.0764497254050838,0.927484282412336,0.1013254917462321,0.0424230769230769,0.2042271656464324,1.0,0.915,0.5952918582123304,0.580952380952381,0.825,0,,ok,,2026-07-20T16:41:33.067887+00:00
credit-g,gaussian_copula,fixed,0.1,0,4,2000,2.2498,24.21,False,0.0634392180193417,0.9391249885118494,0.1077193044819203,0.040576923076923,0.197583643087447,1.0,0.955,0.5906542592330073,0.6146428571428572,0.825,0,,ok,,2026-07-20T16:41:33.067887+00:00
credit-g,gaussian_copula,fixed,0.1,0,5,2000,2.164,24.21,False,0.059765155750783,0.9238399367468658,0.1085946803134237,0.0413846153846153,0.1865321878923264,1.0,0.915,0.6620954476824381,0.6561904761904763,0.825,0,,ok,,2026-07-20T16:41:33.067887+00:00
credit-g,gaussian_copula,fixed,0.05,0,12,2000,3.1143,24.21,False,0.1170453336647985,0.8694854971362496,0.147296384248699,0.049076923076923,0.2441955242610841,0.9814814814814816,0.93,0.7325572499330574,0.6046428571428571,0.825,0,,ok,,2026-07-20T16:41:33.067887+00:00
credit-g,gaussian_copula,fixed,0.1,0,6,2000,2.3225,24.21,False,0.0619481118346719,0.9620098398751542,0.1121048804015381,0.0433846153846153,0.2175331210217227,1.0,0.945,0.6342552277058848,0.6063095238095239,0.825,0,,ok,,2026-07-20T16:41:33.067887+00:00
credit-g,gaussian_copula,fixed,0.05,0,3,2000,2.1726,24.21,False,0.0707017664991834,0.9264741553218095,0.1058576792756379,0.0476923076923076,0.2015701265260613,1.0,0.92,0.63553669913661,0.5829761904761904,0.825,0,,ok,,2026-07-20T16:41:33.067887+00:00
credit-g,gaussian_copula,fixed,0.05,0,1,2000,2.4811,23.98,False,0.0749956927578518,0.9311128297898454,0.102098191661371,0.0517692307692307,0.1912348548434564,1.0,0.95,0.5819162892007624,0.6513095238095238,0.825,0,,ok,,2026-07-20T16:41:33.067887+00:00
credit-g,gaussian_copula,fixed,0.02,0,0,2000,4.2879,23.75,True,0.0502706727314669,0.9372217797384668,0.0834228686259316,0.0417307692307692,0.1667646829784364,1.0,0.945,0.6185192310721382,0.6235714285714286,0.825,0,,ok,,2026-07-20T16:41:33.067887+00:00
credit-g,gaussian_copula,fixed,0.02,0,1,2000,1.8969,23.98,False,0.09172563384467,0.9127853422240426,0.1092040120478483,0.0446153846153846,0.1826232676205811,1.0,0.945,0.5706935696911193,0.5664285714285715,0.825,0,,ok,,2026-07-20T16:41:33.067887+00:00
credit-g,gaussian_copula,fixed,0.02,0,2,2000,2.012,24.21,False,0.0858834123875929,0.9078368630981606,0.1173923448329148,0.0457307692307692,0.195009703006085,1.0,0.94,0.591619581873536,0.5704761904761906,0.825,0,,ok,,2026-07-20T16:41:33.067887+00:00
credit-g,gaussian_copula,fixed,0.02,0,3,2000,3.1164,24.21,False,0.0962860382351403,0.9179890894331946,0.1244885146941644,0.0467307692307692,0.2038832509588868,1.0,0.925,0.6507129661507028,0.5654761904761905,0.825,0,,ok,,2026-07-20T16:41:33.067887+00:00
credit-g,gaussian_copula,fixed,0.02,0,4,2000,1.8361,24.21,False,0.0925409800264509,0.9290166826012732,0.1162622677815057,0.0488846153846153,0.2400113763555585,1.0,0.94,0.6489235189948044,0.5083333333333334,0.825,0,,ok,,2026-07-20T16:41:33.067887+00:00
credit-g,gaussian_copula,fixed,0.02,0,5,2000,2.8165,24.21,False,0.0991519899712561,0.9384925531711548,0.1237391112563267,0.049,0.2305512419487322,1.0,0.915,0.7052435695786108,0.6583333333333334,0.825,0,,ok,,2026-07-20T16:41:33.067887+00:00
credit-g,gaussian_copula,fixed,0.05,0,2,2000,2.3863,24.21,False,0.0830333024126824,0.8861619673439379,0.1039263281960149,0.0458076923076923,0.2006295416155445,1.0,0.975,0.6551671763300189,0.6298809523809524,0.825,0,,ok,,2026-07-20T16:41:33.067887+00:00
credit-g,gaussian_copula,fixed,0.02,0,6,2000,2.7668,24.21,False,0.0880805909789823,0.9257307046206804,0.1249052917454602,0.0541923076923077,0.266255261761795,1.0,0.92,0.6753916982252913,0.5048809523809524,0.825,0,,ok,,2026-07-20T16:41:33.067887+00:00
credit-g,gaussian_copula,fixed,0.02,0,8,2000,1.6588,24.21,False,0.1029125496208346,0.9330731627559142,0.1273137255795713,0.0534230769230769,0.2717736667270764,1.0,0.935,0.6788552713591698,0.5471428571428572,0.825,0,,ok,,2026-07-20T16:41:33.067887+00:00
credit-g,gaussian_copula,fixed,0.02,0,9,2000,2.5974,24.21,False,0.1099428480817822,0.9445271874134838,0.1295485919531216,0.0581923076923076,0.2787562090834666,1.0,0.91,0.7322366008042106,0.5530952380952381,0.825,0,,ok,,2026-07-20T16:41:33.067887+00:00
credit-g,gaussian_copula,fixed,0.02,0,10,2000,1.8479,24.21,False,0.1131063945833844,0.9098402528837344,0.1419859793679452,0.0563846153846154,0.3047701841580872,1.0,0.92,0.6299945320885397,0.584047619047619,0.825,0,,ok,,2026-07-20T16:41:33.067887+00:00
credit-g,gaussian_copula,fixed,0.02,0,11,2000,1.5649,24.21,False,0.0979878701617625,0.9208421177748078,0.1314908381423368,0.0505384615384615,0.2963776189399842,1.0,0.915,0.624720135190173,0.5753571428571429,0.825,0,,ok,,2026-07-20T16:41:33.067887+00:00
credit-g,gaussian_copula,fixed,0.02,0,12,2000,2.663,24.21,False,0.0884392606711285,0.9383301266358116,0.1202207655219479,0.0506538461538461,0.2905528656293715,1.0,0.9,0.728555323788115,0.5249999999999999,0.825,0,,ok,,2026-07-20T16:41:33.067887+00:00
credit-g,gaussian_copula,fixed,0.05,0,0,2000,4.2879,23.75,True,0.0502706727314669,0.9372217797384668,0.0834228686259316,0.0417307692307692,0.1667646829784364,1.0,0.945,0.6185192310721382,0.6235714285714286,0.825,0,,ok,,2026-07-20T16:41:33.067887+00:00
credit-g,gaussian_copula,fixed,0.02,0,7,2000,3.1953,24.21,False,0.0890613037245783,0.9426630334650696,0.1163167454447483,0.050576923076923,0.2692692344430238,1.0,0.935,0.7307739907428034,0.581547619047619,0.825,0,,ok,,2026-07-20T16:41:33.067887+00:00
credit-g,gaussian_copula,fixed,0.1,0,7,2000,2.6827,24.21,False,0.0619316698044562,0.947856093762004,0.0995390699673667,0.0423076923076923,0.1836101414931902,1.0,0.94,0.6610074908136838,0.6317857142857144,0.825,0,,ok,,2026-07-20T16:41:33.067887+00:00
credit-g,gaussian_copula,fixed,0.1,0,8,2000,1.6237,24.21,False,0.0595786390221965,0.9363304817151806,0.1095037986326662,0.0429615384615384,0.1840832689334577,1.0,0.955,0.6127025433663883,0.6364285714285713,0.825,0,,ok,,2026-07-20T16:41:33.067887+00:00
credit-g,gaussian_copula,fixed,0.1,0,9,2000,1.5313,24.21,False,0.0700940560688332,0.9440837310418412,0.1232469212003721,0.043576923076923,0.1753040014416167,1.0,0.9,0.6383021572373321,0.5885714285714286,0.825,0,,ok,,2026-07-20T16:41:33.067887+00:00
credit-g,gaussian_copula,fixed,0.35,0,3,2000,7.614,24.21,False,0.0632630785020607,0.9255782723985124,0.0913180751165826,0.042,0.1862589634678892,1.0,0.96,0.5778761101772908,0.6376190476190476,0.825,0,,ok,,2026-07-20T16:41:33.067887+00:00
credit-g,gaussian_copula,fixed,0.35,0,4,2000,11.7767,24.21,False,0.0536216508619428,0.9490044298984492,0.0863237950312601,0.0434615384615384,0.1874225523228503,1.0,0.945,0.6489915866168929,0.6428571428571429,0.825,0,,ok,,2026-07-20T16:41:33.067887+00:00
credit-g,gaussian_copula,fixed,0.35,0,5,2000,895.2298,24.21,False,0.0577242496988522,0.917069866144035,0.1003808594290072,0.0398461538461538,0.2051698853834523,1.0,0.93,0.5916673979716974,0.5996428571428573,0.825,0,,ok,,2026-07-20T16:41:33.067887+00:00
credit-g,gaussian_copula,fixed,0.35,0,6,2000,14.944,24.21,False,0.0446317489197443,0.9328877600921556,0.0877775002665724,0.0339230769230769,0.1707248556378676,1.0,0.9,0.6121400010350779,0.6426190476190476,0.825,0,,ok,,2026-07-20T16:41:33.067887+00:00
credit-g,gaussian_copula,fixed,0.35,0,7,2000,3.6786,24.21,False,0.0643515051689491,0.923123371443815,0.0943024182735202,0.0416538461538461,0.1558756146912529,1.0,0.925,0.6412375031221099,0.6227380952380952,0.825,0,,ok,,2026-07-20T16:41:33.067887+00:00
credit-g,gaussian_copula,fixed,0.35,0,8,2000,6.0434,24.21,False,0.0580887652538046,0.9194459705907052,0.0986755928989877,0.0428076923076923,0.1302420958435035,1.0,0.895,0.5733926477967467,0.6201190476190477,0.825,0,,ok,,2026-07-20T16:41:33.067887+00:00
credit-g,gaussian_copula,fixed,0.35,0,2,2000,7.6508,24.21,False,0.0432207140078567,0.961676913861653,0.0805277904930603,0.0402307692307692,0.1414433458590419,1.0,0.965,0.5739630657206954,0.6492857142857142,0.825,0,,ok,,2026-07-20T16:41:33.067887+00:00
credit-g,gaussian_copula,fixed,0.35,0,9,2000,4.355,24.21,False,0.0550895732585225,0.926020360434934,0.1000136197896416,0.0404230769230769,0.1544984079968295,1.0,0.92,0.6262648764319515,0.6195238095238095,0.825,0,,ok,,2026-07-20T16:41:33.067887+00:00
credit-g,gaussian_copula,fixed,0.35,0,11,2000,513.6144,24.21,False,0.0730020899544423,0.912091662263892,0.0985991366265312,0.0474230769230769,0.1458336935441824,1.0,0.935,0.6306015152640236,0.6557142857142857,0.825,0,,ok,,2026-07-20T16:41:33.067887+00:00
credit-g,gaussian_copula,fixed,0.35,0,12,2000,5.2414,24.21,False,0.0716373905841625,0.9443107033793414,0.097005329555312,0.0394999999999999,0.1569317972377563,1.0,0.945,0.5915920172993018,0.6126190476190476,0.825,0,,ok,,2026-07-20T16:41:33.067887+00:00
credit-g,gaussian_copula,fixed,0.5,0,0,2000,4.2879,23.75,True,0.0502706727314669,0.9372217797384668,0.0834228686259316,0.0417307692307692,0.1667646829784364,1.0,0.945,0.6185192310721382,0.6235714285714286,0.825,0,,ok,,2026-07-20T16:41:33.067887+00:00
credit-g,gaussian_copula,fixed,0.5,0,1,2000,17.3042,23.98,False,0.0626875734191494,0.9024741582247008,0.0940458604169636,0.048,0.1715709432425696,1.0,0.925,0.6197545740316959,0.6153571428571429,0.825,0,,ok,,2026-07-20T16:41:33.067887+00:00
credit-g,gaussian_copula,fixed,0.5,0,2,2000,11.641,24.21,False,0.0702705709237467,0.902092870729997,0.096825891874063,0.0488076923076922,0.1580844749276831,1.0,0.935,0.5116693781207036,0.6647619047619047,0.825,0,,ok,,2026-07-20T16:41:33.067887+00:00
credit-g,gaussian_copula,fixed,0.5,0,3,2000,12.2751,24.21,False,0.0679437137943559,0.8884832061890628,0.1028954263359532,0.0419615384615384,0.1432380879130244,1.0,0.9,0.5788234314632176,0.6698809523809525,0.825,0,,ok,,2026-07-20T16:41:33.067887+00:00
credit-g,gaussian_copula,fixed,0.35,0,10,2000,11.6662,24.21,False,0.0582049526104766,0.9627375486251994,0.0947121517816422,0.042076923076923,0.1614094695534429,1.0,0.93,0.5945144247104595,0.6396428571428572,0.825,0,,ok,,2026-07-20T16:41:33.067887+00:00
credit-g,gaussian_copula,fixed,0.35,0,1,2000,4.8682,23.98,False,0.0505072867202043,0.934873479739788,0.0862683279076672,0.0422307692307692,0.1584442276852131,1.0,0.93,0.6469540582928865,0.6417857142857144,0.825,0,,ok,,2026-07-20T16:41:33.067887+00:00
credit-g,gaussian_copula,fixed,0.35,0,0,2000,4.2879,23.75,True,0.0502706727314669,0.9372217797384668,0.0834228686259316,0.0417307692307692,0.1667646829784364,1.0,0.945,0.6185192310721382,0.6235714285714286,0.825,0,,ok,,2026-07-20T16:41:33.067887+00:00
credit-g,gaussian_copula,fixed,0.2,0,12,2000,5.7975,24.21,False,0.0572546037634072,0.9229760331782096,0.0902642756804806,0.0457692307692307,0.1939529772425789,1.0,0.925,0.6484200436082815,0.6089285714285714,0.825,0,,ok,,2026-07-20T16:41:33.067887+00:00
credit-g,gaussian_copula,fixed,0.1,0,10,2000,3.5155,24.21,False,0.078219903072802,0.9497172670295568,0.1232465868624098,0.043576923076923,0.1944281824486993,1.0,0.925,0.6999275445477272,0.5966666666666667,0.825,0,,ok,,2026-07-20T16:41:33.067887+00:00
credit-g,gaussian_copula,fixed,0.1,0,11,2000,1.9997,24.21,False,0.0806791445347236,0.9274546264575853,0.1344378607281797,0.0424615384615384,0.1670474198955709,1.0,0.94,0.6339694562015791,0.6019047619047618,0.825,0,,ok,,2026-07-20T16:41:33.067887+00:00
credit-g,gaussian_copula,fixed,0.1,0,12,2000,2.2649,24.21,False,0.0701274320838735,0.943064929794968,0.1146291043208417,0.0386538461538461,0.1873421927629354,1.0,0.92,0.6709453636386137,0.5801190476190475,0.825,0,,ok,,2026-07-20T16:41:33.067887+00:00
credit-g,gaussian_copula,fixed,0.2,0,0,2000,4.2879,23.75,True,0.0502706727314669,0.9372217797384668,0.0834228686259316,0.0417307692307692,0.1667646829784364,1.0,0.945,0.6185192310721382,0.6235714285714286,0.825,0,,ok,,2026-07-20T16:41:33.067887+00:00
credit-g,gaussian_copula,fixed,0.2,0,1,2000,1.9933,23.98,False,0.0689730910666387,0.9180037934242308,0.0935430457122117,0.0414999999999999,0.1546557797640399,1.0,0.95,0.6741062889982471,0.6634523809523809,0.825,0,,ok,,2026-07-20T16:41:33.067887+00:00
credit-g,gaussian_copula,fixed,0.2,0,2,2000,2.4272,24.21,False,0.0731792159351572,0.9193574709733922,0.0989388183966936,0.0413461538461538,0.146816474256868,1.0,0.9,0.7074869883958769,0.6551190476190477,0.825,0,,ok,,2026-07-20T16:41:33.067887+00:00
credit-g,gaussian_copula,fixed,0.2,0,3,2000,2.1116,24.21,False,0.0561155075152906,0.9502582110606818,0.0895069027327793,0.0443461538461538,0.1746543304878198,1.0,0.94,0.550996712502616,0.6573809523809524,0.825,0,,ok,,2026-07-20T16:41:33.067887+00:00
credit-g,gaussian_copula,fixed,0.2,0,4,2000,2.171,24.21,False,0.0632306658130176,0.9005512677415392,0.0945893714853296,0.0428461538461538,0.147799490543802,1.0,0.925,0.5855863153702315,0.6841666666666667,0.825,0,,ok,,2026-07-20T16:41:33.067887+00:00
credit-g,gaussian_copula,fixed,0.2,0,5,2000,3.087,24.21,False,0.0570726655065034,0.9129086345223218,0.0842925544552928,0.0396923076923076,0.1718595618368431,1.0,0.92,0.6542941106318251,0.5885714285714285,0.825,0,,ok,,2026-07-20T16:41:33.067887+00:00
credit-g,gaussian_copula,fixed,0.2,0,6,2000,2.9604,24.21,False,0.0760985870610035,0.9114351190797132,0.1037056629027174,0.0440384615384615,0.1845341085889507,1.0,0.905,0.6338108192641495,0.5713095238095238,0.825,0,,ok,,2026-07-20T16:41:33.067887+00:00
credit-g,gaussian_copula,fixed,0.2,0,7,2000,2.7255,24.21,False,0.0709413554809151,0.9015110235028996,0.095374335825686,0.0436153846153846,0.1865071647583508,1.0,0.91,0.6394294920692781,0.6070238095238095,0.825,0,,ok,,2026-07-20T16:41:33.067887+00:00
credit-g,gaussian_copula,fixed,0.2,0,8,2000,5.6597,24.21,False,0.0385715048913891,0.9341131660581402,0.0767813001489229,0.0469230769230769,0.1960622351089057,1.0,0.93,0.6485269266512305,0.6135714285714285,0.825,0,,ok,,2026-07-20T16:41:33.067887+00:00
credit-g,gaussian_copula,fixed,0.2,0,9,2000,7.2545,24.21,False,0.0704737633085655,0.9272304106285584,0.0969972169478262,0.0442307692307692,0.1748603949066054,1.0,0.925,0.6372997068029368,0.6489285714285714,0.825,0,,ok,,2026-07-20T16:41:33.067887+00:00
credit-g,gaussian_copula,fixed,0.2,0,10,2000,8.5338,24.21,False,0.0577423959782298,0.9197946602054824,0.0882157218530586,0.0487307692307692,0.1941018139833312,1.0,0.925,0.6390807158238657,0.6910714285714286,0.825,0,,ok,,2026-07-20T16:41:33.067887+00:00
credit-g,gaussian_copula,fixed,0.2,0,11,2000,4.0001,24.21,False,0.0746988041867839,0.902799374408668,0.1069353553984536,0.0472307692307692,0.1983717033709701,1.0,0.885,0.6404336301306673,0.6174999999999999,0.825,0,,ok,,2026-07-20T16:41:33.067887+00:00
credit-g,gaussian_copula,fixed,0.01,0,12,2000,2.1057,24.21,False,0.0456029376033588,0.9147702527430396,0.0854878028916178,0.0597692307692307,0.2799152245375009,0.9629629629629628,0.92,0.680470330392362,0.5083333333333333,0.825,0,,ok,,2026-07-20T16:41:33.067887+00:00
credit-g,gaussian_copula,fixed,0.01,0,11,2000,2.7007,24.21,False,0.0510950661741991,0.8728201918201364,0.0894358633980583,0.0573076923076923,0.2730042640249397,0.9629629629629628,0.92,0.7811204043104244,0.5616666666666668,0.825,0,,ok,,2026-07-20T16:41:33.067887+00:00
credit-g,gaussian_copula,fixed,0.01,0,10,2000,2.4697,24.21,False,0.0667976115053602,0.8741645522033868,0.1106945166122439,0.0608461538461538,0.2751587329157813,0.9629629629629628,0.92,0.6814682804881068,0.535952380952381,0.825,0,,ok,,2026-07-20T16:41:33.067887+00:00
credit-g,gaussian_copula,fixed,0.01,0,9,2000,1.7179,24.21,False,0.0650427646166851,0.8683350317604972,0.1158081216027328,0.0644615384615384,0.2622641632374676,0.9629629629629628,0.91,0.6031505745807372,0.5870238095238095,0.825,0,,ok,,2026-07-20T16:41:33.067887+00:00
adult,gaussian_copula,fresh,0.5,2,10,2000,15.3981,39.65,False,0.0362849642966945,0.962123583983059,0.0468237519976521,0.0268478441127694,0.0972078597976695,0.8762886597938144,0.898,0.968552690531656,0.6006356014158103,0.8963856398033977,0,,ok,,2026-07-20T16:41:33.067887+00:00
adult,gaussian_copula,fresh,0.5,2,11,2000,15.6558,39.65,False,0.0175483555540069,1.0099061920348409,0.0316181434374107,0.030137023217247,0.1134050591695387,0.8865979381443299,0.891,0.9733324658676826,0.5790886255643893,0.8963856398033977,0,,ok,,2026-07-20T16:41:33.067887+00:00
adult,gaussian_copula,fresh,0.5,2,12,2000,15.5469,39.65,False,0.0225838171267614,1.052843746856077,0.0397464675405002,0.032046814538419,0.1299911144346702,0.8969072164948454,0.88075,0.9735667067934218,0.6222805623221009,0.8963856398033977,0,,ok,,2026-07-20T16:41:33.067887+00:00
adult,gaussian_copula,fresh,0.75,2,0,2000,12.5698,39.26,True,0.0346927483584357,1.2088185168821772,0.0527387800925328,0.0257745646766169,0.0798717127594514,0.8556701030927835,0.893,0.9673003694046022,0.7084978710788112,0.8963856398033977,0,,ok,,2026-07-20T16:41:33.067887+00:00
adult,gaussian_copula,fresh,0.75,2,1,2000,14.4355,39.45,False,0.0346219478620373,1.0903339074202063,0.042286345373733,0.0243496406854615,0.1001070056025334,0.8762886597938144,0.90625,0.9670962070639292,0.65269294008009,0.8963856398033977,0,,ok,,2026-07-20T16:41:33.067887+00:00
adult,gaussian_copula,fresh,0.75,2,2,2000,15.1891,40.02,False,0.0268594314955261,0.9557174106632064,0.0361793892978149,0.0297177998894416,0.1289322603407341,0.8556701030927835,0.901,0.9690208686329068,0.6445049758312272,0.8963856398033977,0,,ok,,2026-07-20T16:41:33.067887+00:00
adult,gaussian_copula,fresh,0.5,2,9,2000,17.3794,39.65,False,0.0276123585745728,0.9550054705602148,0.0377288061351232,0.0251875690989497,0.1066290898306926,0.865979381443299,0.89625,0.9732579491867764,0.6086348075696782,0.8963856398033977,0,,ok,,2026-07-20T16:41:33.067887+00:00
adult,gaussian_copula,fresh,0.75,2,3,2000,14.8429,39.65,False,0.0191201180006587,0.8984872592645394,0.0377464117640159,0.0226316680486456,0.1261005146142969,0.9175257731958762,0.90525,0.9651363813435702,0.6429008598426234,0.8963856398033977,0,,ok,,2026-07-20T16:41:33.067887+00:00
adult,gaussian_copula,fresh,0.75,2,5,2000,16.6763,39.65,False,0.0215164739408258,0.9354902659133374,0.0384744621111729,0.0243623894416804,0.0979598537895456,0.8762886597938144,0.8995,0.9678447702505388,0.6742556840182933,0.8963856398033977,0,,ok,,2026-07-20T16:41:33.067887+00:00
adult,gaussian_copula,fresh,0.75,2,6,2000,14.2074,39.65,False,0.0224551722561658,0.9499611984557648,0.0439507187355841,0.0247583609729132,0.099646451330874,0.8762886597938144,0.90175,0.9766199230840974,0.6319392530686795,0.8963856398033977,0,,ok,,2026-07-20T16:41:33.067887+00:00
adult,gaussian_copula,fresh,0.75,2,7,2000,15.9829,39.65,False,0.017243035324769,0.9380479057554432,0.0350532948212541,0.0317465450525152,0.0794146733972724,0.9072164948453608,0.9005,0.9678171537298196,0.6435962947553049,0.8963856398033977,0,,ok,,2026-07-20T16:41:33.067887+00:00
adult,gaussian_copula,fresh,0.75,2,8,2000,20.9103,39.65,False,0.0261262517545454,0.9972036585758184,0.0370707903967693,0.0228632531785517,0.0945137806860369,0.8969072164948454,0.894,0.9664445008249868,0.6910073257023225,0.8963856398033977,0,,ok,,2026-07-20T16:41:33.067887+00:00
adult,gaussian_copula,fresh,0.75,2,9,2000,24.742,39.65,False,0.0242169750814264,0.9770777574120184,0.0386335438685125,0.0344282061912658,0.1083643298796859,0.8556701030927835,0.9095,0.970260509312947,0.6152838589996044,0.8963856398033977,0,,ok,,2026-07-20T16:41:33.067887+00:00
adult,gaussian_copula,fresh,0.75,2,10,2000,49.7957,39.65,False,0.0323034845292361,0.937837548043987,0.0431955613551579,0.024134086511885,0.12479253977899,0.8969072164948454,0.906,0.9736964351407504,0.6350649074770629,0.8963856398033977,0,,ok,,2026-07-20T16:41:33.067887+00:00
adult,gaussian_copula,fresh,0.75,2,4,2000,13.9507,39.65,False,0.0194917059892163,0.9813739892648138,0.0387475637980613,0.0250131978993919,0.1079500236278714,0.8969072164948454,0.88575,0.965379164400718,0.6821253689437271,0.8963856398033977,0,,ok,,2026-07-20T16:41:33.067887+00:00
adult,gaussian_copula,fresh,0.5,2,8,2000,15.1207,39.65,False,0.0347409337379128,0.9260000037140989,0.0462228005343432,0.0273671227197346,0.1401392153322699,0.8556701030927835,0.8895,0.9697835578926144,0.6517739654922141,0.8963856398033977,0,,ok,,2026-07-20T16:41:33.067887+00:00
adult,gaussian_copula,fresh,0.5,2,7,2000,14.581,39.65,False,0.0351074450036746,1.0605500913319428,0.043951674546317,0.0249948866777225,0.131241734505976,0.8762886597938144,0.90325,0.9694882552960636,0.6398011686873203,0.8963856398033977,0,,ok,,2026-07-20T16:41:33.067887+00:00
adult,gaussian_copula,fresh,0.5,2,6,2000,13.8489,39.65,False,0.0406368752240217,0.9080124545986048,0.0509680107985022,0.0314988944168048,0.1044828896965342,0.8865979381443299,0.909,0.9658162497286412,0.5698491167838925,0.8963856398033977,0,,ok,,2026-07-20T16:41:33.067887+00:00
adult,gaussian_copula,fresh,0.35,2,4,2000,15.2028,39.65,False,0.0374328072907358,0.956935137826168,0.0542481806397584,0.0284630666113875,0.100181609416076,0.8762886597938144,0.90475,0.9723799355280468,0.5556075184860328,0.8963856398033977,0,,ok,,2026-07-20T16:41:33.067887+00:00
adult,gaussian_copula,fresh,0.35,2,5,2000,15.5917,39.65,False,0.0314531034024681,1.0222553355701038,0.0508792929094169,0.0264498341625207,0.1294707974978267,0.8350515463917526,0.90525,0.9717230554102224,0.5496165306196577,0.8963856398033977,0,,ok,,2026-07-20T16:41:33.067887+00:00
adult,gaussian_copula,fresh,0.35,2,6,2000,14.2287,39.65,False,0.0363854861137971,0.9764507133363552,0.0487994527034325,0.0250381080707573,0.1130265707674028,0.865979381443299,0.9055,0.9760251148878424,0.6044103043693139,0.8963856398033977,0,,ok,,2026-07-20T16:41:33.067887+00:00
adult,gaussian_copula,fresh,0.35,2,7,2000,15.2081,39.65,False,0.0239950275724905,1.05999463548661,0.0375893748460547,0.0269711511885019,0.1463669749591881,0.8556701030927835,0.89925,0.970571340296148,0.6037568630515765,0.8963856398033977,0,,ok,,2026-07-20T16:41:33.067887+00:00
adult,gaussian_copula,fresh,0.35,2,8,2000,15.1089,39.65,False,0.0372242422136659,1.1527750780006454,0.0478485166906344,0.0329091348811498,0.1216705920592869,0.865979381443299,0.91175,0.9711935917629922,0.6122516657459328,0.8963856398033977,0,,ok,,2026-07-20T16:41:33.067887+00:00
adult,gaussian_copula,fresh,0.35,2,9,2000,15.6049,39.65,False,0.0267886340751896,0.99731075696341,0.0389707411144139,0.026170225262576,0.127064562318437,0.9175257731958762,0.89425,0.9718781401515748,0.5919005402848063,0.8963856398033977,0,,ok,,2026-07-20T16:41:33.067887+00:00
adult,gaussian_copula,fresh,0.35,2,10,2000,14.3386,39.65,False,0.0294584407032077,1.1215545198915635,0.0537539131991929,0.0330087410171365,0.088135905378974,0.865979381443299,0.8935,0.9708258109870648,0.6069714547145137,0.8963856398033977,0,,ok,,2026-07-20T16:41:33.067887+00:00
adult,gaussian_copula,fresh,0.35,2,11,2000,16.2805,39.65,False,0.0465087769001917,1.1879005627508967,0.067029609219897,0.0340581122166943,0.1205501970973075,0.8762886597938144,0.894,0.9684755312237672,0.6543262975102945,0.8963856398033977,0,,ok,,2026-07-20T16:41:33.067887+00:00
adult,gaussian_copula,fresh,0.35,2,12,2000,14.4573,39.65,False,0.0317671453909011,1.171717149728569,0.0503407037509273,0.032993401050304,0.1217288305321817,0.865979381443299,0.88825,0.9740524056578174,0.6136888563750866,0.8963856398033977,0,,ok,,2026-07-20T16:41:33.067887+00:00
adult,gaussian_copula,fresh,0.5,2,0,2000,12.5698,39.26,True,0.0346927483584357,1.2088185168821772,0.0527387800925328,0.0257745646766169,0.0798717127594514,0.8556701030927835,0.893,0.9673003694046022,0.7084978710788112,0.8963856398033977,0,,ok,,2026-07-20T16:41:33.067887+00:00
adult,gaussian_copula,fresh,0.5,2,1,2000,15.2185,39.45,False,0.033825154983436,0.9940710890242016,0.0411204063884471,0.0322783305693753,0.0652146257883366,0.8865979381443299,0.896,0.9696808312530436,0.5863172279428068,0.8963856398033977,0,,ok,,2026-07-20T16:41:33.067887+00:00
adult,gaussian_copula,fresh,0.5,2,2,2000,15.3813,40.02,False,0.0248118995494652,0.9302573707661792,0.0379197709840821,0.0286162244333886,0.0988322673936781,0.9072164948453608,0.90125,0.975286763333894,0.6597608784391312,0.8963856398033977,0,,ok,,2026-07-20T16:41:33.067887+00:00
adult,gaussian_copula,fresh,0.5,2,3,2000,15.5125,39.65,False,0.0319451462469493,0.950022484550971,0.0469801014980829,0.0325642274737423,0.1019146179625455,0.8762886597938144,0.90225,0.9662417036728382,0.6423708095407874,0.8963856398033977,0,,ok,,2026-07-20T16:41:33.067887+00:00
adult,gaussian_copula,fresh,0.5,2,4,2000,14.5981,39.65,False,0.0189983316480399,0.8565188175315517,0.0369011920312377,0.0246827321724709,0.1023454058713799,0.8556701030927835,0.898,0.9685294795142422,0.6519086990403955,0.8963856398033977,0,,ok,,2026-07-20T16:41:33.067887+00:00
adult,gaussian_copula,fresh,0.5,2,5,2000,16.5569,39.65,False,0.0341898093114796,0.8854447548911937,0.0446264307145156,0.0301477681039248,0.1154959399251292,0.8556701030927835,0.913,0.9720582426616966,0.6479630385555619,0.8963856398033977,0,,ok,,2026-07-20T16:41:33.067887+00:00
adult,gaussian_copula,fresh,0.75,2,11,2000,17.5489,39.65,False,0.0190917057891612,1.0060260076396863,0.0308078298258718,0.0216190229408513,0.096067158312079,0.9175257731958762,0.8975,0.9665418280230064,0.6837178801449694,0.8963856398033977,0,,ok,,2026-07-20T16:41:33.067887+00:00
credit-g,gaussian_copula,fixed,0.5,0,5,2000,10.9432,24.21,False,0.0473800243376657,0.917159994425492,0.0903604000277761,0.0423076923076923,0.1542311312947145,1.0,0.91,0.612178253913607,0.6888095238095236,0.825,0,,ok,,2026-07-20T16:41:33.067887+00:00
adult,gaussian_copula,fresh,0.75,2,12,2000,16.6951,39.65,False,0.0259287196610585,0.9387920105217612,0.043076100839299,0.0339351160862355,0.1165335062577503,0.9175257731958762,0.902,0.9741141952041752,0.6224258516373175,0.8963856398033977,0,,ok,,2026-07-20T16:41:33.067887+00:00
adult,gaussian_copula,fresh,1.0,2,1,2000,20.574,39.45,False,0.0189953704914103,0.8876493672213934,0.0375736796810054,0.0315609452736318,0.1144569639775379,0.8865979381443299,0.889,0.9667469010518626,0.7508214484793991,0.8963856398033977,0,,ok,,2026-07-20T16:41:33.067887+00:00
credit-g,gaussian_copula,fixed,0.0,0,8,2000,2.1696,24.21,False,0.1058246852388658,0.902100778461788,0.1321758176938933,0.0461538461538461,0.2211640225807844,1.0,0.91,0.6704238868974891,0.545,0.825,0,,ok,,2026-07-20T16:41:33.067887+00:00
credit-g,gaussian_copula,fixed,0.0,0,9,2000,1.9264,24.21,False,0.0957502842416857,0.8750553708015378,0.1254805490676449,0.0579230769230769,0.2314077062853226,1.0,0.93,0.7156562281311669,0.5245238095238095,0.825,0,,ok,,2026-07-20T16:41:33.067887+00:00
credit-g,gaussian_copula,fixed,0.0,0,10,2000,2.6345,24.21,False,0.0796448694635064,0.9129694092437156,0.1127885189377309,0.0487307692307692,0.2432242461244727,1.0,0.91,0.7155920983053976,0.5341666666666668,0.825,0,,ok,,2026-07-20T16:41:33.067887+00:00
credit-g,gaussian_copula,fixed,0.0,0,11,2000,3.4831,24.21,False,0.0966656294563012,0.8887906971886166,0.1312061446840523,0.0557307692307692,0.2409438024121032,1.0,0.905,0.7863509229069487,0.5245238095238095,0.825,0,,ok,,2026-07-20T16:41:33.067887+00:00
credit-g,gaussian_copula,fixed,0.0,0,12,2000,2.691,24.21,False,0.0943426735014728,0.9125983684632912,0.1222901529975395,0.0559999999999999,0.2423701357697929,1.0,0.925,0.7358818751111021,0.5795238095238096,0.825,0,,ok,,2026-07-20T16:41:33.067887+00:00
credit-g,gaussian_copula,fixed,0.01,0,0,2000,4.2879,23.75,True,0.0502706727314669,0.9372217797384668,0.0834228686259316,0.0417307692307692,0.1667646829784364,1.0,0.945,0.6185192310721382,0.6235714285714286,0.825,0,,ok,,2026-07-20T16:41:33.067887+00:00
credit-g,gaussian_copula,fixed,0.0,0,7,2000,2.9673,24.21,False,0.1188597373203969,0.901338451880364,0.139813863258394,0.0486923076923076,0.2306703715743833,1.0,0.895,0.7049049190951618,0.5077380952380952,0.825,0,,ok,,2026-07-20T16:41:33.067887+00:00
credit-g,gaussian_copula,fixed,0.01,0,1,2000,2.4891,23.98,False,0.0582079102701518,0.9392964595526716,0.0934072211798521,0.0440384615384615,0.1630459416456163,1.0,0.915,0.619981278591214,0.6511904761904761,0.825,0,,ok,,2026-07-20T16:41:33.067887+00:00
credit-g,gaussian_copula,fixed,0.01,0,3,2000,2.4814,24.21,False,0.0732616726151124,0.8892292646006469,0.111241658636236,0.0415384615384615,0.2146054575698019,1.0,0.9,0.710943248479448,0.591547619047619,0.825,0,,ok,,2026-07-20T16:41:33.067887+00:00
credit-g,gaussian_copula,fixed,0.01,0,4,2000,3.3565,24.21,False,0.0845404112968335,0.9006040038165842,0.1144029848995399,0.0442692307692307,0.2378482270146031,1.0,0.97,0.7278802729905426,0.5608333333333333,0.825,0,,ok,,2026-07-20T16:41:33.067887+00:00
credit-g,gaussian_copula,fixed,0.01,0,5,2000,2.7522,24.21,False,0.0864677172615483,0.8686505032239549,0.1150536129596403,0.048076923076923,0.2133413528073244,0.9629629629629628,0.94,0.7310907020753312,0.5647619047619048,0.825,0,,ok,,2026-07-20T16:41:33.067887+00:00
credit-g,gaussian_copula,fixed,0.01,0,6,2000,3.0188,24.21,False,0.0799374350391877,0.8642347942626757,0.1149862272146082,0.057,0.2515777534834591,0.9814814814814816,0.905,0.6560548681288266,0.582857142857143,0.825,0,,ok,,2026-07-20T16:41:33.067887+00:00
credit-g,gaussian_copula,fixed,0.01,0,7,2000,2.2192,24.21,False,0.0938092215401618,0.8243418365037438,0.1255133264083463,0.0565384615384615,0.2207230803215187,0.9814814814814816,0.885,0.6596860788774355,0.5358333333333334,0.825,0,,ok,,2026-07-20T16:41:33.067887+00:00
credit-g,gaussian_copula,fixed,0.01,0,8,2000,3.5704,24.21,False,0.0837744219403176,0.8428596828743665,0.1147578646872861,0.0551538461538461,0.2511860267825916,0.9629629629629628,0.915,0.7753554704991551,0.5695238095238095,0.825,0,,ok,,2026-07-20T16:41:33.067887+00:00
credit-g,gaussian_copula,fixed,0.01,0,2,2000,2.5518,24.21,False,0.0792162768634215,0.8992961336549469,0.0990095609309202,0.0432692307692307,0.208516129192703,1.0,0.91,0.6554900756281911,0.6208333333333333,0.825,0,,ok,,2026-07-20T16:41:33.067887+00:00
credit-g,gaussian_copula,fixed,0.0,0,6,2000,2.4146,24.21,False,0.0799713024889976,0.908868594608512,0.1063022005378231,0.047076923076923,0.2310752018243859,1.0,0.93,0.7080832832670659,0.5633333333333334,0.825,0,,ok,,2026-07-20T16:41:33.067887+00:00
credit-g,gaussian_copula,fixed,0.0,0,5,2000,3.7823,24.21,False,0.0965179549315051,0.874075231522427,0.1158724665423956,0.0537692307692307,0.2207914966356254,1.0,0.935,0.7430520396659849,0.5646428571428571,0.825,0,,ok,,2026-07-20T16:41:33.067887+00:00
credit-g,gaussian_copula,fixed,0.0,0,4,2000,2.4829,24.21,False,0.0861627214582546,0.9002081378205159,0.1092805538538412,0.0443461538461538,0.2306965799498379,1.0,0.92,0.6536145594956021,0.5428571428571429,0.825,0,,ok,,2026-07-20T16:41:33.067887+00:00
adult,gaussian_copula,fresh,1.0,2,2,2000,45.3489,40.02,False,0.0228412624407226,0.8704457354947251,0.0466202537822117,0.0244996199557766,0.1054824551983441,0.845360824742268,0.8935,0.9683944254129176,0.7060385084871645,0.8963856398033977,0,,ok,,2026-07-20T16:41:33.067887+00:00
adult,gaussian_copula,fresh,1.0,2,3,2000,16.6501,39.65,False,0.0143473640001414,0.9036806400172184,0.0394129566930208,0.0210643656716417,0.0966356737545783,0.8969072164948454,0.89875,0.9627846829542084,0.7084842993783376,0.8963856398033977,0,,ok,,2026-07-20T16:41:33.067887+00:00
adult,gaussian_copula,fresh,1.0,2,4,2000,57.7411,39.65,False,0.0275306422506819,0.8943651020064131,0.0383642963665965,0.0295159618573797,0.1182641450469744,0.8762886597938144,0.9025,0.963412340050108,0.6754449124677769,0.8963856398033977,0,,ok,,2026-07-20T16:41:33.067887+00:00
adult,gaussian_copula,fresh,1.0,2,5,2000,44.8677,39.65,False,0.0149875450011763,1.0002661402394493,0.0293073857468146,0.0259858692647871,0.0810964671456176,0.8762886597938144,0.9055,0.9681445661004608,0.7176329367730535,0.8963856398033977,0,,ok,,2026-07-20T16:41:33.067887+00:00
adult,gaussian_copula,fresh,1.0,2,6,2000,37.7556,39.65,False,0.0232175838305877,0.9443593206214153,0.0339787067589246,0.0316671503593145,0.0822874115693514,0.8556701030927835,0.9075,0.9699351933813788,0.7088664378141406,0.8963856398033977,0,,ok,,2026-07-20T16:41:33.067887+00:00
adult,gaussian_copula,fresh,1.0,2,7,2000,18.9658,39.65,False,0.0161549912665925,0.9865309355982635,0.0295393817700883,0.0216008153676064,0.0897751041643302,0.8762886597938144,0.89825,0.9696834075049764,0.7021373985843209,0.8963856398033977,0,,ok,,2026-07-20T16:41:33.067887+00:00
adult,gaussian_copula,fresh,1.0,2,8,2000,33.9172,39.65,False,0.0150547791061175,1.01854632221678,0.0293976982261324,0.022144071310116,0.0949033861713822,0.8865979381443299,0.90175,0.971212334277054,0.6663259754610542,0.8963856398033977,0,,ok,,2026-07-20T16:41:33.067887+00:00
adult,gaussian_copula,fresh,1.0,2,9,2000,13.2947,39.65,False,0.0178744563542216,0.8952467501134956,0.0335576556870057,0.0285717938087341,0.1218854276599369,0.8762886597938144,0.90475,0.9717377400462396,0.7009252555970806,0.8963856398033977,0,,ok,,2026-07-20T16:41:33.067887+00:00
adult,gaussian_copula,fresh,1.0,2,10,2000,49.8165,39.65,False,0.0264844440579024,0.980459814511737,0.035867949638071,0.0257483070757324,0.0962085168995053,0.8556701030927835,0.9015,0.971567156168259,0.6689435762125724,0.8963856398033977,0,,ok,,2026-07-20T16:41:33.067887+00:00
adult,gaussian_copula,fresh,1.0,2,11,2000,13.9648,39.65,False,0.0328162095597462,1.0820658855245944,0.0430612448313811,0.0235683734107241,0.0751505611418462,0.9175257731958762,0.90875,0.9693221303589282,0.6721510214245355,0.8963856398033977,0,,ok,,2026-07-20T16:41:33.067887+00:00
adult,gaussian_copula,fresh,1.0,2,12,2000,13.6069,39.65,False,0.0355878139994883,0.8520227035508916,0.0445058568409139,0.0240245646766169,0.1148587974125735,0.9175257731958762,0.897,0.9689640302152636,0.6360452825359227,0.8963856398033977,0,,ok,,2026-07-20T16:41:33.067887+00:00
credit-g,gaussian_copula,fixed,0.0,0,0,2000,4.2879,23.75,True,0.0502706727314669,0.9372217797384668,0.0834228686259316,0.0417307692307692,0.1667646829784364,1.0,0.945,0.6185192310721382,0.6235714285714286,0.825,0,,ok,,2026-07-20T16:41:33.067887+00:00
credit-g,gaussian_copula,fixed,0.0,0,1,2000,2.3154,23.98,False,0.0783425552961626,0.9425845301479676,0.1068247730857992,0.0388846153846153,0.1659299750857855,1.0,0.92,0.6606204616897422,0.5930952380952381,0.825,0,,ok,,2026-07-20T16:41:33.067887+00:00
credit-g,gaussian_copula,fixed,0.0,0,2,2000,2.77,24.21,False,0.0744816875197823,0.9157620409371166,0.1030524444658886,0.0484615384615384,0.2019678279048464,1.0,0.925,0.6427743687712502,0.6242857142857143,0.825,0,,ok,,2026-07-20T16:41:33.067887+00:00
credit-g,gaussian_copula,fixed,0.0,0,3,2000,2.9105,24.21,False,0.0923007611843127,0.8706935474767439,0.1189398422746533,0.0456538461538461,0.2064741750791945,1.0,0.9,0.7700113183517058,0.5742857142857143,0.825,0,,ok,,2026-07-20T16:41:33.067887+00:00
adult,gaussian_copula,fresh,1.0,2,0,2000,12.5698,39.26,True,0.0346927483584357,1.2088185168821772,0.0527387800925328,0.0257745646766169,0.0798717127594514,0.8556701030927835,0.893,0.9673003694046022,0.7084978710788112,0.8963856398033977,0,,ok,,2026-07-20T16:41:33.067887+00:00
bank-marketing,gaussian_copula,fresh,1.0,2,12,2000,7.1432,39.8,False,0.0434809884042487,1.14555097706887,0.0532788176168583,0.0241673854546794,0.1626312538734909,1.0,0.90025,0.9072188606409504,0.7129245762079892,0.8950931152811331,0,,ok,,2026-07-20T16:41:33.067887+00:00
