dataset,synth,regime,alpha,seed,generation,n,wallclock_sec,peak_mem_mb,gen0_shared,mean_shift,var_ratio,w1,tv_cat,corr_frob,cat_support,coverage,c2st_auc,tstr_auc,trtr_auc,n_nan_metrics,ctgan_lost_support,status,error,run_ts,sampled_with_replacement,effective_pool_size
credit-g,gaussian_copula,fixed,0.0,0,0,500,1.4878,9.23,True,0.0510433106565866,0.9533308449996916,0.0891272226006016,0.0496923076923076,0.1424243333918846,1.0,0.91,0.6060459799599919,0.5925,0.7650000000000001,0,,ok,,2026-07-20T18:32:40.759676+00:00,False,800
credit-g,gaussian_copula,fresh,1.0,1,7,500,1.1902,9.36,False,0.0577685470427467,0.9565398743995596,0.0965026959524494,0.0396153846153846,0.1929298960981436,1.0,0.93,0.6302623022382434,0.5945238095238096,0.8429761904761905,0,,ok,,2026-07-20T18:32:40.759676+00:00,False,800
credit-g,gaussian_copula,fresh,1.0,1,8,500,0.7227,9.36,False,0.0668118652612186,0.9402444131573764,0.08261280149598,0.057076923076923,0.1966249841308932,1.0,0.935,0.5521870520756688,0.6975,0.8429761904761905,0,,ok,,2026-07-20T18:32:40.759676+00:00,False,800
credit-g,gaussian_copula,fresh,1.0,1,9,500,1.3159,9.36,False,0.0535002386259718,0.973269595041554,0.0899800239410495,0.057,0.1298938931809909,1.0,0.945,0.5854051767395497,0.6815476190476191,0.8429761904761905,0,,ok,,2026-07-20T18:32:40.759676+00:00,False,800
credit-g,gaussian_copula,fresh,1.0,1,10,500,0.9549,9.36,False,0.0476225814530731,0.9520436018697492,0.0814307593171828,0.0516153846153846,0.1810109283309082,1.0,0.95,0.6370555634311482,0.6073809523809525,0.8429761904761905,0,,ok,,2026-07-20T18:32:40.759676+00:00,False,800
credit-g,gaussian_copula,fresh,1.0,1,11,500,0.7382,9.36,False,0.05115694211415,0.9401991184829096,0.0943869249722212,0.0463076923076923,0.171032074157958,1.0,0.885,0.6167297839162397,0.7020238095238095,0.8429761904761905,0,,ok,,2026-07-20T18:32:40.759676+00:00,False,800
credit-g,gaussian_copula,fresh,1.0,1,12,500,0.775,9.36,False,0.0968685879370892,0.9473930786138152,0.1208354084652584,0.0436923076923077,0.1589970033143612,1.0,0.915,0.618221646178875,0.6611904761904761,0.8429761904761905,0,,ok,,2026-07-20T18:32:40.759676+00:00,False,800
credit-g,gaussian_copula,fixed,0.0,2,0,500,0.8047,9.23,True,0.0787836267145879,0.9208001110321552,0.0973774723754319,0.045,0.1448309083097798,1.0,0.905,0.5625265801251546,0.6017857142857143,0.8147619047619048,0,,ok,,2026-07-20T18:32:40.759676+00:00,False,800
credit-g,gaussian_copula,fixed,0.0,2,1,500,1.3449,9.29,False,0.0657329853906167,0.9848817724822696,0.1035722163963612,0.0526153846153846,0.1425316032627485,1.0,0.93,0.6303568093499036,0.6683333333333333,0.8147619047619048,0,,ok,,2026-07-20T18:32:40.759676+00:00,False,800
credit-g,gaussian_copula,fixed,0.0,2,2,500,1.1322,9.36,False,0.1053773895827863,1.0099421527455197,0.1388891262923413,0.0556153846153846,0.2087624747203011,1.0,0.905,0.6723382184509384,0.6172619047619049,0.8147619047619048,0,,ok,,2026-07-20T18:32:40.759676+00:00,False,800
credit-g,gaussian_copula,fresh,1.0,1,6,500,0.8881,9.36,False,0.0803888038856344,0.9381346251540758,0.1104851118510152,0.0454615384615384,0.1964440694108364,1.0,0.93,0.6218410435385263,0.6174999999999999,0.8429761904761905,0,,ok,,2026-07-20T18:32:40.759676+00:00,False,800
credit-g,gaussian_copula,fixed,0.0,2,3,500,1.2916,9.36,False,0.134867607581955,0.9370606936121432,0.1534868541032456,0.0603846153846153,0.1876963052713124,1.0,0.905,0.6508671027494819,0.6321428571428572,0.8147619047619048,0,,ok,,2026-07-20T18:32:40.759676+00:00,False,800
credit-g,gaussian_copula,fixed,0.0,2,5,500,1.0129,9.36,False,0.1031661697857821,0.9493650336754011,0.1305148231065523,0.0788461538461538,0.2190781398720872,1.0,0.9,0.6623969703720204,0.5140476190476191,0.8147619047619048,0,,ok,,2026-07-20T18:32:40.759676+00:00,False,800
credit-g,gaussian_copula,fixed,0.0,2,6,500,1.3189,9.36,False,0.0957934097852659,0.912449013410844,0.1350004171255795,0.0873076923076923,0.2251838580733464,0.9814814814814816,0.88,0.7888609867892559,0.57,0.8147619047619048,0,,ok,,2026-07-20T18:32:40.759676+00:00,False,800
credit-g,gaussian_copula,fixed,0.0,2,7,500,0.9797,9.36,False,0.1250100866332595,0.9513288735219512,0.1475527952012147,0.0806923076923077,0.2833520533440765,1.0,0.915,0.7025135516447613,0.59,0.8147619047619048,0,,ok,,2026-07-20T18:32:40.759676+00:00,False,800
credit-g,gaussian_copula,fixed,0.0,2,8,500,1.1614,9.36,False,0.0758467953814649,0.9353880421304952,0.1198286645207576,0.0876923076923077,0.3341840225255783,0.9814814814814816,0.87,0.7841300057829352,0.5605952380952381,0.8147619047619048,0,,ok,,2026-07-20T18:32:40.759676+00:00,False,800
credit-g,gaussian_copula,fixed,0.0,2,9,500,0.8744,9.36,False,0.1067840324149449,0.9582170455962532,0.1389761429352136,0.0821538461538461,0.3516283675695583,1.0,0.89,0.8436211074883384,0.5280952380952382,0.8147619047619048,0,,ok,,2026-07-20T18:32:40.759676+00:00,False,800
credit-g,gaussian_copula,fixed,0.0,2,10,500,0.6456,9.36,False,0.0726173432396368,0.9746865736985522,0.1106170026992031,0.0952307692307692,0.3647673876564075,0.9814814814814816,0.9,0.7861011541118469,0.495952380952381,0.8147619047619048,0,,ok,,2026-07-20T18:32:40.759676+00:00,False,800
credit-g,gaussian_copula,fixed,0.0,2,11,500,0.7925,9.36,False,0.0752493335436127,0.9631919876216324,0.1176025284418237,0.1132307692307692,0.3427016281696362,0.9814814814814816,0.87,0.8673018894671825,0.4654761904761905,0.8147619047619048,0,,ok,,2026-07-20T18:32:40.759676+00:00,False,800
credit-g,gaussian_copula,fixed,0.0,2,12,500,0.8586,9.36,False,0.1029451290062454,1.0153380028520065,0.1457365486751009,0.12,0.3304042697602353,0.9814814814814816,0.905,0.8621287501884516,0.4954761904761905,0.8147619047619048,0,,ok,,2026-07-20T18:32:40.759676+00:00,False,800
credit-g,gaussian_copula,fixed,0.01,2,0,500,0.8047,9.23,True,0.0787836267145879,0.9208001110321552,0.0973774723754319,0.045,0.1448309083097798,1.0,0.905,0.5625265801251546,0.6017857142857143,0.8147619047619048,0,,ok,,2026-07-20T18:32:40.759676+00:00,False,800
credit-g,gaussian_copula,fixed,0.0,2,4,500,1.1584,9.36,False,0.1134348076053597,0.9511048414736828,0.1424290133659836,0.068,0.1868255124181905,1.0,0.9,0.7369158279160507,0.6339285714285715,0.8147619047619048,0,,ok,,2026-07-20T18:32:40.759676+00:00,False,800
credit-g,gaussian_copula,fixed,0.01,2,1,500,0.5518,9.29,False,0.0834220923011625,0.9438229074001888,0.1112766285775062,0.0569999999999999,0.180146632876162,1.0,0.87,0.6603335651007738,0.6995238095238095,0.8147619047619048,0,,ok,,2026-07-20T18:32:40.759676+00:00,False,800
credit-g,gaussian_copula,fresh,1.0,1,5,500,0.9711,9.36,False,0.0528310253211108,0.9896108991016584,0.08010922917623,0.0422307692307692,0.1629334514193826,1.0,0.945,0.5711323527095414,0.6377380952380953,0.8429761904761905,0,,ok,,2026-07-20T18:32:40.759676+00:00,False,800
credit-g,gaussian_copula,fresh,1.0,1,3,500,0.8746,9.36,False,0.0519308725364547,0.9981400661485286,0.0869939518528894,0.0452307692307692,0.14567002400887,1.0,0.92,0.5752029090189037,0.639047619047619,0.8429761904761905,0,,ok,,2026-07-20T18:32:40.759676+00:00,False,800
credit-g,gaussian_copula,fresh,0.5,1,9,500,0.9876,9.36,False,0.0429362266021704,0.8860963836093924,0.0740558312533827,0.0532307692307692,0.1587732316796266,1.0,0.895,0.586451505475787,0.6595833333333332,0.8429761904761905,0,,ok,,2026-07-20T18:32:40.759676+00:00,False,800
credit-g,gaussian_copula,fresh,0.5,1,10,500,0.8061,9.36,False,0.0488201709043771,0.9197840363817952,0.0840037030559893,0.0596923076923077,0.1908157070478426,1.0,0.9,0.5715171316641577,0.6276190476190476,0.8429761904761905,0,,ok,,2026-07-20T18:32:40.759676+00:00,False,800
credit-g,gaussian_copula,fresh,0.5,1,11,500,0.6422,9.36,False,0.0811983871447103,0.9824521389753949,0.1161122655367295,0.0483076923076923,0.1956759032788052,1.0,0.93,0.583704048729667,0.7255952380952382,0.8429761904761905,0,,ok,,2026-07-20T18:32:40.759676+00:00,False,800
credit-g,gaussian_copula,fresh,0.5,1,12,500,0.7756,9.36,False,0.0624468270199757,0.9376064656826616,0.0828954031919075,0.0455384615384615,0.160591398631663,1.0,0.935,0.5928903649999662,0.6791666666666667,0.8429761904761905,0,,ok,,2026-07-20T18:32:40.759676+00:00,False,800
credit-g,gaussian_copula,fresh,0.75,1,0,500,1.5923,9.23,True,0.035196611974937,0.9240324228589324,0.0818180151307687,0.0437692307692307,0.167714164106515,1.0,0.905,0.5418047708090034,0.6716666666666667,0.8429761904761905,0,,ok,,2026-07-20T18:32:40.759676+00:00,False,800
credit-g,gaussian_copula,fresh,0.75,1,1,500,0.8891,9.29,False,0.0675144289238736,0.9874368881645136,0.0988954448122661,0.0533846153846153,0.1789803553530743,1.0,0.905,0.5721685556838153,0.6378571428571429,0.8429761904761905,0,,ok,,2026-07-20T18:32:40.759676+00:00,False,800
credit-g,gaussian_copula,fresh,0.75,1,2,500,1.1172,9.36,False,0.0631646223147536,0.9180310098163608,0.096966612960735,0.0608461538461538,0.1810309763115617,1.0,0.905,0.629281228412438,0.6198809523809524,0.8429761904761905,0,,ok,,2026-07-20T18:32:40.759676+00:00,False,800
credit-g,gaussian_copula,fresh,0.75,1,3,500,0.9955,9.36,False,0.0623928906609237,0.9095478300697988,0.0907599370863295,0.0529230769230769,0.2023014856867843,1.0,0.92,0.5617620850969035,0.7270238095238095,0.8429761904761905,0,,ok,,2026-07-20T18:32:40.759676+00:00,False,800
credit-g,gaussian_copula,fresh,0.75,1,4,500,1.1104,9.36,False,0.0684191527358229,0.9938284876091688,0.1031517691503847,0.0546153846153846,0.193036882587532,1.0,0.935,0.6206473287114855,0.615952380952381,0.8429761904761905,0,,ok,,2026-07-20T18:32:40.759676+00:00,False,800
credit-g,gaussian_copula,fresh,1.0,1,4,500,0.8355,9.36,False,0.0512642724486215,0.982164531994797,0.0848597879919176,0.0447692307692307,0.1762344763524815,1.0,0.89,0.5988544387965195,0.6482142857142856,0.8429761904761905,0,,ok,,2026-07-20T18:32:40.759676+00:00,False,800
credit-g,gaussian_copula,fresh,0.75,1,5,500,1.1108,9.36,False,0.0422195744470815,0.9600551293411692,0.0894022827286089,0.0439230769230769,0.1742572090027781,1.0,0.965,0.5560528429764339,0.6345238095238096,0.8429761904761905,0,,ok,,2026-07-20T18:32:40.759676+00:00,False,800
credit-g,gaussian_copula,fresh,0.75,1,7,500,0.795,9.36,False,0.0543254990819653,0.8778110782949656,0.0876979692606883,0.043,0.2464857467525673,1.0,0.915,0.6067930361759722,0.6777380952380953,0.8429761904761905,0,,ok,,2026-07-20T18:32:40.759676+00:00,False,800
credit-g,gaussian_copula,fresh,0.75,1,8,500,0.9539,9.36,False,0.0831971058200527,0.9348362091407834,0.1221797952275322,0.059076923076923,0.1738406164564517,1.0,0.92,0.6304546917155516,0.592857142857143,0.8429761904761905,0,,ok,,2026-07-20T18:32:40.759676+00:00,False,800
credit-g,gaussian_copula,fresh,0.75,1,9,500,1.0422,9.36,False,0.0566613084602267,0.935793192328726,0.1017564683741596,0.0447692307692307,0.1482583609011653,1.0,0.925,0.5445927306029779,0.6220238095238095,0.8429761904761905,0,,ok,,2026-07-20T18:32:40.759676+00:00,False,800
credit-g,gaussian_copula,fresh,0.75,1,10,500,0.8883,9.36,False,0.0384361817513166,0.9434488923976084,0.0837599234532952,0.0396923076923076,0.1518967113501617,1.0,0.895,0.557524453715142,0.6166666666666666,0.8429761904761905,0,,ok,,2026-07-20T18:32:40.759676+00:00,False,800
credit-g,gaussian_copula,fresh,0.75,1,11,500,1.0659,9.36,False,0.0704146479052159,0.9452811062070382,0.0965287851528344,0.0471538461538461,0.1739490538541894,1.0,0.89,0.6482321544696238,0.6348809523809524,0.8429761904761905,0,,ok,,2026-07-20T18:32:40.759676+00:00,False,800
credit-g,gaussian_copula,fresh,0.75,1,12,500,0.7852,9.36,False,0.0474031484876952,0.976646545394415,0.080820828025285,0.0473076923076923,0.1987248261351727,1.0,0.92,0.6156665789100629,0.6009523809523809,0.8429761904761905,0,,ok,,2026-07-20T18:32:40.759676+00:00,False,800
credit-g,gaussian_copula,fresh,1.0,1,0,500,1.5923,9.23,True,0.035196611974937,0.9240324228589324,0.0818180151307687,0.0437692307692307,0.167714164106515,1.0,0.905,0.5418047708090034,0.6716666666666667,0.8429761904761905,0,,ok,,2026-07-20T18:32:40.759676+00:00,False,800
credit-g,gaussian_copula,fresh,1.0,1,1,500,0.76,9.29,False,0.05241184255836,0.935709273470508,0.1013612768227292,0.0504615384615384,0.152062530236033,1.0,0.945,0.5490323146816798,0.6632142857142858,0.8429761904761905,0,,ok,,2026-07-20T18:32:40.759676+00:00,False,800
credit-g,gaussian_copula,fresh,1.0,1,2,500,1.0267,9.36,False,0.0613298864726338,0.9270023372903226,0.0980543882673426,0.055,0.1354167126710793,1.0,0.95,0.562969863482227,0.6588095238095238,0.8429761904761905,0,,ok,,2026-07-20T18:32:40.759676+00:00,False,800
credit-g,gaussian_copula,fresh,0.75,1,6,500,0.9579,9.36,False,0.0634058637820553,0.9511696140138236,0.0961811017214984,0.0446923076923076,0.1781465079784575,1.0,0.9,0.5915942674686271,0.6848809523809524,0.8429761904761905,0,,ok,,2026-07-20T18:32:40.759676+00:00,False,800
credit-g,gaussian_copula,fixed,0.01,2,2,500,0.6207,9.36,False,0.0670030097831668,0.9002112893767781,0.091762175652277,0.068076923076923,0.2510940141752181,1.0,0.93,0.7230019058934185,0.5780952380952382,0.8147619047619048,0,,ok,,2026-07-20T18:32:40.759676+00:00,False,800
credit-g,gaussian_copula,fixed,0.01,2,3,500,0.7329,9.36,False,0.0605915287644798,0.927302293715969,0.1025123947675298,0.0812307692307692,0.2222581625021686,1.0,0.905,0.7549891879363922,0.6164285714285714,0.8147619047619048,0,,ok,,2026-07-20T18:32:40.759676+00:00,False,800
credit-g,gaussian_copula,fixed,0.01,2,4,500,0.5873,9.36,False,0.0532052606458762,0.9671486832619276,0.1125667798208531,0.0808461538461538,0.232565415337914,0.9814814814814816,0.925,0.689117731109266,0.6133333333333333,0.8147619047619048,0,,ok,,2026-07-20T18:32:40.759676+00:00,False,800
credit-g,gaussian_copula,fixed,0.05,2,4,500,0.5531,9.36,False,0.1307014160180168,0.937704349340892,0.1642194558966687,0.0734615384615384,0.2192331751345218,0.9814814814814816,0.915,0.7225304954197803,0.5121428571428571,0.8147619047619048,0,,ok,,2026-07-20T18:32:40.759676+00:00,False,800
credit-g,gaussian_copula,fixed,0.05,2,5,500,0.695,9.36,False,0.0738969241062977,0.9512648381169672,0.1338906863332787,0.0623846153846154,0.2303472266477803,0.9814814814814816,0.915,0.6869620688956845,0.4588095238095238,0.8147619047619048,0,,ok,,2026-07-20T18:32:40.759676+00:00,False,800
credit-g,gaussian_copula,fixed,0.05,2,6,500,0.7965,9.36,False,0.0927874501990396,0.9781865233776912,0.1558782642122291,0.073076923076923,0.2120067166197714,0.9814814814814816,0.905,0.751384416677355,0.5529761904761905,0.8147619047619048,0,,ok,,2026-07-20T18:32:40.759676+00:00,False,800
credit-g,gaussian_copula,fixed,0.05,2,7,500,0.7285,9.36,False,0.0941430118102866,0.9205668184306208,0.1423591616758717,0.0714615384615384,0.2244490500963586,0.9814814814814816,0.865,0.7516488115730708,0.5678571428571428,0.8147619047619048,0,,ok,,2026-07-20T18:32:40.759676+00:00,False,800
credit-g,gaussian_copula,fixed,0.05,2,8,500,0.658,9.36,False,0.1237522556656579,0.9764875010553844,0.16746834885551,0.0734615384615384,0.2093731170301594,0.9814814814814816,0.92,0.766818328079188,0.5371428571428571,0.8147619047619048,0,,ok,,2026-07-20T18:32:40.759676+00:00,False,800
credit-g,gaussian_copula,fixed,0.05,2,9,500,0.7656,9.36,False,0.1260122402035084,0.9740046023252308,0.1816718781038502,0.0792307692307692,0.2461800739234382,0.9814814814814816,0.905,0.8037728589076328,0.5529761904761904,0.8147619047619048,0,,ok,,2026-07-20T18:32:40.759676+00:00,False,800
credit-g,gaussian_copula,fixed,0.05,2,10,500,0.8503,9.36,False,0.1185022000076813,1.0762591843477245,0.1673104639647563,0.0781538461538461,0.2407790033642534,0.9629629629629628,0.91,0.8171006118210395,0.553452380952381,0.8147619047619048,0,,ok,,2026-07-20T18:32:40.759676+00:00,False,800
credit-g,gaussian_copula,fixed,0.05,2,11,500,0.7746,9.36,False,0.1665002377961293,1.019219309281325,0.2173381769916635,0.0801538461538461,0.2407838254406674,0.9814814814814816,0.855,0.8300559617111188,0.5817857142857142,0.8147619047619048,0,,ok,,2026-07-20T18:32:40.759676+00:00,False,800
credit-g,gaussian_copula,fixed,0.05,2,12,500,0.8787,9.36,False,0.1668072785851932,1.069456984302945,0.2165318349275025,0.0676153846153846,0.2585801423012084,0.9629629629629628,0.92,0.8213736833696735,0.5064285714285715,0.8147619047619048,0,,ok,,2026-07-20T18:32:40.759676+00:00,False,800
credit-g,gaussian_copula,fixed,0.05,2,3,500,0.5594,9.36,False,0.086978882146386,0.9250788874628668,0.1169309777092686,0.0659230769230769,0.2710892946287515,1.0,0.935,0.7090502935345885,0.6064285714285714,0.8147619047619048,0,,ok,,2026-07-20T18:32:40.759676+00:00,False,800
credit-g,gaussian_copula,fixed,0.1,2,0,500,0.8047,9.23,True,0.0787836267145879,0.9208001110321552,0.0973774723754319,0.045,0.1448309083097798,1.0,0.905,0.5625265801251546,0.6017857142857143,0.8147619047619048,0,,ok,,2026-07-20T18:32:40.759676+00:00,False,800
credit-g,gaussian_copula,fixed,0.1,2,2,500,0.6147,9.36,False,0.1207682518256881,0.955425193458934,0.1438053133452102,0.0609230769230769,0.255566369175877,1.0,0.92,0.610179541010461,0.6002380952380952,0.8147619047619048,0,,ok,,2026-07-20T18:32:40.759676+00:00,False,800
credit-g,gaussian_copula,fixed,0.1,2,3,500,0.656,9.36,False,0.0875653636730333,0.9644532517375554,0.1176887637330851,0.0639230769230769,0.2122110322018274,1.0,0.925,0.6605732081339121,0.5077380952380953,0.8147619047619048,0,,ok,,2026-07-20T18:32:40.759676+00:00,False,800
credit-g,gaussian_copula,fixed,0.1,2,4,500,0.7564,9.36,False,0.0871688572942506,0.9254451694330588,0.1319026766889036,0.0605384615384615,0.2427339718247289,1.0,0.885,0.7115462938586129,0.6053571428571428,0.8147619047619048,0,,ok,,2026-07-20T18:32:40.759676+00:00,False,800
credit-g,gaussian_copula,fixed,0.1,2,5,500,0.6837,9.36,False,0.0840927898349972,0.9729425458687544,0.1284611951986642,0.0574615384615384,0.233400609160855,1.0,0.895,0.6847524026182971,0.5353571428571429,0.8147619047619048,0,,ok,,2026-07-20T18:32:40.759676+00:00,False,800
credit-g,gaussian_copula,fixed,0.1,2,6,500,0.9361,9.36,False,0.0881645422564632,0.9387053337894584,0.1263680491331866,0.0587692307692307,0.2720694761676819,1.0,0.91,0.7238052163425298,0.4842857142857142,0.8147619047619048,0,,ok,,2026-07-20T18:32:40.759676+00:00,False,800
credit-g,gaussian_copula,fixed,0.1,2,7,500,0.5575,9.36,False,0.0469363154184827,1.0080189965715305,0.1002836532140145,0.0731538461538461,0.3098536683458145,0.9814814814814816,0.915,0.7026620628202273,0.4870238095238095,0.8147619047619048,0,,ok,,2026-07-20T18:32:40.759676+00:00,False,800
credit-g,gaussian_copula,fixed,0.1,2,8,500,0.7487,9.36,False,0.0936679489381991,1.080419827952625,0.1411881142739353,0.0768461538461538,0.3195570819211226,0.9814814814814816,0.935,0.8028086613517668,0.5208333333333333,0.8147619047619048,0,,ok,,2026-07-20T18:32:40.759676+00:00,False,800
credit-g,gaussian_copula,fixed,0.1,2,9,500,0.739,9.36,False,0.0884342721760131,1.1499343089156564,0.140464135388061,0.0814615384615384,0.2674962023643357,0.9814814814814816,0.935,0.7293957620310928,0.5340476190476191,0.8147619047619048,0,,ok,,2026-07-20T18:32:40.759676+00:00,False,800
credit-g,gaussian_copula,fixed,0.1,2,10,500,0.8557,9.36,False,0.0598466723165089,1.170216731847652,0.1064705369796824,0.0955384615384615,0.2992469114628603,0.9814814814814816,0.955,0.7650148173650066,0.5541666666666666,0.8147619047619048,0,,ok,,2026-07-20T18:32:40.759676+00:00,False,800
credit-g,gaussian_copula,fixed,0.1,2,1,500,0.6485,9.29,False,0.0806862643436291,0.8950902040704136,0.1085049114832075,0.0583846153846153,0.2055346432083744,1.0,0.925,0.6649509125561699,0.6336904761904762,0.8147619047619048,0,,ok,,2026-07-20T18:32:40.759676+00:00,False,800
credit-g,gaussian_copula,fixed,0.05,2,2,500,0.6748,9.36,False,0.121995095742502,0.949702732190022,0.1452441786738266,0.0655384615384615,0.2214933958153339,1.0,0.905,0.6787933917027257,0.7,0.8147619047619048,0,,ok,,2026-07-20T18:32:40.759676+00:00,False,800
credit-g,gaussian_copula,fixed,0.05,2,1,500,0.5572,9.29,False,0.0571773440614955,0.9525576429698496,0.0820639085396313,0.0618461538461538,0.1519114895564241,1.0,0.935,0.6354078769427398,0.6144047619047619,0.8147619047619048,0,,ok,,2026-07-20T18:32:40.759676+00:00,False,800
credit-g,gaussian_copula,fixed,0.05,2,0,500,0.8047,9.23,True,0.0787836267145879,0.9208001110321552,0.0973774723754319,0.045,0.1448309083097798,1.0,0.905,0.5625265801251546,0.6017857142857143,0.8147619047619048,0,,ok,,2026-07-20T18:32:40.759676+00:00,False,800
credit-g,gaussian_copula,fixed,0.01,2,5,500,0.6255,9.36,False,0.0751767650303843,0.9731377768202628,0.1277321736245764,0.0743076923076923,0.2489491515854046,0.9814814814814816,0.895,0.7301911968875658,0.5090476190476191,0.8147619047619048,0,,ok,,2026-07-20T18:32:40.759676+00:00,False,800
credit-g,gaussian_copula,fixed,0.01,2,6,500,0.8772,9.36,False,0.0658127295273969,1.0028109759526789,0.112052508163364,0.0798461538461538,0.2455816133801465,0.9629629629629628,0.915,0.7397701677051197,0.5694047619047619,0.8147619047619048,0,,ok,,2026-07-20T18:32:40.759676+00:00,False,800
credit-g,gaussian_copula,fixed,0.01,2,7,500,0.6026,9.36,False,0.0631731203704496,0.9110502729106462,0.1170542544483703,0.0919230769230769,0.2460898002378621,0.9629629629629628,0.875,0.6737327608902569,0.5515476190476191,0.8147619047619048,0,,ok,,2026-07-20T18:32:40.759676+00:00,False,800
credit-g,gaussian_copula,fixed,0.01,2,8,500,0.8085,9.36,False,0.0659270585794977,0.8967351521004844,0.113054631014064,0.0936153846153846,0.2634028613429964,0.9629629629629628,0.92,0.7950500775183332,0.5541666666666667,0.8147619047619048,0,,ok,,2026-07-20T18:32:40.759676+00:00,False,800
credit-g,gaussian_copula,fixed,0.01,2,9,500,0.8545,9.36,False,0.0522209985280498,0.8875062623125987,0.0931896696949818,0.0911538461538461,0.269495130585404,0.9444444444444444,0.85,0.8297128108890194,0.5270238095238096,0.8147619047619048,0,,ok,,2026-07-20T18:32:40.759676+00:00,False,800
credit-g,gaussian_copula,fixed,0.01,2,10,500,0.7204,9.36,False,0.0720406664587605,0.903224223988789,0.1222518941812066,0.0955384615384615,0.2978428001430577,0.9629629629629628,0.87,0.7622847994311573,0.5254761904761904,0.8147619047619048,0,,ok,,2026-07-20T18:32:40.759676+00:00,False,800
credit-g,gaussian_copula,fixed,0.01,2,11,500,0.9671,9.36,False,0.0694719693141506,0.8947381994130151,0.1240866339404339,0.0982307692307692,0.2907520978275619,0.9629629629629628,0.92,0.8010794062253185,0.5360714285714285,0.8147619047619048,0,,ok,,2026-07-20T18:32:40.759676+00:00,False,800
credit-g,gaussian_copula,fixed,0.01,2,12,500,1.2983,9.36,False,0.090934960678643,0.8575907881137074,0.1398654890279177,0.0947692307692307,0.2661015159955242,0.9629629629629628,0.89,0.846427068636915,0.5471428571428572,0.8147619047619048,0,,ok,,2026-07-20T18:32:40.759676+00:00,False,800
credit-g,gaussian_copula,fixed,0.02,2,0,500,0.8047,9.23,True,0.0787836267145879,0.9208001110321552,0.0973774723754319,0.045,0.1448309083097798,1.0,0.905,0.5625265801251546,0.6017857142857143,0.8147619047619048,0,,ok,,2026-07-20T18:32:40.759676+00:00,False,800
credit-g,gaussian_copula,fixed,0.02,2,1,500,0.6662,9.29,False,0.0950569666115799,0.903757623633678,0.1317252299786124,0.0475384615384615,0.1757256206281403,1.0,0.885,0.6300417856443697,0.641904761904762,0.8147619047619048,0,,ok,,2026-07-20T18:32:40.759676+00:00,False,800
credit-g,gaussian_copula,fixed,0.02,2,2,500,0.6038,9.36,False,0.0991434073852738,0.863885326445202,0.130475237649483,0.0529230769230769,0.1541655010874962,0.9629629629629628,0.9,0.6777335619505368,0.6194047619047619,0.8147619047619048,0,,ok,,2026-07-20T18:32:40.759676+00:00,False,800
credit-g,gaussian_copula,fixed,0.02,2,3,500,0.6926,9.36,False,0.1186280341291124,0.9253381610457186,0.146764467862027,0.0668461538461538,0.2015526746594004,0.9629629629629628,0.92,0.7377877685295818,0.5626190476190476,0.8147619047619048,0,,ok,,2026-07-20T18:32:40.759676+00:00,False,800
credit-g,gaussian_copula,fixed,0.02,2,4,500,0.8194,9.36,False,0.1142230213036396,0.9176012412273948,0.1484585280921857,0.0673846153846153,0.2556609011865542,0.9444444444444444,0.92,0.7452572056047218,0.5577380952380953,0.8147619047619048,0,,ok,,2026-07-20T18:32:40.759676+00:00,False,800
credit-g,gaussian_copula,fixed,0.02,2,5,500,0.6309,9.36,False,0.0632305263148831,0.9403377787178862,0.1038628584253879,0.0723076923076923,0.2838600416137727,0.9629629629629628,0.88,0.6959284311144414,0.570952380952381,0.8147619047619048,0,,ok,,2026-07-20T18:32:40.759676+00:00,False,800
credit-g,gaussian_copula,fixed,0.02,2,6,500,0.7462,9.36,False,0.0864050443059917,0.9831087390713676,0.1282084245800077,0.0889999999999999,0.2867825950477556,0.9444444444444444,0.92,0.7650148173650068,0.4903571428571429,0.8147619047619048,0,,ok,,2026-07-20T18:32:40.759676+00:00,False,800
credit-g,gaussian_copula,fixed,0.02,2,7,500,0.8204,9.36,False,0.0949712687609947,0.9253667149860164,0.139731133096972,0.0844615384615384,0.2550348913523709,0.9444444444444444,0.93,0.7790851261557431,0.5830952380952381,0.8147619047619048,0,,ok,,2026-07-20T18:32:40.759676+00:00,False,800
credit-g,gaussian_copula,fixed,0.02,2,8,500,0.8619,9.36,False,0.1418330668357557,0.8540332649027871,0.1706160364528305,0.082076923076923,0.2620843775373608,0.9629629629629628,0.885,0.7822589899889966,0.6621428571428573,0.8147619047619048,0,,ok,,2026-07-20T18:32:40.759676+00:00,False,800
credit-g,gaussian_copula,fixed,0.02,2,9,500,0.7736,9.36,False,0.1121746175230496,0.8982180456784515,0.154151208034613,0.0823846153846153,0.3041146862359303,0.9444444444444444,0.915,0.7900423256850079,0.5779761904761905,0.8147619047619048,0,,ok,,2026-07-20T18:32:40.759676+00:00,False,800
credit-g,gaussian_copula,fixed,0.02,2,10,500,0.6354,9.36,False,0.1334975628641573,0.9511234138627508,0.1580636972550863,0.0824615384615384,0.2694685341887296,0.9629629629629628,0.89,0.7518457013890295,0.5880952380952381,0.8147619047619048,0,,ok,,2026-07-20T18:32:40.759676+00:00,False,800
credit-g,gaussian_copula,fixed,0.02,2,11,500,0.746,9.36,False,0.1702064189160042,0.8552545337128276,0.1919365964708039,0.0964615384615384,0.2983221239770926,0.9629629629629628,0.86,0.8281838208325176,0.5458333333333333,0.8147619047619048,0,,ok,,2026-07-20T18:32:40.759676+00:00,False,800
credit-g,gaussian_copula,fixed,0.02,2,12,500,0.7745,9.36,False,0.1731173329129918,0.8593101135538973,0.2035094142922424,0.089,0.2970964712528877,0.9444444444444444,0.86,0.8063087997371802,0.5195238095238095,0.8147619047619048,0,,ok,,2026-07-20T18:32:40.759676+00:00,False,800
credit-g,gaussian_copula,fresh,0.5,1,8,500,0.9969,9.36,False,0.0724127637086798,0.9473082704040792,0.0920550847711235,0.0564615384615384,0.1642451817169317,1.0,0.905,0.5438186723550946,0.6761904761904761,0.8429761904761905,0,,ok,,2026-07-20T18:32:40.759676+00:00,False,800
credit-g,gaussian_copula,fresh,0.5,1,7,500,1.0135,9.36,False,0.0666385378761647,0.9773982108418124,0.0954786582374007,0.0536153846153846,0.1672853215701754,1.0,0.915,0.6472758325063962,0.6853571428571429,0.8429761904761905,0,,ok,,2026-07-20T18:32:40.759676+00:00,False,800
credit-g,gaussian_copula,fresh,0.5,1,6,500,1.3376,9.36,False,0.0878382582472917,0.9437392868683008,0.1027181665416181,0.0498461538461538,0.1687102553651441,1.0,0.92,0.6131137618105763,0.6653571428571429,0.8429761904761905,0,,ok,,2026-07-20T18:32:40.759676+00:00,False,800
credit-g,gaussian_copula,fresh,0.5,1,5,500,1.0564,9.36,False,0.0780378410640899,0.958147986245122,0.1010568737559794,0.0568461538461538,0.1332019755060919,1.0,0.92,0.6484369198782208,0.7013095238095238,0.8429761904761905,0,,ok,,2026-07-20T18:32:40.759676+00:00,False,800
credit-g,gaussian_copula,fresh,0.02,1,1,500,1.1035,9.29,False,0.0545523816156758,0.9188858541408548,0.1058319367653896,0.0564615384615384,0.1343921198225812,1.0,0.895,0.6220761862330141,0.5932142857142857,0.8429761904761905,0,,ok,,2026-07-20T18:32:40.759676+00:00,False,800
credit-g,gaussian_copula,fresh,0.02,1,2,500,1.2548,9.36,False,0.0949466437577934,0.9316966401441252,0.134428482972794,0.0594615384615384,0.2484200597023443,0.9814814814814816,0.86,0.7298289196262019,0.6019047619047619,0.8429761904761905,0,,ok,,2026-07-20T18:32:40.759676+00:00,False,800
credit-g,gaussian_copula,fresh,0.02,1,3,500,0.7791,9.36,False,0.0866415208615938,0.8911499457166815,0.1304295281186253,0.0579230769230769,0.1928018474215545,1.0,0.905,0.6284959193179287,0.588452380952381,0.8429761904761905,0,,ok,,2026-07-20T18:32:40.759676+00:00,False,800
credit-g,gaussian_copula,fresh,0.02,1,4,500,1.3366,9.36,False,0.0936426037995684,0.946224815368698,0.1444690835340384,0.0647692307692307,0.2647491877092963,1.0,0.875,0.7576207609622624,0.6132142857142857,0.8429761904761905,0,,ok,,2026-07-20T18:32:40.759676+00:00,False,800
credit-g,gaussian_copula,fresh,0.02,1,5,500,1.5141,9.36,False,0.1002527017583601,0.9468956762764622,0.1659381591138482,0.0684615384615384,0.2808379676799389,1.0,0.88,0.7567566959413696,0.5488095238095239,0.8429761904761905,0,,ok,,2026-07-20T18:32:40.759676+00:00,False,800
credit-g,gaussian_copula,fresh,0.02,1,6,500,1.4632,9.36,False,0.1267159589619967,0.9709016446023304,0.1765939521104202,0.0853076923076923,0.271601398216393,1.0,0.85,0.7483590640195675,0.6152380952380953,0.8429761904761905,0,,ok,,2026-07-20T18:32:40.759676+00:00,False,800
credit-g,gaussian_copula,fresh,0.02,1,7,500,1.0715,9.36,False,0.0808458956980142,0.9671562980140128,0.1815043263815649,0.082,0.300228841880833,1.0,0.89,0.790242028212623,0.5516666666666666,0.8429761904761905,0,,ok,,2026-07-20T18:32:40.759676+00:00,False,800
credit-g,gaussian_copula,fresh,0.02,1,8,500,1.1413,9.36,False,0.1053543989791013,0.930370018123933,0.1742332184913446,0.086076923076923,0.2803575198284205,0.9814814814814816,0.87,0.7936763491452732,0.5928571428571429,0.8429761904761905,0,,ok,,2026-07-20T18:32:40.759676+00:00,False,800
credit-g,gaussian_copula,fresh,0.02,1,9,500,1.2555,9.36,False,0.1018467562934484,0.9465010862880796,0.1637241753796707,0.0783076923076923,0.3019043953558627,0.9814814814814816,0.835,0.7834335783767729,0.5633333333333334,0.8429761904761905,0,,ok,,2026-07-20T18:32:40.759676+00:00,False,800
credit-g,gaussian_copula,fresh,0.02,1,0,500,1.5923,9.23,True,0.035196611974937,0.9240324228589324,0.0818180151307687,0.0437692307692307,0.167714164106515,1.0,0.905,0.5418047708090034,0.6716666666666667,0.8429761904761905,0,,ok,,2026-07-20T18:32:40.759676+00:00,False,800
credit-g,gaussian_copula,fresh,0.02,1,10,500,1.4536,9.36,False,0.1226511689802617,0.9564218606483668,0.1756716800351589,0.0747692307692307,0.2858564853593472,0.9814814814814816,0.86,0.7899534439966608,0.5183333333333333,0.8429761904761905,0,,ok,,2026-07-20T18:32:40.759676+00:00,False,800
credit-g,gaussian_copula,fresh,0.02,1,12,500,1.318,9.36,False,0.1702860526608117,0.977121337325764,0.2136948498644462,0.0785384615384615,0.2978038181960637,0.9814814814814816,0.855,0.819950451271458,0.5896428571428572,0.8429761904761905,0,,ok,,2026-07-20T18:32:40.759676+00:00,False,800
credit-g,gaussian_copula,fresh,0.05,1,0,500,1.5923,9.23,True,0.035196611974937,0.9240324228589324,0.0818180151307687,0.0437692307692307,0.167714164106515,1.0,0.905,0.5418047708090034,0.6716666666666667,0.8429761904761905,0,,ok,,2026-07-20T18:32:40.759676+00:00,False,800
credit-g,gaussian_copula,fresh,0.05,1,1,500,0.7237,9.29,False,0.0835930443576703,0.9181007508670536,0.1139229398137113,0.0461538461538461,0.2079648981986448,1.0,0.925,0.6300507863216707,0.4958333333333333,0.8429761904761905,0,,ok,,2026-07-20T18:32:40.759676+00:00,False,800
credit-g,gaussian_copula,fresh,0.05,1,2,500,2.2065,9.36,False,0.0815598943335131,0.9697116716877296,0.1053869464817285,0.0513846153846153,0.2135114980943156,0.9814814814814816,0.94,0.6796692701125759,0.574404761904762,0.8429761904761905,0,,ok,,2026-07-20T18:32:40.759676+00:00,False,800
credit-g,gaussian_copula,fresh,0.05,1,3,500,1.4123,9.36,False,0.045471030110394,0.9398168486838426,0.1065070611141324,0.0552307692307692,0.1569978524287008,0.9814814814814816,0.92,0.670409260796875,0.6001190476190477,0.8429761904761905,0,,ok,,2026-07-20T18:32:40.759676+00:00,False,800
credit-g,gaussian_copula,fresh,0.05,1,4,500,1.3993,9.36,False,0.0489833521193271,0.8845464286066532,0.1101699989980591,0.064,0.2182786190777151,0.9814814814814816,0.895,0.7357794924068036,0.4851190476190475,0.8429761904761905,0,,ok,,2026-07-20T18:32:40.759676+00:00,False,800
credit-g,gaussian_copula,fresh,0.05,1,5,500,1.2501,9.36,False,0.0439099406744833,0.9049398672827412,0.1085963577138521,0.0633076923076923,0.1875279972903343,0.9814814814814816,0.93,0.729745663361168,0.4810714285714285,0.8429761904761905,0,,ok,,2026-07-20T18:32:40.759676+00:00,False,800
credit-g,gaussian_copula,fresh,0.05,1,6,500,1.0123,9.36,False,0.094969906105229,0.8476091149729396,0.1309701774503191,0.0797692307692307,0.2965999457570283,1.0,0.865,0.7276192533488145,0.6026190476190476,0.8429761904761905,0,,ok,,2026-07-20T18:32:40.759676+00:00,False,800
credit-g,gaussian_copula,fresh,0.05,1,7,500,1.1155,9.36,False,0.068451126897134,0.8653983707314231,0.1165001109370412,0.0806153846153846,0.2837985938306951,0.9814814814814816,0.9,0.7427707685003297,0.551547619047619,0.8429761904761905,0,,ok,,2026-07-20T18:32:40.759676+00:00,False,800
credit-g,gaussian_copula,fresh,0.02,1,11,500,1.1247,9.36,False,0.1262696259476316,0.9088023148664038,0.175242573338736,0.0766923076923076,0.2869233731108563,0.9814814814814816,0.88,0.7760226457040892,0.5329761904761905,0.8429761904761905,0,,ok,,2026-07-20T18:32:40.759676+00:00,False,800
credit-g,gaussian_copula,fresh,0.01,1,12,500,1.5683,9.36,False,0.1937582251959008,1.0566540486904186,0.2093599618408533,0.0814615384615384,0.2589676592702185,0.9814814814814816,0.915,0.7970201007625822,0.518452380952381,0.8429761904761905,0,,ok,,2026-07-20T18:32:40.759676+00:00,False,800
credit-g,gaussian_copula,fresh,0.01,1,11,500,1.2534,9.36,False,0.1672507864401194,0.952958441544071,0.1816814526753967,0.0694615384615384,0.235404326624369,0.9629629629629628,0.875,0.7550623184394626,0.6097619047619048,0.8429761904761905,0,,ok,,2026-07-20T18:32:40.759676+00:00,False,800
credit-g,gaussian_copula,fresh,0.01,1,10,500,1.6097,9.36,False,0.1392604162458135,0.9014133180311172,0.1888881982581865,0.0684615384615384,0.2603507725945744,0.9814814814814816,0.89,0.8108923946526976,0.5807142857142857,0.8429761904761905,0,,ok,,2026-07-20T18:32:40.759676+00:00,False,800
credit-g,gaussian_copula,fresh,0.0,1,2,500,1.1735,9.36,False,0.076143267691842,0.9594568618464148,0.1073007802036113,0.0549230769230769,0.2464240380428506,1.0,0.91,0.6578887561288987,0.6028571428571429,0.8429761904761905,0,,ok,,2026-07-20T18:32:40.759676+00:00,False,800
credit-g,gaussian_copula,fresh,0.0,1,3,500,0.887,9.36,False,0.0367475749785537,0.9757473662911716,0.0858390358263052,0.0517692307692307,0.2299266339821706,1.0,0.845,0.6435726163393795,0.7004761904761905,0.8429761904761905,0,,ok,,2026-07-20T18:32:40.759676+00:00,False,800
credit-g,gaussian_copula,fresh,0.0,1,4,500,1.0243,9.36,False,0.0824225208574626,1.0146569212855845,0.109222424930581,0.0573846153846153,0.2774578032906584,1.0,0.915,0.6842596155360691,0.62,0.8429761904761905,0,,ok,,2026-07-20T18:32:40.759676+00:00,False,800
credit-g,gaussian_copula,fresh,0.0,1,5,500,1.0802,9.36,False,0.0653827156701965,0.978676502232421,0.1038896148926727,0.0643076923076923,0.2407842121070654,1.0,0.9,0.7504888492859089,0.6426190476190478,0.8429761904761905,0,,ok,,2026-07-20T18:32:40.759676+00:00,False,800
credit-g,gaussian_copula,fresh,0.0,1,6,500,1.5519,9.36,False,0.0646517854514306,0.9739579629198312,0.1108335446677702,0.0674615384615384,0.2099671281768864,0.9814814814814816,0.895,0.8023856295186214,0.5735714285714285,0.8429761904761905,0,,ok,,2026-07-20T18:32:40.759676+00:00,False,800
credit-g,gaussian_copula,fresh,0.0,1,7,500,1.4465,9.36,False,0.0972078765124392,1.0054010205530874,0.133401730272362,0.0693846153846153,0.2851116947427494,0.9814814814814816,0.91,0.7609498864789576,0.6121428571428571,0.8429761904761905,0,,ok,,2026-07-20T18:32:40.759676+00:00,False,800
credit-g,gaussian_copula,fresh,0.0,1,8,500,1.6128,9.36,False,0.1088391012501714,1.014709714027083,0.1378412389907806,0.0723076923076923,0.3294992852801384,1.0,0.9,0.7494537713962975,0.5242857142857144,0.8429761904761905,0,,ok,,2026-07-20T18:32:40.759676+00:00,False,800
credit-g,gaussian_copula,fresh,0.0,1,9,500,1.1287,9.36,False,0.0986489875523203,1.015882774461953,0.145815728998715,0.0583846153846153,0.3786567799583397,1.0,0.83,0.8204814912322153,0.5240476190476191,0.8429761904761905,0,,ok,,2026-07-20T18:32:40.759676+00:00,False,800
credit-g,gaussian_copula,fresh,0.0,1,10,500,1.7532,9.36,False,0.123230430849786,0.9897201663977248,0.1765640645870719,0.077076923076923,0.3582132380537163,0.9814814814814816,0.82,0.837993434005909,0.4451190476190476,0.8429761904761905,0,,ok,,2026-07-20T18:32:40.759676+00:00,False,800
credit-g,gaussian_copula,fresh,0.0,1,11,500,1.199,9.36,False,0.0910336615020126,0.9939951367456198,0.142838758984971,0.0655384615384615,0.3066242485564471,0.9814814814814816,0.905,0.8179162982014395,0.4119047619047619,0.8429761904761905,0,,ok,,2026-07-20T18:32:40.759676+00:00,False,800
credit-g,gaussian_copula,fresh,0.0,1,12,500,1.4203,9.36,False,0.1042437368398992,1.0008815259962418,0.1616600785446423,0.072076923076923,0.3153522468944125,0.9814814814814816,0.865,0.8068724671531533,0.4696428571428571,0.8429761904761905,0,,ok,,2026-07-20T18:32:40.759676+00:00,False,800
credit-g,gaussian_copula,fresh,0.01,1,0,500,1.5923,9.23,True,0.035196611974937,0.9240324228589324,0.0818180151307687,0.0437692307692307,0.167714164106515,1.0,0.905,0.5418047708090034,0.6716666666666667,0.8429761904761905,0,,ok,,2026-07-20T18:32:40.759676+00:00,False,800
credit-g,gaussian_copula,fresh,0.01,1,1,500,0.8689,9.29,False,0.054854060950794,0.9522770015965324,0.099594613128383,0.0552307692307692,0.1797947613450549,1.0,0.925,0.6450560404670451,0.5588095238095238,0.8429761904761905,0,,ok,,2026-07-20T18:32:40.759676+00:00,False,800
credit-g,gaussian_copula,fresh,0.01,1,2,500,1.5688,9.36,False,0.0689924087373384,0.967578434854925,0.1129444102837612,0.0596153846153845,0.1952433315477474,1.0,0.93,0.6807065981715125,0.5499999999999999,0.8429761904761905,0,,ok,,2026-07-20T18:32:40.759676+00:00,False,800
credit-g,gaussian_copula,fresh,0.01,1,3,500,0.8101,9.36,False,0.0623988025503639,0.9801920704865648,0.1119561364647839,0.059076923076923,0.1921333270532174,1.0,0.89,0.6904858340590129,0.5301190476190476,0.8429761904761905,0,,ok,,2026-07-20T18:32:40.759676+00:00,False,800
credit-g,gaussian_copula,fresh,0.01,1,4,500,1.1889,9.36,False,0.1132636829563786,0.943308775096476,0.1437467343690679,0.078076923076923,0.2046655658925785,1.0,0.91,0.7481464230183321,0.6695238095238094,0.8429761904761905,0,,ok,,2026-07-20T18:32:40.759676+00:00,False,800
credit-g,gaussian_copula,fresh,0.01,1,5,500,1.7054,9.36,False,0.0845624219638668,0.967500772397938,0.1271707163988343,0.0696923076923076,0.2300441042464599,1.0,0.92,0.7892570165904984,0.5578571428571429,0.8429761904761905,0,,ok,,2026-07-20T18:32:40.759676+00:00,False,800
credit-g,gaussian_copula,fresh,0.01,1,6,500,1.3195,9.36,False,0.0771763337054045,0.8922323412810664,0.1198048033069306,0.0698461538461538,0.2809902079918209,1.0,0.87,0.7640489321821468,0.5367857142857142,0.8429761904761905,0,,ok,,2026-07-20T18:32:40.759676+00:00,False,800
credit-g,gaussian_copula,fresh,0.01,1,7,500,1.6334,9.36,False,0.1235388390865112,1.027105332386271,0.1519192332620074,0.0696923076923076,0.270008407003813,1.0,0.89,0.8272893785257341,0.5267857142857143,0.8429761904761905,0,,ok,,2026-07-20T18:32:40.759676+00:00,False,800
credit-g,gaussian_copula,fresh,0.01,1,8,500,1.4896,9.36,False,0.1399652136311196,1.0118645938774506,0.1703411516390729,0.0691538461538461,0.2499669546829989,1.0,0.89,0.8032339433542375,0.5184523809523809,0.8429761904761905,0,,ok,,2026-07-20T18:32:40.759676+00:00,False,800
credit-g,gaussian_copula,fresh,0.01,1,9,500,1.7497,9.36,False,0.1085324188322341,0.8955217508398194,0.159684297563097,0.0627692307692307,0.2825792841455656,0.9629629629629628,0.87,0.8285573489405077,0.5980952380952381,0.8429761904761905,0,,ok,,2026-07-20T18:32:40.759676+00:00,False,800
credit-g,gaussian_copula,fresh,0.05,1,8,500,0.807,9.36,False,0.0731199713106547,0.8782335079743622,0.1215439776546881,0.0845384615384615,0.2524060702844758,0.9814814814814816,0.88,0.6806503439383813,0.5553571428571429,0.8429761904761905,0,,ok,,2026-07-20T18:32:40.759676+00:00,False,800
credit-g,gaussian_copula,fixed,0.1,2,11,500,0.8389,9.36,False,0.0900263527875928,1.1521498455710562,0.1380632984721403,0.0831538461538461,0.2847968187802249,0.9814814814814816,0.915,0.8071807403507113,0.5301190476190476,0.8147619047619048,0,,ok,,2026-07-20T18:32:40.759676+00:00,False,800
credit-g,gaussian_copula,fresh,0.05,1,9,500,1.3566,9.36,False,0.0937946929830948,0.8686228554739719,0.1231141059185537,0.0885384615384615,0.2363064459907614,0.9814814814814816,0.875,0.7740188699199614,0.6152380952380951,0.8429761904761905,0,,ok,,2026-07-20T18:32:40.759676+00:00,False,800
credit-g,gaussian_copula,fresh,0.05,1,11,500,1.3904,9.36,False,0.1156715457911388,0.8703034736391192,0.1418133002474271,0.0829230769230769,0.2402970960859367,0.9814814814814816,0.875,0.7529381585964344,0.479047619047619,0.8429761904761905,0,,ok,,2026-07-20T18:32:40.759676+00:00,False,800
credit-g,gaussian_copula,fresh,0.2,1,11,500,1.1588,9.36,False,0.0729742364254422,0.8545992372569728,0.12806556123027,0.0636153846153846,0.2102931507104557,1.0,0.935,0.7109533742414117,0.6070238095238095,0.8429761904761905,0,,ok,,2026-07-20T18:32:40.759676+00:00,False,800
credit-g,gaussian_copula,fresh,0.2,1,12,500,1.2968,9.36,False,0.0901323085428195,0.8656261239303923,0.1504536525945749,0.0599230769230769,0.2026147921981419,1.0,0.875,0.6067716595673824,0.5588095238095238,0.8429761904761905,0,,ok,,2026-07-20T18:32:40.759676+00:00,False,800
credit-g,gaussian_copula,fresh,0.35,1,0,500,1.5923,9.23,True,0.035196611974937,0.9240324228589324,0.0818180151307687,0.0437692307692307,0.167714164106515,1.0,0.905,0.5418047708090034,0.6716666666666667,0.8429761904761905,0,,ok,,2026-07-20T18:32:40.759676+00:00,False,800
credit-g,gaussian_copula,fresh,0.35,1,1,500,0.9766,9.29,False,0.0602048834655365,1.001340538471336,0.0920970018545691,0.0398461538461538,0.1457143478333964,1.0,0.945,0.6476459853603984,0.6667857142857141,0.8429761904761905,0,,ok,,2026-07-20T18:32:40.759676+00:00,False,800
credit-g,gaussian_copula,fresh,0.35,1,2,500,0.9061,9.36,False,0.0641463827795927,0.9991869252528268,0.1072795770405888,0.0498461538461538,0.2055568684437213,1.0,0.905,0.6742722389859837,0.6965476190476191,0.8429761904761905,0,,ok,,2026-07-20T18:32:40.759676+00:00,False,800
credit-g,gaussian_copula,fresh,0.35,1,3,500,0.85,9.36,False,0.1106965539915687,0.8813185070710107,0.1322250279038371,0.0548461538461538,0.1679798047804963,1.0,0.93,0.6136864299038503,0.6525,0.8429761904761905,0,,ok,,2026-07-20T18:32:40.759676+00:00,False,800
credit-g,gaussian_copula,fresh,0.35,1,4,500,0.6643,9.36,False,0.0918976626220699,0.892858326488939,0.1343082777677619,0.0613076923076923,0.1884315935276393,1.0,0.915,0.6164276986843259,0.5820238095238095,0.8429761904761905,0,,ok,,2026-07-20T18:32:40.759676+00:00,False,800
credit-g,gaussian_copula,fresh,0.35,1,5,500,0.7804,9.36,False,0.0902871973496494,0.8870857255711707,0.1205543103504007,0.0605384615384615,0.179605106410432,1.0,0.92,0.6603448159474,0.647142857142857,0.8429761904761905,0,,ok,,2026-07-20T18:32:40.759676+00:00,False,800
credit-g,gaussian_copula,fresh,0.35,1,6,500,0.8331,9.36,False,0.0730232686261938,0.8663368660969787,0.1211400337324589,0.0601538461538461,0.1948760478702071,1.0,0.91,0.6588957069019443,0.5870238095238096,0.8429761904761905,0,,ok,,2026-07-20T18:32:40.759676+00:00,False,800
credit-g,gaussian_copula,fresh,0.2,1,10,500,0.9695,9.36,False,0.0705349702273901,0.897254411564803,0.1083807801074907,0.070076923076923,0.2422553850607492,1.0,0.88,0.694400003600271,0.6194047619047619,0.8429761904761905,0,,ok,,2026-07-20T18:32:40.759676+00:00,False,800
credit-g,gaussian_copula,fresh,0.35,1,7,500,0.841,9.36,False,0.0776879272406755,0.8678755271433441,0.1228789856863797,0.060076923076923,0.2006533532738852,0.9814814814814816,0.935,0.6440547151173126,0.5551190476190476,0.8429761904761905,0,,ok,,2026-07-20T18:32:40.759676+00:00,False,800
credit-g,gaussian_copula,fresh,0.35,1,9,500,2.1961,9.36,False,0.0857412760263609,0.934135423678308,0.1160570754196067,0.054,0.2103670691862611,1.0,0.94,0.647145322685532,0.4905952380952381,0.8429761904761905,0,,ok,,2026-07-20T18:32:40.759676+00:00,False,800
credit-g,gaussian_copula,fresh,0.35,1,10,500,1.6345,9.36,False,0.0921641422029142,0.9729825327134928,0.1150532808289205,0.0565384615384615,0.1811139374221541,1.0,0.925,0.6384742951907131,0.6221428571428572,0.8429761904761905,0,,ok,,2026-07-20T18:32:40.759676+00:00,False,800
credit-g,gaussian_copula,fresh,0.35,1,11,500,2.5585,9.36,False,0.0749602543323002,0.9354593921627564,0.1065496429827272,0.0399230769230769,0.2131582296156963,1.0,0.87,0.6548949058416645,0.6513095238095239,0.8429761904761905,0,,ok,,2026-07-20T18:32:40.759676+00:00,False,800
credit-g,gaussian_copula,fresh,0.35,1,12,500,1.4966,9.36,False,0.0717812667032254,0.9333511488460428,0.1021114157892673,0.0449230769230769,0.2033394322769102,1.0,0.89,0.6067851605833338,0.6104761904761905,0.8429761904761905,0,,ok,,2026-07-20T18:32:40.759676+00:00,False,800
credit-g,gaussian_copula,fresh,0.5,1,0,500,1.5923,9.23,True,0.035196611974937,0.9240324228589324,0.0818180151307687,0.0437692307692307,0.167714164106515,1.0,0.905,0.5418047708090034,0.6716666666666667,0.8429761904761905,0,,ok,,2026-07-20T18:32:40.759676+00:00,False,800
credit-g,gaussian_copula,fresh,0.5,1,1,500,0.6953,9.29,False,0.069252149539885,0.9097837946623728,0.1096975533253799,0.0622307692307692,0.1685774978374556,1.0,0.87,0.6038695036801519,0.63,0.8429761904761905,0,,ok,,2026-07-20T18:32:40.759676+00:00,False,800
credit-g,gaussian_copula,fresh,0.5,1,2,500,0.8483,9.36,False,0.0571728468337928,0.9086608018626212,0.0935446754590255,0.0515384615384615,0.1821961406277799,1.0,0.905,0.6180281316169042,0.6880952380952381,0.8429761904761905,0,,ok,,2026-07-20T18:32:40.759676+00:00,False,800
credit-g,gaussian_copula,fresh,0.5,1,3,500,1.0266,9.36,False,0.0855650076977035,0.8870830571056727,0.1112784375763569,0.0501538461538461,0.183484197272633,1.0,0.905,0.5887731176771052,0.6588095238095237,0.8429761904761905,0,,ok,,2026-07-20T18:32:40.759676+00:00,False,800
credit-g,gaussian_copula,fresh,0.5,1,4,500,0.8353,9.36,False,0.058438332685022,0.9481632756278005,0.0816667567443418,0.047076923076923,0.2239370263660746,1.0,0.92,0.6092102805736131,0.6214285714285714,0.8429761904761905,0,,ok,,2026-07-20T18:32:40.759676+00:00,False,800
credit-g,gaussian_copula,fresh,0.35,1,8,500,1.2982,9.36,False,0.0683678162490731,0.9580841711004991,0.1067170311646437,0.0498461538461538,0.2150192355609136,0.9814814814814816,0.895,0.6707445360263359,0.6069047619047618,0.8429761904761905,0,,ok,,2026-07-20T18:32:40.759676+00:00,False,800
credit-g,gaussian_copula,fresh,0.2,1,9,500,0.9814,9.36,False,0.1042941717643412,0.911422126820552,0.1206395305829126,0.0759230769230769,0.2434535612173484,1.0,0.915,0.6654346989610969,0.6538095238095238,0.8429761904761905,0,,ok,,2026-07-20T18:32:40.759676+00:00,False,800
credit-g,gaussian_copula,fresh,0.2,1,8,500,1.3223,9.36,False,0.0647994404369858,0.9402330320476932,0.1170519833137657,0.0742307692307692,0.2212318928288697,0.9814814814814816,0.935,0.6654436996383978,0.6123809523809524,0.8429761904761905,0,,ok,,2026-07-20T18:32:40.759676+00:00,False,800
credit-g,gaussian_copula,fresh,0.2,1,7,500,1.0356,9.36,False,0.0739127598706293,1.0332469720633883,0.1255798007215621,0.0514615384615384,0.2191757062829913,1.0,0.945,0.6696818935624905,0.5573809523809524,0.8429761904761905,0,,ok,,2026-07-20T18:32:40.759676+00:00,False,800
credit-g,gaussian_copula,fresh,0.05,1,12,500,1.5247,9.36,False,0.0830585152084607,0.7595303588761299,0.160268095785003,0.0907692307692307,0.2733092290605832,0.9814814814814816,0.82,0.8313318077185308,0.5196428571428571,0.8429761904761905,0,,ok,,2026-07-20T18:32:40.759676+00:00,False,800
credit-g,gaussian_copula,fresh,0.1,1,0,500,1.5923,9.23,True,0.035196611974937,0.9240324228589324,0.0818180151307687,0.0437692307692307,0.167714164106515,1.0,0.905,0.5418047708090034,0.6716666666666667,0.8429761904761905,0,,ok,,2026-07-20T18:32:40.759676+00:00,False,800
credit-g,gaussian_copula,fresh,0.1,1,1,500,1.4081,9.29,False,0.0886818749098881,0.9303758389082014,0.110433147215138,0.0568461538461538,0.1560965980341862,1.0,0.895,0.6626354883204961,0.6222619047619048,0.8429761904761905,0,,ok,,2026-07-20T18:32:40.759676+00:00,False,800
credit-g,gaussian_copula,fresh,0.1,1,2,500,1.0462,9.36,False,0.0866152925788247,0.9012423124915772,0.1185757955860596,0.0585384615384615,0.1895773704883436,1.0,0.895,0.6886733226675307,0.6939285714285715,0.8429761904761905,0,,ok,,2026-07-20T18:32:40.759676+00:00,False,800
credit-g,gaussian_copula,fresh,0.1,1,3,500,1.0888,9.36,False,0.066884381202296,0.8975097949115379,0.1049572354274502,0.0613846153846153,0.1814301779131902,1.0,0.91,0.6500424156917809,0.5284523809523809,0.8429761904761905,0,,ok,,2026-07-20T18:32:40.759676+00:00,False,800
credit-g,gaussian_copula,fresh,0.1,1,4,500,1.7222,9.36,False,0.0750081701318245,0.872019912277694,0.1243244799662746,0.0573846153846153,0.2296445038993175,1.0,0.885,0.703174538884051,0.5094047619047619,0.8429761904761905,0,,ok,,2026-07-20T18:32:40.759676+00:00,False,800
credit-g,gaussian_copula,fresh,0.1,1,5,500,0.8677,9.36,False,0.1182806516575238,0.8162530352202576,0.1514804002806782,0.0606923076923076,0.2539668348848411,0.9814814814814816,0.875,0.640336872849682,0.5933333333333334,0.8429761904761905,0,,ok,,2026-07-20T18:32:40.759676+00:00,False,800
credit-g,gaussian_copula,fresh,0.1,1,6,500,1.3616,9.36,False,0.110903426515871,0.8455664063406099,0.1437790536022373,0.0663846153846153,0.2130235952886234,0.9814814814814816,0.89,0.678384423427863,0.6233333333333334,0.8429761904761905,0,,ok,,2026-07-20T18:32:40.759676+00:00,False,800
credit-g,gaussian_copula,fresh,0.1,1,7,500,1.838,9.36,False,0.0685085960067603,0.8565568098942812,0.1289967097831764,0.0583846153846153,0.2047692305659923,1.0,0.86,0.7179514008429134,0.4252380952380953,0.8429761904761905,0,,ok,,2026-07-20T18:32:40.759676+00:00,False,800
credit-g,gaussian_copula,fresh,0.1,1,8,500,1.3366,9.36,False,0.0871607937324537,0.8527005081171041,0.1307662623064513,0.0606923076923077,0.2242749498830181,1.0,0.855,0.6954857102997001,0.6605952380952381,0.8429761904761905,0,,ok,,2026-07-20T18:32:40.759676+00:00,False,800
credit-g,gaussian_copula,fresh,0.1,1,9,500,1.34,9.36,False,0.0940292462549226,0.852652530932497,0.1326108822948579,0.0522307692307692,0.2111027608682264,0.9814814814814816,0.885,0.7472238535949831,0.5515476190476191,0.8429761904761905,0,,ok,,2026-07-20T18:32:40.759676+00:00,False,800
credit-g,gaussian_copula,fresh,0.1,1,10,500,1.31,9.36,False,0.0823034184145873,0.8344271909885598,0.1246488436784076,0.0661538461538461,0.2699112118364113,1.0,0.865,0.703468185980995,0.5730952380952382,0.8429761904761905,0,,ok,,2026-07-20T18:32:40.759676+00:00,False,800
credit-g,gaussian_copula,fresh,0.1,1,11,500,1.0271,9.36,False,0.0522922260846081,0.8785193728872901,0.0971187237292832,0.0628461538461538,0.2225186527829398,1.0,0.865,0.6710049931257327,0.5853571428571429,0.8429761904761905,0,,ok,,2026-07-20T18:32:40.759676+00:00,False,800
credit-g,gaussian_copula,fresh,0.1,1,12,500,1.4322,9.36,False,0.0517840034683682,0.879907507267177,0.1013579583561861,0.0693846153846153,0.2240281266679856,1.0,0.885,0.6999972997968097,0.5163095238095238,0.8429761904761905,0,,ok,,2026-07-20T18:32:40.759676+00:00,False,800
credit-g,gaussian_copula,fresh,0.2,1,0,500,1.5923,9.23,True,0.035196611974937,0.9240324228589324,0.0818180151307687,0.0437692307692307,0.167714164106515,1.0,0.905,0.5418047708090034,0.6716666666666667,0.8429761904761905,0,,ok,,2026-07-20T18:32:40.759676+00:00,False,800
credit-g,gaussian_copula,fresh,0.2,1,1,500,1.1578,9.29,False,0.096526917364209,0.8902433435945064,0.1274026136005396,0.0542307692307692,0.1706746729721164,1.0,0.895,0.6316889095904467,0.695952380952381,0.8429761904761905,0,,ok,,2026-07-20T18:32:40.759676+00:00,False,800
credit-g,gaussian_copula,fresh,0.2,1,2,500,1.4247,9.36,False,0.0647866813060232,0.9701019476427224,0.0898466524833585,0.0575384615384615,0.1957594458072113,1.0,0.925,0.6731865322865546,0.5326190476190477,0.8429761904761905,0,,ok,,2026-07-20T18:32:40.759676+00:00,False,800
credit-g,gaussian_copula,fresh,0.2,1,3,500,1.1467,9.36,False,0.0660113304123817,0.9246445517132734,0.1091585770259512,0.0521538461538461,0.2230587367725513,1.0,0.895,0.632845496623621,0.5907142857142857,0.8429761904761905,0,,ok,,2026-07-20T18:32:40.759676+00:00,False,800
credit-g,gaussian_copula,fresh,0.2,1,4,500,0.8814,9.36,False,0.0689637738493174,1.006839424920661,0.1151346567738132,0.0596153846153846,0.2033982948863648,1.0,0.92,0.6374740949256431,0.5327380952380952,0.8429761904761905,0,,ok,,2026-07-20T18:32:40.759676+00:00,False,800
credit-g,gaussian_copula,fresh,0.2,1,5,500,1.0383,9.36,False,0.0715441845915225,0.9921480877399425,0.1046641058743771,0.064076923076923,0.2080151107286345,0.9814814814814816,0.91,0.644430493394628,0.593452380952381,0.8429761904761905,0,,ok,,2026-07-20T18:32:40.759676+00:00,False,800
credit-g,gaussian_copula,fresh,0.2,1,6,500,1.056,9.36,False,0.112826606238671,1.020890854356605,0.1352723500971383,0.069,0.2349336262994733,0.9814814814814816,0.93,0.6609894894590819,0.5652380952380953,0.8429761904761905,0,,ok,,2026-07-20T18:32:40.759676+00:00,False,800
credit-g,gaussian_copula,fresh,0.05,1,10,500,1.6862,9.36,False,0.1026106941851338,0.9014826690414144,0.1476443306076405,0.0879230769230769,0.2514172028659641,0.9629629629629628,0.885,0.8099664499753606,0.6307142857142858,0.8429761904761905,0,,ok,,2026-07-20T18:32:40.759676+00:00,False,800
credit-g,gaussian_copula,fresh,0.0,1,1,500,0.9735,9.29,False,0.0561965497454671,0.9131474187158388,0.0829132450049748,0.0542307692307692,0.1199683431529991,1.0,0.895,0.6054721867820554,0.6680952380952382,0.8429761904761905,0,,ok,,2026-07-20T18:32:40.759676+00:00,False,800
credit-g,gaussian_copula,fixed,0.1,2,12,500,0.7844,9.36,False,0.0668755439979384,1.1388391678196217,0.1217363380339702,0.0846153846153846,0.2871514646927106,0.9814814814814816,0.895,0.8029166694793783,0.5565476190476191,0.8147619047619048,0,,ok,,2026-07-20T18:32:40.759676+00:00,False,800
credit-g,gaussian_copula,fixed,0.2,2,1,500,0.7251,9.29,False,0.0769744828528416,0.9693050376230496,0.1166368987430743,0.051076923076923,0.1172043453813687,1.0,0.895,0.6626501144211102,0.5558333333333334,0.8147619047619048,0,,ok,,2026-07-20T18:32:40.759676+00:00,False,800
credit-g,gaussian_copula,fresh,0.1,2,7,500,0.6229,9.36,False,0.1102907999615633,0.9015711112489256,0.1402749955409212,0.0623076923076923,0.223213951067489,0.9814814814814816,0.905,0.6904959598209764,0.6276190476190476,0.8147619047619048,0,,ok,,2026-07-20T18:32:40.759676+00:00,False,800
credit-g,gaussian_copula,fresh,0.1,2,8,500,0.796,9.36,False,0.0947967442798374,0.9752955449594946,0.121656236954518,0.0623076923076923,0.2419434233474391,0.9814814814814816,0.9,0.7026119965527405,0.6432142857142856,0.8147619047619048,0,,ok,,2026-07-20T18:32:40.759676+00:00,False,800
credit-g,gaussian_copula,fresh,0.1,2,9,500,0.785,9.36,False,0.1073850628707107,0.9812938374832132,0.1327458775018757,0.0850769230769231,0.2571733436724149,1.0,0.86,0.7505001001325349,0.6611904761904762,0.8147619047619048,0,,ok,,2026-07-20T18:32:40.759676+00:00,False,800
credit-g,gaussian_copula,fresh,0.1,2,10,500,0.7758,9.36,False,0.1386078248676883,0.9801583436294924,0.1567239049025978,0.072076923076923,0.2181612364075027,1.0,0.89,0.7441186199261495,0.5666666666666665,0.8147619047619048,0,,ok,,2026-07-20T18:32:40.759676+00:00,False,800
credit-g,gaussian_copula,fresh,0.1,2,11,500,0.8866,9.36,False,0.1370095302545587,0.9829617143450096,0.153083162214956,0.0723846153846154,0.2164999372782861,1.0,0.91,0.7717349480548411,0.5833333333333333,0.8147619047619048,0,,ok,,2026-07-20T18:32:40.759676+00:00,False,800
credit-g,gaussian_copula,fresh,0.1,2,12,500,0.7462,9.36,False,0.1387192513982447,1.0519287746936348,0.1557240807397843,0.0728461538461538,0.2401343955476489,1.0,0.91,0.753711091759655,0.7076190476190477,0.8147619047619048,0,,ok,,2026-07-20T18:32:40.759676+00:00,False,800
credit-g,gaussian_copula,fresh,0.2,2,0,500,0.8047,9.23,True,0.0787836267145879,0.9208001110321552,0.0973774723754319,0.045,0.1448309083097798,1.0,0.905,0.5625265801251546,0.6017857142857143,0.8147619047619048,0,,ok,,2026-07-20T18:32:40.759676+00:00,False,800
credit-g,gaussian_copula,fresh,0.2,2,1,500,0.6166,9.29,False,0.0563464773024849,0.9564406580906348,0.0987343460038176,0.0384615384615384,0.1881936600658129,1.0,0.91,0.5097319823316705,0.6582142857142856,0.8147619047619048,0,,ok,,2026-07-20T18:32:40.759676+00:00,False,800
credit-g,gaussian_copula,fresh,0.2,2,2,500,0.6676,9.36,False,0.0528462947185417,0.918943239513559,0.0821607508287537,0.0542307692307692,0.2284551175192844,1.0,0.935,0.6242746016637752,0.6082142857142857,0.8147619047619048,0,,ok,,2026-07-20T18:32:40.759676+00:00,False,800
credit-g,gaussian_copula,fresh,0.1,2,6,500,0.5957,9.36,False,0.1762946435618436,0.9727614370249512,0.1943687062605924,0.0577692307692307,0.2663167299542262,1.0,0.835,0.7285598241267656,0.5716666666666667,0.8147619047619048,0,,ok,,2026-07-20T18:32:40.759676+00:00,False,800
credit-g,gaussian_copula,fresh,0.2,2,3,500,0.5495,9.36,False,0.0587910261877136,0.944275260596372,0.1144663843942135,0.052076923076923,0.2010930449266436,1.0,0.925,0.610467562684092,0.6592857142857143,0.8147619047619048,0,,ok,,2026-07-20T18:32:40.759676+00:00,False,800
credit-g,gaussian_copula,fresh,0.2,2,5,500,0.5249,9.36,False,0.0664811465029147,0.9198243487821508,0.0970646061023763,0.0636923076923076,0.2332149920933024,1.0,0.915,0.6461006815762886,0.6248809523809523,0.8147619047619048,0,,ok,,2026-07-20T18:32:40.759676+00:00,False,800
credit-g,gaussian_copula,fresh,0.2,2,6,500,0.6672,9.36,False,0.062098494875036,0.9067780255208054,0.0877103180819393,0.0637692307692307,0.1993594956799349,1.0,0.915,0.6319983078726675,0.5420238095238095,0.8147619047619048,0,,ok,,2026-07-20T18:32:40.759676+00:00,False,800
credit-g,gaussian_copula,fresh,0.2,2,7,500,0.7633,9.36,False,0.0767103190652073,0.8599530139216632,0.1222508163015213,0.0711538461538461,0.2464620332837117,1.0,0.905,0.6867066746772695,0.6046428571428573,0.8147619047619048,0,,ok,,2026-07-20T18:32:40.759676+00:00,False,800
credit-g,gaussian_copula,fresh,0.2,2,8,500,0.5568,9.36,False,0.0861786563428633,0.9975050004797292,0.1025881293631009,0.062,0.1965614219897131,1.0,0.935,0.6643276156530779,0.5947619047619048,0.8147619047619048,0,,ok,,2026-07-20T18:32:40.759676+00:00,False,800
credit-g,gaussian_copula,fresh,0.2,2,9,500,0.7781,9.36,False,0.0980840410587122,0.9173325369137628,0.1276185959782077,0.0637692307692307,0.2005561454404444,1.0,0.91,0.6901213066283237,0.6634523809523809,0.8147619047619048,0,,ok,,2026-07-20T18:32:40.759676+00:00,False,800
credit-g,gaussian_copula,fresh,0.2,2,10,500,0.5409,9.36,False,0.0961740812625998,0.9677657920595554,0.1255239113755979,0.0698461538461538,0.2415978176484731,1.0,0.92,0.7052621334755441,0.6173809523809524,0.8147619047619048,0,,ok,,2026-07-20T18:32:40.759676+00:00,False,800
credit-g,gaussian_copula,fresh,0.2,2,11,500,0.6025,9.36,False,0.080744198785929,1.014074670866042,0.1223513876244558,0.0657692307692307,0.2043083070927693,1.0,0.935,0.7068524406461586,0.6292261904761904,0.8147619047619048,0,,ok,,2026-07-20T18:32:40.759676+00:00,False,800
credit-g,gaussian_copula,fresh,0.2,2,12,500,0.6144,9.36,False,0.0874073302734508,0.9996472182171744,0.1285227026259602,0.0658461538461538,0.2438944232248566,1.0,0.91,0.6749889179160732,0.6346428571428572,0.8147619047619048,0,,ok,,2026-07-20T18:32:40.759676+00:00,False,800
credit-g,gaussian_copula,fresh,0.35,2,0,500,0.8047,9.23,True,0.0787836267145879,0.9208001110321552,0.0973774723754319,0.045,0.1448309083097798,1.0,0.905,0.5625265801251546,0.6017857142857143,0.8147619047619048,0,,ok,,2026-07-20T18:32:40.759676+00:00,False,800
credit-g,gaussian_copula,fresh,0.2,2,4,500,0.658,9.36,False,0.0570151069648618,0.9925064992396676,0.0816998650899902,0.049,0.2092058824250144,1.0,0.915,0.7138032136918303,0.5958333333333333,0.8147619047619048,0,,ok,,2026-07-20T18:32:40.759676+00:00,False,800
credit-g,gaussian_copula,fresh,0.35,2,1,500,0.6138,9.29,False,0.0431443981655354,0.933402020102094,0.0755394424279409,0.0486923076923076,0.2183495743393941,1.0,0.915,0.6104484362448275,0.6070238095238095,0.8147619047619048,0,,ok,,2026-07-20T18:32:40.759676+00:00,False,800
credit-g,gaussian_copula,fresh,0.1,2,5,500,0.6719,9.36,False,0.1139122226536348,0.9450912809077636,0.1451563463091509,0.0639230769230769,0.3137962070184289,1.0,0.855,0.6623463415622025,0.6375,0.8147619047619048,0,,ok,,2026-07-20T18:32:40.759676+00:00,False,800
credit-g,gaussian_copula,fresh,0.1,2,3,500,0.587,9.36,False,0.0979164656853747,0.9362066361720344,0.1260116623177606,0.0599230769230769,0.2733339748111694,1.0,0.925,0.7054145824473291,0.6053571428571428,0.8147619047619048,0,,ok,,2026-07-20T18:32:40.759676+00:00,False,800
credit-g,gaussian_copula,fresh,0.02,2,9,500,0.6754,9.36,False,0.1190099111416852,0.8117946748771143,0.1584359301513374,0.0909999999999999,0.2203788783371986,0.9629629629629628,0.875,0.7950523276876584,0.5690476190476191,0.8147619047619048,0,,ok,,2026-07-20T18:32:40.759676+00:00,False,800
credit-g,gaussian_copula,fresh,0.02,2,10,500,0.8565,9.36,False,0.1169338438846821,0.875209768489644,0.1396167075423469,0.1026923076923077,0.2538718023138809,0.9629629629629628,0.885,0.7445720290451856,0.5179166666666667,0.8147619047619048,0,,ok,,2026-07-20T18:32:40.759676+00:00,False,800
credit-g,gaussian_copula,fresh,0.02,2,11,500,1.0853,9.36,False,0.1050044550389255,0.8301234196287687,0.14110456080576,0.0886153846153846,0.2548436602759338,0.9444444444444444,0.89,0.7943671511281224,0.5376190476190477,0.8147619047619048,0,,ok,,2026-07-20T18:32:40.759676+00:00,False,800
credit-g,gaussian_copula,fresh,0.02,2,12,500,1.1163,9.36,False,0.1413794913358252,0.7805099639687884,0.1686412030333982,0.1043846153846153,0.2531006355989463,0.925925925925926,0.905,0.8235529723611702,0.5027380952380953,0.8147619047619048,0,,ok,,2026-07-20T18:32:40.759676+00:00,False,800
credit-g,gaussian_copula,fresh,0.05,2,0,500,0.8047,9.23,True,0.0787836267145879,0.9208001110321552,0.0973774723754319,0.045,0.1448309083097798,1.0,0.905,0.5625265801251546,0.6017857142857143,0.8147619047619048,0,,ok,,2026-07-20T18:32:40.759676+00:00,False,800
credit-g,gaussian_copula,fresh,0.05,2,1,500,0.5934,9.29,False,0.0679748745468395,0.9324449938406306,0.0992098162789133,0.0463076923076923,0.2006706293346959,1.0,0.905,0.6234161620661954,0.5720238095238095,0.8147619047619048,0,,ok,,2026-07-20T18:32:40.759676+00:00,False,800
credit-g,gaussian_copula,fresh,0.05,2,2,500,0.6316,9.36,False,0.0976668048623379,0.9977290409269176,0.1142700225904519,0.0547692307692307,0.2152568393923211,1.0,0.935,0.6978551385991795,0.595,0.8147619047619048,0,,ok,,2026-07-20T18:32:40.759676+00:00,False,800
credit-g,gaussian_copula,fresh,0.05,2,3,500,0.5072,9.36,False,0.0978033966101921,0.9172912844933784,0.11564954641401,0.0614615384615384,0.2126738223767773,1.0,0.945,0.6329872572911112,0.6889285714285714,0.8147619047619048,0,,ok,,2026-07-20T18:32:40.759676+00:00,False,800
credit-g,gaussian_copula,fresh,0.05,2,4,500,0.488,9.36,False,0.1280628283731703,0.8989384790991586,0.1533326437320047,0.0681538461538461,0.2622722096477653,0.9814814814814816,0.905,0.6662661365267736,0.6024404761904762,0.8147619047619048,0,,ok,,2026-07-20T18:32:40.759676+00:00,False,800
credit-g,gaussian_copula,fresh,0.1,2,4,500,0.6137,9.36,False,0.1394004298407672,0.9221474786585568,0.1644379519952951,0.0594615384615384,0.2814273801352794,1.0,0.89,0.6786859461174454,0.6155952380952381,0.8147619047619048,0,,ok,,2026-07-20T18:32:40.759676+00:00,False,800
credit-g,gaussian_copula,fresh,0.05,2,5,500,0.5286,9.36,False,0.0831033399087212,0.9250310338425958,0.114318875289197,0.0724615384615384,0.2206112551666993,1.0,0.905,0.6398739005110133,0.6402380952380952,0.8147619047619048,0,,ok,,2026-07-20T18:32:40.759676+00:00,False,800
credit-g,gaussian_copula,fresh,0.05,2,7,500,0.805,9.36,False,0.116226010754365,0.9043190731538788,0.1374822228407115,0.0765384615384615,0.2272216808035674,0.9814814814814816,0.87,0.7157259833802495,0.5694047619047619,0.8147619047619048,0,,ok,,2026-07-20T18:32:40.759676+00:00,False,800
credit-g,gaussian_copula,fresh,0.05,2,8,500,0.7968,9.36,False,0.1109473275698106,0.9078347434377004,0.1475698829619155,0.0773076923076923,0.2524721939004193,0.9814814814814816,0.925,0.7397037877100252,0.6139285714285715,0.8147619047619048,0,,ok,,2026-07-20T18:32:40.759676+00:00,False,800
credit-g,gaussian_copula,fresh,0.05,2,9,500,0.6933,9.36,False,0.1137187123706654,0.9550106749661144,0.14446296828469,0.0764615384615384,0.2220985271629477,0.9814814814814816,0.9,0.686158758446573,0.5863095238095237,0.8147619047619048,0,,ok,,2026-07-20T18:32:40.759676+00:00,False,800
credit-g,gaussian_copula,fresh,0.05,2,10,500,0.7279,9.36,False,0.1070812252719519,0.922464368810341,0.1279329040860161,0.0821538461538461,0.2339220676266023,0.9814814814814816,0.895,0.7732718137039812,0.5446428571428571,0.8147619047619048,0,,ok,,2026-07-20T18:32:40.759676+00:00,False,800
credit-g,gaussian_copula,fresh,0.05,2,11,500,0.9285,9.36,False,0.1081457071282169,0.8796597692288499,0.145794402897833,0.0898461538461538,0.2220364553644393,0.9814814814814816,0.895,0.7947676812680154,0.4601190476190476,0.8147619047619048,0,,ok,,2026-07-20T18:32:40.759676+00:00,False,800
credit-g,gaussian_copula,fresh,0.05,2,12,500,0.687,9.36,False,0.1006496542071284,0.8922735705644491,0.1415425486974083,0.0766153846153846,0.2591633487742751,0.9814814814814816,0.875,0.7587987246040265,0.5895238095238096,0.8147619047619048,0,,ok,,2026-07-20T18:32:40.759676+00:00,False,800
credit-g,gaussian_copula,fresh,0.1,2,0,500,0.8047,9.23,True,0.0787836267145879,0.9208001110321552,0.0973774723754319,0.045,0.1448309083097798,1.0,0.905,0.5625265801251546,0.6017857142857143,0.8147619047619048,0,,ok,,2026-07-20T18:32:40.759676+00:00,False,800
credit-g,gaussian_copula,fresh,0.1,2,1,500,0.4945,9.29,False,0.0633542274213485,0.9381565831367282,0.0957998524853404,0.0476153846153846,0.1781002446110115,1.0,0.955,0.5851565330291104,0.6260714285714286,0.8147619047619048,0,,ok,,2026-07-20T18:32:40.759676+00:00,False,800
credit-g,gaussian_copula,fresh,0.1,2,2,500,0.5803,9.36,False,0.1028584538703624,0.913962256395143,0.1345825192024258,0.0541538461538461,0.2177606612593277,1.0,0.915,0.6266170279313519,0.6432142857142858,0.8147619047619048,0,,ok,,2026-07-20T18:32:40.759676+00:00,False,800
credit-g,gaussian_copula,fresh,0.05,2,6,500,0.5727,9.36,False,0.1092184745464772,0.9323474038611728,0.1352633781338433,0.0785384615384615,0.2214107504556005,0.9814814814814816,0.935,0.7092747479247814,0.695,0.8147619047619048,0,,ok,,2026-07-20T18:32:40.759676+00:00,False,800
credit-g,gaussian_copula,fresh,0.35,2,2,500,0.6347,9.36,False,0.042177369820011,0.9821606292298262,0.0873350345326273,0.0636153846153846,0.1662803554263423,0.9814814814814816,0.89,0.681519471840256,0.6240476190476191,0.8147619047619048,0,,ok,,2026-07-20T18:32:40.759676+00:00,False,800
credit-g,gaussian_copula,fresh,0.35,2,3,500,0.4946,9.36,False,0.0882772158792353,0.9265530572597296,0.1206668742422087,0.053,0.1935905771441891,0.9814814814814816,0.885,0.6035044137071314,0.6304761904761905,0.8147619047619048,0,,ok,,2026-07-20T18:32:40.759676+00:00,False,800
credit-g,gaussian_copula,fresh,0.35,2,4,500,0.6115,9.36,False,0.0786619972196969,1.0127826568316576,0.1350221673396518,0.0518461538461538,0.1520185393431693,1.0,0.88,0.6114880144730891,0.5530952380952381,0.8147619047619048,0,,ok,,2026-07-20T18:32:40.759676+00:00,False,800
credit-g,gaussian_copula,fresh,0.75,2,4,500,0.5097,9.36,False,0.0475069338118525,0.9443125747631702,0.069932261738916,0.0528461538461538,0.165543994145608,1.0,0.92,0.6238740715238822,0.7295238095238094,0.8147619047619048,0,,ok,,2026-07-20T18:32:40.759676+00:00,False,800
credit-g,gaussian_copula,fresh,0.75,2,5,500,0.4872,9.36,False,0.069273079208945,0.9838791171134638,0.0905901352570392,0.04,0.1895466857939153,1.0,0.9,0.5737824896323448,0.6692857142857142,0.8147619047619048,0,,ok,,2026-07-20T18:32:40.759676+00:00,False,800
credit-g,gaussian_copula,fresh,0.75,2,6,500,0.5997,9.36,False,0.1041635200716213,0.957558745766518,0.1175430223735443,0.0453846153846153,0.2029059999982899,1.0,0.935,0.6209060981838883,0.4709523809523809,0.8147619047619048,0,,ok,,2026-07-20T18:32:40.759676+00:00,False,800
credit-g,gaussian_copula,fresh,0.75,2,7,500,0.5445,9.36,False,0.0797370795601998,0.8948773359890129,0.1129384657833297,0.0515384615384615,0.1502393876822333,1.0,0.94,0.6803060680316193,0.5795238095238094,0.8147619047619048,0,,ok,,2026-07-20T18:32:40.759676+00:00,False,800
credit-g,gaussian_copula,fresh,0.75,2,8,500,0.6397,9.36,False,0.0645305896780656,0.8924379463497155,0.1046251875500529,0.0413846153846153,0.1996935020653678,1.0,0.9,0.5462049769245136,0.7170238095238095,0.8147619047619048,0,,ok,,2026-07-20T18:32:40.759676+00:00,False,800
credit-g,gaussian_copula,fresh,0.75,2,9,500,0.5094,9.36,False,0.071870058881221,0.9255185141552048,0.0943069420673918,0.0493076923076922,0.1129481695855665,1.0,0.945,0.5280056074219585,0.6911904761904762,0.8147619047619048,0,,ok,,2026-07-20T18:32:40.759676+00:00,False,800
credit-g,gaussian_copula,fresh,0.75,2,10,500,0.5471,9.36,False,0.0635747635398896,0.9264012790817954,0.1052390550533512,0.0371538461538461,0.1770289456302653,1.0,0.9,0.6313480089376725,0.7189285714285715,0.8147619047619048,0,,ok,,2026-07-20T18:32:40.759676+00:00,False,800
credit-g,gaussian_copula,fresh,0.75,2,11,500,0.4869,9.36,False,0.076321267445785,0.9047799912504404,0.1024522861687969,0.0407692307692307,0.1743716699165575,1.0,0.925,0.5302535265778751,0.6822619047619048,0.8147619047619048,0,,ok,,2026-07-20T18:32:40.759676+00:00,False,800
credit-g,gaussian_copula,fresh,0.75,2,12,500,0.4965,9.36,False,0.0686050785886929,0.8719341927027571,0.1126140477960491,0.0511538461538461,0.1770652083823062,0.9814814814814816,0.905,0.5489198062154177,0.705952380952381,0.8147619047619048,0,,ok,,2026-07-20T18:32:40.759676+00:00,False,800
credit-g,gaussian_copula,fresh,0.75,2,3,500,0.503,9.36,False,0.062341720073064,0.922425508808522,0.0822054785447685,0.0447692307692307,0.1617769721958898,1.0,0.915,0.6067041544876252,0.6688095238095239,0.8147619047619048,0,,ok,,2026-07-20T18:32:40.759676+00:00,False,800
credit-g,gaussian_copula,fresh,1.0,2,0,500,0.8047,9.23,True,0.0787836267145879,0.9208001110321552,0.0973774723754319,0.045,0.1448309083097798,1.0,0.905,0.5625265801251546,0.6017857142857143,0.8147619047619048,0,,ok,,2026-07-20T18:32:40.759676+00:00,False,800
credit-g,gaussian_copula,fresh,1.0,2,2,500,0.5248,9.36,False,0.0759199951664401,0.8913433516790147,0.1042338242089663,0.0473846153846153,0.1771663411902066,1.0,0.94,0.6288649470872684,0.6161904761904763,0.8147619047619048,0,,ok,,2026-07-20T18:32:40.759676+00:00,False,800
credit-g,gaussian_copula,fresh,1.0,2,3,500,0.4854,9.36,False,0.0816008364427337,0.9131531459821808,0.1261133648706828,0.0511538461538461,0.1712149531339875,1.0,0.955,0.5812716156890806,0.6625000000000001,0.8147619047619048,0,,ok,,2026-07-20T18:32:40.759676+00:00,False,800
credit-g,gaussian_copula,fresh,1.0,2,4,500,0.569,9.36,False,0.0641597958029435,1.002756819304022,0.1098823852859741,0.057,0.1823624810161347,1.0,0.935,0.5789393151834675,0.604047619047619,0.8147619047619048,0,,ok,,2026-07-20T18:32:40.759676+00:00,False,800
credit-g,gaussian_copula,fresh,1.0,2,5,500,0.536,9.36,False,0.044514698880829,1.0178630694426642,0.0772947790639613,0.0534615384615384,0.1526747160812301,1.0,0.905,0.5797887541037463,0.6205952380952381,0.8147619047619048,0,,ok,,2026-07-20T18:32:40.759676+00:00,False,800
credit-g,gaussian_copula,fresh,1.0,2,6,500,0.5873,9.36,False,0.0419147685705568,1.0032421306636057,0.0746812609554326,0.0505384615384615,0.1949496721007858,1.0,0.925,0.5883517734709537,0.6569047619047618,0.8147619047619048,0,,ok,,2026-07-20T18:32:40.759676+00:00,False,800
credit-g,gaussian_copula,fresh,1.0,2,7,500,0.6087,9.36,False,0.0504109721678842,1.008129721146552,0.0762244082669264,0.0409999999999999,0.1216672429260918,1.0,0.91,0.5444757217980652,0.6392857142857143,0.8147619047619048,0,,ok,,2026-07-20T18:32:40.759676+00:00,False,800
credit-g,gaussian_copula,fresh,1.0,2,8,500,0.4982,9.36,False,0.0625350217481742,0.970201424116621,0.0926736828721356,0.0457692307692307,0.1675689670625917,1.0,0.88,0.5491493234865924,0.6584523809523811,0.8147619047619048,0,,ok,,2026-07-20T18:32:40.759676+00:00,False,800
credit-g,gaussian_copula,fresh,1.0,2,9,500,0.4345,9.36,False,0.0376671847598208,0.9628755264616656,0.0731557578516811,0.044,0.160327245361832,1.0,0.905,0.5266847580280417,0.6254761904761905,0.8147619047619048,0,,ok,,2026-07-20T18:32:40.759676+00:00,False,800
credit-g,gaussian_copula,fresh,1.0,2,10,500,0.559,9.36,False,0.0719130667819065,0.9885086953031778,0.1159652035783161,0.0452307692307692,0.1560574119431637,1.0,0.92,0.5713967476052573,0.5641666666666667,0.8147619047619048,0,,ok,,2026-07-20T18:32:40.759676+00:00,False,800
credit-g,gaussian_copula,fresh,1.0,2,1,500,0.5205,9.29,False,0.0666081018178262,0.9804789197710548,0.0900691500006789,0.0494615384615384,0.1337827312092498,1.0,0.95,0.5384205161438399,0.6109523809523809,0.8147619047619048,0,,ok,,2026-07-20T18:32:40.759676+00:00,False,800
credit-g,gaussian_copula,fresh,0.75,2,2,500,0.5074,9.36,False,0.0774437237778634,0.9261804028864472,0.1169343087833647,0.0432307692307692,0.1651583328849801,1.0,0.895,0.5255321087911865,0.6546428571428572,0.8147619047619048,0,,ok,,2026-07-20T18:32:40.759676+00:00,False,800
credit-g,gaussian_copula,fresh,0.75,2,1,500,0.5608,9.29,False,0.0703485439579221,0.9693956336989146,0.1021530825395969,0.045,0.1754501560188536,1.0,0.94,0.6010016628751313,0.7148809523809524,0.8147619047619048,0,,ok,,2026-07-20T18:32:40.759676+00:00,False,800
credit-g,gaussian_copula,fresh,0.75,2,0,500,0.8047,9.23,True,0.0787836267145879,0.9208001110321552,0.0973774723754319,0.045,0.1448309083097798,1.0,0.905,0.5625265801251546,0.6017857142857143,0.8147619047619048,0,,ok,,2026-07-20T18:32:40.759676+00:00,False,800
credit-g,gaussian_copula,fresh,0.35,2,5,500,0.5748,9.36,False,0.0747171243404448,0.9410610962603708,0.0965767393378896,0.052,0.1736039779796969,1.0,0.91,0.7173337293631347,0.7296428571428573,0.8147619047619048,0,,ok,,2026-07-20T18:32:40.759676+00:00,False,800
credit-g,gaussian_copula,fresh,0.35,2,6,500,0.7534,9.36,False,0.0660881912088993,1.0043928150761228,0.0822034281531867,0.0561538461538461,0.176403951458011,1.0,0.925,0.6805299598794811,0.6485714285714285,0.8147619047619048,0,,ok,,2026-07-20T18:32:40.759676+00:00,False,800
credit-g,gaussian_copula,fresh,0.35,2,7,500,0.5752,9.36,False,0.0601510612745925,0.9897939300714668,0.1057096294952501,0.0558461538461538,0.1929823746979136,1.0,0.915,0.6255009439460318,0.6646428571428572,0.8147619047619048,0,,ok,,2026-07-20T18:32:40.759676+00:00,False,800
credit-g,gaussian_copula,fresh,0.35,2,8,500,0.8282,9.36,False,0.0806613172864792,0.9248985099232152,0.1161561050759447,0.0555384615384615,0.1864435968678076,0.9814814814814816,0.9,0.6434674209234245,0.5611904761904762,0.8147619047619048,0,,ok,,2026-07-20T18:32:40.759676+00:00,False,800
credit-g,gaussian_copula,fresh,0.35,2,9,500,0.7676,9.36,False,0.1199685162407973,0.9627756576364432,0.1356140878495734,0.058076923076923,0.1932835986082422,1.0,0.935,0.6332449016788514,0.6348809523809524,0.8147619047619048,0,,ok,,2026-07-20T18:32:40.759676+00:00,False,800
credit-g,gaussian_copula,fresh,0.35,2,10,500,0.5865,9.36,False,0.065218059778643,0.9145639279172249,0.1023016638170071,0.0589230769230769,0.1822246045459418,1.0,0.91,0.5835274104376355,0.7032142857142858,0.8147619047619048,0,,ok,,2026-07-20T18:32:40.759676+00:00,False,800
credit-g,gaussian_copula,fresh,0.35,2,11,500,0.4853,9.36,False,0.0540573039156237,0.9710777926982808,0.0931014275815388,0.0508461538461538,0.189838688739188,1.0,0.925,0.5875715272574261,0.5991666666666667,0.8147619047619048,0,,ok,,2026-07-20T18:32:40.759676+00:00,False,800
credit-g,gaussian_copula,fresh,0.35,2,12,500,0.7702,9.36,False,0.0830288797612092,0.9802217701240608,0.1086246990252145,0.0474615384615384,0.1974046902410632,1.0,0.915,0.5970396772357119,0.6139285714285715,0.8147619047619048,0,,ok,,2026-07-20T18:32:40.759676+00:00,False,800
credit-g,gaussian_copula,fresh,0.5,2,0,500,0.8047,9.23,True,0.0787836267145879,0.9208001110321552,0.0973774723754319,0.045,0.1448309083097798,1.0,0.905,0.5625265801251546,0.6017857142857143,0.8147619047619048,0,,ok,,2026-07-20T18:32:40.759676+00:00,False,800
credit-g,gaussian_copula,fresh,0.5,2,1,500,0.7883,9.29,False,0.0742917956407411,0.9652790484282118,0.1152868825819592,0.058,0.1940948436366734,1.0,0.915,0.7032904226043009,0.6064285714285714,0.8147619047619048,0,,ok,,2026-07-20T18:32:40.759676+00:00,False,800
credit-g,gaussian_copula,fresh,0.5,2,2,500,0.5043,9.36,False,0.0741053889470829,0.8155392049914291,0.106776532350581,0.0649230769230769,0.177841571960804,1.0,0.93,0.6195031176096001,0.6713095238095238,0.8147619047619048,0,,ok,,2026-07-20T18:32:40.759676+00:00,False,800
credit-g,gaussian_copula,fresh,0.5,2,3,500,0.5839,9.36,False,0.1003078031226054,0.8863223734129958,0.1372586475561167,0.0542307692307692,0.1550253879723613,0.9814814814814816,0.925,0.6311505565793826,0.6302380952380952,0.8147619047619048,0,,ok,,2026-07-20T18:32:40.759676+00:00,False,800
credit-g,gaussian_copula,fresh,0.5,2,4,500,0.7213,9.36,False,0.0787271245220039,0.9832174585733194,0.1171017932901464,0.0459230769230769,0.1394999200788347,1.0,0.9,0.6555812074858633,0.6180952380952381,0.8147619047619048,0,,ok,,2026-07-20T18:32:40.759676+00:00,False,800
credit-g,gaussian_copula,fresh,0.5,2,5,500,0.4678,9.36,False,0.0569790168149567,0.9549761643537528,0.0910011559755193,0.055,0.1361836466127562,1.0,0.91,0.5969052296185288,0.7026190476190476,0.8147619047619048,0,,ok,,2026-07-20T18:32:40.759676+00:00,False,800
credit-g,gaussian_copula,fresh,0.5,2,6,500,0.5862,9.36,False,0.1080115161379058,1.027155245829395,0.1300108072177431,0.0509230769230769,0.1646935749371039,1.0,0.93,0.6391549714115987,0.6852380952380952,0.8147619047619048,0,,ok,,2026-07-20T18:32:40.759676+00:00,False,800
credit-g,gaussian_copula,fresh,0.5,2,7,500,0.6591,9.36,False,0.061638295812898,0.9739352633383652,0.0913517603947451,0.0488461538461538,0.2038302542279108,1.0,0.935,0.6327110490064377,0.6613095238095239,0.8147619047619048,0,,ok,,2026-07-20T18:32:40.759676+00:00,False,800
credit-g,gaussian_copula,fresh,0.5,2,8,500,0.5634,9.36,False,0.0869310642534351,0.8901306758609506,0.1063317400532038,0.0483076923076923,0.179767113693796,1.0,0.86,0.6906287198111659,0.6499999999999999,0.8147619047619048,0,,ok,,2026-07-20T18:32:40.759676+00:00,False,800
credit-g,gaussian_copula,fresh,0.5,2,9,500,0.7326,9.36,False,0.0714981092784183,0.8572633314308978,0.0985508662247974,0.0575384615384615,0.2036552947387666,1.0,0.915,0.673381171933188,0.6095238095238095,0.8147619047619048,0,,ok,,2026-07-20T18:32:40.759676+00:00,False,800
credit-g,gaussian_copula,fresh,0.5,2,10,500,0.4495,9.36,False,0.0830131653294636,0.9049465391437064,0.1131733349087495,0.0494615384615384,0.2084205501681252,1.0,0.94,0.6181631417764187,0.7336904761904762,0.8147619047619048,0,,ok,,2026-07-20T18:32:40.759676+00:00,False,800
credit-g,gaussian_copula,fresh,0.5,2,11,500,0.4759,9.36,False,0.0958990976888353,0.9017001557627118,0.1191014102631496,0.0457692307692307,0.1744107154081809,1.0,0.93,0.5960462274786178,0.6428571428571429,0.8147619047619048,0,,ok,,2026-07-20T18:32:40.759676+00:00,False,800
credit-g,gaussian_copula,fresh,0.5,2,12,500,0.6087,9.36,False,0.0585019362256237,0.9185756559452326,0.0956521484163414,0.0459230769230769,0.1582817802204794,1.0,0.86,0.553907306524816,0.608452380952381,0.8147619047619048,0,,ok,,2026-07-20T18:32:40.759676+00:00,False,800
credit-g,gaussian_copula,fresh,0.02,2,8,500,0.9236,9.36,False,0.1292219006965474,0.8368652144812122,0.1608489353748069,0.1004615384615384,0.2644744986338198,0.9629629629629628,0.93,0.8027310305100458,0.4785714285714285,0.8147619047619048,0,,ok,,2026-07-20T18:32:40.759676+00:00,False,800
credit-g,gaussian_copula,fresh,0.02,2,7,500,0.8793,9.36,False,0.1073196801044047,0.8540397383867105,0.1626764461932919,0.0789230769230769,0.2833621579241436,0.9814814814814816,0.88,0.7533353134823395,0.5604761904761905,0.8147619047619048,0,,ok,,2026-07-20T18:32:40.759676+00:00,False,800
credit-g,gaussian_copula,fresh,0.02,2,6,500,0.6005,9.36,False,0.08524773295678,0.8789263703471099,0.1236302653536394,0.0723076923076923,0.2349786445028602,0.9629629629629628,0.92,0.7309720056434247,0.5952380952380952,0.8147619047619048,0,,ok,,2026-07-20T18:32:40.759676+00:00,False,800
credit-g,gaussian_copula,fresh,0.02,2,5,500,0.7092,9.36,False,0.1137176854860739,0.8453479990044986,0.1518412053374436,0.081076923076923,0.2306865707524587,1.0,0.85,0.7004518340005085,0.525952380952381,0.8147619047619048,0,,ok,,2026-07-20T18:32:40.759676+00:00,False,800
credit-g,gaussian_copula,fixed,0.5,2,1,500,0.5407,9.29,False,0.0912372785359134,0.9011601891556852,0.1128474357080162,0.048,0.1510904034911346,1.0,0.92,0.5763043669036095,0.5945238095238096,0.8147619047619048,0,,ok,,2026-07-20T18:32:40.759676+00:00,False,800
credit-g,gaussian_copula,fixed,0.5,2,2,500,0.6595,9.36,False,0.0548048048409057,0.9152702628382234,0.084211753971618,0.0584615384615384,0.1538086148568934,1.0,0.89,0.5886094178586939,0.6655952380952381,0.8147619047619048,0,,ok,,2026-07-20T18:32:40.759676+00:00,False,800
credit-g,gaussian_copula,fixed,0.5,2,3,500,0.5241,9.36,False,0.086549599687532,0.8923852983785804,0.1186138321141223,0.0619230769230769,0.2058523011644384,1.0,0.94,0.5989061926910001,0.6673809523809524,0.8147619047619048,0,,ok,,2026-07-20T18:32:40.759676+00:00,False,800
credit-g,gaussian_copula,fixed,0.5,2,4,500,0.6505,9.36,False,0.035457230429103,0.9630414884976328,0.0776366001474489,0.0555384615384615,0.1975259035788114,1.0,0.875,0.6248258931484595,0.683452380952381,0.8147619047619048,0,,ok,,2026-07-20T18:32:40.759676+00:00,False,800
credit-g,gaussian_copula,fixed,0.5,2,5,500,0.5327,9.36,False,0.066547668419152,0.9184340082101552,0.1126997743157179,0.0541538461538461,0.2080435400705309,1.0,0.905,0.6698585318545222,0.6579761904761905,0.8147619047619048,0,,ok,,2026-07-20T18:32:40.759676+00:00,False,800
credit-g,gaussian_copula,fixed,0.5,2,6,500,0.6719,9.36,False,0.0671160277475553,0.9433647370746656,0.0975590085794832,0.0676923076923076,0.1610533398935832,1.0,0.93,0.659418871270063,0.6823809523809524,0.8147619047619048,0,,ok,,2026-07-20T18:32:40.759676+00:00,False,800
credit-g,gaussian_copula,fixed,0.5,2,7,500,0.5884,9.36,False,0.0696260980053274,0.9544608275692236,0.1013946849593765,0.0586153846153846,0.1803762418176607,1.0,0.92,0.6233914102036179,0.7196428571428571,0.8147619047619048,0,,ok,,2026-07-20T18:32:40.759676+00:00,False,800
credit-g,gaussian_copula,fixed,0.5,2,8,500,0.5153,9.36,False,0.0712113634669533,0.94170709836892,0.0994586872204398,0.0583846153846153,0.1352191321744646,1.0,0.89,0.5863052444696463,0.6597619047619048,0.8147619047619048,0,,ok,,2026-07-20T18:32:40.759676+00:00,False,800
credit-g,gaussian_copula,fixed,0.5,2,9,500,0.4909,9.36,False,0.0471629616256582,0.9587890003571256,0.086607682162583,0.0556153846153846,0.1704146039149394,1.0,0.915,0.6468685518585273,0.7202380952380952,0.8147619047619048,0,,ok,,2026-07-20T18:32:40.759676+00:00,False,800
credit-g,gaussian_copula,fixed,0.5,2,0,500,0.8047,9.23,True,0.0787836267145879,0.9208001110321552,0.0973774723754319,0.045,0.1448309083097798,1.0,0.905,0.5625265801251546,0.6017857142857143,0.8147619047619048,0,,ok,,2026-07-20T18:32:40.759676+00:00,False,800
credit-g,gaussian_copula,fixed,0.5,2,10,500,0.5019,9.36,False,0.0765437898344039,0.8909378341675102,0.1072343759963055,0.0547692307692307,0.1495102447787754,1.0,0.92,0.5978182358222456,0.5830357142857143,0.8147619047619048,0,,ok,,2026-07-20T18:32:40.759676+00:00,False,800
credit-g,gaussian_copula,fixed,0.5,2,12,500,0.787,9.36,False,0.0394445177246465,0.9605503935484242,0.0855425232578322,0.0499230769230769,0.1847122444146074,1.0,0.885,0.5989433204848665,0.6429761904761905,0.8147619047619048,0,,ok,,2026-07-20T18:32:40.759676+00:00,False,800
credit-g,gaussian_copula,fixed,0.75,2,0,500,0.8047,9.23,True,0.0787836267145879,0.9208001110321552,0.0973774723754319,0.045,0.1448309083097798,1.0,0.905,0.5625265801251546,0.6017857142857143,0.8147619047619048,0,,ok,,2026-07-20T18:32:40.759676+00:00,False,800
credit-g,gaussian_copula,fixed,0.75,2,1,500,0.6438,9.29,False,0.0563420837640614,0.9260964136632956,0.0845337303836632,0.0506153846153846,0.1434098358502624,1.0,0.935,0.6071339368287464,0.6229761904761905,0.8147619047619048,0,,ok,,2026-07-20T18:32:40.759676+00:00,False,800
credit-g,gaussian_copula,fixed,0.75,2,2,500,0.4969,9.36,False,0.0730500727658125,0.935978712627887,0.0988836443661172,0.0488461538461538,0.1994522676292677,1.0,0.885,0.5529914876094426,0.664047619047619,0.8147619047619048,0,,ok,,2026-07-20T18:32:40.759676+00:00,False,800
credit-g,gaussian_copula,fixed,0.75,2,3,500,0.6164,9.36,False,0.054921847827772,0.9881104663846474,0.0896082415709411,0.0412307692307692,0.1921013038441659,1.0,0.88,0.553332950804548,0.6707142857142856,0.8147619047619048,0,,ok,,2026-07-20T18:32:40.759676+00:00,False,800
credit-g,gaussian_copula,fixed,0.75,2,4,500,0.5319,9.36,False,0.0562595458772917,0.9378152916707004,0.0990981609426806,0.0434615384615384,0.1757319117465255,1.0,0.915,0.5298946245704989,0.654047619047619,0.8147619047619048,0,,ok,,2026-07-20T18:32:40.759676+00:00,False,800
credit-g,gaussian_copula,fixed,0.75,2,5,500,0.6306,9.36,False,0.0632497282315487,0.9517890289292624,0.0930811177827465,0.0446153846153846,0.1497300841345863,1.0,0.89,0.5801285296718578,0.6746428571428572,0.8147619047619048,0,,ok,,2026-07-20T18:32:40.759676+00:00,False,800
credit-g,gaussian_copula,fixed,0.75,2,6,500,0.78,9.36,False,0.0622315278904787,0.9078145949774,0.1081066149711873,0.041076923076923,0.1856198107285382,1.0,0.955,0.6171618164266861,0.6545238095238095,0.8147619047619048,0,,ok,,2026-07-20T18:32:40.759676+00:00,False,800
credit-g,gaussian_copula,fixed,0.75,2,7,500,0.5095,9.36,False,0.0745590349030524,0.9319143175920598,0.0938738833911983,0.0483846153846153,0.1780342148848924,1.0,0.895,0.6112973126227749,0.6385714285714286,0.8147619047619048,0,,ok,,2026-07-20T18:32:40.759676+00:00,False,800
credit-g,gaussian_copula,fixed,0.5,2,11,500,0.5012,9.36,False,0.0476579109907449,0.9495270438903648,0.0905579650753539,0.0567692307692307,0.1754042253856425,0.9814814814814816,0.885,0.6076897286520812,0.6852380952380953,0.8147619047619048,0,,ok,,2026-07-20T18:32:40.759676+00:00,False,800
credit-g,gaussian_copula,fixed,0.35,2,12,500,0.7484,9.36,False,0.0629555695643169,0.9014844783661082,0.1108403843762655,0.077076923076923,0.1747377797074434,0.9814814814814816,0.895,0.6861070045520926,0.6155952380952381,0.8147619047619048,0,,ok,,2026-07-20T18:32:40.759676+00:00,False,800
credit-g,gaussian_copula,fixed,0.35,2,11,500,0.6243,9.36,False,0.1053947417544836,1.0115515973773268,0.1283943082621537,0.0636923076923076,0.2156238124121145,0.9629629629629628,0.905,0.6928417613425409,0.6217857142857144,0.8147619047619048,0,,ok,,2026-07-20T18:32:40.759676+00:00,False,800
credit-g,gaussian_copula,fixed,0.35,2,10,500,0.5399,9.36,False,0.0535248200977975,0.9852211855781318,0.107104628487302,0.0668461538461538,0.1854765890776506,0.9814814814814816,0.91,0.6252326112539969,0.6235714285714286,0.8147619047619048,0,,ok,,2026-07-20T18:32:40.759676+00:00,False,800
credit-g,gaussian_copula,fixed,0.2,2,2,500,0.5728,9.36,False,0.0798236746091487,0.9208312805884564,0.1112874634684662,0.048,0.2401114206514802,0.9814814814814816,0.93,0.653871641341011,0.6008333333333333,0.8147619047619048,0,,ok,,2026-07-20T18:32:40.759676+00:00,False,800
credit-g,gaussian_copula,fixed,0.2,2,3,500,0.6283,9.36,False,0.0917705695131329,0.9699519564899196,0.1229952803227287,0.0557692307692307,0.2158733468919903,0.9814814814814816,0.915,0.6617573597413205,0.5923809523809523,0.8147619047619048,0,,ok,,2026-07-20T18:32:40.759676+00:00,False,800
credit-g,gaussian_copula,fixed,0.2,2,4,500,0.6602,9.36,False,0.1004170048874027,0.989660715813465,0.128128404441804,0.0536153846153846,0.2511840518729415,0.9814814814814816,0.92,0.6255245707239471,0.5629761904761904,0.8147619047619048,0,,ok,,2026-07-20T18:32:40.759676+00:00,False,800
credit-g,gaussian_copula,fixed,0.2,2,5,500,0.737,9.36,False,0.0935102618713306,0.9651377440668174,0.1259158775853295,0.0526153846153846,0.257014752941926,0.9814814814814816,0.89,0.6559783623717684,0.6567857142857144,0.8147619047619048,0,,ok,,2026-07-20T18:32:40.759676+00:00,False,800
credit-g,gaussian_copula,fixed,0.2,2,6,500,0.6609,9.36,False,0.1049283640923906,0.9623778021853456,0.1232234652866697,0.0553076923076922,0.2623183637448953,0.9814814814814816,0.94,0.6209769785176333,0.5597619047619048,0.8147619047619048,0,,ok,,2026-07-20T18:32:40.759676+00:00,False,800
credit-g,gaussian_copula,fixed,0.2,2,7,500,0.7826,9.36,False,0.1096273051516711,1.01578366660619,0.1281050580108672,0.0532307692307692,0.2643537286072309,0.9814814814814816,0.945,0.6891852361890232,0.6666666666666666,0.8147619047619048,0,,ok,,2026-07-20T18:32:40.759676+00:00,False,800
credit-g,gaussian_copula,fixed,0.2,2,8,500,0.8132,9.36,False,0.1269995442749857,0.9252992822809618,0.1431505959542105,0.0543846153846153,0.1865680081337716,0.9814814814814816,0.93,0.7202825762638638,0.570952380952381,0.8147619047619048,0,,ok,,2026-07-20T18:32:40.759676+00:00,False,800
credit-g,gaussian_copula,fixed,0.2,2,9,500,0.6574,9.36,False,0.1210136305460811,0.986926996012757,0.1539622647449674,0.0543076923076922,0.2337831550767496,0.9814814814814816,0.88,0.6936855748395067,0.6288095238095238,0.8147619047619048,0,,ok,,2026-07-20T18:32:40.759676+00:00,False,800
credit-g,gaussian_copula,fixed,0.2,2,10,500,0.9973,9.36,False,0.1015277659373726,0.9986515703161356,0.1323078561160799,0.0566923076923076,0.2426604803526299,0.9629629629629628,0.905,0.6848806622698359,0.6654761904761904,0.8147619047619048,0,,ok,,2026-07-20T18:32:40.759676+00:00,False,800
credit-g,gaussian_copula,fixed,0.2,2,11,500,0.6582,9.36,False,0.1007690480422159,0.9643628869387196,0.1291303345131956,0.0547692307692307,0.2116061739157098,0.9629629629629628,0.95,0.678939090166535,0.5579761904761905,0.8147619047619048,0,,ok,,2026-07-20T18:32:40.759676+00:00,False,800
credit-g,gaussian_copula,fixed,0.2,2,12,500,0.5312,9.36,False,0.0764192607518973,0.9403865001730374,0.1096349959688566,0.057076923076923,0.2085705549193073,0.9629629629629628,0.94,0.6238943230478093,0.6344047619047619,0.8147619047619048,0,,ok,,2026-07-20T18:32:40.759676+00:00,False,800
credit-g,gaussian_copula,fixed,0.35,2,0,500,0.8047,9.23,True,0.0787836267145879,0.9208001110321552,0.0973774723754319,0.045,0.1448309083097798,1.0,0.905,0.5625265801251546,0.6017857142857143,0.8147619047619048,0,,ok,,2026-07-20T18:32:40.759676+00:00,False,800
credit-g,gaussian_copula,fixed,0.35,2,1,500,0.7421,9.29,False,0.0770616453655828,0.944548276301998,0.109741412840309,0.055076923076923,0.163592945946331,1.0,0.91,0.593641921554597,0.6798809523809524,0.8147619047619048,0,,ok,,2026-07-20T18:32:40.759676+00:00,False,800
credit-g,gaussian_copula,fixed,0.35,2,2,500,0.7027,9.36,False,0.0562150254264633,0.9365507376651608,0.0990317686136946,0.0597692307692307,0.150495876454801,1.0,0.915,0.6427968704645024,0.6164285714285714,0.8147619047619048,0,,ok,,2026-07-20T18:32:40.759676+00:00,False,800
credit-g,gaussian_copula,fixed,0.35,2,3,500,0.6851,9.36,False,0.0519058108665479,0.9993011502690272,0.0888432631895885,0.0563846153846153,0.2033827738260943,1.0,0.925,0.6033334008384131,0.645,0.8147619047619048,0,,ok,,2026-07-20T18:32:40.759676+00:00,False,800
credit-g,gaussian_copula,fixed,0.35,2,4,500,0.7522,9.36,False,0.0552449449798281,0.9362044326519784,0.0881161756444692,0.0669230769230769,0.2213893481757951,1.0,0.915,0.6707135961981138,0.6754761904761905,0.8147619047619048,0,,ok,,2026-07-20T18:32:40.759676+00:00,False,800
credit-g,gaussian_copula,fixed,0.35,2,5,500,0.8087,9.36,False,0.0584842438236157,0.979613329824475,0.0857235500358353,0.0673846153846153,0.2042076405420979,0.9814814814814816,0.91,0.7125881222561997,0.5905952380952381,0.8147619047619048,0,,ok,,2026-07-20T18:32:40.759676+00:00,False,800
credit-g,gaussian_copula,fixed,0.35,2,6,500,0.5613,9.36,False,0.0376849768148522,0.940728297858492,0.0878945750013376,0.0684615384615384,0.2043574756502637,0.9814814814814816,0.915,0.6063913809514165,0.6185714285714285,0.8147619047619048,0,,ok,,2026-07-20T18:32:40.759676+00:00,False,800
credit-g,gaussian_copula,fixed,0.35,2,7,500,0.5264,9.36,False,0.0479972019853202,0.9700583116551108,0.081041179716307,0.0723846153846153,0.1571080818905197,0.9814814814814816,0.87,0.6473849657186704,0.6680952380952381,0.8147619047619048,0,,ok,,2026-07-20T18:32:40.759676+00:00,False,800
credit-g,gaussian_copula,fixed,0.35,2,8,500,0.6774,9.36,False,0.0841795641679166,0.917853000178351,0.113943366559761,0.0686153846153846,0.1473434409717555,0.9629629629629628,0.925,0.6990691049501475,0.6254761904761904,0.8147619047619048,0,,ok,,2026-07-20T18:32:40.759676+00:00,False,800
credit-g,gaussian_copula,fixed,0.35,2,9,500,0.6346,9.36,False,0.0569934647764368,1.012175488531725,0.0996712573363277,0.0683846153846153,0.21026763507666,0.9814814814814816,0.915,0.6829635180047299,0.5988095238095239,0.8147619047619048,0,,ok,,2026-07-20T18:32:40.759676+00:00,False,800
credit-g,gaussian_copula,fixed,0.75,2,8,500,0.5908,9.36,False,0.036391276046397,0.9555129513701448,0.0729076932095225,0.0475384615384615,0.1541681477454307,1.0,0.915,0.599897392278769,0.6523809523809524,0.8147619047619048,0,,ok,,2026-07-20T18:32:40.759676+00:00,False,800
credit-g,gaussian_copula,fixed,0.2,2,0,500,0.8047,9.23,True,0.0787836267145879,0.9208001110321552,0.0973774723754319,0.045,0.1448309083097798,1.0,0.905,0.5625265801251546,0.6017857142857143,0.8147619047619048,0,,ok,,2026-07-20T18:32:40.759676+00:00,False,800
credit-g,gaussian_copula,fixed,0.75,2,9,500,0.5415,9.36,False,0.069545467083833,0.9738690846913292,0.0994674115216087,0.0439230769230769,0.2130164814015178,1.0,0.955,0.5659029591976796,0.7447619047619046,0.8147619047619048,0,,ok,,2026-07-20T18:32:40.759676+00:00,False,800
credit-g,gaussian_copula,fixed,0.75,2,11,500,0.8716,9.36,False,0.0778314149762808,0.9481511050762356,0.1013452799560121,0.0479230769230769,0.1654150877382456,1.0,0.88,0.582082239188499,0.6120238095238095,0.8147619047619048,0,,ok,,2026-07-20T18:32:40.759676+00:00,False,800
credit-g,gaussian_copula,fresh,0.0,2,11,500,1.0671,9.36,False,0.1516222028555414,0.7885207052210613,0.1665894458573669,0.0653076923076923,0.287793033981828,0.9444444444444444,0.87,0.8174415124738137,0.5230952380952381,0.8147619047619048,0,,ok,,2026-07-20T18:32:40.759676+00:00,False,800
credit-g,gaussian_copula,fresh,0.0,2,12,500,0.9092,9.36,False,0.1670717031748619,0.7734457958895279,0.1930741785829402,0.0699230769230769,0.2812442287131371,0.9444444444444444,0.835,0.7969559709368129,0.4538095238095238,0.8147619047619048,0,,ok,,2026-07-20T18:32:40.759676+00:00,False,800
credit-g,gaussian_copula,fresh,0.01,2,0,500,0.8047,9.23,True,0.0787836267145879,0.9208001110321552,0.0973774723754319,0.045,0.1448309083097798,1.0,0.905,0.5625265801251546,0.6017857142857143,0.8147619047619048,0,,ok,,2026-07-20T18:32:40.759676+00:00,False,800
credit-g,gaussian_copula,fresh,0.01,2,1,500,0.7483,9.29,False,0.0703288772579132,0.8852491696314546,0.1104259254857876,0.0572307692307692,0.247966890585341,0.9814814814814816,0.89,0.6050232780016697,0.6752380952380953,0.8147619047619048,0,,ok,,2026-07-20T18:32:40.759676+00:00,False,800
credit-g,gaussian_copula,fresh,0.01,2,2,500,0.7287,9.36,False,0.0930949062207661,0.8526936944758423,0.1256025913334437,0.0634615384615384,0.2627136204786967,0.9814814814814816,0.905,0.6443984284817432,0.5340476190476191,0.8147619047619048,0,,ok,,2026-07-20T18:32:40.759676+00:00,False,800
credit-g,gaussian_copula,fresh,0.01,2,3,500,0.6829,9.36,False,0.0623758669573496,0.8970601450331225,0.102506774221851,0.068076923076923,0.3183726082617901,0.9629629629629628,0.89,0.6977730074188083,0.533452380952381,0.8147619047619048,0,,ok,,2026-07-20T18:32:40.759676+00:00,False,800
credit-g,gaussian_copula,fresh,0.01,2,4,500,0.6317,9.36,False,0.1028684742604327,0.8575937713105761,0.1441342223860955,0.0779230769230769,0.2976384453392048,0.9629629629629628,0.89,0.7040521049208953,0.5839285714285714,0.8147619047619048,0,,ok,,2026-07-20T18:32:40.759676+00:00,False,800
credit-g,gaussian_copula,fresh,0.01,2,5,500,0.59,9.36,False,0.0783718951379491,0.9346993753983032,0.1383760267120011,0.0796153846153846,0.2749206331574323,0.9444444444444444,0.86,0.6747684013221996,0.5676190476190477,0.8147619047619048,0,,ok,,2026-07-20T18:32:40.759676+00:00,False,800
credit-g,gaussian_copula,fresh,0.01,2,6,500,0.7366,9.36,False,0.0517438711618002,0.9134259204911936,0.1280959948965923,0.0838461538461538,0.2860969897752719,0.9444444444444444,0.87,0.7605133536298606,0.5811904761904761,0.8147619047619048,0,,ok,,2026-07-20T18:32:40.759676+00:00,False,800
credit-g,gaussian_copula,fresh,0.0,2,10,500,0.6898,9.36,False,0.1384757278009012,0.8376965297603843,0.1603469896453823,0.0676153846153846,0.2615727351411888,0.9444444444444444,0.895,0.7172538483520885,0.5721428571428572,0.8147619047619048,0,,ok,,2026-07-20T18:32:40.759676+00:00,False,800
credit-g,gaussian_copula,fresh,0.01,2,7,500,0.7717,9.36,False,0.0779092163253301,0.8665178968988728,0.1551219814367183,0.0881538461538461,0.2744282828051772,0.9444444444444444,0.845,0.7450906930746538,0.6014285714285715,0.8147619047619048,0,,ok,,2026-07-20T18:32:40.759676+00:00,False,800
credit-g,gaussian_copula,fresh,0.01,2,9,500,0.9053,9.36,False,0.1138961269247845,0.854141534795305,0.1705902342645648,0.0828461538461538,0.2597725156661277,0.9444444444444444,0.855,0.8196489285818758,0.5639285714285713,0.8147619047619048,0,,ok,,2026-07-20T18:32:40.759676+00:00,False,800
credit-g,gaussian_copula,fresh,0.01,2,10,500,0.5933,9.36,False,0.1804395773491816,0.8177273469580306,0.2191318987458596,0.0883846153846153,0.3471298205325852,0.9444444444444444,0.84,0.7510423909399183,0.5546428571428572,0.8147619047619048,0,,ok,,2026-07-20T18:32:40.759676+00:00,False,800
credit-g,gaussian_copula,fresh,0.01,2,11,500,0.903,9.36,False,0.161329279640924,0.8120232178837601,0.2198343869811211,0.0919230769230769,0.3198786058458461,0.9629629629629628,0.835,0.8428200472085526,0.5521428571428572,0.8147619047619048,0,,ok,,2026-07-20T18:32:40.759676+00:00,False,800
credit-g,gaussian_copula,fresh,0.01,2,12,500,1.2324,9.36,False,0.1715784231817627,0.8479715658442275,0.2207593239398211,0.0777692307692307,0.379086432186197,0.9444444444444444,0.805,0.8611454261933211,0.5513095238095239,0.8147619047619048,0,,ok,,2026-07-20T18:32:40.759676+00:00,False,800
credit-g,gaussian_copula,fresh,0.02,2,0,500,0.8047,9.23,True,0.0787836267145879,0.9208001110321552,0.0973774723754319,0.045,0.1448309083097798,1.0,0.905,0.5625265801251546,0.6017857142857143,0.8147619047619048,0,,ok,,2026-07-20T18:32:40.759676+00:00,False,800
credit-g,gaussian_copula,fresh,0.02,2,1,500,0.7885,9.29,False,0.1237564482813061,0.8581817078594192,0.1424242099106175,0.0558461538461538,0.2154904826408563,1.0,0.9,0.6333754114997153,0.6010714285714286,0.8147619047619048,0,,ok,,2026-07-20T18:32:40.759676+00:00,False,800
credit-g,gaussian_copula,fresh,0.02,2,2,500,1.1582,9.36,False,0.1328044556681952,0.886619850086784,0.1493005671850207,0.0586153846153846,0.2394549969358283,1.0,0.885,0.6888465857055742,0.5186904761904763,0.8147619047619048,0,,ok,,2026-07-20T18:32:40.759676+00:00,False,800
credit-g,gaussian_copula,fresh,0.02,2,3,500,0.9288,9.36,False,0.1209368436111148,0.9121621722695332,0.1381909153306008,0.0545384615384615,0.1969226310156723,1.0,0.93,0.6762973913787013,0.5657142857142858,0.8147619047619048,0,,ok,,2026-07-20T18:32:40.759676+00:00,False,800
credit-g,gaussian_copula,fresh,0.02,2,4,500,1.1068,9.36,False,0.112576717343324,0.8885179330730951,0.1435701845901514,0.0686923076923076,0.2571962729922279,1.0,0.885,0.7041871150804098,0.5552380952380953,0.8147619047619048,0,,ok,,2026-07-20T18:32:40.759676+00:00,False,800
credit-g,gaussian_copula,fresh,0.01,2,8,500,0.8417,9.36,False,0.0986255411577695,0.8704436249675592,0.1685203241954889,0.0928461538461538,0.2997172290747689,0.9444444444444444,0.84,0.8142023937301283,0.575952380952381,0.8147619047619048,0,,ok,,2026-07-20T18:32:40.759676+00:00,False,800
credit-g,gaussian_copula,fresh,0.0,2,9,500,0.6857,9.36,False,0.1183424608636862,0.871206069353376,0.1429170514754059,0.0703846153846153,0.209956763588334,0.9444444444444444,0.88,0.7794496535864323,0.5152380952380953,0.8147619047619048,0,,ok,,2026-07-20T18:32:40.759676+00:00,False,800
credit-g,gaussian_copula,fresh,0.0,2,8,500,0.6523,9.36,False,0.1172423635887012,0.9426548848468432,0.1501264977893222,0.0597692307692307,0.2236849928159287,1.0,0.93,0.7476502606821164,0.6546428571428571,0.8147619047619048,0,,ok,,2026-07-20T18:32:40.759676+00:00,False,800
credit-g,gaussian_copula,fresh,0.0,2,7,500,0.7117,9.36,False,0.1330923216677689,0.8412736255187099,0.1539855695986058,0.0638461538461538,0.2731200616441009,0.9814814814814816,0.9,0.7407534917002505,0.5046428571428572,0.8147619047619048,0,,ok,,2026-07-20T18:32:40.759676+00:00,False,800
credit-g,gaussian_copula,fixed,0.75,2,12,500,0.7143,9.36,False,0.0792439749070876,0.9231991868794752,0.1026932816062811,0.0443076923076923,0.2300662382298705,1.0,0.9,0.6166026493493636,0.7021428571428572,0.8147619047619048,0,,ok,,2026-07-20T18:32:40.759676+00:00,False,800
credit-g,gaussian_copula,fixed,1.0,2,0,500,0.8047,9.23,True,0.0787836267145879,0.9208001110321552,0.0973774723754319,0.045,0.1448309083097798,1.0,0.905,0.5625265801251546,0.6017857142857143,0.8147619047619048,0,,ok,,2026-07-20T18:32:40.759676+00:00,False,800
credit-g,gaussian_copula,fixed,1.0,2,1,500,0.6372,9.29,False,0.0622679477720531,0.9237292223398132,0.1054512793601169,0.0485384615384615,0.1692398949922063,1.0,0.915,0.6020024256825326,0.674404761904762,0.8147619047619048,0,,ok,,2026-07-20T18:32:40.759676+00:00,False,800
credit-g,gaussian_copula,fixed,1.0,2,2,500,0.5894,9.36,False,0.0644989811912719,0.9312569940508562,0.0868595017443022,0.0473846153846153,0.1775579109448812,1.0,0.89,0.6100467810202718,0.6566666666666666,0.8147619047619048,0,,ok,,2026-07-20T18:32:40.759676+00:00,False,800
credit-g,gaussian_copula,fixed,1.0,2,3,500,0.6485,9.36,False,0.067147408304806,0.940358676459952,0.0929021336354993,0.0507692307692307,0.1259298828340856,1.0,0.915,0.6200234692660623,0.5127380952380953,0.8147619047619048,0,,ok,,2026-07-20T18:32:40.759676+00:00,False,800
credit-g,gaussian_copula,fixed,1.0,2,4,500,0.6103,9.36,False,0.0541777173070066,0.9722080662013404,0.0996470735239287,0.044076923076923,0.1484393739292172,1.0,0.9,0.5773810729257377,0.626904761904762,0.8147619047619048,0,,ok,,2026-07-20T18:32:40.759676+00:00,False,800
credit-g,gaussian_copula,fixed,1.0,2,5,500,0.5801,9.36,False,0.0794432403901051,0.8625698759025614,0.1045033915399168,0.0546923076923076,0.1738107321470053,1.0,0.935,0.6104934396313323,0.6336904761904762,0.8147619047619048,0,,ok,,2026-07-20T18:32:40.759676+00:00,False,800
credit-g,gaussian_copula,fixed,1.0,2,6,500,0.5688,9.36,False,0.0872897253582219,0.8882228934184171,0.1160204676595496,0.0426923076923076,0.1189102066420181,0.9814814814814816,0.915,0.5645596081105104,0.6045238095238096,0.8147619047619048,0,,ok,,2026-07-20T18:32:40.759676+00:00,False,800
credit-g,gaussian_copula,fixed,1.0,2,7,500,0.7471,9.36,False,0.0703099194373303,0.910559157885853,0.1012404639097561,0.054076923076923,0.1676335568663682,1.0,0.92,0.591005285647745,0.5627380952380953,0.8147619047619048,0,,ok,,2026-07-20T18:32:40.759676+00:00,False,800
credit-g,gaussian_copula,fixed,1.0,2,8,500,0.5943,9.36,False,0.0679439451674979,0.9016353830735536,0.0947377772161722,0.0418461538461538,0.1732319201869885,1.0,0.91,0.5614268098674425,0.5677380952380953,0.8147619047619048,0,,ok,,2026-07-20T18:32:40.759676+00:00,False,800
credit-g,gaussian_copula,fixed,1.0,2,9,500,0.6357,9.36,False,0.0976905787323285,0.8933302420268234,0.1250568866727019,0.0483076923076923,0.166114058374085,1.0,0.935,0.6051470373145579,0.6167857142857143,0.8147619047619048,0,,ok,,2026-07-20T18:32:40.759676+00:00,False,800
credit-g,gaussian_copula,fixed,1.0,2,10,500,0.8902,9.36,False,0.0690771321899541,0.9146140994824848,0.0883232047109279,0.0438461538461538,0.1475860971272728,1.0,0.92,0.5846569954389067,0.6901190476190476,0.8147619047619048,0,,ok,,2026-07-20T18:32:40.759676+00:00,False,800
credit-g,gaussian_copula,fixed,1.0,2,11,500,0.5552,9.36,False,0.0428803173259934,0.9260090930086978,0.0825440986296024,0.0479230769230769,0.1412982677397111,1.0,0.94,0.5522208046155472,0.719047619047619,0.8147619047619048,0,,ok,,2026-07-20T18:32:40.759676+00:00,False,800
credit-g,gaussian_copula,fixed,1.0,2,12,500,0.7247,9.36,False,0.0568987903525331,0.8911565193118047,0.098516082744866,0.0496153846153846,0.1749123631064415,1.0,0.895,0.6381890862287387,0.6838095238095238,0.8147619047619048,0,,ok,,2026-07-20T18:32:40.759676+00:00,False,800
credit-g,gaussian_copula,fresh,0.0,2,0,500,0.8047,9.23,True,0.0787836267145879,0.9208001110321552,0.0973774723754319,0.045,0.1448309083097798,1.0,0.905,0.5625265801251546,0.6017857142857143,0.8147619047619048,0,,ok,,2026-07-20T18:32:40.759676+00:00,False,800
credit-g,gaussian_copula,fresh,0.0,2,1,500,0.5902,9.29,False,0.1125634740438157,0.881152887823748,0.1337198380265442,0.051076923076923,0.1829749447830072,1.0,0.905,0.5739990684298993,0.535952380952381,0.8147619047619048,0,,ok,,2026-07-20T18:32:40.759676+00:00,False,800
credit-g,gaussian_copula,fresh,0.0,2,2,500,0.5936,9.36,False,0.0909764851015597,0.947413969081948,0.1242133166844777,0.0494615384615384,0.2197596106719603,1.0,0.895,0.6099455234006359,0.6859523809523809,0.8147619047619048,0,,ok,,2026-07-20T18:32:40.759676+00:00,False,800
credit-g,gaussian_copula,fresh,0.0,2,3,500,0.6232,9.36,False,0.1337027401932414,0.8491763175856699,0.151660620024588,0.0642307692307692,0.2508876063792417,1.0,0.9,0.6721373908386606,0.5236904761904763,0.8147619047619048,0,,ok,,2026-07-20T18:32:40.759676+00:00,False,800
credit-g,gaussian_copula,fresh,0.0,2,4,500,0.7996,9.36,False,0.1191747217136263,0.8859899564948285,0.1315458923172851,0.0698461538461538,0.3079954922962825,1.0,0.9,0.7419708333052061,0.6202380952380953,0.8147619047619048,0,,ok,,2026-07-20T18:32:40.759676+00:00,False,800
credit-g,gaussian_copula,fresh,0.0,2,5,500,0.9102,9.36,False,0.1081722562878172,0.9498914866136998,0.1232527472237832,0.0730769230769231,0.2742740019947147,0.9814814814814816,0.93,0.7644837774042497,0.5861904761904762,0.8147619047619048,0,,ok,,2026-07-20T18:32:40.759676+00:00,False,800
credit-g,gaussian_copula,fresh,0.0,2,6,500,0.5468,9.36,False,0.0777876488197483,0.8824810481634692,0.1228001276132597,0.0613846153846153,0.2457478646234636,0.9629629629629628,0.915,0.7217395609019578,0.5017857142857143,0.8147619047619048,0,,ok,,2026-07-20T18:32:40.759676+00:00,False,800
credit-g,gaussian_copula,fixed,0.75,2,10,500,0.6686,9.36,False,0.0678155784570485,0.9082278194987656,0.1065347503100078,0.040076923076923,0.1813782683746003,1.0,0.88,0.5836714212744508,0.6377380952380953,0.8147619047619048,0,,ok,,2026-07-20T18:32:40.759676+00:00,False,800
credit-g,gaussian_copula,fresh,0.0,1,0,500,1.5923,9.23,True,0.035196611974937,0.9240324228589324,0.0818180151307687,0.0437692307692307,0.167714164106515,1.0,0.905,0.5418047708090034,0.6716666666666667,0.8429761904761905,0,,ok,,2026-07-20T18:32:40.759676+00:00,False,800
credit-g,gaussian_copula,fixed,1.0,1,12,500,1.1092,9.36,False,0.0884339166361114,0.968971400116206,0.1089200179353037,0.0452307692307692,0.1420654083937932,1.0,0.935,0.5974064548357263,0.6042261904761904,0.8429761904761905,0,,ok,,2026-07-20T18:32:40.759676+00:00,False,800
credit-g,gaussian_copula,fixed,1.0,1,11,500,0.9514,9.36,False,0.0558473594990361,0.9448664996229504,0.0952671026758131,0.0463076923076923,0.1395567916850155,1.0,0.955,0.6052516701881817,0.7012499999999999,0.8429761904761905,0,,ok,,2026-07-20T18:32:40.759676+00:00,False,800
credit-g,gaussian_copula,fixed,1.0,0,6,500,0.8179,9.36,False,0.043357393093685,0.969500035619106,0.0788393344815342,0.0431538461538461,0.1540339990368587,1.0,0.91,0.4857328013933048,0.6354761904761905,0.7650000000000001,0,,ok,,2026-07-20T18:32:40.759676+00:00,False,800
credit-g,gaussian_copula,fixed,1.0,0,7,500,1.0779,9.36,False,0.0671516033813102,0.9641199608314336,0.1051854724112664,0.046,0.1870004221541503,1.0,0.94,0.590054026565499,0.640357142857143,0.7650000000000001,0,,ok,,2026-07-20T18:32:40.759676+00:00,False,800
credit-g,gaussian_copula,fixed,1.0,0,8,500,1.2464,9.36,False,0.0728184023291235,0.89435045099114,0.0984489971834524,0.0493846153846153,0.18843820322718,1.0,0.88,0.6087866861981364,0.6055952380952382,0.7650000000000001,0,,ok,,2026-07-20T18:32:40.759676+00:00,False,800
credit-g,gaussian_copula,fixed,1.0,0,9,500,0.6418,9.36,False,0.0667635269504796,0.8770824147455308,0.1017725477884357,0.0476153846153846,0.1524467025503994,1.0,0.9,0.5669779775928139,0.6144047619047619,0.7650000000000001,0,,ok,,2026-07-20T18:32:40.759676+00:00,False,800
credit-g,gaussian_copula,fixed,1.0,0,10,500,0.8301,9.36,False,0.0560502601265304,0.9269612546573586,0.0982611446271317,0.0479230769230769,0.169198423051092,1.0,0.89,0.5747483748152049,0.6196428571428572,0.7650000000000001,0,,ok,,2026-07-20T18:32:40.759676+00:00,False,800
credit-g,gaussian_copula,fixed,1.0,0,11,500,1.0881,9.36,False,0.1197713612373192,0.8417560776212955,0.1334728162423323,0.0496923076923076,0.1821344513665748,1.0,0.88,0.6241868450600908,0.6282738095238095,0.7650000000000001,0,,ok,,2026-07-20T18:32:40.759676+00:00,False,800
credit-g,gaussian_copula,fixed,1.0,0,12,500,0.9511,9.36,False,0.0523482056361118,0.9633946793810844,0.0895729453252727,0.0494615384615384,0.1723331888052914,1.0,0.915,0.6222123214771912,0.6723809523809523,0.7650000000000001,0,,ok,,2026-07-20T18:32:40.759676+00:00,False,800
credit-g,gaussian_copula,fresh,0.0,0,0,500,1.4878,9.23,True,0.0510433106565866,0.9533308449996916,0.0891272226006016,0.0496923076923076,0.1424243333918846,1.0,0.91,0.6060459799599919,0.5925,0.7650000000000001,0,,ok,,2026-07-20T18:32:40.759676+00:00,False,800
credit-g,gaussian_copula,fresh,0.0,0,1,500,1.0083,9.29,False,0.0591859424858003,0.9891176433227568,0.0984215618871726,0.054,0.1846596555085045,0.9814814814814816,0.92,0.6694602518839544,0.6234523809523808,0.7650000000000001,0,,ok,,2026-07-20T18:32:40.759676+00:00,False,800
credit-g,gaussian_copula,fixed,1.0,0,5,500,1.1377,9.36,False,0.0429271785438116,0.9628892942666228,0.0937763907129092,0.0446923076923076,0.2178357654643502,1.0,0.91,0.6552628085263416,0.5813095238095238,0.7650000000000001,0,,ok,,2026-07-20T18:32:40.759676+00:00,False,800
credit-g,gaussian_copula,fresh,0.0,0,2,500,1.0752,9.36,False,0.0774352153699861,1.000976578003708,0.1218739039968502,0.052076923076923,0.1979789380335863,0.9629629629629628,0.915,0.70500280146081,0.5750000000000001,0.7650000000000001,0,,ok,,2026-07-20T18:32:40.759676+00:00,False,800
credit-g,gaussian_copula,fresh,0.0,0,4,500,1.3384,9.36,False,0.120298121278465,0.9539995691260208,0.1421719115727362,0.0679230769230769,0.2310651397477763,0.9444444444444444,0.905,0.6770320716633926,0.5383333333333333,0.7650000000000001,0,,ok,,2026-07-20T18:32:40.759676+00:00,False,800
credit-g,gaussian_copula,fresh,0.0,0,5,500,1.5343,9.36,False,0.1513046950984082,0.8971628230048468,0.1713265966581559,0.0819230769230769,0.2095407008211106,0.9444444444444444,0.895,0.7794035251152649,0.4409523809523809,0.7650000000000001,0,,ok,,2026-07-20T18:32:40.759676+00:00,False,800
credit-g,gaussian_copula,fresh,0.0,0,6,500,1.1606,9.36,False,0.1475760956767296,0.8942607380954045,0.1755117969783964,0.0767692307692307,0.2212399062043711,0.9444444444444444,0.895,0.7398112332953054,0.4202380952380953,0.7650000000000001,0,,ok,,2026-07-20T18:32:40.759676+00:00,False,800
credit-g,gaussian_copula,fresh,0.0,0,7,500,1.3853,9.36,False,0.1459296835830733,0.9499075543216976,0.1846390664634954,0.0853076923076923,0.2751040855571189,0.9629629629629628,0.905,0.7923239973808028,0.5128571428571429,0.7650000000000001,0,,ok,,2026-07-20T18:32:40.759676+00:00,False,800
credit-g,gaussian_copula,fresh,0.0,0,8,500,1.4928,9.36,False,0.1737190693897496,0.9203650529032612,0.2104515467523849,0.0979230769230769,0.3001438708473872,0.9444444444444444,0.885,0.810229719786414,0.5226190476190476,0.7650000000000001,0,,ok,,2026-07-20T18:32:40.759676+00:00,False,800
credit-g,gaussian_copula,fresh,0.0,0,9,500,1.5868,9.36,False,0.1747395672529454,0.8679396340658914,0.2268524636772682,0.0929230769230769,0.2864031222434376,0.9629629629629628,0.835,0.859059519228822,0.5938095238095239,0.7650000000000001,0,,ok,,2026-07-20T18:32:40.759676+00:00,False,800
credit-g,gaussian_copula,fresh,0.0,0,10,500,1.9888,9.36,False,0.1830452463303362,0.8512291682232103,0.215102580145939,0.094076923076923,0.3058951290994921,0.9444444444444444,0.895,0.8237183598065755,0.4792857142857143,0.7650000000000001,0,,ok,,2026-07-20T18:32:40.759676+00:00,False,800
credit-g,gaussian_copula,fresh,0.0,0,11,500,1.2876,9.36,False,0.1618721990027312,0.924640501565522,0.211812872896757,0.105,0.3320665148559018,0.9444444444444444,0.915,0.8317705907369529,0.5983333333333334,0.7650000000000001,0,,ok,,2026-07-20T18:32:40.759676+00:00,False,800
credit-g,gaussian_copula,fresh,0.0,0,12,500,1.7974,9.36,False,0.1730955427029894,0.938985889669376,0.2145058305448115,0.1056923076923077,0.3595885477413774,0.9444444444444444,0.865,0.8615898346350562,0.5170238095238096,0.7650000000000001,0,,ok,,2026-07-20T18:32:40.759676+00:00,False,800
credit-g,gaussian_copula,fresh,0.0,0,3,500,1.1458,9.36,False,0.1021309646248439,0.9894777895684072,0.1313522176196043,0.0719230769230769,0.2225481124313514,0.9444444444444444,0.915,0.703504188690199,0.5344047619047619,0.7650000000000001,0,,ok,,2026-07-20T18:32:40.759676+00:00,False,800
credit-g,gaussian_copula,fresh,0.01,0,0,500,1.4878,9.23,True,0.0510433106565866,0.9533308449996916,0.0891272226006016,0.0496923076923076,0.1424243333918846,1.0,0.91,0.6060459799599919,0.5925,0.7650000000000001,0,,ok,,2026-07-20T18:32:40.759676+00:00,False,800
credit-g,gaussian_copula,fixed,1.0,0,4,500,0.9703,9.36,False,0.0496107487945804,0.901276979320695,0.10427272853681,0.0493846153846153,0.1871838481667636,1.0,0.925,0.613473788902615,0.6589285714285715,0.7650000000000001,0,,ok,,2026-07-20T18:32:40.759676+00:00,False,800
credit-g,gaussian_copula,fixed,1.0,0,2,500,0.8448,9.36,False,0.0510616023920747,0.9828400355700236,0.0806386241688398,0.044076923076923,0.1986345188835899,1.0,0.895,0.5880750026439489,0.6116666666666668,0.7650000000000001,0,,ok,,2026-07-20T18:32:40.759676+00:00,False,800
credit-g,gaussian_copula,fixed,0.5,0,8,500,1.5085,9.36,False,0.0815940546601013,0.9963227417137592,0.1192436742568576,0.0566153846153846,0.1900989424156111,1.0,0.88,0.6850167975140128,0.702142857142857,0.7650000000000001,0,,ok,,2026-07-20T18:32:40.759676+00:00,False,800
credit-g,gaussian_copula,fixed,0.5,0,9,500,0.8906,9.36,False,0.0861021181145194,0.9939424559018356,0.1133512696295382,0.0443846153846153,0.1697959126658636,1.0,0.935,0.606120235547725,0.6113095238095239,0.7650000000000001,0,,ok,,2026-07-20T18:32:40.759676+00:00,False,800
credit-g,gaussian_copula,fixed,0.5,0,10,500,0.9785,9.36,False,0.1178456343634415,1.014153624391849,0.1294771831163334,0.0489230769230769,0.2186550468222792,0.9814814814814816,0.925,0.670947613807939,0.6627380952380953,0.7650000000000001,0,,ok,,2026-07-20T18:32:40.759676+00:00,False,800
credit-g,gaussian_copula,fixed,0.5,0,11,500,1.0435,9.36,False,0.0886834128779492,0.9996124727269504,0.1218401897804013,0.0574615384615384,0.2157441387589611,1.0,0.89,0.6767598011750383,0.6751190476190476,0.7650000000000001,0,,ok,,2026-07-20T18:32:40.759676+00:00,False,800
credit-g,gaussian_copula,fixed,0.5,0,12,500,0.8894,9.36,False,0.0925219192963937,0.9582116845729026,0.1157081307192203,0.0559230769230769,0.2566473963245033,1.0,0.87,0.6692509861367067,0.6510714285714286,0.7650000000000001,0,,ok,,2026-07-20T18:32:40.759676+00:00,False,800
credit-g,gaussian_copula,fixed,0.75,0,0,500,1.4878,9.23,True,0.0510433106565866,0.9533308449996916,0.0891272226006016,0.0496923076923076,0.1424243333918846,1.0,0.91,0.6060459799599919,0.5925,0.7650000000000001,0,,ok,,2026-07-20T18:32:40.759676+00:00,False,800
credit-g,gaussian_copula,fixed,0.75,0,1,500,1.1904,9.29,False,0.0609508253198756,0.9506568784595072,0.0887366898475419,0.0468461538461538,0.1706598968937472,1.0,0.91,0.5517977727824018,0.5997619047619047,0.7650000000000001,0,,ok,,2026-07-20T18:32:40.759676+00:00,False,800
credit-g,gaussian_copula,fixed,0.75,0,2,500,1.2664,9.36,False,0.0579469019404334,0.933363658563344,0.0885151172756979,0.038,0.1841854384063486,1.0,0.905,0.5858889631444767,0.6086904761904762,0.7650000000000001,0,,ok,,2026-07-20T18:32:40.759676+00:00,False,800
credit-g,gaussian_copula,fixed,0.75,0,3,500,0.8564,9.36,False,0.0691162816555773,0.9582230465560044,0.0995065683781092,0.0483846153846153,0.197790628826186,1.0,0.885,0.5364594935768917,0.6145833333333334,0.7650000000000001,0,,ok,,2026-07-20T18:32:40.759676+00:00,False,800
credit-g,gaussian_copula,fixed,1.0,0,3,500,0.9854,9.36,False,0.0295254292963364,0.9832153585194388,0.0749223232665482,0.04,0.1627977543690541,1.0,0.94,0.6074416474839732,0.656547619047619,0.7650000000000001,0,,ok,,2026-07-20T18:32:40.759676+00:00,False,800
credit-g,gaussian_copula,fixed,0.75,0,4,500,1.1369,9.36,False,0.0807614101898292,0.8614831992895631,0.1103701435975908,0.0475384615384615,0.2042162759611385,1.0,0.845,0.592953369741073,0.6047619047619047,0.7650000000000001,0,,ok,,2026-07-20T18:32:40.759676+00:00,False,800
credit-g,gaussian_copula,fixed,0.75,0,6,500,1.1805,9.36,False,0.0883650028152689,0.92303554577505,0.1123713598722393,0.054076923076923,0.1679607471095168,1.0,0.905,0.6382104628373285,0.6477380952380952,0.7650000000000001,0,,ok,,2026-07-20T18:32:40.759676+00:00,False,800
credit-g,gaussian_copula,fixed,0.75,0,7,500,0.7099,9.36,False,0.0813514994145746,0.9213497023874792,0.1195542413323823,0.048,0.1368842180124481,1.0,0.915,0.5515440661909808,0.6497619047619048,0.7650000000000001,0,,ok,,2026-07-20T18:32:40.759676+00:00,False,800
credit-g,gaussian_copula,fixed,0.75,0,8,500,1.0486,9.36,False,0.0726000402670379,0.8830841161210091,0.1083189399920944,0.0455384615384615,0.1897793696618826,0.9629629629629628,0.89,0.5658973337743665,0.7136904761904761,0.7650000000000001,0,,ok,,2026-07-20T18:32:40.759676+00:00,False,800
credit-g,gaussian_copula,fixed,0.75,0,9,500,0.7146,9.36,False,0.0803013896818213,0.8969967142924489,0.1031177416107218,0.0543076923076923,0.1454048746996994,1.0,0.915,0.5974413324602676,0.662142857142857,0.7650000000000001,0,,ok,,2026-07-20T18:32:40.759676+00:00,False,800
credit-g,gaussian_copula,fixed,0.75,0,10,500,0.9004,9.36,False,0.0972097995786609,0.8477557953097155,0.1181062702651517,0.0569230769230769,0.2421359132096926,1.0,0.885,0.6235736739189623,0.6940476190476191,0.7650000000000001,0,,ok,,2026-07-20T18:32:40.759676+00:00,False,800
credit-g,gaussian_copula,fixed,0.75,0,11,500,0.7448,9.36,False,0.0560444874678934,0.9174740283164164,0.0927254848978922,0.057076923076923,0.1706471611102103,0.9814814814814816,0.915,0.6252978661644288,0.6532142857142857,0.7650000000000001,0,,ok,,2026-07-20T18:32:40.759676+00:00,False,800
credit-g,gaussian_copula,fixed,0.75,0,12,500,0.9588,9.36,False,0.0775559136643325,0.9782557763088094,0.1137251003737902,0.0509230769230769,0.1769544953364094,1.0,0.905,0.6718431811993852,0.6588095238095237,0.7650000000000001,0,,ok,,2026-07-20T18:32:40.759676+00:00,False,800
credit-g,gaussian_copula,fixed,1.0,0,0,500,1.4878,9.23,True,0.0510433106565866,0.9533308449996916,0.0891272226006016,0.0496923076923076,0.1424243333918846,1.0,0.91,0.6060459799599919,0.5925,0.7650000000000001,0,,ok,,2026-07-20T18:32:40.759676+00:00,False,800
credit-g,gaussian_copula,fixed,1.0,0,1,500,0.9552,9.29,False,0.0630779200433708,0.908612305907506,0.0896189207239251,0.0516153846153846,0.2035353207062945,1.0,0.95,0.5345220977878585,0.6191666666666666,0.7650000000000001,0,,ok,,2026-07-20T18:32:40.759676+00:00,False,800
credit-g,gaussian_copula,fixed,0.75,0,5,500,1.3611,9.36,False,0.0495724658811489,0.938670647047742,0.0850877064893737,0.0539230769230769,0.1972638336145002,1.0,0.89,0.6884831833595477,0.6755952380952381,0.7650000000000001,0,,ok,,2026-07-20T18:32:40.759676+00:00,False,800
credit-g,gaussian_copula,fresh,0.01,0,1,500,0.8766,9.29,False,0.0880882160824799,0.8387738779028329,0.1073119267949884,0.0519230769230769,0.1823429286739071,1.0,0.885,0.6052415444262181,0.6657142857142858,0.7650000000000001,0,,ok,,2026-07-20T18:32:40.759676+00:00,False,800
credit-g,gaussian_copula,fresh,0.01,0,2,500,1.0684,9.36,False,0.0655318974929882,0.9358827401162702,0.1072851949338296,0.0634615384615384,0.1963027517658379,1.0,0.895,0.6843012436685861,0.6355952380952382,0.7650000000000001,0,,ok,,2026-07-20T18:32:40.759676+00:00,False,800
credit-g,gaussian_copula,fresh,0.01,0,3,500,1.2994,9.36,False,0.0682905501876274,0.9401415128152072,0.0852520680961278,0.0627692307692307,0.1943458320127681,0.9814814814814816,0.905,0.7427943952782446,0.5615476190476191,0.7650000000000001,0,,ok,,2026-07-20T18:32:40.759676+00:00,False,800
credit-g,gaussian_copula,fresh,0.05,0,3,500,0.8133,9.36,False,0.0805847349778377,0.823228049183965,0.1314885373274328,0.0591538461538461,0.2096661416441901,0.9814814814814816,0.875,0.6402260520104138,0.6452380952380953,0.7650000000000001,0,,ok,,2026-07-20T18:32:40.759676+00:00,False,800
credit-g,gaussian_copula,fresh,0.05,0,4,500,1.0436,9.36,False,0.0816118881137977,0.807127744413351,0.1321534989390627,0.0646153846153846,0.2128445428615394,0.9814814814814816,0.855,0.6505239519273825,0.5833333333333334,0.7650000000000001,0,,ok,,2026-07-20T18:32:40.759676+00:00,False,800
credit-g,gaussian_copula,fresh,0.05,0,5,500,1.3251,9.36,False,0.0709870810096216,0.8274384966683355,0.1217608299421786,0.0591538461538461,0.2962221298590436,0.9814814814814816,0.845,0.6907018503142361,0.5563095238095238,0.7650000000000001,0,,ok,,2026-07-20T18:32:40.759676+00:00,False,800
credit-g,gaussian_copula,fresh,0.05,0,6,500,1.1246,9.36,False,0.053594522931074,0.8676551358746879,0.1084036179047295,0.0578461538461538,0.239964594459199,0.9814814814814816,0.9,0.6944798846113169,0.5922619047619048,0.7650000000000001,0,,ok,,2026-07-20T18:32:40.759676+00:00,False,800
credit-g,gaussian_copula,fresh,0.05,0,7,500,0.9453,9.36,False,0.0816541775968452,0.8062570737849811,0.1282793673360089,0.065,0.283511360468079,0.9814814814814816,0.88,0.7276946340212102,0.6797619047619047,0.7650000000000001,0,,ok,,2026-07-20T18:32:40.759676+00:00,False,800
credit-g,gaussian_copula,fresh,0.05,0,8,500,2.2475,9.36,False,0.0729692389801201,0.8539929783049384,0.1165558406348698,0.0665384615384615,0.288314402468149,0.9814814814814816,0.89,0.6929711460787424,0.5441666666666667,0.7650000000000001,0,,ok,,2026-07-20T18:32:40.759676+00:00,False,800
credit-g,gaussian_copula,fresh,0.05,0,9,500,1.9688,9.36,False,0.0833490094989117,0.8250822751039882,0.1390224394947533,0.0739230769230769,0.2668411861030384,1.0,0.83,0.773767976040197,0.6438095238095238,0.7650000000000001,0,,ok,,2026-07-20T18:32:40.759676+00:00,False,800
credit-g,gaussian_copula,fresh,0.05,0,10,500,1.647,9.36,False,0.124791141734892,0.93203188341781,0.1624490526124529,0.0726923076923077,0.287099108188428,0.9814814814814816,0.885,0.7912034130568326,0.4958333333333333,0.7650000000000001,0,,ok,,2026-07-20T18:32:40.759676+00:00,False,800
credit-g,gaussian_copula,fresh,0.05,0,11,500,1.3378,9.36,False,0.0632691658031606,0.9044350066249216,0.0971060534800783,0.070076923076923,0.2843256824421324,0.9814814814814816,0.865,0.7484400701152762,0.562142857142857,0.7650000000000001,0,,ok,,2026-07-20T18:32:40.759676+00:00,False,800
credit-g,gaussian_copula,fresh,0.05,0,2,500,1.1776,9.36,False,0.0780663617833066,0.8715045849285049,0.1189297692690368,0.0604615384615384,0.1785593851495155,0.9814814814814816,0.915,0.6980812806163663,0.5783333333333334,0.7650000000000001,0,,ok,,2026-07-20T18:32:40.759676+00:00,False,800
credit-g,gaussian_copula,fresh,0.05,0,12,500,1.016,9.36,False,0.111870333643873,0.8423670044695534,0.1474224921231016,0.0739230769230769,0.2797961898153481,0.9814814814814816,0.87,0.7459221306403307,0.7019047619047619,0.7650000000000001,0,,ok,,2026-07-20T18:32:40.759676+00:00,False,800
credit-g,gaussian_copula,fresh,0.1,0,1,500,0.901,9.29,False,0.0589754758649238,0.8801613209666889,0.0975738048557057,0.0532307692307692,0.1923095722766359,1.0,0.9,0.6189968295114208,0.6869047619047619,0.7650000000000001,0,,ok,,2026-07-20T18:32:40.759676+00:00,False,800
credit-g,gaussian_copula,fresh,0.1,0,2,500,0.9586,9.36,False,0.0726688669612938,0.927614665219538,0.0984553687599498,0.0674615384615384,0.2013667384208499,0.9814814814814816,0.915,0.7067916860743771,0.5666071428571429,0.7650000000000001,0,,ok,,2026-07-20T18:32:40.759676+00:00,False,800
credit-g,gaussian_copula,fresh,0.1,0,3,500,1.6464,9.36,False,0.0736682720776188,0.9564106163032065,0.1100023085663582,0.0813846153846153,0.229098222613152,1.0,0.875,0.7356523578399274,0.6055952380952381,0.7650000000000001,0,,ok,,2026-07-20T18:32:40.759676+00:00,False,800
credit-g,gaussian_copula,fresh,0.1,0,4,500,0.8716,9.36,False,0.0874207353258117,0.9091646068166856,0.1289791780685771,0.0655384615384615,0.2028577383611644,0.9814814814814816,0.855,0.6548026488993297,0.6220238095238094,0.7650000000000001,0,,ok,,2026-07-20T18:32:40.759676+00:00,False,800
credit-g,gaussian_copula,fresh,0.1,0,5,500,1.2091,9.36,False,0.0672918985041563,0.9277675197485024,0.1178788896493828,0.0685384615384615,0.2410612622919449,0.9814814814814816,0.935,0.7115406684352997,0.6344047619047619,0.7650000000000001,0,,ok,,2026-07-20T18:32:40.759676+00:00,False,800
credit-g,gaussian_copula,fresh,0.1,0,6,500,1.6071,9.36,False,0.0568321490369333,0.945113222051938,0.1035937947014049,0.067076923076923,0.1902502132164075,0.9629629629629628,0.925,0.6754760795749881,0.6188095238095238,0.7650000000000001,0,,ok,,2026-07-20T18:32:40.759676+00:00,False,800
credit-g,gaussian_copula,fresh,0.1,0,7,500,1.1834,9.36,False,0.0644978197495341,0.9871823234717674,0.1030517878361745,0.0723076923076923,0.222674150051364,0.9629629629629628,0.89,0.6708036029711235,0.6210714285714285,0.7650000000000001,0,,ok,,2026-07-20T18:32:40.759676+00:00,False,800
credit-g,gaussian_copula,fresh,0.1,0,8,500,0.7507,9.36,False,0.0504190043860703,0.93505756594213,0.0854889158905617,0.0847692307692307,0.239050578852582,0.9814814814814816,0.915,0.6744370638890577,0.67,0.7650000000000001,0,,ok,,2026-07-20T18:32:40.759676+00:00,False,800
credit-g,gaussian_copula,fresh,0.1,0,9,500,0.7878,9.36,False,0.0992139733596202,0.9003080843084452,0.1256584321929925,0.0888461538461538,0.2644248381338541,0.9814814814814816,0.86,0.7725686357898432,0.6623809523809524,0.7650000000000001,0,,ok,,2026-07-20T18:32:40.759676+00:00,False,800
credit-g,gaussian_copula,fresh,0.1,0,0,500,1.4878,9.23,True,0.0510433106565866,0.9533308449996916,0.0891272226006016,0.0496923076923076,0.1424243333918846,1.0,0.91,0.6060459799599919,0.5925,0.7650000000000001,0,,ok,,2026-07-20T18:32:40.759676+00:00,False,800
credit-g,gaussian_copula,fresh,0.05,0,1,500,1.2384,9.29,False,0.0852894349851089,0.8671418638270747,0.0978706122887838,0.0587692307692307,0.2017119427771037,1.0,0.925,0.6197877640292432,0.6064285714285714,0.7650000000000001,0,,ok,,2026-07-20T18:32:40.759676+00:00,False,800
credit-g,gaussian_copula,fresh,0.05,0,0,500,1.4878,9.23,True,0.0510433106565866,0.9533308449996916,0.0891272226006016,0.0496923076923076,0.1424243333918846,1.0,0.91,0.6060459799599919,0.5925,0.7650000000000001,0,,ok,,2026-07-20T18:32:40.759676+00:00,False,800
credit-g,gaussian_copula,fresh,0.02,0,12,500,0.9564,9.36,False,0.0685279873279532,1.0052687786975627,0.1044303090961995,0.0783076923076923,0.2597762508314278,0.9814814814814816,0.9,0.7800189464257187,0.5832142857142857,0.7650000000000001,0,,ok,,2026-07-20T18:32:40.759676+00:00,False,800
credit-g,gaussian_copula,fresh,0.01,0,4,500,0.9372,9.36,False,0.0632079452134636,0.944842952093196,0.0901423948792548,0.0767692307692307,0.2191205277055414,0.9814814814814816,0.89,0.6501144211101885,0.628095238095238,0.7650000000000001,0,,ok,,2026-07-20T18:32:40.759676+00:00,False,800
credit-g,gaussian_copula,fresh,0.01,0,5,500,1.3705,9.36,False,0.0517809893108545,0.9496778782892338,0.1043106360994412,0.0803846153846153,0.2359456369706358,0.9814814814814816,0.895,0.6903294472909086,0.5891666666666666,0.7650000000000001,0,,ok,,2026-07-20T18:32:40.759676+00:00,False,800
credit-g,gaussian_copula,fresh,0.01,0,6,500,1.2087,9.36,False,0.0657757576315003,0.9089759477835964,0.0927168229922675,0.0807692307692307,0.2401706674693807,0.9629629629629628,0.895,0.7348355463748648,0.6057142857142858,0.7650000000000001,0,,ok,,2026-07-20T18:32:40.759676+00:00,False,800
credit-g,gaussian_copula,fresh,0.01,0,7,500,1.4003,9.36,False,0.0521293551184012,0.8429321585024313,0.1028746511767687,0.1132307692307692,0.2598959939105326,0.9814814814814816,0.875,0.7965666916435462,0.6026190476190476,0.7650000000000001,0,,ok,,2026-07-20T18:32:40.759676+00:00,False,800
credit-g,gaussian_copula,fresh,0.01,0,8,500,1.6908,9.36,False,0.0733602796587479,0.8191820178285216,0.1241202300745174,0.1173846153846153,0.2262884330351666,0.9629629629629628,0.915,0.8131256877079999,0.5520238095238095,0.7650000000000001,0,,ok,,2026-07-20T18:32:40.759676+00:00,False,800
credit-g,gaussian_copula,fresh,0.01,0,9,500,1.4973,9.36,False,0.0708516210022262,0.8668628431256227,0.1153844167944431,0.1081538461538461,0.2503727650030934,0.9629629629629628,0.88,0.789780180958617,0.6051190476190476,0.7650000000000001,0,,ok,,2026-07-20T18:32:40.759676+00:00,False,800
credit-g,gaussian_copula,fresh,0.01,0,10,500,1.1105,9.36,False,0.1036924849608966,0.8502079572907478,0.1538360409819528,0.1079230769230769,0.2659517555722119,0.9629629629629628,0.86,0.7165562958612636,0.5789285714285715,0.7650000000000001,0,,ok,,2026-07-20T18:32:40.759676+00:00,False,800
credit-g,gaussian_copula,fresh,0.01,0,11,500,1.1689,9.36,False,0.0498056170930157,0.8135150365590276,0.1293592953525729,0.101,0.2338093142756332,0.9444444444444444,0.81,0.7555899831462317,0.5488095238095239,0.7650000000000001,0,,ok,,2026-07-20T18:32:40.759676+00:00,False,800
credit-g,gaussian_copula,fresh,0.01,0,12,500,1.4464,9.36,False,0.0856338332311267,0.8589401449420789,0.1476350587405426,0.1126153846153846,0.226922493059505,0.9444444444444444,0.88,0.8073427525421288,0.5679761904761904,0.7650000000000001,0,,ok,,2026-07-20T18:32:40.759676+00:00,False,800
credit-g,gaussian_copula,fresh,0.02,0,0,500,1.4878,9.23,True,0.0510433106565866,0.9533308449996916,0.0891272226006016,0.0496923076923076,0.1424243333918846,1.0,0.91,0.6060459799599919,0.5925,0.7650000000000001,0,,ok,,2026-07-20T18:32:40.759676+00:00,False,800
credit-g,gaussian_copula,fresh,0.02,0,1,500,0.8364,9.29,False,0.0543381237301659,0.9078137585541782,0.0870284102304031,0.0486153846153846,0.1605189230181911,0.9814814814814816,0.915,0.5787919290926643,0.6745238095238094,0.7650000000000001,0,,ok,,2026-07-20T18:32:40.759676+00:00,False,800
credit-g,gaussian_copula,fresh,0.02,0,2,500,0.9265,9.36,False,0.0721101511607451,0.8741620449614927,0.1048878871192762,0.0593076923076923,0.190986469480829,1.0,0.89,0.61580271415424,0.6208333333333333,0.7650000000000001,0,,ok,,2026-07-20T18:32:40.759676+00:00,False,800
credit-g,gaussian_copula,fresh,0.02,0,3,500,0.9292,9.36,False,0.1002686108621443,0.8892447730115519,0.1278242941545415,0.0604615384615384,0.1869196644210507,0.9814814814814816,0.905,0.5982480181633668,0.5935714285714285,0.7650000000000001,0,,ok,,2026-07-20T18:32:40.759676+00:00,False,800
credit-g,gaussian_copula,fresh,0.02,0,4,500,0.932,9.36,False,0.0790705566062577,0.904736053875528,0.1048639999597347,0.0763076923076923,0.2034469081019808,0.9814814814814816,0.92,0.6535622430587901,0.5423809523809524,0.7650000000000001,0,,ok,,2026-07-20T18:32:40.759676+00:00,False,800
credit-g,gaussian_copula,fresh,0.02,0,5,500,1.0657,9.36,False,0.0845514653616292,0.9449375961169808,0.1102089683379973,0.0649230769230769,0.2634830371829258,0.9814814814814816,0.9,0.7665381819981953,0.6026190476190476,0.7650000000000001,0,,ok,,2026-07-20T18:32:40.759676+00:00,False,800
credit-g,gaussian_copula,fresh,0.02,0,6,500,1.0285,9.36,False,0.079310130341768,0.9984392334534818,0.1156599027926897,0.0713846153846154,0.202650326159496,0.9814814814814816,0.925,0.634692323097313,0.5923809523809523,0.7650000000000001,0,,ok,,2026-07-20T18:32:40.759676+00:00,False,800
credit-g,gaussian_copula,fresh,0.02,0,7,500,1.1656,9.36,False,0.0901688749639309,0.9371493335693274,0.1127857509623783,0.0783846153846154,0.2428870503633232,0.9814814814814816,0.885,0.6999916743734965,0.6038095238095238,0.7650000000000001,0,,ok,,2026-07-20T18:32:40.759676+00:00,False,800
credit-g,gaussian_copula,fresh,0.02,0,8,500,0.9033,9.36,False,0.0839194965655384,0.9317819293722353,0.0947225491196864,0.0804615384615384,0.2297774279610979,0.9814814814814816,0.91,0.727783515709557,0.6559523809523811,0.7650000000000001,0,,ok,,2026-07-20T18:32:40.759676+00:00,False,800
credit-g,gaussian_copula,fresh,0.02,0,9,500,1.3487,9.36,False,0.0852106339127817,0.9096008579332004,0.1094050344122731,0.0824615384615384,0.240735946883479,0.9814814814814816,0.92,0.736039386963869,0.6441666666666666,0.7650000000000001,0,,ok,,2026-07-20T18:32:40.759676+00:00,False,800
credit-g,gaussian_copula,fresh,0.02,0,10,500,1.2687,9.36,False,0.0685987429897364,0.979326448534632,0.1076565380991231,0.0742307692307692,0.23432516333275,0.9629629629629628,0.915,0.7303925870421749,0.5495238095238095,0.7650000000000001,0,,ok,,2026-07-20T18:32:40.759676+00:00,False,800
credit-g,gaussian_copula,fresh,0.02,0,11,500,0.9893,9.36,False,0.0633779824291334,0.9921331108795396,0.0954187207129158,0.0627692307692307,0.28372618002985,0.9814814814814816,0.91,0.7397994199063479,0.5951190476190477,0.7650000000000001,0,,ok,,2026-07-20T18:32:40.759676+00:00,False,800
credit-g,gaussian_copula,fixed,0.5,0,7,500,1.3203,9.36,False,0.0700380782427423,0.9620793313461676,0.1020460625329297,0.0595384615384615,0.178576353198727,1.0,0.915,0.7223954852602659,0.6060714285714285,0.7650000000000001,0,,ok,,2026-07-20T18:32:40.759676+00:00,False,800
credit-g,gaussian_copula,fixed,0.5,0,6,500,2.0302,9.36,False,0.0830290232719146,0.98967088542761,0.1054277183492188,0.053,0.1678115728396273,1.0,0.91,0.595247417368157,0.6292857142857142,0.7650000000000001,0,,ok,,2026-07-20T18:32:40.759676+00:00,False,800
credit-g,gaussian_copula,fixed,0.5,0,5,500,1.7052,9.36,False,0.0793078882905519,0.9502984605298268,0.1130009927046377,0.0506923076923077,0.179988920704952,1.0,0.925,0.6462941961382594,0.5861904761904762,0.7650000000000001,0,,ok,,2026-07-20T18:32:40.759676+00:00,False,800
credit-g,gaussian_copula,fixed,0.5,0,4,500,2.1532,9.36,False,0.0849354448411379,1.0025523365674451,0.1108909119825484,0.058,0.2235529292476831,1.0,0.895,0.6390120856594458,0.6167857142857143,0.7650000000000001,0,,ok,,2026-07-20T18:32:40.759676+00:00,False,800
credit-g,gaussian_copula,fixed,0.02,0,0,500,1.4878,9.23,True,0.0510433106565866,0.9533308449996916,0.0891272226006016,0.0496923076923076,0.1424243333918846,1.0,0.91,0.6060459799599919,0.5925,0.7650000000000001,0,,ok,,2026-07-20T18:32:40.759676+00:00,False,800
credit-g,gaussian_copula,fixed,0.02,0,1,500,0.9117,9.29,False,0.0772114139549983,0.9270523318023444,0.1017832329437757,0.0563846153846153,0.1868895893101697,1.0,0.895,0.6155394443431869,0.6920238095238095,0.7650000000000001,0,,ok,,2026-07-20T18:32:40.759676+00:00,False,800
credit-g,gaussian_copula,fixed,0.02,0,2,500,0.7628,9.36,False,0.0724840523912383,1.0808615182327834,0.1214397874539206,0.0564615384615384,0.1705543867873085,0.9814814814814816,0.89,0.6015557670714721,0.5634523809523809,0.7650000000000001,0,,ok,,2026-07-20T18:32:40.759676+00:00,False,800
credit-g,gaussian_copula,fixed,0.02,0,3,500,1.1391,9.36,False,0.0783526850570253,1.0638997579197331,0.1179175644485592,0.0583076923076923,0.2255013424604228,0.9814814814814816,0.88,0.6810041830647756,0.5636904761904762,0.7650000000000001,0,,ok,,2026-07-20T18:32:40.759676+00:00,False,800
credit-g,gaussian_copula,fixed,0.02,0,4,500,0.9138,9.36,False,0.1329902763458772,1.0916781788984813,0.1698047017696808,0.0713076923076923,0.1972310632579239,0.9814814814814816,0.915,0.7203545816822716,0.495297619047619,0.7650000000000001,0,,ok,,2026-07-20T18:32:40.759676+00:00,False,800
credit-g,gaussian_copula,fixed,0.02,0,5,500,1.2888,9.36,False,0.1441359421105259,1.1105766233537708,0.1864685341363587,0.0606153846153846,0.2192138286785579,0.9814814814814816,0.935,0.6943662510603924,0.5888095238095239,0.7650000000000001,0,,ok,,2026-07-20T18:32:40.759676+00:00,False,800
credit-g,gaussian_copula,fixed,0.02,0,6,500,1.0384,9.36,False,0.0637845887765675,1.13884443527465,0.1524472705416857,0.0772307692307692,0.2684964653537939,0.9444444444444444,0.83,0.7397926693983722,0.5667857142857142,0.7650000000000001,0,,ok,,2026-07-20T18:32:40.759676+00:00,False,800
credit-g,gaussian_copula,fixed,0.02,0,7,500,1.169,9.36,False,0.1065352395270689,1.1475538599833957,0.1660587332850465,0.0812307692307692,0.2434769384145645,0.9444444444444444,0.88,0.7800639498122234,0.64,0.7650000000000001,0,,ok,,2026-07-20T18:32:40.759676+00:00,False,800
credit-g,gaussian_copula,fixed,0.02,0,8,500,1.9581,9.36,False,0.0926458060748881,1.2018995795894354,0.1575666195608953,0.085076923076923,0.2817020319416684,0.9629629629629628,0.92,0.7901143311034157,0.514047619047619,0.7650000000000001,0,,ok,,2026-07-20T18:32:40.759676+00:00,False,800
credit-g,gaussian_copula,fixed,0.01,0,12,500,0.9697,9.36,False,0.1421351430988908,0.9959954895443924,0.2422323201442749,0.0766923076923077,0.2863004837872825,0.9629629629629628,0.785,0.8456473849657188,0.5229761904761905,0.7650000000000001,0,,ok,,2026-07-20T18:32:40.759676+00:00,False,800
credit-g,gaussian_copula,fixed,0.02,0,9,500,1.3149,9.36,False,0.1468626484835958,1.138420767928765,0.1912198079861604,0.0776153846153846,0.2665784408345782,0.9629629629629628,0.845,0.7983825782890163,0.5064285714285713,0.7650000000000001,0,,ok,,2026-07-20T18:32:40.759676+00:00,False,800
credit-g,gaussian_copula,fixed,0.02,0,11,500,1.58,9.36,False,0.0923287562420632,1.0835478019532945,0.142398064544058,0.0898461538461538,0.3243827896871652,0.9629629629629628,0.845,0.7670894734828796,0.5167261904761905,0.7650000000000001,0,,ok,,2026-07-20T18:32:40.759676+00:00,False,800
credit-g,gaussian_copula,fixed,0.02,0,12,500,1.4446,9.36,False,0.1464867650235821,1.0447838350125689,0.1745300115015363,0.1059230769230769,0.3534353783262568,0.925925925925926,0.835,0.8445819297902166,0.6073809523809522,0.7650000000000001,0,,ok,,2026-07-20T18:32:40.759676+00:00,False,800
credit-g,gaussian_copula,fixed,0.05,0,0,500,1.4878,9.23,True,0.0510433106565866,0.9533308449996916,0.0891272226006016,0.0496923076923076,0.1424243333918846,1.0,0.91,0.6060459799599919,0.5925,0.7650000000000001,0,,ok,,2026-07-20T18:32:40.759676+00:00,False,800
credit-g,gaussian_copula,fixed,0.05,0,1,500,1.0987,9.29,False,0.0797063804439882,0.9238735110810068,0.1059854413095617,0.049,0.1294874859405544,1.0,0.92,0.6125619077835607,0.6275,0.7650000000000001,0,,ok,,2026-07-20T18:32:40.759676+00:00,False,800
credit-g,gaussian_copula,fixed,0.05,0,2,500,1.2853,9.36,False,0.1052791314636615,0.9023714842295342,0.1365118048706693,0.0551538461538461,0.1891986824695958,0.9814814814814816,0.92,0.6212672503605896,0.6263095238095239,0.7650000000000001,0,,ok,,2026-07-20T18:32:40.759676+00:00,False,800
credit-g,gaussian_copula,fixed,0.05,0,3,500,1.3766,9.36,False,0.0980779702640234,0.8959630489894537,0.1236539447527681,0.0622307692307692,0.2052488707315549,0.9814814814814816,0.87,0.6988148358163953,0.5780952380952381,0.7650000000000001,0,,ok,,2026-07-20T18:32:40.759676+00:00,False,800
credit-g,gaussian_copula,fixed,0.05,0,4,500,0.8169,9.36,False,0.1105705766628359,0.8790830648850619,0.1499135530097138,0.0624615384615384,0.224959953679233,0.9629629629629628,0.905,0.6542029787741527,0.5911904761904762,0.7650000000000001,0,,ok,,2026-07-20T18:32:40.759676+00:00,False,800
credit-g,gaussian_copula,fixed,0.05,0,5,500,1.6147,9.36,False,0.1327711263611687,0.8604180963367859,0.1705284317825361,0.0643846153846153,0.2919153015934654,0.9629629629629628,0.875,0.7289614793513213,0.5876190476190476,0.7650000000000001,0,,ok,,2026-07-20T18:32:40.759676+00:00,False,800
credit-g,gaussian_copula,fixed,0.05,0,6,500,1.2724,9.36,False,0.1645793606623727,0.8056773924555428,0.1933594075080882,0.0593076923076923,0.2463096479536892,0.9629629629629628,0.845,0.7123833568476027,0.6366666666666667,0.7650000000000001,0,,ok,,2026-07-20T18:32:40.759676+00:00,False,800
credit-g,gaussian_copula,fixed,0.02,0,10,500,1.5414,9.36,False,0.1358098857629866,1.1178788774790502,0.175748288580873,0.088,0.2715742221975873,0.9629629629629628,0.89,0.8062930485519035,0.5267857142857143,0.7650000000000001,0,,ok,,2026-07-20T18:32:40.759676+00:00,False,800
credit-g,gaussian_copula,fixed,0.01,0,11,500,1.3015,9.36,False,0.1714090404019557,0.942623788380626,0.2444448444386816,0.0803846153846154,0.2587206433216424,0.9629629629629628,0.83,0.8652058567407197,0.5096428571428572,0.7650000000000001,0,,ok,,2026-07-20T18:32:40.759676+00:00,False,800
credit-g,gaussian_copula,fixed,0.01,0,10,500,1.2842,9.36,False,0.1772857873426644,0.943566934785476,0.2382850236369907,0.0833846153846153,0.2768795591716839,0.9629629629629628,0.845,0.8441858999889743,0.5111904761904763,0.7650000000000001,0,,ok,,2026-07-20T18:32:40.759676+00:00,False,800
credit-g,gaussian_copula,fixed,0.01,0,9,500,1.6438,9.36,False,0.1566358689263121,0.967906449912575,0.2009366114989943,0.0983076923076923,0.2617337024196863,0.9629629629629628,0.87,0.8847350763144927,0.5111904761904762,0.7650000000000001,0,,ok,,2026-07-20T18:32:40.759676+00:00,False,800
credit-g,gaussian_copula,fixed,0.0,0,1,500,0.9688,9.29,False,0.0918715526464322,0.8965827952840865,0.118749761888161,0.0676923076923076,0.2204133080764684,1.0,0.895,0.6536539374587936,0.6190476190476191,0.7650000000000001,0,,ok,,2026-07-20T18:32:40.759676+00:00,False,800
credit-g,gaussian_copula,fixed,0.0,0,2,500,0.9827,9.36,False,0.075781713189095,0.998649895428089,0.0976289262336398,0.0723846153846154,0.2282203280907074,1.0,0.87,0.666625601076481,0.5458333333333334,0.7650000000000001,0,,ok,,2026-07-20T18:32:40.759676+00:00,False,800
credit-g,gaussian_copula,fixed,0.0,0,3,500,0.9129,9.36,False,0.0743089243637615,0.9236848423221176,0.1026437890370387,0.0544615384615384,0.201852367063318,1.0,0.92,0.6992401178188659,0.6059523809523809,0.7650000000000001,0,,ok,,2026-07-20T18:32:40.759676+00:00,False,800
credit-g,gaussian_copula,fixed,0.0,0,4,500,0.7627,9.36,False,0.0358974778412993,0.9643757221071166,0.0701355525178399,0.0767692307692307,0.2586074764485568,0.9814814814814816,0.89,0.6773729723161668,0.5280952380952381,0.7650000000000001,0,,ok,,2026-07-20T18:32:40.759676+00:00,False,800
credit-g,gaussian_copula,fixed,0.0,0,5,500,1.1996,9.36,False,0.0749747165562243,0.9720394592456288,0.0986381857039493,0.078,0.2718744614305458,0.9814814814814816,0.905,0.7537482195535214,0.5470238095238096,0.7650000000000001,0,,ok,,2026-07-20T18:32:40.759676+00:00,False,800
credit-g,gaussian_copula,fixed,0.0,0,6,500,1.3011,9.36,False,0.0443456192620665,0.9417917206971028,0.0914561337047966,0.0762307692307692,0.2584502364295482,0.9814814814814816,0.94,0.7452459547580955,0.5964285714285713,0.7650000000000001,0,,ok,,2026-07-20T18:32:40.759676+00:00,False,800
credit-g,gaussian_copula,fixed,0.0,0,7,500,1.2524,9.36,False,0.0423386515555907,0.9456722343670692,0.0990621668980927,0.089,0.2530880022596545,0.9814814814814816,0.945,0.7996314222645253,0.559047619047619,0.7650000000000001,0,,ok,,2026-07-20T18:32:40.759676+00:00,False,800
credit-g,gaussian_copula,fixed,0.0,0,8,500,1.2443,9.36,False,0.1053906188573761,0.963945226137642,0.1357419778842474,0.0751538461538461,0.2680815761781546,0.9814814814814816,0.925,0.8035399663824703,0.5720238095238095,0.7650000000000001,0,,ok,,2026-07-20T18:32:40.759676+00:00,False,800
credit-g,gaussian_copula,fixed,0.0,0,9,500,0.9298,9.36,False,0.110464501772306,0.9213189656667774,0.1510372798621972,0.074076923076923,0.3288215701894312,0.9814814814814816,0.905,0.7819248398441982,0.5746428571428572,0.7650000000000001,0,,ok,,2026-07-20T18:32:40.759676+00:00,False,800
credit-g,gaussian_copula,fixed,0.0,0,10,500,1.1928,9.36,False,0.1032055825332469,0.891062102100002,0.1406005340306138,0.0799230769230769,0.313596051005921,0.9814814814814816,0.865,0.8464360693142159,0.598452380952381,0.7650000000000001,0,,ok,,2026-07-20T18:32:40.759676+00:00,False,800
credit-g,gaussian_copula,fixed,0.0,0,11,500,1.2107,9.36,False,0.109312764430283,0.972169773961882,0.143059158759297,0.0815384615384615,0.3383081922448985,0.9814814814814816,0.87,0.836254053117497,0.6405952380952381,0.7650000000000001,0,,ok,,2026-07-20T18:32:40.759676+00:00,False,800
credit-g,gaussian_copula,fixed,0.0,0,12,500,1.4434,9.36,False,0.1097778281184436,1.003807679455619,0.14365448165129,0.0836923076923076,0.3438782554446083,0.9629629629629628,0.91,0.8221848694114232,0.5098809523809524,0.7650000000000001,0,,ok,,2026-07-20T18:32:40.759676+00:00,False,800
credit-g,gaussian_copula,fixed,0.01,0,0,500,1.4878,9.23,True,0.0510433106565866,0.9533308449996916,0.0891272226006016,0.0496923076923076,0.1424243333918846,1.0,0.91,0.6060459799599919,0.5925,0.7650000000000001,0,,ok,,2026-07-20T18:32:40.759676+00:00,False,800
credit-g,gaussian_copula,fixed,0.01,0,1,500,1.2077,9.29,False,0.0579174249843087,0.945759921272672,0.0980386379067857,0.0533846153846153,0.1887583533844312,1.0,0.895,0.6666149127721861,0.6079761904761904,0.7650000000000001,0,,ok,,2026-07-20T18:32:40.759676+00:00,False,800
credit-g,gaussian_copula,fixed,0.01,0,2,500,1.0126,9.36,False,0.1032109068383127,0.9110349749582964,0.1186591024029716,0.067,0.260701803598566,0.9814814814814816,0.905,0.6938914653327662,0.603452380952381,0.7650000000000001,0,,ok,,2026-07-20T18:32:40.759676+00:00,False,800
credit-g,gaussian_copula,fixed,0.01,0,3,500,1.0955,9.36,False,0.1025157363466199,0.90530261824816,0.129559304503268,0.052076923076923,0.1871838206790369,0.9814814814814816,0.895,0.6607880993044727,0.591547619047619,0.7650000000000001,0,,ok,,2026-07-20T18:32:40.759676+00:00,False,800
credit-g,gaussian_copula,fixed,0.01,0,4,500,0.9501,9.36,False,0.1189320590030384,0.9920304007784482,0.1550814254326247,0.066076923076923,0.2324985735986874,0.9814814814814816,0.83,0.7322298502962347,0.5761904761904761,0.7650000000000001,0,,ok,,2026-07-20T18:32:40.759676+00:00,False,800
credit-g,gaussian_copula,fixed,0.01,0,5,500,1.0441,9.36,False,0.1444486778548132,0.993104623834908,0.1727219053214806,0.0674615384615384,0.2593626760544256,0.9814814814814816,0.905,0.769337392638796,0.5461904761904762,0.7650000000000001,0,,ok,,2026-07-20T18:32:40.759676+00:00,False,800
credit-g,gaussian_copula,fixed,0.01,0,6,500,1.4043,9.36,False,0.1946405454670946,0.9748320459554548,0.2169284911823778,0.0702307692307692,0.1914668464723966,0.9629629629629628,0.9,0.7675091300620371,0.5094047619047619,0.7650000000000001,0,,ok,,2026-07-20T18:32:40.759676+00:00,False,800
credit-g,gaussian_copula,fixed,0.01,0,7,500,1.424,9.36,False,0.1372854545308577,0.9764938142897392,0.2029726623931882,0.0815384615384615,0.2346028953112199,0.9629629629629628,0.85,0.7981058074620115,0.5361904761904762,0.7650000000000001,0,,ok,,2026-07-20T18:32:40.759676+00:00,False,800
credit-g,gaussian_copula,fixed,0.01,0,8,500,1.2274,9.36,False,0.1302126635685708,1.0324028937503862,0.1907694765233597,0.0963846153846153,0.2800562537265731,0.9444444444444444,0.87,0.8071852406893618,0.4759523809523809,0.7650000000000001,0,,ok,,2026-07-20T18:32:40.759676+00:00,False,800
credit-g,gaussian_copula,fixed,0.05,0,7,500,0.9729,9.36,False,0.1956692231857113,0.7893511895950015,0.2357197164973383,0.065076923076923,0.2632786046727111,0.9629629629629628,0.875,0.750998512638076,0.5855952380952381,0.7650000000000001,0,,ok,,2026-07-20T18:32:40.759676+00:00,False,800
credit-g,gaussian_copula,fresh,0.1,0,10,500,1.1344,9.36,False,0.068705737391052,0.9793750817506146,0.096928308054782,0.0765384615384615,0.274037801118235,0.9814814814814816,0.915,0.7474848732367111,0.5798809523809525,0.7650000000000001,0,,ok,,2026-07-20T18:32:40.759676+00:00,False,800
credit-g,gaussian_copula,fixed,0.05,0,8,500,1.4154,9.36,False,0.1618653868264464,0.8010787756815472,0.2010642367174325,0.0704615384615384,0.2897677402688858,0.9629629629629628,0.86,0.7442255029690985,0.725,0.7650000000000001,0,,ok,,2026-07-20T18:32:40.759676+00:00,False,800
credit-g,gaussian_copula,fixed,0.05,0,10,500,1.3801,9.36,False,0.1983377873345688,0.7604008417976594,0.2367239685586502,0.0823846153846153,0.2973826523128798,0.9629629629629628,0.835,0.7959557706717431,0.5221428571428571,0.7650000000000001,0,,ok,,2026-07-20T18:32:40.759676+00:00,False,800
credit-g,gaussian_copula,fixed,0.2,0,10,500,1.0808,9.36,False,0.092194389619711,0.8264512334828577,0.1244909735927381,0.078,0.2169246434393518,0.9814814814814816,0.85,0.7238389688824083,0.6678571428571429,0.7650000000000001,0,,ok,,2026-07-20T18:32:40.759676+00:00,False,800
credit-g,gaussian_copula,fixed,0.2,0,11,500,1.2574,9.36,False,0.1135385522882188,0.8156032042280339,0.1558350055517969,0.0712307692307692,0.2515633521171185,0.9814814814814816,0.9,0.7281120404310425,0.6221428571428571,0.7650000000000001,0,,ok,,2026-07-20T18:32:40.759676+00:00,False,800
credit-g,gaussian_copula,fixed,0.2,0,12,500,1.2321,9.36,False,0.0966413493880907,0.8643991097326593,0.1355930844670003,0.0671538461538461,0.219066658912309,0.9814814814814816,0.9,0.7274077374322419,0.6419047619047619,0.7650000000000001,0,,ok,,2026-07-20T18:32:40.759676+00:00,False,800
credit-g,gaussian_copula,fixed,0.35,0,0,500,1.4878,9.23,True,0.0510433106565866,0.9533308449996916,0.0891272226006016,0.0496923076923076,0.1424243333918846,1.0,0.91,0.6060459799599919,0.5925,0.7650000000000001,0,,ok,,2026-07-20T18:32:40.759676+00:00,False,800
credit-g,gaussian_copula,fixed,0.35,0,1,500,1.4095,9.29,False,0.0582830141940921,1.0116466846169587,0.0971684615224711,0.0564615384615384,0.1834633566928423,1.0,0.905,0.6174385872536908,0.6276190476190475,0.7650000000000001,0,,ok,,2026-07-20T18:32:40.759676+00:00,False,800
credit-g,gaussian_copula,fixed,0.35,0,2,500,0.9185,9.36,False,0.0903468469243959,0.9269878551394132,0.1174394029027153,0.0468461538461538,0.1674608450960749,1.0,0.91,0.5732705761108524,0.5615476190476191,0.7650000000000001,0,,ok,,2026-07-20T18:32:40.759676+00:00,False,800
credit-g,gaussian_copula,fixed,0.35,0,3,500,1.3713,9.36,False,0.0863530708872466,0.9243005565002944,0.10203359923191,0.0494615384615384,0.210507997601382,1.0,0.9,0.698111657902257,0.6757142857142858,0.7650000000000001,0,,ok,,2026-07-20T18:32:40.759676+00:00,False,800
credit-g,gaussian_copula,fixed,0.35,0,4,500,0.8357,9.36,False,0.0692721318700231,1.0415254663319442,0.1012693303265228,0.0542307692307692,0.2086907556389723,1.0,0.965,0.6475616040107018,0.6571428571428571,0.7650000000000001,0,,ok,,2026-07-20T18:32:40.759676+00:00,False,800
credit-g,gaussian_copula,fixed,0.35,0,5,500,0.7794,9.36,False,0.0652474456870299,0.995057478282219,0.1029274979685282,0.0396923076923076,0.1783383370089316,1.0,0.91,0.5921601850539253,0.6845238095238095,0.7650000000000001,0,,ok,,2026-07-20T18:32:40.759676+00:00,False,800
credit-g,gaussian_copula,fixed,0.2,0,9,500,1.1267,9.36,False,0.0980049090145331,0.8814917375878479,0.1199418837497122,0.0686153846153846,0.2163299298241272,0.9814814814814816,0.89,0.6405309499539841,0.5527380952380953,0.7650000000000001,0,,ok,,2026-07-20T18:32:40.759676+00:00,False,800
credit-g,gaussian_copula,fixed,0.35,0,6,500,0.7959,9.36,False,0.0783597300434021,1.0483283744307634,0.1078438416020127,0.0492307692307692,0.1903139715462114,0.9814814814814816,0.925,0.7348119195969497,0.5935714285714286,0.7650000000000001,0,,ok,,2026-07-20T18:32:40.759676+00:00,False,800
credit-g,gaussian_copula,fixed,0.35,0,8,500,1.4145,9.36,False,0.0881242112264195,1.0114688056213514,0.1042253926969173,0.0461538461538461,0.2055778802194096,0.9814814814814816,0.935,0.7308662476851383,0.6529761904761906,0.7650000000000001,0,,ok,,2026-07-20T18:32:40.759676+00:00,False,800
credit-g,gaussian_copula,fixed,0.35,0,9,500,1.3058,9.36,False,0.0563351220299045,1.045449316292386,0.092642509928972,0.0623076923076923,0.1977940986716185,0.9814814814814816,0.925,0.602923870021219,0.6651190476190476,0.7650000000000001,0,,ok,,2026-07-20T18:32:40.759676+00:00,False,800
credit-g,gaussian_copula,fixed,0.35,0,10,500,1.2548,9.36,False,0.0938584929840937,1.0150832034898027,0.1066420384698857,0.0597692307692307,0.1661066230636572,1.0,0.91,0.6484436703861965,0.6572619047619046,0.7650000000000001,0,,ok,,2026-07-20T18:32:40.759676+00:00,False,800
credit-g,gaussian_copula,fixed,0.35,0,11,500,1.1461,9.36,False,0.0755150072281527,1.041328757035878,0.1060564909307431,0.0541538461538461,0.1651245703490433,1.0,0.925,0.69813865993416,0.5636904761904762,0.7650000000000001,0,,ok,,2026-07-20T18:32:40.759676+00:00,False,800
credit-g,gaussian_copula,fixed,0.35,0,12,500,1.5228,9.36,False,0.0870433585504871,0.939579436928111,0.1221773751452034,0.0545384615384615,0.1925311299175375,1.0,0.89,0.6852468773275189,0.553452380952381,0.7650000000000001,0,,ok,,2026-07-20T18:32:40.759676+00:00,False,800
credit-g,gaussian_copula,fixed,0.5,0,0,500,1.4878,9.23,True,0.0510433106565866,0.9533308449996916,0.0891272226006016,0.0496923076923076,0.1424243333918846,1.0,0.91,0.6060459799599919,0.5925,0.7650000000000001,0,,ok,,2026-07-20T18:32:40.759676+00:00,False,800
credit-g,gaussian_copula,fixed,0.5,0,1,500,1.1679,9.29,False,0.0651385659168919,0.9960890203958748,0.0924044646402319,0.0517692307692307,0.1980576806839743,1.0,0.925,0.582424827468267,0.646904761904762,0.7650000000000001,0,,ok,,2026-07-20T18:32:40.759676+00:00,False,800
credit-g,gaussian_copula,fixed,0.5,0,2,500,1.6794,9.36,False,0.0767426176475841,0.962874772780854,0.0995871401154298,0.059076923076923,0.1675382044448881,1.0,0.9,0.6092142183699324,0.6423809523809525,0.7650000000000001,0,,ok,,2026-07-20T18:32:40.759676+00:00,False,800
credit-g,gaussian_copula,fixed,0.5,0,3,500,1.9637,9.36,False,0.1003648345083665,1.0429851941258546,0.125972970116788,0.051,0.1784367826156223,1.0,0.94,0.7031919776963216,0.6413095238095238,0.7650000000000001,0,,ok,,2026-07-20T18:32:40.759676+00:00,False,800
credit-g,gaussian_copula,fixed,0.35,0,7,500,1.1929,9.36,False,0.0782983627174741,1.0971832250223323,0.093008225567418,0.0529230769230769,0.1950654884980699,1.0,0.92,0.6984840609255847,0.7321428571428571,0.7650000000000001,0,,ok,,2026-07-20T18:32:40.759676+00:00,False,800
credit-g,gaussian_copula,fixed,0.2,0,8,500,1.0246,9.36,False,0.074795511830592,0.8817968561072143,0.1159715540853823,0.0747692307692307,0.1871154676879685,0.9814814814814816,0.865,0.6999871740348461,0.618452380952381,0.7650000000000001,0,,ok,,2026-07-20T18:32:40.759676+00:00,False,800
credit-g,gaussian_copula,fixed,0.2,0,7,500,1.032,9.36,False,0.096833873845958,0.8489180052939991,0.1377073014957865,0.0683076923076923,0.2178840275872965,0.9814814814814816,0.86,0.6400719154116348,0.6405952380952381,0.7650000000000001,0,,ok,,2026-07-20T18:32:40.759676+00:00,False,800
credit-g,gaussian_copula,fixed,0.2,0,6,500,0.7464,9.36,False,0.0821111704075331,0.8488424429087252,0.118237331835052,0.0569999999999999,0.1948261341398111,0.9814814814814816,0.91,0.6777802529640354,0.5933333333333334,0.7650000000000001,0,,ok,,2026-07-20T18:32:40.759676+00:00,False,800
credit-g,gaussian_copula,fixed,0.05,0,11,500,1.079,9.36,False,0.2022560780933018,0.7262855944682093,0.2501334652143434,0.0723076923076923,0.3579397182729472,0.9629629629629628,0.855,0.7605864841329311,0.6626190476190477,0.7650000000000001,0,,ok,,2026-07-20T18:32:40.759676+00:00,False,800
credit-g,gaussian_copula,fixed,0.05,0,12,500,1.2161,9.36,False,0.1759496474694817,0.7433511393558679,0.2320107186312394,0.0857692307692307,0.3374047933172102,0.9629629629629628,0.855,0.7459547580955466,0.5307142857142857,0.7650000000000001,0,,ok,,2026-07-20T18:32:40.759676+00:00,False,800
credit-g,gaussian_copula,fixed,0.1,0,0,500,1.4878,9.23,True,0.0510433106565866,0.9533308449996916,0.0891272226006016,0.0496923076923076,0.1424243333918846,1.0,0.91,0.6060459799599919,0.5925,0.7650000000000001,0,,ok,,2026-07-20T18:32:40.759676+00:00,False,800
credit-g,gaussian_copula,fixed,0.1,0,1,500,0.9889,9.29,False,0.0844931105749554,0.928706139884425,0.1188078213236502,0.0635384615384615,0.2078096854599231,1.0,0.905,0.6733800468485253,0.6958333333333333,0.7650000000000001,0,,ok,,2026-07-20T18:32:40.759676+00:00,False,800
credit-g,gaussian_copula,fixed,0.1,0,2,500,0.7513,9.36,False,0.0632116524805513,0.9405949807210868,0.0982917878262505,0.066076923076923,0.2185806251878509,1.0,0.915,0.6284036623755939,0.5988095238095238,0.7650000000000001,0,,ok,,2026-07-20T18:32:40.759676+00:00,False,800
credit-g,gaussian_copula,fixed,0.1,0,3,500,1.0486,9.36,False,0.0516596040197602,0.9566387399280144,0.0931063961097767,0.0697692307692307,0.2387810983942841,1.0,0.91,0.7137019560721946,0.5448809523809524,0.7650000000000001,0,,ok,,2026-07-20T18:32:40.759676+00:00,False,800
credit-g,gaussian_copula,fixed,0.1,0,4,500,1.2597,9.36,False,0.0834105243230806,0.9926397749299614,0.1386622458662182,0.0724615384615384,0.2540314814198205,1.0,0.935,0.764779674670519,0.5416666666666666,0.7650000000000001,0,,ok,,2026-07-20T18:32:40.759676+00:00,False,800
credit-g,gaussian_copula,fixed,0.1,0,5,500,1.3266,9.36,False,0.0867277787521344,0.9452390135298804,0.1479521746151763,0.0604615384615384,0.2876806102882998,1.0,0.9,0.7156449772845407,0.6571428571428571,0.7650000000000001,0,,ok,,2026-07-20T18:32:40.759676+00:00,False,800
credit-g,gaussian_copula,fixed,0.1,0,6,500,0.9388,9.36,False,0.1063781814125307,0.9738286856379048,0.1519726762487895,0.0639230769230769,0.2439458524462601,1.0,0.905,0.6873389722576624,0.5707142857142857,0.7650000000000001,0,,ok,,2026-07-20T18:32:40.759676+00:00,False,800
credit-g,gaussian_copula,fixed,0.1,0,7,500,1.39,9.36,False,0.1032729277478081,0.8662205153750374,0.1641238348311793,0.072,0.2802391347409088,1.0,0.88,0.7854958585633568,0.649047619047619,0.7650000000000001,0,,ok,,2026-07-20T18:32:40.759676+00:00,False,800
credit-g,gaussian_copula,fixed,0.1,0,8,500,1.5363,9.36,False,0.1247683958350048,0.9359666203992828,0.1683301892947522,0.0733076923076923,0.2072928249386155,0.9814814814814816,0.895,0.7788646095618695,0.5907142857142857,0.7650000000000001,0,,ok,,2026-07-20T18:32:40.759676+00:00,False,800
credit-g,gaussian_copula,fixed,0.1,0,9,500,2.0518,9.36,False,0.0882923392788928,0.9520739461079424,0.1454135497289283,0.0822307692307692,0.2161777074630624,0.9814814814814816,0.875,0.757054843376964,0.6120238095238095,0.7650000000000001,0,,ok,,2026-07-20T18:32:40.759676+00:00,False,800
credit-g,gaussian_copula,fixed,0.1,0,10,500,1.0624,9.36,False,0.1442693576063924,0.9171982457239968,0.1898099735582868,0.0718461538461538,0.2370929936487011,0.9629629629629628,0.905,0.7496146585030523,0.6077380952380952,0.7650000000000001,0,,ok,,2026-07-20T18:32:40.759676+00:00,False,800
credit-g,gaussian_copula,fixed,0.1,0,11,500,1.4814,9.36,False,0.0809349853503148,0.9373235538043384,0.150360754709417,0.0766923076923076,0.2376199291433015,0.9444444444444444,0.87,0.7501760757497001,0.6834523809523809,0.7650000000000001,0,,ok,,2026-07-20T18:32:40.759676+00:00,False,800
credit-g,gaussian_copula,fixed,0.1,0,12,500,1.8902,9.36,False,0.0963717884636191,0.8777609664733131,0.1507661933974044,0.0822307692307692,0.2079838865765916,0.9444444444444444,0.895,0.7868797126983805,0.6024999999999999,0.7650000000000001,0,,ok,,2026-07-20T18:32:40.759676+00:00,False,800
credit-g,gaussian_copula,fixed,0.2,0,0,500,1.4878,9.23,True,0.0510433106565866,0.9533308449996916,0.0891272226006016,0.0496923076923076,0.1424243333918846,1.0,0.91,0.6060459799599919,0.5925,0.7650000000000001,0,,ok,,2026-07-20T18:32:40.759676+00:00,False,800
credit-g,gaussian_copula,fixed,0.2,0,1,500,0.9511,9.29,False,0.0673534919824201,0.9109556362818936,0.1050399493123139,0.0527692307692307,0.1837225136317324,0.9814814814814816,0.91,0.6008548393266593,0.5778571428571428,0.7650000000000001,0,,ok,,2026-07-20T18:32:40.759676+00:00,False,800
credit-g,gaussian_copula,fixed,0.2,0,2,500,0.6785,9.36,False,0.0970526357360108,0.9132054103931014,0.1316197706921385,0.0587692307692307,0.1696432237404853,1.0,0.925,0.6073375771526809,0.5708333333333333,0.7650000000000001,0,,ok,,2026-07-20T18:32:40.759676+00:00,False,800
credit-g,gaussian_copula,fixed,0.2,0,3,500,1.0632,9.36,False,0.0505975755038382,0.8860063372394851,0.0867585405772266,0.0503076923076923,0.2130642629420962,0.9814814814814816,0.92,0.6345083717549745,0.6684523809523809,0.7650000000000001,0,,ok,,2026-07-20T18:32:40.759676+00:00,False,800
credit-g,gaussian_copula,fixed,0.2,0,4,500,1.0673,9.36,False,0.0474061919247973,0.9092611055840109,0.0903593214481538,0.0703076923076923,0.1804214388227469,0.9814814814814816,0.935,0.7042084916889996,0.5423809523809523,0.7650000000000001,0,,ok,,2026-07-20T18:32:40.759676+00:00,False,800
credit-g,gaussian_copula,fixed,0.2,0,5,500,0.6672,9.36,False,0.0718042549974254,0.8982419217069655,0.1059139514717708,0.0546153846153846,0.1826864454646127,0.9814814814814816,0.885,0.6240979633717437,0.5979166666666667,0.7650000000000001,0,,ok,,2026-07-20T18:32:40.759676+00:00,False,800
credit-g,gaussian_copula,fixed,0.05,0,9,500,1.0423,9.36,False,0.1963417950853931,0.7787564057556348,0.2341238770253041,0.0711538461538461,0.2605682875328169,0.9629629629629628,0.875,0.7619500867440275,0.6725,0.7650000000000001,0,,ok,,2026-07-20T18:32:40.759676+00:00,False,800
credit-g,gaussian_copula,fresh,0.1,0,11,500,1.3774,9.36,False,0.096003781552863,0.9373280082094786,0.1203752513591819,0.066076923076923,0.1926210002436687,1.0,0.925,0.6884539311583198,0.6088095238095237,0.7650000000000001,0,,ok,,2026-07-20T18:32:40.759676+00:00,False,800
credit-g,gaussian_copula,fresh,0.1,0,12,500,1.305,9.36,False,0.0981289139212264,1.0356859118147532,0.1254571398045976,0.0803846153846153,0.2409477997219185,0.9629629629629628,0.94,0.7452605808587096,0.6147619047619047,0.7650000000000001,0,,ok,,2026-07-20T18:32:40.759676+00:00,False,800
credit-g,gaussian_copula,fresh,0.2,0,0,500,1.4878,9.23,True,0.0510433106565866,0.9533308449996916,0.0891272226006016,0.0496923076923076,0.1424243333918846,1.0,0.91,0.6060459799599919,0.5925,0.7650000000000001,0,,ok,,2026-07-20T18:32:40.759676+00:00,False,800
credit-g,gaussian_copula,fixed,0.1,1,7,500,1.3571,9.36,False,0.1141186310120013,0.8822567714650297,0.138625004875208,0.1008461538461538,0.3393906461495398,1.0,0.84,0.7968479628092014,0.6627380952380952,0.8429761904761905,0,,ok,,2026-07-20T18:32:40.759676+00:00,False,800
credit-g,gaussian_copula,fixed,0.1,1,8,500,1.5398,9.36,False,0.1097499652338199,0.8946324681023791,0.1494324501507332,0.0973076923076923,0.3413800443698805,0.9814814814814816,0.915,0.8042712714131738,0.5419047619047619,0.8429761904761905,0,,ok,,2026-07-20T18:32:40.759676+00:00,False,800
credit-g,gaussian_copula,fixed,0.1,1,9,500,1.5036,9.36,False,0.1342039269216795,0.9097631561314762,0.1736256828712621,0.102,0.2674154658037975,0.9814814814814816,0.85,0.7957521303478087,0.5679761904761905,0.8429761904761905,0,,ok,,2026-07-20T18:32:40.759676+00:00,False,800
credit-g,gaussian_copula,fixed,0.1,1,10,500,1.6877,9.36,False,0.1435046576096153,0.8804420236899942,0.1840857249342286,0.118076923076923,0.2545082479350222,0.9814814814814816,0.93,0.8006529991381851,0.5997619047619047,0.8429761904761905,0,,ok,,2026-07-20T18:32:40.759676+00:00,False,800
credit-g,gaussian_copula,fixed,0.1,1,11,500,1.3973,9.36,False,0.1176519078145779,0.9441153634755606,0.1616399423572639,0.114,0.2428469481367188,0.9629629629629628,0.895,0.8216257023341006,0.5302380952380953,0.8429761904761905,0,,ok,,2026-07-20T18:32:40.759676+00:00,False,800
credit-g,gaussian_copula,fixed,0.1,1,12,500,1.0596,9.36,False,0.1616231594904362,0.9366714743205392,0.2005031338026817,0.1228461538461538,0.243580327442595,0.9814814814814816,0.895,0.8424341431692736,0.5072619047619048,0.8429761904761905,0,,ok,,2026-07-20T18:32:40.759676+00:00,False,800
credit-g,gaussian_copula,fixed,0.2,1,0,500,1.5923,9.23,True,0.035196611974937,0.9240324228589324,0.0818180151307687,0.0437692307692307,0.167714164106515,1.0,0.905,0.5418047708090034,0.6716666666666667,0.8429761904761905,0,,ok,,2026-07-20T18:32:40.759676+00:00,False,800
credit-g,gaussian_copula,fixed,0.2,1,1,500,0.9703,9.29,False,0.052816968238723,0.8962747426909905,0.0946896428476097,0.053,0.2221182077534939,1.0,0.92,0.5942640933730262,0.6751190476190476,0.8429761904761905,0,,ok,,2026-07-20T18:32:40.759676+00:00,False,800
credit-g,gaussian_copula,fixed,0.2,1,2,500,1.0062,9.36,False,0.0458292603336362,0.9378417377649058,0.0878431403727997,0.0586923076923077,0.2154969376878784,1.0,0.92,0.6809338652733619,0.6664285714285714,0.8429761904761905,0,,ok,,2026-07-20T18:32:40.759676+00:00,False,800
credit-g,gaussian_copula,fixed,0.1,1,6,500,2.7226,9.36,False,0.082193404553177,0.9299132782203712,0.1286444033368563,0.0916153846153846,0.3655127781908809,0.9814814814814816,0.88,0.7962257909907721,0.5298809523809523,0.8429761904761905,0,,ok,,2026-07-20T18:32:40.759676+00:00,False,800
credit-g,gaussian_copula,fixed,0.2,1,3,500,0.7887,9.36,False,0.0596307673184578,0.9447842068139096,0.0990313267455371,0.061076923076923,0.2072936499706131,1.0,0.89,0.6458818526094089,0.6636904761904762,0.8429761904761905,0,,ok,,2026-07-20T18:32:40.759676+00:00,False,800
credit-g,gaussian_copula,fixed,0.2,1,5,500,0.9232,9.36,False,0.0432056740518814,0.9442436576007166,0.0952743863830036,0.065076923076923,0.2425316355515749,1.0,0.91,0.679511758259809,0.6445238095238096,0.8429761904761905,0,,ok,,2026-07-20T18:32:40.759676+00:00,False,800
credit-g,gaussian_copula,fixed,0.2,1,6,500,1.5787,9.36,False,0.0616759922284703,0.9248223207167988,0.1110021142938123,0.0621538461538461,0.2999239484252248,1.0,0.855,0.7565316790088454,0.6344047619047619,0.8429761904761905,0,,ok,,2026-07-20T18:32:40.759676+00:00,False,800
credit-g,gaussian_copula,fixed,0.2,1,7,500,1.0407,9.36,False,0.0618421851885968,0.9074735734979182,0.1001289559413381,0.0626153846153846,0.2221627018405295,1.0,0.895,0.7251631935303132,0.6179761904761906,0.8429761904761905,0,,ok,,2026-07-20T18:32:40.759676+00:00,False,800
credit-g,gaussian_copula,fixed,0.2,1,8,500,1.4439,9.36,False,0.0738164481009918,0.8608077596505918,0.107013410151604,0.0782307692307692,0.2800730065086085,0.9814814814814816,0.915,0.7075601188989471,0.6832738095238097,0.8429761904761905,0,,ok,,2026-07-20T18:32:40.759676+00:00,False,800
credit-g,gaussian_copula,fixed,0.2,1,9,500,1.4975,9.36,False,0.1360566303031012,0.8302014966623631,0.1459501764702384,0.0696923076923076,0.285271468279602,0.9814814814814816,0.91,0.7189516011079835,0.6275,0.8429761904761905,0,,ok,,2026-07-20T18:32:40.759676+00:00,False,800
credit-g,gaussian_copula,fixed,0.2,1,10,500,1.0574,9.36,False,0.0833674709488249,0.845382885366617,0.1036351878428142,0.0676153846153846,0.2930563722840169,0.9814814814814816,0.935,0.6852586907164765,0.659047619047619,0.8429761904761905,0,,ok,,2026-07-20T18:32:40.759676+00:00,False,800
credit-g,gaussian_copula,fixed,0.2,1,11,500,1.1404,9.36,False,0.1019759221461985,0.8037190658251124,0.1193086817203035,0.0764615384615384,0.2526866774740195,0.9629629629629628,0.93,0.7414960475775803,0.6333333333333333,0.8429761904761905,0,,ok,,2026-07-20T18:32:40.759676+00:00,False,800
credit-g,gaussian_copula,fixed,0.2,1,12,500,1.1096,9.36,False,0.1110615114668383,0.767339215679673,0.1317826240237052,0.0753846153846154,0.2982955931258976,0.9814814814814816,0.915,0.7237163346541827,0.643452380952381,0.8429761904761905,0,,ok,,2026-07-20T18:32:40.759676+00:00,False,800
credit-g,gaussian_copula,fixed,0.35,1,0,500,1.5923,9.23,True,0.035196611974937,0.9240324228589324,0.0818180151307687,0.0437692307692307,0.167714164106515,1.0,0.905,0.5418047708090034,0.6716666666666667,0.8429761904761905,0,,ok,,2026-07-20T18:32:40.759676+00:00,False,800
credit-g,gaussian_copula,fixed,0.2,1,4,500,1.2045,9.36,False,0.0491502722827053,0.9903870810374548,0.0887766585015824,0.0507692307692307,0.2265695818781343,1.0,0.915,0.5850113971076324,0.6317857142857144,0.8429761904761905,0,,ok,,2026-07-20T18:32:40.759676+00:00,False,800
credit-g,gaussian_copula,fixed,0.1,1,5,500,1.5195,9.36,False,0.0785862271190328,0.933549730426652,0.1232347767216435,0.0716153846153846,0.257911666717227,1.0,0.9,0.7781974343569353,0.4502380952380952,0.8429761904761905,0,,ok,,2026-07-20T18:32:40.759676+00:00,False,800
credit-g,gaussian_copula,fixed,0.1,1,4,500,1.5267,9.36,False,0.0939019784127524,0.868274278222853,0.137347970177979,0.081076923076923,0.2019794171978673,1.0,0.865,0.7711746558928559,0.5254761904761905,0.8429761904761905,0,,ok,,2026-07-20T18:32:40.759676+00:00,False,800
credit-g,gaussian_copula,fixed,0.1,1,3,500,1.0033,9.36,False,0.110004341407976,0.8541444479150825,0.1532771127791105,0.0673846153846153,0.1963610073113964,1.0,0.89,0.700479961117074,0.5594047619047618,0.8429761904761905,0,,ok,,2026-07-20T18:32:40.759676+00:00,False,800
credit-g,gaussian_copula,fixed,0.02,1,8,500,1.5036,9.36,False,0.1220844508210024,0.874434576739082,0.1733540491510627,0.1016153846153846,0.3449334922884769,0.9814814814814816,0.835,0.7991003823037683,0.615,0.8429761904761905,0,,ok,,2026-07-20T18:32:40.759676+00:00,False,800
credit-g,gaussian_copula,fixed,0.02,1,9,500,1.5251,9.36,False,0.164066654160499,0.7825042575297793,0.1936950825267561,0.1004615384615384,0.407461104579413,0.9814814814814816,0.81,0.773767976040197,0.583452380952381,0.8429761904761905,0,,ok,,2026-07-20T18:32:40.759676+00:00,False,800
credit-g,gaussian_copula,fixed,0.02,1,10,500,1.7811,9.36,False,0.155154005679461,0.824260256846925,0.1843760020161903,0.0944615384615384,0.3338222693625968,0.9814814814814816,0.875,0.82981181833933,0.4142857142857142,0.8429761904761905,0,,ok,,2026-07-20T18:32:40.759676+00:00,False,800
credit-g,gaussian_copula,fixed,0.02,1,11,500,1.8373,9.36,False,0.1559845133851412,0.8242943217270803,0.1750908556544543,0.0886923076923077,0.3428010728012481,0.9629629629629628,0.86,0.8359615311052156,0.5710714285714286,0.8429761904761905,0,,ok,,2026-07-20T18:32:40.759676+00:00,False,800
credit-g,gaussian_copula,fixed,0.02,1,12,500,1.7281,9.36,False,0.1951187690628165,0.7881293961942379,0.217079223813792,0.084,0.3552233927618014,0.9814814814814816,0.825,0.833711361779974,0.5547619047619048,0.8429761904761905,0,,ok,,2026-07-20T18:32:40.759676+00:00,False,800
credit-g,gaussian_copula,fixed,0.05,1,0,500,1.5923,9.23,True,0.035196611974937,0.9240324228589324,0.0818180151307687,0.0437692307692307,0.167714164106515,1.0,0.905,0.5418047708090034,0.6716666666666667,0.8429761904761905,0,,ok,,2026-07-20T18:32:40.759676+00:00,False,800
credit-g,gaussian_copula,fixed,0.05,1,1,500,0.8242,9.29,False,0.0547756937940997,0.9532498220257416,0.0964691783693596,0.0501538461538461,0.2358671184615521,1.0,0.885,0.6073364520680182,0.5164285714285715,0.8429761904761905,0,,ok,,2026-07-20T18:32:40.759676+00:00,False,800
credit-g,gaussian_copula,fixed,0.05,1,2,500,1.4218,9.36,False,0.0498193710727678,0.9863851790875549,0.0949778839632099,0.0422307692307692,0.2048916286674621,1.0,0.92,0.5890251366415322,0.5014285714285714,0.8429761904761905,0,,ok,,2026-07-20T18:32:40.759676+00:00,False,800
credit-g,gaussian_copula,fixed,0.05,1,3,500,1.4734,9.36,False,0.0977861091827272,0.929837136580132,0.129022402628755,0.0619999999999999,0.2336635429475978,1.0,0.935,0.6822175868734123,0.57,0.8429761904761905,0,,ok,,2026-07-20T18:32:40.759676+00:00,False,800
credit-g,gaussian_copula,fixed,0.05,1,4,500,1.1936,9.36,False,0.0945156633753703,0.990268142055874,0.1457428708463544,0.072076923076923,0.1835022784720743,0.9814814814814816,0.905,0.707658001264595,0.424047619047619,0.8429761904761905,0,,ok,,2026-07-20T18:32:40.759676+00:00,False,800
credit-g,gaussian_copula,fixed,0.05,1,5,500,1.2416,9.36,False,0.1284769246671677,0.9580660650410726,0.1702194771186237,0.0764615384615384,0.2060215704617424,1.0,0.86,0.7941961382594039,0.5261904761904762,0.8429761904761905,0,,ok,,2026-07-20T18:32:40.759676+00:00,False,800
credit-g,gaussian_copula,fixed,0.05,1,6,500,1.2098,9.36,False,0.1266618720809481,0.9303989796140082,0.1683080758048263,0.0596153846153846,0.1781822153431232,0.9814814814814816,0.855,0.7255974762100847,0.5385714285714285,0.8429761904761905,0,,ok,,2026-07-20T18:32:40.759676+00:00,False,800
credit-g,gaussian_copula,fixed,0.05,1,7,500,0.9407,9.36,False,0.0883037798852847,0.9203441389278756,0.154406159238136,0.0816153846153846,0.1847219995185824,0.9814814814814816,0.825,0.7309461286961844,0.4497619047619047,0.8429761904761905,0,,ok,,2026-07-20T18:32:40.759676+00:00,False,800
credit-g,gaussian_copula,fixed,0.05,1,8,500,1.1374,9.36,False,0.1224411723302189,0.9195782659489522,0.1851528465239371,0.0852307692307692,0.2251968426020633,0.9814814814814816,0.895,0.8277697896766733,0.5238095238095237,0.8429761904761905,0,,ok,,2026-07-20T18:32:40.759676+00:00,False,800
credit-g,gaussian_copula,fixed,0.05,1,9,500,1.3369,9.36,False,0.0983092654130933,0.9330088530549556,0.1467243836127112,0.0862307692307692,0.2039605991927387,0.9814814814814816,0.835,0.8422113764060746,0.6076190476190476,0.8429761904761905,0,,ok,,2026-07-20T18:32:40.759676+00:00,False,800
credit-g,gaussian_copula,fixed,0.05,1,10,500,1.5963,9.36,False,0.10378285551665,0.9104391950186782,0.1616060470680195,0.0952307692307692,0.2604862182000561,0.9814814814814816,0.81,0.8610272923037458,0.6024999999999999,0.8429761904761905,0,,ok,,2026-07-20T18:32:40.759676+00:00,False,800
credit-g,gaussian_copula,fixed,0.05,1,11,500,1.5182,9.36,False,0.1058169545410799,0.9408691444327808,0.1624653747274009,0.0855384615384615,0.2633179318180128,0.9629629629629628,0.86,0.8575924088287644,0.6233333333333332,0.8429761904761905,0,,ok,,2026-07-20T18:32:40.759676+00:00,False,800
credit-g,gaussian_copula,fixed,0.05,1,12,500,1.3668,9.36,False,0.1058694990338851,0.8988707921659697,0.1723033706472974,0.1009230769230769,0.2106309673104306,0.9629629629629628,0.795,0.8392344023887798,0.5220238095238096,0.8429761904761905,0,,ok,,2026-07-20T18:32:40.759676+00:00,False,800
credit-g,gaussian_copula,fixed,0.1,1,0,500,1.5923,9.23,True,0.035196611974937,0.9240324228589324,0.0818180151307687,0.0437692307692307,0.167714164106515,1.0,0.905,0.5418047708090034,0.6716666666666667,0.8429761904761905,0,,ok,,2026-07-20T18:32:40.759676+00:00,False,800
credit-g,gaussian_copula,fixed,0.1,1,1,500,0.7527,9.29,False,0.0505191032135522,0.9002108023890345,0.0968824247396365,0.0495384615384615,0.2590131967380815,1.0,0.89,0.6687255715992628,0.6291666666666667,0.8429761904761905,0,,ok,,2026-07-20T18:32:40.759676+00:00,False,800
credit-g,gaussian_copula,fixed,0.1,1,2,500,0.907,9.36,False,0.0882143131606158,0.8560671574527504,0.1366701841856778,0.0643076923076923,0.2099342040055842,1.0,0.9,0.6944517574947516,0.639404761904762,0.8429761904761905,0,,ok,,2026-07-20T18:32:40.759676+00:00,False,800
credit-g,gaussian_copula,fixed,0.35,1,1,500,0.913,9.29,False,0.0796721005115885,0.8919269811442634,0.1032915220560121,0.053,0.2218927102648966,1.0,0.925,0.621333067813353,0.6483333333333333,0.8429761904761905,0,,ok,,2026-07-20T18:32:40.759676+00:00,False,800
credit-g,gaussian_copula,fixed,0.02,1,7,500,2.1294,9.36,False,0.1201325154032411,0.9530330205348452,0.1537874266979106,0.1042307692307692,0.3453637379821828,0.9814814814814816,0.84,0.8368615988353123,0.4989285714285714,0.8429761904761905,0,,ok,,2026-07-20T18:32:40.759676+00:00,False,800
credit-g,gaussian_copula,fixed,0.35,1,2,500,1.0071,9.36,False,0.0942938696023953,0.942198034580782,0.1112390160699241,0.0655384615384615,0.1884928972784825,0.9814814814814816,0.91,0.6205809487163909,0.6554761904761904,0.8429761904761905,0,,ok,,2026-07-20T18:32:40.759676+00:00,False,800
credit-g,gaussian_copula,fixed,0.35,1,4,500,1.3313,9.36,False,0.0939215223873596,0.8963318674068427,0.1048479755158084,0.075,0.1939639548892001,1.0,0.895,0.6913003953547504,0.6989285714285715,0.8429761904761905,0,,ok,,2026-07-20T18:32:40.759676+00:00,False,800
credit-g,gaussian_copula,fixed,0.75,1,4,500,0.9794,9.36,False,0.057753701715124,0.9654207736818406,0.1036111015616183,0.0497692307692307,0.1557930483712857,0.9814814814814816,0.92,0.6185119180218311,0.6379761904761905,0.8429761904761905,0,,ok,,2026-07-20T18:32:40.759676+00:00,False,800
credit-g,gaussian_copula,fixed,0.75,1,5,500,0.8858,9.36,False,0.0939960331754813,0.9006816683069141,0.1280980050346046,0.0691538461538461,0.165296175421822,0.9814814814814816,0.91,0.6538542025287403,0.6897619047619048,0.8429761904761905,0,,ok,,2026-07-20T18:32:40.759676+00:00,False,800
credit-g,gaussian_copula,fixed,0.75,1,6,500,0.8754,9.36,False,0.0780281747409829,0.928845827555328,0.1144989463341187,0.0593076923076923,0.1939955448788495,0.9814814814814816,0.94,0.6245963758772848,0.6407142857142857,0.8429761904761905,0,,ok,,2026-07-20T18:32:40.759676+00:00,False,800
credit-g,gaussian_copula,fixed,0.75,1,7,500,0.6518,9.36,False,0.0647527320828339,0.9309779855212552,0.0997776267770659,0.0548461538461538,0.1404303242282539,0.9629629629629628,0.895,0.6457991588867061,0.6833333333333335,0.8429761904761905,0,,ok,,2026-07-20T18:32:40.759676+00:00,False,800
credit-g,gaussian_copula,fixed,0.75,1,8,500,0.8974,9.36,False,0.0819447627225481,0.9430414952409328,0.1067956116112216,0.049,0.1498245482905386,0.9814814814814816,0.91,0.5790883889012649,0.6810714285714287,0.8429761904761905,0,,ok,,2026-07-20T18:32:40.759676+00:00,False,800
credit-g,gaussian_copula,fixed,0.75,1,9,500,0.9447,9.36,False,0.063484609327937,0.961280250182094,0.1039669338529545,0.0454615384615384,0.1750272755401887,0.9814814814814816,0.875,0.5632117566846905,0.6922619047619047,0.8429761904761905,0,,ok,,2026-07-20T18:32:40.759676+00:00,False,800
credit-g,gaussian_copula,fixed,0.75,1,10,500,1.1694,9.36,False,0.058710604248641,0.9924208514335904,0.1018433963213142,0.0541538461538461,0.1570395634838672,0.9629629629629628,0.945,0.5974334568676293,0.6957142857142858,0.8429761904761905,0,,ok,,2026-07-20T18:32:40.759676+00:00,False,800
credit-g,gaussian_copula,fixed,0.75,1,11,500,0.7169,9.36,False,0.0678433810684414,0.9384061365885694,0.1053364044454202,0.0545384615384615,0.1938622616494368,0.9814814814814816,0.9,0.5200608220768612,0.6826190476190477,0.8429761904761905,0,,ok,,2026-07-20T18:32:40.759676+00:00,False,800
credit-g,gaussian_copula,fixed,0.75,1,12,500,0.8014,9.36,False,0.0939528373862466,0.9128887890882946,0.1129871254374765,0.0654615384615384,0.1880109297713985,0.9814814814814816,0.94,0.6250801622822117,0.7236904761904762,0.8429761904761905,0,,ok,,2026-07-20T18:32:40.759676+00:00,False,800
credit-g,gaussian_copula,fixed,0.75,1,3,500,0.6312,9.36,False,0.0776981739144961,0.9196219684346372,0.1074910190741752,0.0467692307692307,0.1554589202883404,0.9814814814814816,0.92,0.5266729446390841,0.6320238095238097,0.8429761904761905,0,,ok,,2026-07-20T18:32:40.759676+00:00,False,800
credit-g,gaussian_copula,fixed,1.0,1,0,500,1.5923,9.23,True,0.035196611974937,0.9240324228589324,0.0818180151307687,0.0437692307692307,0.167714164106515,1.0,0.905,0.5418047708090034,0.6716666666666667,0.8429761904761905,0,,ok,,2026-07-20T18:32:40.759676+00:00,False,800
credit-g,gaussian_copula,fixed,1.0,1,2,500,0.8388,9.36,False,0.069676180826428,1.0073359146729206,0.0873679645021262,0.0605384615384615,0.1589238240105613,1.0,0.93,0.5765653865453375,0.6792857142857143,0.8429761904761905,0,,ok,,2026-07-20T18:32:40.759676+00:00,False,800
credit-g,gaussian_copula,fixed,1.0,1,3,500,0.7015,9.36,False,0.0740559290090114,0.947876764641528,0.0923665805838004,0.0443846153846153,0.142878360957891,1.0,0.94,0.5353687239964807,0.5910714285714286,0.8429761904761905,0,,ok,,2026-07-20T18:32:40.759676+00:00,False,800
credit-g,gaussian_copula,fixed,1.0,1,4,500,1.088,9.36,False,0.0674330683003576,0.9897450333183968,0.0968356105540479,0.0463846153846153,0.1299118277984459,1.0,0.925,0.6777825031333607,0.6375,0.8429761904761905,0,,ok,,2026-07-20T18:32:40.759676+00:00,False,800
credit-g,gaussian_copula,fixed,1.0,1,5,500,0.8223,9.36,False,0.0525438916264335,0.9469094035086968,0.084963976973567,0.0456923076923076,0.1477623769794898,1.0,0.925,0.5896096181237638,0.7221428571428571,0.8429761904761905,0,,ok,,2026-07-20T18:32:40.759676+00:00,False,800
credit-g,gaussian_copula,fixed,1.0,1,6,500,0.7937,9.36,False,0.0868683674315677,0.9420160599240942,0.102836452183398,0.0464615384615384,0.1507705670592136,1.0,0.92,0.5725983380249364,0.6511904761904762,0.8429761904761905,0,,ok,,2026-07-20T18:32:40.759676+00:00,False,800
credit-g,gaussian_copula,fixed,1.0,1,7,500,1.0229,9.36,False,0.0607684015525857,0.9374449417352926,0.0873847026218213,0.0467692307692307,0.1464996914246594,1.0,0.91,0.6292789782431129,0.6617857142857143,0.8429761904761905,0,,ok,,2026-07-20T18:32:40.759676+00:00,False,800
credit-g,gaussian_copula,fixed,1.0,1,8,500,0.837,9.36,False,0.0528312911081045,0.9142290264458192,0.0869121978482255,0.0503076923076923,0.1570228135631027,1.0,0.93,0.5913023079986769,0.7110714285714285,0.8429761904761905,0,,ok,,2026-07-20T18:32:40.759676+00:00,False,800
credit-g,gaussian_copula,fixed,1.0,1,9,500,0.7528,9.36,False,0.0701948175579799,0.9504602381461594,0.1192207679126556,0.0522307692307692,0.1519735573768996,1.0,0.905,0.6286247415117987,0.5803571428571429,0.8429761904761905,0,,ok,,2026-07-20T18:32:40.759676+00:00,False,800
credit-g,gaussian_copula,fixed,1.0,1,10,500,1.3029,9.36,False,0.0952608827689206,0.915207151624796,0.1095303519737061,0.0426153846153846,0.159052888025531,1.0,0.935,0.516220345581005,0.6811904761904762,0.8429761904761905,0,,ok,,2026-07-20T18:32:40.759676+00:00,False,800
credit-g,gaussian_copula,fixed,1.0,1,1,500,0.8471,9.29,False,0.0931236080454301,0.8701131830937497,0.1142446676136947,0.0511538461538461,0.173983592928407,1.0,0.905,0.5336321558197255,0.7079761904761904,0.8429761904761905,0,,ok,,2026-07-20T18:32:40.759676+00:00,False,800
credit-g,gaussian_copula,fixed,0.75,1,2,500,1.1779,9.36,False,0.0586297178380105,0.9492312418221902,0.0891540116565109,0.055,0.1638217807752512,0.9629629629629628,0.885,0.5904781834833072,0.700952380952381,0.8429761904761905,0,,ok,,2026-07-20T18:32:40.759676+00:00,False,800
credit-g,gaussian_copula,fixed,0.75,1,1,500,0.7479,9.29,False,0.0686688434952578,0.9236961912513996,0.1044361489940144,0.0463846153846153,0.1753350890088029,1.0,0.88,0.6439551451246706,0.7003571428571429,0.8429761904761905,0,,ok,,2026-07-20T18:32:40.759676+00:00,False,800
credit-g,gaussian_copula,fixed,0.75,1,0,500,1.5923,9.23,True,0.035196611974937,0.9240324228589324,0.0818180151307687,0.0437692307692307,0.167714164106515,1.0,0.905,0.5418047708090034,0.6716666666666667,0.8429761904761905,0,,ok,,2026-07-20T18:32:40.759676+00:00,False,800
credit-g,gaussian_copula,fixed,0.35,1,5,500,1.0283,9.36,False,0.0944751383662059,0.9047522607152462,0.1193327781821408,0.0726923076923076,0.2045590460776386,1.0,0.93,0.6643321159917285,0.6329761904761906,0.8429761904761905,0,,ok,,2026-07-20T18:32:40.759676+00:00,False,800
credit-g,gaussian_copula,fixed,0.35,1,6,500,1.1555,9.36,False,0.0966172943098218,0.9142432384855,0.1169438288155989,0.0623076923076923,0.2417012621240303,1.0,0.925,0.6795342599530615,0.6684523809523809,0.8429761904761905,0,,ok,,2026-07-20T18:32:40.759676+00:00,False,800
credit-g,gaussian_copula,fixed,0.35,1,7,500,1.7684,9.36,False,0.1189788446695245,0.8866967397314929,0.1391776305993958,0.0618461538461538,0.1917710424056507,0.9814814814814816,0.925,0.720590849461422,0.6508333333333334,0.8429761904761905,0,,ok,,2026-07-20T18:32:40.759676+00:00,False,800
credit-g,gaussian_copula,fixed,0.35,1,8,500,1.7308,9.36,False,0.1077400186826488,0.9544564230998108,0.1210417598125227,0.0621538461538461,0.2357127593318918,0.9814814814814816,0.95,0.693646196876315,0.5611904761904761,0.8429761904761905,0,,ok,,2026-07-20T18:32:40.759676+00:00,False,800
credit-g,gaussian_copula,fixed,0.35,1,9,500,2.0753,9.36,False,0.1321581900245797,0.923399058585458,0.1456486410757508,0.0692307692307692,0.2307467494408452,0.9814814814814816,0.935,0.7162716494416204,0.6558333333333334,0.8429761904761905,0,,ok,,2026-07-20T18:32:40.759676+00:00,False,800
credit-g,gaussian_copula,fixed,0.35,1,10,500,2.1297,9.36,False,0.1028377227558096,0.9434394387269937,0.1175587302624007,0.0623846153846153,0.2181376915164439,0.9814814814814816,0.91,0.6440142120694583,0.6285714285714287,0.8429761904761905,0,,ok,,2026-07-20T18:32:40.759676+00:00,False,800
credit-g,gaussian_copula,fixed,0.35,1,11,500,2.3958,9.36,False,0.1045967379218822,0.9098031511285918,0.1339153581840148,0.0634615384615384,0.1914196255668439,0.9814814814814816,0.915,0.6631035235401465,0.6004761904761905,0.8429761904761905,0,,ok,,2026-07-20T18:32:40.759676+00:00,False,800
credit-g,gaussian_copula,fixed,0.35,1,12,500,2.8606,9.36,False,0.1390788542693975,0.9053762279706244,0.1570787985523349,0.066076923076923,0.1984115923361212,0.9814814814814816,0.95,0.7250619359106772,0.6055952380952381,0.8429761904761905,0,,ok,,2026-07-20T18:32:40.759676+00:00,False,800
credit-g,gaussian_copula,fixed,0.5,1,0,500,1.5923,9.23,True,0.035196611974937,0.9240324228589324,0.0818180151307687,0.0437692307692307,0.167714164106515,1.0,0.905,0.5418047708090034,0.6716666666666667,0.8429761904761905,0,,ok,,2026-07-20T18:32:40.759676+00:00,False,800
credit-g,gaussian_copula,fixed,0.5,1,1,500,1.639,9.29,False,0.0710506511550881,0.9018969498800216,0.1123830576984444,0.044,0.1988688538986291,1.0,0.94,0.6623305903769259,0.5736904761904761,0.8429761904761905,0,,ok,,2026-07-20T18:32:40.759676+00:00,False,800
credit-g,gaussian_copula,fixed,0.5,1,2,500,1.0949,9.36,False,0.0813681271181436,0.9093267074531568,0.1283788466456021,0.0549230769230769,0.1841757955148851,1.0,0.9,0.6905949672712873,0.6636904761904762,0.8429761904761905,0,,ok,,2026-07-20T18:32:40.759676+00:00,False,800
credit-g,gaussian_copula,fixed,0.5,1,3,500,0.8059,9.36,False,0.08006618559679,0.926730793672816,0.1082864495767833,0.0431538461538461,0.194380535178227,1.0,0.92,0.6130265677492232,0.6329761904761905,0.8429761904761905,0,,ok,,2026-07-20T18:32:40.759676+00:00,False,800
credit-g,gaussian_copula,fixed,0.5,1,4,500,0.8913,9.36,False,0.0848612342867315,0.9233333919108764,0.1099047741759657,0.0433846153846153,0.2049650473311698,1.0,0.925,0.5844488547763219,0.6160714285714286,0.8429761904761905,0,,ok,,2026-07-20T18:32:40.759676+00:00,False,800
credit-g,gaussian_copula,fixed,0.5,1,5,500,1.0796,9.36,False,0.0505789673053575,0.9566377061162774,0.0899026545262675,0.0469230769230769,0.1706800310495824,1.0,0.895,0.624774139253979,0.5780952380952381,0.8429761904761905,0,,ok,,2026-07-20T18:32:40.759676+00:00,False,800
credit-g,gaussian_copula,fixed,0.5,1,6,500,0.7356,9.36,False,0.06691486165939,0.9094563579222428,0.1027806466582436,0.0517692307692307,0.1903118663414306,1.0,0.9,0.662760372718047,0.684047619047619,0.8429761904761905,0,,ok,,2026-07-20T18:32:40.759676+00:00,False,800
credit-g,gaussian_copula,fixed,0.5,1,7,500,1.0654,9.36,False,0.0670449353928027,0.945485380891098,0.1032249208708724,0.0498461538461538,0.1934916079889438,1.0,0.905,0.6157667114450363,0.6145238095238095,0.8429761904761905,0,,ok,,2026-07-20T18:32:40.759676+00:00,False,800
credit-g,gaussian_copula,fixed,0.5,1,8,500,1.0751,9.36,False,0.0561479798860914,0.9468926467278044,0.1105369594545928,0.0559230769230769,0.1931166070599283,1.0,0.935,0.6068301639698387,0.589345238095238,0.8429761904761905,0,,ok,,2026-07-20T18:32:40.759676+00:00,False,800
credit-g,gaussian_copula,fixed,0.5,1,9,500,1.0004,9.36,False,0.064981491908888,1.0068108628725445,0.1190276662219279,0.0459230769230769,0.1889316398643169,1.0,0.885,0.583997695826611,0.5667857142857143,0.8429761904761905,0,,ok,,2026-07-20T18:32:40.759676+00:00,False,800
credit-g,gaussian_copula,fixed,0.5,1,10,500,1.2303,9.36,False,0.0737283693049235,0.940262283686816,0.1105505248653103,0.0553076923076923,0.174915661256156,1.0,0.91,0.6444619957651813,0.6160714285714287,0.8429761904761905,0,,ok,,2026-07-20T18:32:40.759676+00:00,False,800
credit-g,gaussian_copula,fixed,0.5,1,11,500,0.976,9.36,False,0.0844713813627341,0.9570079950231938,0.1084717328894671,0.0533846153846153,0.1558914069657168,1.0,0.905,0.5787964294313146,0.5917857142857142,0.8429761904761905,0,,ok,,2026-07-20T18:32:40.759676+00:00,False,800
credit-g,gaussian_copula,fixed,0.5,1,12,500,1.1091,9.36,False,0.0578315601274547,0.939882232763786,0.1112305591855483,0.0376153846153846,0.1781382507929196,1.0,0.93,0.5828703609946649,0.6434523809523809,0.8429761904761905,0,,ok,,2026-07-20T18:32:40.759676+00:00,False,800
credit-g,gaussian_copula,fixed,0.35,1,3,500,0.8382,9.36,False,0.0904492836887498,0.910484802269512,0.1128313116130339,0.0716153846153846,0.2297497067137636,1.0,0.89,0.6303489337572653,0.6216666666666667,0.8429761904761905,0,,ok,,2026-07-20T18:32:40.759676+00:00,False,800
credit-g,gaussian_copula,fresh,1.0,2,11,500,0.5528,9.36,False,0.0444524578601727,0.946597874875324,0.0792457365938467,0.0536153846153846,0.1709376157965311,1.0,0.925,0.6000121509143563,0.6476190476190476,0.8147619047619048,0,,ok,,2026-07-20T18:32:40.759676+00:00,False,800
credit-g,gaussian_copula,fixed,0.02,1,6,500,1.7808,9.36,False,0.1437251434816779,0.9187722649614284,0.1597382397802767,0.0755384615384615,0.2952372162514622,0.9814814814814816,0.855,0.8189885038849173,0.4832142857142857,0.8429761904761905,0,,ok,,2026-07-20T18:32:40.759676+00:00,False,800
credit-g,gaussian_copula,fixed,0.02,1,4,500,0.95,9.36,False,0.0896008093216738,0.98004517166859,0.1228091339666928,0.0679230769230769,0.2418899537260073,0.9814814814814816,0.88,0.6695727603502165,0.5082142857142857,0.8429761904761905,0,,ok,,2026-07-20T18:32:40.759676+00:00,False,800
credit-g,gaussian_copula,fresh,0.5,0,0,500,1.4878,9.23,True,0.0510433106565866,0.9533308449996916,0.0891272226006016,0.0496923076923076,0.1424243333918846,1.0,0.91,0.6060459799599919,0.5925,0.7650000000000001,0,,ok,,2026-07-20T18:32:40.759676+00:00,False,800
credit-g,gaussian_copula,fresh,0.5,0,1,500,0.7006,9.29,False,0.0704266926535806,0.9335426432655736,0.0929900984054594,0.0443846153846153,0.1559050814620314,1.0,0.9,0.6268206682552863,0.6198809523809524,0.7650000000000001,0,,ok,,2026-07-20T18:32:40.759676+00:00,False,800
credit-g,gaussian_copula,fresh,0.5,0,2,500,0.8647,9.36,False,0.0434451394038368,0.9877564948917084,0.0718867492243905,0.0453846153846153,0.1668684804113721,1.0,0.91,0.6432862822927425,0.6720238095238095,0.7650000000000001,0,,ok,,2026-07-20T18:32:40.759676+00:00,False,800
credit-g,gaussian_copula,fresh,0.5,0,3,500,0.7854,9.36,False,0.048605283508438,1.0118105837380806,0.0902363693439693,0.0467692307692307,0.1904777941366389,1.0,0.905,0.5941279581288492,0.5803571428571429,0.7650000000000001,0,,ok,,2026-07-20T18:32:40.759676+00:00,False,800
credit-g,gaussian_copula,fresh,0.5,0,4,500,1.1419,9.36,False,0.0855698708382134,0.956607063885946,0.1122233401287951,0.0542307692307692,0.1669554802579182,1.0,0.895,0.5868497854463549,0.5876190476190476,0.7650000000000001,0,,ok,,2026-07-20T18:32:40.759676+00:00,False,800
credit-g,gaussian_copula,fresh,0.5,0,5,500,2.0415,9.36,False,0.073661772377667,0.9115231186600812,0.1034707325987617,0.047076923076923,0.1950990957699578,1.0,0.9,0.5948491373975892,0.6198809523809523,0.7650000000000001,0,,ok,,2026-07-20T18:32:40.759676+00:00,False,800
credit-g,gaussian_copula,fresh,0.5,0,6,500,1.9431,9.36,False,0.0729303911058032,0.8755148189666123,0.1031049029851029,0.0393846153846153,0.1828181738229429,1.0,0.95,0.577231436665609,0.5836904761904762,0.7650000000000001,0,,ok,,2026-07-20T18:32:40.759676+00:00,False,800
credit-g,gaussian_copula,fresh,0.5,0,7,500,2.1696,9.36,False,0.1016552109151639,0.922511071723112,0.1147417164697224,0.0532307692307692,0.1896871872528779,0.9814814814814816,0.91,0.650388941767868,0.6933333333333334,0.7650000000000001,0,,ok,,2026-07-20T18:32:40.759676+00:00,False,800
credit-g,gaussian_copula,fresh,0.5,0,8,500,1.6247,9.36,False,0.0829359654971664,0.8863494343508881,0.1074391507310306,0.0563076923076923,0.2054191489641079,0.9814814814814816,0.92,0.6117102186939567,0.5882142857142856,0.7650000000000001,0,,ok,,2026-07-20T18:32:40.759676+00:00,False,800
credit-g,gaussian_copula,fresh,0.35,0,12,500,0.671,9.36,False,0.0546100574894295,0.9359865832204426,0.091957422018972,0.056,0.1853751780440386,1.0,0.945,0.6229891924367308,0.6027380952380952,0.7650000000000001,0,,ok,,2026-07-20T18:32:40.759676+00:00,False,800
credit-g,gaussian_copula,fresh,0.5,0,9,500,0.8291,9.36,False,0.0628935294885634,0.9514491264833326,0.088574953916522,0.0459230769230769,0.1439544474216028,1.0,0.92,0.5674038221376159,0.7092857142857143,0.7650000000000001,0,,ok,,2026-07-20T18:32:40.759676+00:00,False,800
credit-g,gaussian_copula,fresh,0.5,0,11,500,0.6448,9.36,False,0.0725517120021244,1.001922331781454,0.0939226935550642,0.06,0.1851631196907024,1.0,0.945,0.6124651505025752,0.6816666666666666,0.7650000000000001,0,,ok,,2026-07-20T18:32:40.759676+00:00,False,800
credit-g,gaussian_copula,fresh,0.5,0,12,500,1.2186,9.36,False,0.079728354844934,0.9712786968828316,0.1026063420372334,0.0492307692307692,0.1640566947130974,1.0,0.915,0.6813006428733762,0.6307142857142858,0.7650000000000001,0,,ok,,2026-07-20T18:32:40.759676+00:00,False,800
credit-g,gaussian_copula,fresh,0.75,0,0,500,1.4878,9.23,True,0.0510433106565866,0.9533308449996916,0.0891272226006016,0.0496923076923076,0.1424243333918846,1.0,0.91,0.6060459799599919,0.5925,0.7650000000000001,0,,ok,,2026-07-20T18:32:40.759676+00:00,False,800
credit-g,gaussian_copula,fresh,0.75,0,1,500,0.7004,9.29,False,0.0628104786192054,0.9587381008785244,0.0907363430820343,0.0472307692307692,0.1775722669218715,0.9814814814814816,0.895,0.5566322615776836,0.6732142857142858,0.7650000000000001,0,,ok,,2026-07-20T18:32:40.759676+00:00,False,800
credit-g,gaussian_copula,fresh,0.75,0,2,500,0.9923,9.36,False,0.0687532971952459,0.9616449093367684,0.1057121985507729,0.0504615384615384,0.1558893476118715,0.9814814814814816,0.945,0.5779233637331208,0.6645238095238096,0.7650000000000001,0,,ok,,2026-07-20T18:32:40.759676+00:00,False,800
credit-g,gaussian_copula,fresh,0.75,0,3,500,0.7567,9.36,False,0.0512427239044046,0.9004732607345526,0.0955790871644636,0.0532307692307692,0.1620350442743338,0.9814814814814816,0.925,0.5502164662890883,0.6485714285714286,0.7650000000000001,0,,ok,,2026-07-20T18:32:40.759676+00:00,False,800
credit-g,gaussian_copula,fresh,0.75,0,4,500,1.0622,9.36,False,0.0494649546892363,0.9825035651779528,0.0892593859641826,0.0443846153846153,0.2150738346436538,1.0,0.9,0.556426371084424,0.6989285714285715,0.7650000000000001,0,,ok,,2026-07-20T18:32:40.759676+00:00,False,800
credit-g,gaussian_copula,fresh,0.75,0,5,500,0.8686,9.36,False,0.0939957055808795,0.9316273686311118,0.119337588666932,0.048076923076923,0.1891101014793577,1.0,0.86,0.555632623854945,0.693452380952381,0.7650000000000001,0,,ok,,2026-07-20T18:32:40.759676+00:00,False,800
credit-g,gaussian_copula,fresh,0.75,0,6,500,0.8145,9.36,False,0.0673427110637279,0.9397406914983616,0.0881197054835763,0.0454615384615384,0.1766837435729675,0.9814814814814816,0.89,0.6093402278521459,0.7228571428571429,0.7650000000000001,0,,ok,,2026-07-20T18:32:40.759676+00:00,False,800
credit-g,gaussian_copula,fresh,0.5,0,10,500,0.7634,9.36,False,0.0829393464462733,0.9683278936318144,0.1140862255713219,0.0535384615384615,0.1980677262700579,1.0,0.905,0.5425844544801997,0.6902380952380952,0.7650000000000001,0,,ok,,2026-07-20T18:32:40.759676+00:00,False,800
credit-g,gaussian_copula,fresh,0.35,0,11,500,0.9449,9.36,False,0.0859878311735011,0.9490935406040336,0.1175417341541025,0.0487692307692307,0.2221340791882966,1.0,0.89,0.6306650825474617,0.5647619047619048,0.7650000000000001,0,,ok,,2026-07-20T18:32:40.759676+00:00,False,800
credit-g,gaussian_copula,fresh,0.35,0,10,500,0.7494,9.36,False,0.0559752498147492,0.901554070457257,0.095999690663365,0.0573846153846153,0.1708516841709707,1.0,0.875,0.6431298955246382,0.640357142857143,0.7650000000000001,0,,ok,,2026-07-20T18:32:40.759676+00:00,False,800
credit-g,gaussian_copula,fresh,0.35,0,9,500,1.1975,9.36,False,0.0701107135076288,0.9982368337174706,0.1021783573957888,0.048076923076923,0.1620207867263865,1.0,0.925,0.6862195130183547,0.7015476190476191,0.7650000000000001,0,,ok,,2026-07-20T18:32:40.759676+00:00,False,800
credit-g,gaussian_copula,fresh,0.2,0,1,500,1.2022,9.29,False,0.0806891889524508,0.9241172231632638,0.1202869733693083,0.0627692307692307,0.1051736006126999,1.0,0.915,0.5741723314679429,0.6947619047619047,0.7650000000000001,0,,ok,,2026-07-20T18:32:40.759676+00:00,False,800
credit-g,gaussian_copula,fresh,0.2,0,2,500,1.3989,9.36,False,0.0839284084859594,0.8668464512374667,0.1292968814155639,0.0621538461538461,0.1484456497741435,0.9814814814814816,0.915,0.6741029137442593,0.6301190476190475,0.7650000000000001,0,,ok,,2026-07-20T18:32:40.759676+00:00,False,800
credit-g,gaussian_copula,fresh,0.2,0,3,500,1.629,9.36,False,0.0591938152339958,0.9104602405765566,0.0967022097756363,0.0526153846153846,0.2108914787535141,0.9814814814814816,0.89,0.7016219220496343,0.5730952380952381,0.7650000000000001,0,,ok,,2026-07-20T18:32:40.759676+00:00,False,800
credit-g,gaussian_copula,fresh,0.2,0,4,500,1.1854,9.36,False,0.0543395771448991,0.9827839365259432,0.0925735449650763,0.051076923076923,0.2325630443332758,1.0,0.925,0.7179514008429134,0.5773809523809524,0.7650000000000001,0,,ok,,2026-07-20T18:32:40.759676+00:00,False,800
credit-g,gaussian_copula,fresh,0.2,0,5,500,0.8666,9.36,False,0.0829496085231232,0.8999625401793452,0.1458933134526178,0.0538461538461538,0.2129401138990843,0.9814814814814816,0.905,0.6448861526829894,0.6242857142857142,0.7650000000000001,0,,ok,,2026-07-20T18:32:40.759676+00:00,False,800
credit-g,gaussian_copula,fresh,0.2,0,6,500,1.3943,9.36,False,0.0873380652726114,0.9552539812305372,0.1280270969802015,0.0507692307692307,0.2136847346112123,0.9814814814814816,0.925,0.6818508092733978,0.5697619047619047,0.7650000000000001,0,,ok,,2026-07-20T18:32:40.759676+00:00,False,800
credit-g,gaussian_copula,fresh,0.2,0,7,500,1.5214,9.36,False,0.1785962912642474,1.1561222710154873,0.1826560269885241,0.051,0.2157931713927472,1.0,0.905,0.6065286412802563,0.613452380952381,0.7650000000000001,0,,ok,,2026-07-20T18:32:40.759676+00:00,False,800
credit-g,gaussian_copula,fresh,0.2,0,8,500,1.3709,9.36,False,0.0851009566523245,1.019164584855655,0.1243829871218763,0.0619230769230769,0.2114323947021769,0.9814814814814816,0.92,0.7237883400725904,0.5215476190476189,0.7650000000000001,0,,ok,,2026-07-20T18:32:40.759676+00:00,False,800
credit-g,gaussian_copula,fresh,0.2,0,9,500,0.8457,9.36,False,0.1368806672520998,1.0171364950705433,0.1693507192056846,0.0644615384615384,0.2008828807700523,1.0,0.935,0.6836813220194818,0.5685714285714286,0.7650000000000001,0,,ok,,2026-07-20T18:32:40.759676+00:00,False,800
credit-g,gaussian_copula,fresh,0.2,0,10,500,0.9736,9.36,False,0.097231778160452,1.016074863988713,0.1181759053318067,0.0664615384615384,0.2361038770671237,0.9814814814814816,0.955,0.6763997740829998,0.5709523809523809,0.7650000000000001,0,,ok,,2026-07-20T18:32:40.759676+00:00,False,800
credit-g,gaussian_copula,fresh,0.2,0,11,500,1.2358,9.36,False,0.1118749286733355,0.9254884101910268,0.1365767386843302,0.0694615384615384,0.2408150619646349,0.9814814814814816,0.9,0.672748874352795,0.6348809523809524,0.7650000000000001,0,,ok,,2026-07-20T18:32:40.759676+00:00,False,800
credit-g,gaussian_copula,fresh,0.2,0,12,500,0.6831,9.36,False,0.08876638808304,1.1101433062678014,0.1139426845609598,0.0604615384615384,0.215899770166588,1.0,0.92,0.5821317429136542,0.6979761904761905,0.7650000000000001,0,,ok,,2026-07-20T18:32:40.759676+00:00,False,800
credit-g,gaussian_copula,fresh,0.35,0,0,500,1.4878,9.23,True,0.0510433106565866,0.9533308449996916,0.0891272226006016,0.0496923076923076,0.1424243333918846,1.0,0.91,0.6060459799599919,0.5925,0.7650000000000001,0,,ok,,2026-07-20T18:32:40.759676+00:00,False,800
credit-g,gaussian_copula,fresh,0.35,0,1,500,1.1279,9.29,False,0.0559143247053055,0.9569250302953312,0.0991687490584177,0.0514615384615384,0.154712091770535,1.0,0.91,0.57884593315647,0.6723809523809524,0.7650000000000001,0,,ok,,2026-07-20T18:32:40.759676+00:00,False,800
credit-g,gaussian_copula,fresh,0.35,0,2,500,0.9587,9.36,False,0.0663663005974451,0.9561232017686124,0.0886025063632929,0.0581538461538461,0.1655919937697793,1.0,0.935,0.6552391817484265,0.5802380952380953,0.7650000000000001,0,,ok,,2026-07-20T18:32:40.759676+00:00,False,800
credit-g,gaussian_copula,fresh,0.35,0,3,500,0.8614,9.36,False,0.0611986253953219,0.939153423522852,0.0925241654377083,0.0541538461538461,0.1821360226268562,1.0,0.95,0.6102622347331637,0.59,0.7650000000000001,0,,ok,,2026-07-20T18:32:40.759676+00:00,False,800
credit-g,gaussian_copula,fresh,0.35,0,4,500,0.9288,9.36,False,0.0653433766421003,0.9448610682578704,0.0929585312578704,0.0518461538461538,0.1876521013567107,1.0,0.905,0.6344093643046639,0.5171428571428571,0.7650000000000001,0,,ok,,2026-07-20T18:32:40.759676+00:00,False,800
credit-g,gaussian_copula,fresh,0.35,0,5,500,0.9198,9.36,False,0.0765359310507293,0.933451540852694,0.1025079064283204,0.0512307692307692,0.2204377396423383,1.0,0.92,0.5996487485683298,0.6301190476190477,0.7650000000000001,0,,ok,,2026-07-20T18:32:40.759676+00:00,False,800
credit-g,gaussian_copula,fresh,0.35,0,6,500,0.8875,9.36,False,0.0888380388814209,0.8850989814667896,0.1143602438916501,0.057,0.2199984046781486,1.0,0.9,0.6932147269081997,0.6835714285714285,0.7650000000000001,0,,ok,,2026-07-20T18:32:40.759676+00:00,False,800
credit-g,gaussian_copula,fresh,0.35,0,7,500,0.9118,9.36,False,0.0433562018331888,0.9710332385264115,0.0889999500988769,0.0572307692307692,0.1722184758217616,1.0,0.915,0.5435767791526313,0.6504761904761904,0.7650000000000001,0,,ok,,2026-07-20T18:32:40.759676+00:00,False,800
credit-g,gaussian_copula,fresh,0.35,0,8,500,1.4041,9.36,False,0.0751668458854092,0.9122169815911336,0.1131270613496888,0.0575384615384615,0.1435728965613851,1.0,0.925,0.6481342721039758,0.675,0.7650000000000001,0,,ok,,2026-07-20T18:32:40.759676+00:00,False,800
credit-g,gaussian_copula,fresh,0.75,0,7,500,0.7426,9.36,False,0.0676942130475182,0.9357426495798976,0.0950436077091844,0.0474615384615384,0.17993108717856,1.0,0.875,0.54728955853928,0.5676190476190477,0.7650000000000001,0,,ok,,2026-07-20T18:32:40.759676+00:00,False,800
credit-g,gaussian_copula,fixed,0.02,1,5,500,1.0544,9.36,False,0.12074613503321,0.9635524015396792,0.1375146718367263,0.0900769230769231,0.3272202311001809,0.9814814814814816,0.9,0.7119794514537219,0.4985714285714285,0.8429761904761905,0,,ok,,2026-07-20T18:32:40.759676+00:00,False,800
credit-g,gaussian_copula,fresh,0.75,0,8,500,0.6546,9.36,False,0.0505994999582759,0.9600233691349132,0.0923691172060126,0.0456153846153846,0.180038653767498,1.0,0.92,0.5573973191482658,0.6485714285714286,0.7650000000000001,0,,ok,,2026-07-20T18:32:40.759676+00:00,False,800
credit-g,gaussian_copula,fresh,0.75,0,10,500,0.7701,9.36,False,0.0640318896340433,0.9022754150451576,0.1041608655280584,0.0499999999999999,0.1852279315307766,1.0,0.91,0.5689114355855278,0.7260714285714286,0.7650000000000001,0,,ok,,2026-07-20T18:32:40.759676+00:00,False,800
credit-g,gaussian_copula,fixed,0.0,1,10,500,1.1052,9.36,False,0.1517218443394101,0.9257152079636696,0.1865750410725901,0.0849999999999999,0.2969819340256814,1.0,0.855,0.7976107702104583,0.5648809523809524,0.8429761904761905,0,,ok,,2026-07-20T18:32:40.759676+00:00,False,800
credit-g,gaussian_copula,fixed,0.0,1,11,500,1.3233,9.36,False,0.1715640718614345,0.9177764318092104,0.2162364038610893,0.0966923076923077,0.3289106564150568,0.9814814814814816,0.845,0.8640233927603052,0.5966666666666666,0.8429761904761905,0,,ok,,2026-07-20T18:32:40.759676+00:00,False,800
credit-g,gaussian_copula,fixed,0.0,1,12,500,1.3588,9.36,False,0.198524087840221,0.9257913170582518,0.2529910066380522,0.1026923076923077,0.3165253230308634,0.9814814814814816,0.86,0.8861965612912371,0.4847619047619048,0.8429761904761905,0,,ok,,2026-07-20T18:32:40.759676+00:00,False,800
credit-g,gaussian_copula,fixed,0.01,1,0,500,1.5923,9.23,True,0.035196611974937,0.9240324228589324,0.0818180151307687,0.0437692307692307,0.167714164106515,1.0,0.905,0.5418047708090034,0.6716666666666667,0.8429761904761905,0,,ok,,2026-07-20T18:32:40.759676+00:00,False,800
credit-g,gaussian_copula,fixed,0.01,1,1,500,0.8399,9.29,False,0.074709080795623,0.8865104747347905,0.1099671548345174,0.0634615384615384,0.1700970598582852,1.0,0.9,0.5879793704476262,0.6657142857142857,0.8429761904761905,0,,ok,,2026-07-20T18:32:40.759676+00:00,False,800
credit-g,gaussian_copula,fixed,0.01,1,2,500,1.3393,9.36,False,0.0785231055821804,0.9329964491426194,0.0971336299700215,0.0526923076923077,0.2186114170623758,1.0,0.86,0.7034940629282355,0.6157142857142858,0.8429761904761905,0,,ok,,2026-07-20T18:32:40.759676+00:00,False,800
credit-g,gaussian_copula,fixed,0.01,1,3,500,1.2615,9.36,False,0.0669709978571114,0.9233119067421088,0.0993415656243623,0.0656923076923077,0.2323479236000375,1.0,0.925,0.7440348011187842,0.531547619047619,0.8429761904761905,0,,ok,,2026-07-20T18:32:40.759676+00:00,False,800
credit-g,gaussian_copula,fixed,0.01,1,4,500,1.1484,9.36,False,0.1232012426479487,0.9514375711463152,0.1461062702505297,0.0696153846153846,0.2528237214795661,1.0,0.89,0.7717698256793825,0.5051190476190477,0.8429761904761905,0,,ok,,2026-07-20T18:32:40.759676+00:00,False,800
credit-g,gaussian_copula,fixed,0.01,1,5,500,1.2684,9.36,False,0.0915624152777143,0.9644869373268484,0.1349553898645155,0.0739230769230769,0.2553703373253697,0.9814814814814816,0.915,0.7736014635101292,0.5515476190476191,0.8429761904761905,0,,ok,,2026-07-20T18:32:40.759676+00:00,False,800
credit-g,gaussian_copula,fixed,0.0,1,9,500,1.1604,9.36,False,0.1386426768419748,0.900939996200844,0.1796239626362712,0.0737692307692307,0.3082336569245685,1.0,0.84,0.843919254923933,0.5341666666666667,0.8429761904761905,0,,ok,,2026-07-20T18:32:40.759676+00:00,False,800
credit-g,gaussian_copula,fixed,0.01,1,6,500,0.9933,9.36,False,0.1188725978627933,0.9314906643580658,0.1614228748548447,0.0713076923076923,0.2468577868707895,0.9629629629629628,0.88,0.7669420873920764,0.4292857142857142,0.8429761904761905,0,,ok,,2026-07-20T18:32:40.759676+00:00,False,800
credit-g,gaussian_copula,fixed,0.01,1,8,500,1.4615,9.36,False,0.1705231377916364,0.7851062949414956,0.1981102094418981,0.082,0.3000287460990878,0.9629629629629628,0.805,0.835028835919903,0.5147619047619048,0.8429761904761905,0,,ok,,2026-07-20T18:32:40.759676+00:00,False,800
credit-g,gaussian_copula,fixed,0.01,1,9,500,1.3226,9.36,False,0.1064463808891533,0.9419825662968152,0.1529006529797586,0.0893076923076923,0.3156875273718346,0.9444444444444444,0.915,0.8407431409213544,0.5498809523809524,0.8429761904761905,0,,ok,,2026-07-20T18:32:40.759676+00:00,False,800
credit-g,gaussian_copula,fixed,0.01,1,10,500,1.1898,9.36,False,0.1294771122158121,0.911392006835852,0.1703361130092713,0.0796923076923077,0.315054181022949,0.9444444444444444,0.87,0.793258942735441,0.5632142857142858,0.8429761904761905,0,,ok,,2026-07-20T18:32:40.759676+00:00,False,800
credit-g,gaussian_copula,fixed,0.01,1,11,500,1.2144,9.36,False,0.1399214528611479,0.8645262531061563,0.1772715416470174,0.0927692307692307,0.3003869383012978,0.9444444444444444,0.78,0.7965695043552027,0.5308333333333333,0.8429761904761905,0,,ok,,2026-07-20T18:32:40.759676+00:00,False,800
credit-g,gaussian_copula,fixed,0.01,1,12,500,0.7469,9.36,False,0.1466879782281474,0.8665963029516313,0.1942503598265517,0.0879230769230769,0.2817456968799743,0.9444444444444444,0.875,0.7597342325009957,0.5154761904761905,0.8429761904761905,0,,ok,,2026-07-20T18:32:40.759676+00:00,False,800
credit-g,gaussian_copula,fixed,0.02,1,0,500,1.5923,9.23,True,0.035196611974937,0.9240324228589324,0.0818180151307687,0.0437692307692307,0.167714164106515,1.0,0.905,0.5418047708090034,0.6716666666666667,0.8429761904761905,0,,ok,,2026-07-20T18:32:40.759676+00:00,False,800
credit-g,gaussian_copula,fixed,0.02,1,1,500,0.8007,9.29,False,0.0980296141408349,0.9223126706149862,0.1165537186377672,0.0468461538461538,0.1615327508494861,1.0,0.93,0.5839369412548294,0.4978571428571429,0.8429761904761905,0,,ok,,2026-07-20T18:32:40.759676+00:00,False,800
credit-g,gaussian_copula,fixed,0.02,1,2,500,0.9937,9.36,False,0.0830057767180715,0.8981320097446754,0.1042217005460218,0.0621538461538461,0.1730421987969687,1.0,0.915,0.6523088987446305,0.5700000000000001,0.8429761904761905,0,,ok,,2026-07-20T18:32:40.759676+00:00,False,800
credit-g,gaussian_copula,fixed,0.02,1,3,500,1.4492,9.36,False,0.1023751810464554,0.915235655481749,0.1226495902146016,0.0743846153846154,0.2107692827088486,1.0,0.92,0.7221997205289697,0.5641666666666668,0.8429761904761905,0,,ok,,2026-07-20T18:32:40.759676+00:00,False,800
credit-g,gaussian_copula,fixed,0.01,1,7,500,1.3128,9.36,False,0.1262830136595814,0.8541635071054985,0.169196407912824,0.0671538461538461,0.2894149616239672,0.9629629629629628,0.9,0.7930710535967832,0.5664285714285714,0.8429761904761905,0,,ok,,2026-07-20T18:32:40.759676+00:00,False,800
credit-g,gaussian_copula,fixed,0.0,1,8,500,1.1058,9.36,False,0.1277873698387087,0.9410292468269916,0.1698769962291089,0.0801538461538461,0.2888742843550525,1.0,0.865,0.823657605234794,0.6,0.8429761904761905,0,,ok,,2026-07-20T18:32:40.759676+00:00,False,800
credit-g,gaussian_copula,fixed,0.0,1,7,500,1.0238,9.36,False,0.1394442050531302,0.9595371666656064,0.1738150373433995,0.0841538461538461,0.281567891745068,0.9814814814814816,0.855,0.8216223270801128,0.5285714285714286,0.8429761904761905,0,,ok,,2026-07-20T18:32:40.759676+00:00,False,800
credit-g,gaussian_copula,fixed,0.0,1,6,500,1.0781,9.36,False,0.1228074908140269,0.9220446339548048,0.1652923744827113,0.0663076923076923,0.2714054556270473,1.0,0.91,0.7542545076517008,0.7029761904761904,0.8429761904761905,0,,ok,,2026-07-20T18:32:40.759676+00:00,False,800
credit-g,gaussian_copula,fresh,0.75,0,11,500,0.7398,9.36,False,0.0478424139703777,0.972908551627157,0.0872876979714463,0.0553846153846153,0.1532864829808001,1.0,0.915,0.5433129467992467,0.5742857142857144,0.7650000000000001,0,,ok,,2026-07-20T18:32:40.759676+00:00,False,800
credit-g,gaussian_copula,fresh,0.75,0,12,500,0.6271,9.36,False,0.0502398720477751,0.949253933203286,0.0860193813089611,0.0451538461538461,0.1589457527476189,1.0,0.905,0.5571762400120609,0.6194047619047619,0.7650000000000001,0,,ok,,2026-07-20T18:32:40.759676+00:00,False,800
credit-g,gaussian_copula,fresh,1.0,0,0,500,1.4878,9.23,True,0.0510433106565866,0.9533308449996916,0.0891272226006016,0.0496923076923076,0.1424243333918846,1.0,0.91,0.6060459799599919,0.5925,0.7650000000000001,0,,ok,,2026-07-20T18:32:40.759676+00:00,False,800
credit-g,gaussian_copula,fresh,1.0,0,1,500,1.2953,9.29,False,0.0538503981729555,0.9772353179077806,0.0961013784634543,0.0493076923076922,0.1592743712428782,1.0,0.925,0.5973907036504497,0.6140476190476191,0.7650000000000001,0,,ok,,2026-07-20T18:32:40.759676+00:00,False,800
credit-g,gaussian_copula,fresh,1.0,0,2,500,0.8622,9.36,False,0.061856030734451,0.908548294475441,0.0974964848261448,0.0419999999999999,0.1651312417901031,1.0,0.92,0.595441494472459,0.6288095238095238,0.7650000000000001,0,,ok,,2026-07-20T18:32:40.759676+00:00,False,800
credit-g,gaussian_copula,fresh,1.0,0,3,500,0.9099,9.36,False,0.0920336315449528,1.0595029571301235,0.1104382141024132,0.0489230769230769,0.1345867154294393,1.0,0.94,0.5512172290964895,0.6535714285714287,0.7650000000000001,0,,ok,,2026-07-20T18:32:40.759676+00:00,False,800
credit-g,gaussian_copula,fresh,1.0,0,4,500,0.8568,9.36,False,0.0476959658808387,0.973170427332724,0.0878953029861219,0.0394615384615384,0.2322419476333985,1.0,0.91,0.613716807189741,0.635,0.7650000000000001,0,,ok,,2026-07-20T18:32:40.759676+00:00,False,800
credit-g,gaussian_copula,fresh,1.0,0,5,500,0.8168,9.36,False,0.0557255217731779,0.944739127936772,0.1037327019136198,0.0431538461538461,0.2034206251848552,1.0,0.93,0.6178919963727271,0.6226190476190476,0.7650000000000001,0,,ok,,2026-07-20T18:32:40.759676+00:00,False,800
credit-g,gaussian_copula,fresh,1.0,0,6,500,0.9462,9.36,False,0.0477631693442383,0.9743624184783336,0.0809433638886837,0.0496153846153846,0.1350626634703302,1.0,0.87,0.6612043806296423,0.574047619047619,0.7650000000000001,0,,ok,,2026-07-20T18:32:40.759676+00:00,False,800
credit-g,gaussian_copula,fresh,1.0,0,7,500,0.6522,9.36,False,0.0827709418187725,0.98847330429242,0.1092439566591168,0.0452307692307692,0.1813162593631846,1.0,0.925,0.4931729862672165,0.6658333333333334,0.7650000000000001,0,,ok,,2026-07-20T18:32:40.759676+00:00,False,800
credit-g,gaussian_copula,fresh,1.0,0,8,500,1.0012,9.36,False,0.0544435550781527,0.9594232115073624,0.0895998717781565,0.0541538461538461,0.1224713678685113,1.0,0.91,0.6450678538560026,0.6057142857142856,0.7650000000000001,0,,ok,,2026-07-20T18:32:40.759676+00:00,False,800
credit-g,gaussian_copula,fresh,1.0,0,9,500,0.9227,9.36,False,0.0635546457446342,0.9290124524980274,0.0956824658504373,0.0523076923076923,0.1506208163183854,1.0,0.92,0.6373424600201165,0.6479761904761905,0.7650000000000001,0,,ok,,2026-07-20T18:32:40.759676+00:00,False,800
credit-g,gaussian_copula,fresh,1.0,0,10,500,0.8393,9.36,False,0.0373567123824633,0.9661469541347258,0.0865484381155207,0.0468461538461538,0.1594866050091025,1.0,0.93,0.6304411906996001,0.5885714285714285,0.7650000000000001,0,,ok,,2026-07-20T18:32:40.759676+00:00,False,800
credit-g,gaussian_copula,fresh,1.0,0,11,500,0.7943,9.36,False,0.0635716355070174,0.9195521155037898,0.1014748269296509,0.051,0.1611845872548342,1.0,0.93,0.6005870691769556,0.5541666666666668,0.7650000000000001,0,,ok,,2026-07-20T18:32:40.759676+00:00,False,800
credit-g,gaussian_copula,fresh,1.0,0,12,500,0.8051,9.36,False,0.0454003936270049,0.9097861873549696,0.0927666893907362,0.0543076923076923,0.182001027930505,1.0,0.855,0.5752141598655299,0.6475,0.7650000000000001,0,,ok,,2026-07-20T18:32:40.759676+00:00,False,800
credit-g,gaussian_copula,fixed,0.0,1,0,500,1.5923,9.23,True,0.035196611974937,0.9240324228589324,0.0818180151307687,0.0437692307692307,0.167714164106515,1.0,0.905,0.5418047708090034,0.6716666666666667,0.8429761904761905,0,,ok,,2026-07-20T18:32:40.759676+00:00,False,800
credit-g,gaussian_copula,fixed,0.0,1,1,500,0.9502,9.29,False,0.0521035661798493,0.9458614753651228,0.0934421236295446,0.0503076923076923,0.1725475449474422,1.0,0.89,0.5702356602334325,0.5339285714285715,0.8429761904761905,0,,ok,,2026-07-20T18:32:40.759676+00:00,False,800
credit-g,gaussian_copula,fixed,0.0,1,2,500,1.1022,9.36,False,0.0996061894811686,0.9233393339548276,0.1202913375649634,0.0612307692307692,0.1813615547478721,1.0,0.86,0.6913701506038329,0.563452380952381,0.8429761904761905,0,,ok,,2026-07-20T18:32:40.759676+00:00,False,800
credit-g,gaussian_copula,fixed,0.0,1,3,500,1.1265,9.36,False,0.1450129436012967,0.9141799420446138,0.1604318742810055,0.0589230769230769,0.2034178202199914,1.0,0.87,0.77686870937038,0.6091666666666667,0.8429761904761905,0,,ok,,2026-07-20T18:32:40.759676+00:00,False,800
credit-g,gaussian_copula,fixed,0.0,1,4,500,1.3605,9.36,False,0.1546374864941478,0.9651973422084952,0.1683783486578421,0.0596153846153846,0.2571384952421033,1.0,0.89,0.7964013041981409,0.614047619047619,0.8429761904761905,0,,ok,,2026-07-20T18:32:40.759676+00:00,False,800
credit-g,gaussian_copula,fixed,0.0,1,5,500,0.943,9.36,False,0.1354081018898939,0.926352462189078,0.1613035756432181,0.0762307692307692,0.2671128062010198,0.9814814814814816,0.895,0.7671322267000592,0.5334523809523809,0.8429761904761905,0,,ok,,2026-07-20T18:32:40.759676+00:00,False,800
credit-g,gaussian_copula,fresh,0.75,0,9,500,0.9039,9.36,False,0.0681385383959228,0.883025997101395,0.08882763258831,0.0434615384615384,0.1793475473945797,1.0,0.915,0.557171177131079,0.5097619047619047,0.7650000000000001,0,,ok,,2026-07-20T18:32:40.759676+00:00,False,800
credit-g,gaussian_copula,fresh,1.0,2,12,500,0.5027,9.36,False,0.0751795497997868,0.906333343662283,0.110747329211468,0.0481538461538461,0.1605476895750583,1.0,0.92,0.526796141409641,0.6417857142857143,0.8147619047619048,0,,ok,,2026-07-20T18:32:40.759676+00:00,False,800
